Bandleader,Orchestra,Date,Title,Genre,Singer,Label,Master,Composer,Author,Arranger,Grouping,Pianist,Bassist,Bandoneon,Strings
Alfredo De Angelis,Orquesta Alfredo De Angelis,7/23/1943,Marioneta,Tango,Floreal Ruiz,Odeón,78rpm,Juan Guichandut,Armando José María Tagini,,Before Dante (1943-44),Alfredo De Angelis,Hugo Besnatti,"Carlos Cubría, Eduardo Talián, Guillermo Vilar, Alfredo Dafuncio, Jorge Musante","Wenceslao Cinosi, Ángel Vilar, Hamlet Cicero, Hipólito Caron"
Alfredo De Angelis,Orquesta Alfredo De Angelis,7/23/1943,Qué Buena Es,Tango,Julio Martel y Nestor Rodi,Odeón,78rpm,Armando Ferreiro,Hipólito Oneca (Hipólito Vicente Benedetto Oneca),,Before Dante (1943-44),Alfredo De Angelis,Hugo Besnatti,"Carlos Cubría, Eduardo Talián, Guillermo Vilar, Alfredo Dafuncio, Jorge Musante","Wenceslao Cinosi, Ángel Vilar, Hamlet Cicero, Hipólito Caron"
Alfredo De Angelis,Orquesta Alfredo De Angelis,8/10/1943,Buenos Aires De Ayer,Milonga,Julio Martel y Nestor Rodi,Odeón,78rpm,Alfredo Ángelis; Pascual Bulotta,Néstor Rodi; Ricardo Olcese,,Before Dante (1943-44),Alfredo De Angelis,Hugo Besnatti,"Carlos Cubría, Eduardo Talián, Guillermo Vilar, Alfredo Dafuncio, Jorge Musante","Wenceslao Cinosi, Ángel Vilar, Hamlet Cicero, Hipólito Caron"
Alfredo De Angelis,Orquesta Alfredo De Angelis,8/10/1943,Dejame Así,Tango,Floreal Ruiz,Odeón,78rpm,Víctor Braña; Domingo Triguero,Oscar Rubens (Oscar Rubistein),,Before Dante (1943-44),Alfredo De Angelis,Hugo Besnatti,"Carlos Cubría, Eduardo Talián, Guillermo Vilar, Alfredo Dafuncio, Jorge Musante","Wenceslao Cinosi, Ángel Vilar, Hamlet Cicero, Hipólito Caron"
Alfredo De Angelis,Orquesta Alfredo De Angelis,11/4/1943,Como Se Muere De Amor,Tango,Floreal Ruiz y Nestor Rodi,Odeón,78rpm,Daniel Álvarez,Daniel Héctor Álvarez,,Before Dante (1943-44),Alfredo De Angelis,Hugo Besnatti,"Carlos Cubría, Eduardo Talián, Guillermo Vilar, Alfredo Dafuncio, Jorge Musante","Wenceslao Cinosi, Ángel Vilar, Hamlet Cicero, Hipólito Caron"
Alfredo De Angelis,Orquesta Alfredo De Angelis,11/4/1943,Pura Maña,Tango,Instrumental,Odeón,78rpm,Pedro Maffía,,,Before Dante (1943-44),Alfredo De Angelis,Hugo Besnatti,"Carlos Cubría, Eduardo Talián, Guillermo Vilar, Alfredo Dafuncio, Jorge Musante","Wenceslao Cinosi, Ángel Vilar, Hamlet Cicero, Hipólito Caron"
Alfredo De Angelis,Orquesta Alfredo De Angelis,2/29/1944,Bajo El Cono Azul,Tango,Floreal Ruiz y Nestor Rodi,Odeón,78rpm,Alfredo Angelis,Carmelo Volpe,,Before Dante (1943-44),Alfredo De Angelis,Hugo Besnatti,"Carlos Cubría, Eduardo Talián, Guillermo Vilar, Alfredo Dafuncio, Jorge Musante","Wenceslao Cinosi, Ángel Vilar, Hamlet Cicero, Hipólito Caron"
Alfredo De Angelis,Orquesta Alfredo De Angelis,2/29/1944,Ya Sé Que Siguen Hablando,Tango,Julio Martel,Odeón,78rpm,Héctor Palacios,Iván Diez (Augusto Arturo Martini),,Before Dante (1943-44),Alfredo De Angelis,Hugo Besnatti,"Carlos Cubría, Eduardo Talián, Guillermo Vilar, Alfredo Dafuncio, Jorge Musante","Wenceslao Cinosi, Ángel Vilar, Hamlet Cicero, Hipólito Caron"
Alfredo De Angelis,Orquesta Alfredo De Angelis,4/28/1944,Cero Al As,Tango,Floreal Ruiz,Odeón,78rpm,Arturo Gallucci,Francisco Bohigas,,Before Dante (1943-44),Alfredo De Angelis,Hugo Besnatti,"Carlos Cubría, Eduardo Talián, Guillermo Vilar, Alfredo Dafuncio, Jorge Musante","Wenceslao Cinosi, Ángel Vilar, Hamlet Cicero, Hipólito Caron"
Alfredo De Angelis,Orquesta Alfredo De Angelis,4/28/1944,Mi Novia De Ayer,Vals,Floreal Ruiz,Odeón,78rpm,Arturo Gallucci,Barreiros Bazán (José Barreiro Soliño),,Before Dante (1943-44),Alfredo De Angelis,Hugo Besnatti,"Carlos Cubría, Eduardo Talián, Guillermo Vilar, Alfredo Dafuncio, Jorge Musante","Wenceslao Cinosi, Ángel Vilar, Hamlet Cicero, Hipólito Caron"
Alfredo De Angelis,Orquesta Alfredo De Angelis,6/3/1944,La Cumparsita,Tango,Nestor Rodi,Odeón,78rpm,Gerardo Rodríguez,Gerardo Hernán Matos Rodríguez,,Before Dante (1943-44),Alfredo De Angelis,Hugo Besnatti,"Carlos Cubría, Eduardo Talián, Guillermo Vilar, Alfredo Dafuncio, Jorge Musante","Wenceslao Cinosi, Ángel Vilar, Hamlet Cicero, Hipólito Caron"
Alfredo De Angelis,Orquesta Alfredo De Angelis,6/3/1944,Madre,Tango,Floreal Ruiz,Odeón,78rpm,Francisco Pracánico,Verminio Servetto,,Before Dante (1943-44),Alfredo De Angelis,Hugo Besnatti,"Carlos Cubría, Eduardo Talián, Guillermo Vilar, Alfredo Dafuncio, Jorge Musante","Wenceslao Cinosi, Ángel Vilar, Hamlet Cicero, Hipólito Caron"
Alfredo De Angelis,Orquesta Alfredo De Angelis,7/31/1944,De Igual A Igual,Tango,Julio Martel y Nestor Rodi,Odeón,78rpm,Rodolfo Sciammarella,Rodolfo Sciammarella,,Before Dante (1943-44),Alfredo De Angelis,Hugo Besnatti,"Carlos Cubría, Eduardo Talián, Guillermo Vilar, Alfredo Dafuncio, Jorge Musante","Wenceslao Cinosi, Ángel Vilar, Hamlet Cicero, Hipólito Caron"
Alfredo De Angelis,Orquesta Alfredo De Angelis,7/31/1944,La Guitarrera,Milonga,Floreal Ruiz,Odeón,78rpm,Francisco Brancatti,Rafael Dadino,,Before Dante (1943-44),Alfredo De Angelis,Hugo Besnatti,"Carlos Cubría, Eduardo Talián, Guillermo Vilar, Alfredo Dafuncio, Jorge Musante","Wenceslao Cinosi, Ángel Vilar, Hamlet Cicero, Hipólito Caron"
Alfredo De Angelis,Orquesta Alfredo De Angelis,8/29/1944,El Tropero Del Amor,Tango,Carlos Dante,Odeón,78rpm,Teófilo Lespés,Yaraví (Italo Silvestre Gianetti),,Dante + Martel Duo (1944-50),Alfredo De Angelis,Hugo Besnatti,"Carlos Cubría, Eduardo Talián, Guillermo Vilar, Alfredo Dafuncio, Jorge Musante","Wenceslao Cinosi, Ángel Vilar, Hamlet Cicero, Hipólito Caron"
Alfredo De Angelis,Orquesta Alfredo De Angelis,8/29/1944,Soñar Y Nada Más,Vals,Carlos Dante y Julio Martel,Odeón,78rpm,Francisco Canaro,Ivo Pelay (seudónimo de Guillermo Juan Robustiano Pichot),,Dante + Martel Duo (1944-50),Alfredo De Angelis,Hugo Besnatti,"Carlos Cubría, Eduardo Talián, Guillermo Vilar, Alfredo Dafuncio, Jorge Musante","Wenceslao Cinosi, Ángel Vilar, Hamlet Cicero, Hipólito Caron"
Alfredo De Angelis,Orquesta Alfredo De Angelis,10/10/1944,Campanita,Tango,Julio Martel,Odeón,78rpm,Juan Polito,Salvador Polito,,Dante + Martel Duo (1944-50),Alfredo De Angelis,Hugo Besnatti,"Carlos Cubría, Eduardo Talián, Guillermo Vilar, Alfredo Dafuncio, Jorge Musante","Wenceslao Cinosi, Ángel Vilar, Hamlet Cicero, Hipólito Caron"
Alfredo De Angelis,Orquesta Alfredo De Angelis,10/10/1944,Melenita De Oro,Tango,Carlos Dante,Odeón,78rpm,Carlos Flores,Samuel Linnig,,Dante + Martel Duo (1944-50),Alfredo De Angelis,Hugo Besnatti,"Carlos Cubría, Eduardo Talián, Guillermo Vilar, Alfredo Dafuncio, Jorge Musante","Wenceslao Cinosi, Ángel Vilar, Hamlet Cicero, Hipólito Caron"
Alfredo De Angelis,Orquesta Alfredo De Angelis,11/23/1944,Cruz De Palo,Tango,Carlos Dante,Odeón,78rpm,Guillermo Barbieri,Enrique Cadícamo (Domingo Enrique Cadícamo),,Dante + Martel Duo (1944-50),Alfredo De Angelis,Hugo Besnatti,"Carlos Cubría, Eduardo Talián, Guillermo Vilar, Alfredo Dafuncio, Jorge Musante","Wenceslao Cinosi, Ángel Vilar, Hamlet Cicero, Hipólito Caron"
Alfredo De Angelis,Orquesta Alfredo De Angelis,11/23/1944,Parece Un Cuento,Tango,Julio Martel,Odeón,78rpm,Lalo Etchegoncelay,José Rotulo,,Dante + Martel Duo (1944-50),Alfredo De Angelis,Hugo Besnatti,"Carlos Cubría, Eduardo Talián, Guillermo Vilar, Alfredo Dafuncio, Jorge Musante","Wenceslao Cinosi, Ángel Vilar, Hamlet Cicero, Hipólito Caron"
Alfredo De Angelis,Orquesta Alfredo De Angelis,11/27/1944,El Vals De Nochebuena,Vals,Carlos Dante,Odeón,78rpm,Domingo Losso,Néstor Rodi,,Dante + Martel Duo (1944-50),Alfredo De Angelis,Hugo Besnatti,"Carlos Cubría, Eduardo Talián, Guillermo Vilar, Alfredo Dafuncio, Jorge Musante","Wenceslao Cinosi, Ángel Vilar, Hamlet Cicero, Hipólito Caron"
Alfredo De Angelis,Orquesta Alfredo De Angelis,12/18/1944,Va Llegando Gente Al Baile,Tango,Julio Martel,Odeón,78rpm,Félix Lípesker,Lito Bayardo (Manuel Juan García Ferrari),,Dante + Martel Duo (1944-50),Alfredo De Angelis,Hugo Besnatti,"Carlos Cubría, Eduardo Talián, Guillermo Vilar, Alfredo Dafuncio, Jorge Musante","Wenceslao Cinosi, Ángel Vilar, Hamlet Cicero, Hipólito Caron"
Alfredo De Angelis,Orquesta Alfredo De Angelis,1/9/1945,El Pial,Tango,Instrumental,Odeón,78rpm,Agustín Bardi,,,Dante + Martel Duo (1944-50),Alfredo De Angelis,Hugo Besnatti,"Carlos Cubría, Eduardo Talián, Guillermo Vilar, Alfredo Dafuncio, Jorge Musante","Wenceslao Cinosi, Ángel Vilar, Hamlet Cicero, Hipólito Caron"
Alfredo De Angelis,Orquesta Alfredo De Angelis,1/9/1945,La Mañana,Milonga,Julio Martel,Odeón,78rpm,Miguel Bucino,Miguel Bucino (Miguel Eusebio Bucino),,Dante + Martel Duo (1944-50),Alfredo De Angelis,Hugo Besnatti,"Carlos Cubría, Eduardo Talián, Guillermo Vilar, Alfredo Dafuncio, Jorge Musante","Wenceslao Cinosi, Ángel Vilar, Hamlet Cicero, Hipólito Caron"
Alfredo De Angelis,Orquesta Alfredo De Angelis,1/9/1945,Nieve De Amor,Tango,Carlos Dante,Odeón,78rpm,Alberto Talián; Eduardo Talián,Horacio Sanguinetti (Horacio Basterra),,Dante + Martel Duo (1944-50),Alfredo De Angelis,Hugo Besnatti,"Carlos Cubría, Eduardo Talián, Guillermo Vilar, Alfredo Dafuncio, Jorge Musante","Wenceslao Cinosi, Ángel Vilar, Hamlet Cicero, Hipólito Caron"
Alfredo De Angelis,Orquesta Alfredo De Angelis,1/9/1945,No Me Importa Su Amor,Tango,Carlos Dante,Odeón,78rpm,José Dames,Enrique Cadícamo (Domingo Enrique Cadícamo),,Dante + Martel Duo (1944-50),Alfredo De Angelis,Hugo Besnatti,"Carlos Cubría, Eduardo Talián, Guillermo Vilar, Alfredo Dafuncio, Jorge Musante","Wenceslao Cinosi, Ángel Vilar, Hamlet Cicero, Hipólito Caron"
Alfredo De Angelis,Orquesta Alfredo De Angelis,3/26/1945,Cuando Tú Me Quieras,Tango,Carlos Dante,Odeón,78rpm,Agesilao Ferrazzano; Julio Pollero,Francisco Bohigas,,Dante + Martel Duo (1944-50),Alfredo De Angelis,Hugo Besnatti,"Carlos Cubría, Eduardo Talián, Guillermo Vilar, Alfredo Dafuncio, Jorge Musante","Wenceslao Cinosi, Ángel Vilar, Hamlet Cicero, Hipólito Caron"
Alfredo De Angelis,Orquesta Alfredo De Angelis,3/26/1945,Pregonera,Tango,Carlos Dante y Julio Martel,Odeón,78rpm,Alfredo Angelis,José Rótulo,,Dante + Martel Duo (1944-50),Alfredo De Angelis,Hugo Besnatti,"Carlos Cubría, Eduardo Talián, Guillermo Vilar, Alfredo Dafuncio, Jorge Musante","Wenceslao Cinosi, Ángel Vilar, Hamlet Cicero, Hipólito Caron"
Alfredo De Angelis,Orquesta Alfredo De Angelis,5/4/1945,Acordes Porteños,Tango,Julio Martel,Odeón,78rpm,Francisco Laino,Francisco Laino,,Dante + Martel Duo (1944-50),Alfredo De Angelis,Hugo Besnatti,"Carlos Cubría, Eduardo Talián, Guillermo Vilar, Alfredo Dafuncio, Jorge Musante","Wenceslao Cinosi, Ángel Vilar, Hamlet Cicero, Hipólito Caron"
Alfredo De Angelis,Orquesta Alfredo De Angelis,5/4/1945,Ya Estamos Iguales,Tango,Carlos Dante,Odeón,78rpm,Anselmo Aieta,Francisco García Jiménez,,Dante + Martel Duo (1944-50),Alfredo De Angelis,Hugo Besnatti,"Carlos Cubría, Eduardo Talián, Guillermo Vilar, Alfredo Dafuncio, Jorge Musante","Wenceslao Cinosi, Ángel Vilar, Hamlet Cicero, Hipólito Caron"
Alfredo De Angelis,Orquesta Alfredo De Angelis,6/8/1945,Altar Sin Luz,Tango,Julio Martel,Odeón,78rpm,Guillermo Vilar,Antonio Timarni (Iván Diez),,Dante + Martel Duo (1944-50),Alfredo De Angelis,Hugo Besnatti,"Carlos Cubría, Eduardo Talián, Guillermo Vilar, Alfredo Dafuncio, Jorge Musante","Wenceslao Cinosi, Ángel Vilar, Hamlet Cicero, Hipólito Caron"
Alfredo De Angelis,Orquesta Alfredo De Angelis,6/8/1945,Ilusión Azul,Vals,Carlos Dante,Odeón,78rpm,Arquímedes Arci,Arquímedes Arci,,Dante + Martel Duo (1944-50),Alfredo De Angelis,Hugo Besnatti,"Carlos Cubría, Eduardo Talián, Guillermo Vilar, Alfredo Dafuncio, Jorge Musante","Wenceslao Cinosi, Ángel Vilar, Hamlet Cicero, Hipólito Caron"
Alfredo De Angelis,Orquesta Alfredo De Angelis,7/17/1945,No No Me Abandones,Tango,Julio Martel,Odeón,78rpm,Héctor Grané,Justo Ricardo Thompson,,Dante + Martel Duo (1944-50),Alfredo De Angelis,Hugo Besnatti,"Carlos Cubría, Eduardo Talián, Guillermo Vilar, Alfredo Dafuncio, Jorge Musante","Wenceslao Cinosi, Ángel Vilar, Hamlet Cicero, Hipólito Caron"
Alfredo De Angelis,Orquesta Alfredo De Angelis,7/17/1945,Un Tango Y Nada Más,Tango,Julio Martel,Odeón,78rpm,Armando Lacava; Juan Pomati,Carlos Waiss,,Dante + Martel Duo (1944-50),Alfredo De Angelis,Hugo Besnatti,"Carlos Cubría, Eduardo Talián, Guillermo Vilar, Alfredo Dafuncio, Jorge Musante","Wenceslao Cinosi, Ángel Vilar, Hamlet Cicero, Hipólito Caron"
Alfredo De Angelis,Orquesta Alfredo De Angelis,8/10/1945,Por Eso Grito,Tango,Julio Martel,Odeón,78rpm,Edgardo Donato,César Córdoba (César José Fábregas),,Dante + Martel Duo (1944-50),Alfredo De Angelis,Hugo Besnatti,"Carlos Cubría, Eduardo Talián, Guillermo Vilar, Alfredo Dafuncio, Jorge Musante","Wenceslao Cinosi, Ángel Vilar, Hamlet Cicero, Hipólito Caron"
Alfredo De Angelis,Orquesta Alfredo De Angelis,8/31/1945,Vieja Luna,Tango,Carlos Dante,Odeón,78rpm,Arturo Gallucci,Celedonio Esteban Flores,,Dante + Martel Duo (1944-50),Alfredo De Angelis,Hugo Besnatti,"Carlos Cubría, Eduardo Talián, Guillermo Vilar, Alfredo Dafuncio, Jorge Musante","Wenceslao Cinosi, Ángel Vilar, Hamlet Cicero, Hipólito Caron"
Alfredo De Angelis,Orquesta Alfredo De Angelis,9/11/1945,Rendido,Tango,Julio Martel,Odeón,78rpm,Alfredo Cordisco,Alberto Andrés Leiva (Abraham Israel Akerman),,Dante + Martel Duo (1944-50),Alfredo De Angelis,Hugo Besnatti,"Carlos Cubría, Eduardo Talián, Guillermo Vilar, Alfredo Dafuncio, Jorge Musante","Wenceslao Cinosi, Ángel Vilar, Hamlet Cicero, Hipólito Caron"
Alfredo De Angelis,Orquesta Alfredo De Angelis,9/11/1945,Soy Un Arlequín,Tango,Carlos Dante,Odeón,78rpm,Enrique Discépolo,Enrique Santos Discépolo,,Dante + Martel Duo (1944-50),Alfredo De Angelis,Hugo Besnatti,"Carlos Cubría, Eduardo Talián, Guillermo Vilar, Alfredo Dafuncio, Jorge Musante","Wenceslao Cinosi, Ángel Vilar, Hamlet Cicero, Hipólito Caron"
Alfredo De Angelis,Orquesta Alfredo De Angelis,10/29/1945,Mentiras Piadosas,Tango,Carlos Dante,Odeón,78rpm,Pedro Pandolfi; Miguel Nijenshon,Carlos Marín (Carlos Manuel Marín),,Dante + Martel Duo (1944-50),Alfredo De Angelis,Hugo Besnatti,"Carlos Cubría, Eduardo Talián, Guillermo Vilar, Alfredo Dafuncio, Jorge Musante","Wenceslao Cinosi, Ángel Vilar, Hamlet Cicero, Hipólito Caron"
Alfredo De Angelis,Orquesta Alfredo De Angelis,10/30/1945,Ivón,Tango,Julio Martel,Odeón,78rpm,Luis Visca,Horacio Sanguinetti,,Dante + Martel Duo (1944-50),Alfredo De Angelis,Hugo Besnatti,"Carlos Cubría, Eduardo Talián, Guillermo Vilar, Alfredo Dafuncio, Jorge Musante","Wenceslao Cinosi, Ángel Vilar, Hamlet Cicero, Hipólito Caron"
Alfredo De Angelis,Orquesta Alfredo De Angelis,11/13/1945,Del Pasado,Milonga,Carlos Dante y Julio Martel,Odeón,78rpm,Francisco Marino,Francisco Alfredo Marino,,Dante + Martel Duo (1944-50),Alfredo De Angelis,Hugo Besnatti,"Carlos Cubría, Eduardo Talián, Guillermo Vilar, Alfredo Dafuncio, Jorge Musante","Wenceslao Cinosi, Ángel Vilar, Hamlet Cicero, Hipólito Caron"
Alfredo De Angelis,Orquesta Alfredo De Angelis,11/13/1945,Para Qué Te Quiero Tanto,Tango,Carlos Dante,Odeón,78rpm,Juan Larenza,Cátulo Castillo,,Dante + Martel Duo (1944-50),Alfredo De Angelis,Hugo Besnatti,"Carlos Cubría, Eduardo Talián, Guillermo Vilar, Alfredo Dafuncio, Jorge Musante","Wenceslao Cinosi, Ángel Vilar, Hamlet Cicero, Hipólito Caron"
Alfredo De Angelis,Orquesta Alfredo De Angelis,12/13/1945,Aquí He Venido A Cantar,Tango,Julio Martel,Odeón,78rpm,Fulvio Salamanca,Carlos Bahr (Carlos Andrés Bahr),,Dante + Martel Duo (1944-50),Alfredo De Angelis,Hugo Besnatti,"Carlos Cubría, Eduardo Talián, Guillermo Vilar, Alfredo Dafuncio, Jorge Musante","Wenceslao Cinosi, Ángel Vilar, Hamlet Cicero, Hipólito Caron"
Alfredo De Angelis,Orquesta Alfredo De Angelis,12/13/1945,Sirva Otra Copa,Tango,Carlos Dante,Odeón,78rpm,Arturo Gallucci,José Rótulo,,Dante + Martel Duo (1944-50),Alfredo De Angelis,Hugo Besnatti,"Carlos Cubría, Eduardo Talián, Guillermo Vilar, Alfredo Dafuncio, Jorge Musante","Wenceslao Cinosi, Ángel Vilar, Hamlet Cicero, Hipólito Caron"
Alfredo De Angelis,Orquesta Alfredo De Angelis,1/7/1946,El Entrerriano,Tango,Instrumental,Odeón,78rpm,Anselmo Mendizábal,Ernesto Temes (Julián Porteño) / Homero Expósito / H. Semino / S. Retondaro / Vicente Planells del Campo / Oscar Amor,,Dante + Martel Duo (1944-50),Alfredo De Angelis,Hugo Besnatti,"Carlos Cubría, Eduardo Talián, Guillermo Vilar, Alfredo Dafuncio, Jorge Musante","Wenceslao Cinosi, Ángel Vilar, Hamlet Cicero, Hipólito Caron"
Alfredo De Angelis,Orquesta Alfredo De Angelis,1/7/1946,Pobre Flor ,Vals,Carlos Dante y Julio Martel,Odeón,78rpm,Luis Mottolese,Víctor Spindola,,Dante + Martel Duo (1944-50),Alfredo De Angelis,Hugo Besnatti,"Carlos Cubría, Eduardo Talián, Guillermo Vilar, Alfredo Dafuncio, Jorge Musante","Wenceslao Cinosi, Ángel Vilar, Hamlet Cicero, Hipólito Caron"
Alfredo De Angelis,Orquesta Alfredo De Angelis,3/1/1946,Carnaval,Tango,Carlos Dante,Odeón,78rpm,Anselmo Aieta; Francisco Jiménez,Francisco García Jiménez,,Dante + Martel Duo (1944-50),Alfredo De Angelis,Hugo Besnatti,"Carlos Cubría, Eduardo Talián, Guillermo Vilar, Alfredo Dafuncio, Jorge Musante","Wenceslao Cinosi, Ángel Vilar, Hamlet Cicero, Hipólito Caron"
Alfredo De Angelis,Orquesta Alfredo De Angelis,3/1/1946,Hoy Al Recordarla,Tango,Julio Martel,Odeón,78rpm,José Canet,José Canet,,Dante + Martel Duo (1944-50),Alfredo De Angelis,Hugo Besnatti,"Carlos Cubría, Eduardo Talián, Guillermo Vilar, Alfredo Dafuncio, Jorge Musante","Wenceslao Cinosi, Ángel Vilar, Hamlet Cicero, Hipólito Caron"
Alfredo De Angelis,Orquesta Alfredo De Angelis,3/29/1946,Para Mí Lo Mismo Dá,Tango,Carlos Dante,Odeón,78rpm,Alberto Talián; Eduardo Talián,Santiago Adamini,,Dante + Martel Duo (1944-50),Alfredo De Angelis,Hugo Besnatti,"Carlos Cubría, Eduardo Talián, Guillermo Vilar, Alfredo Dafuncio, Jorge Musante","Wenceslao Cinosi, Ángel Vilar, Hamlet Cicero, Hipólito Caron"
Alfredo De Angelis,Orquesta Alfredo De Angelis,3/29/1946,Y No Volvió,Tango,Julio Martel,Odeón,78rpm,Carlos Cubría; Héctor Gentile,José Rótulo,,Dante + Martel Duo (1944-50),Alfredo De Angelis,Hugo Besnatti,"Carlos Cubría, Eduardo Talián, Guillermo Vilar, Alfredo Dafuncio, Jorge Musante","Wenceslao Cinosi, Ángel Vilar, Hamlet Cicero, Hipólito Caron"
Alfredo De Angelis,Orquesta Alfredo De Angelis,4/26/1946,El Mayoral Del Tranvía,Milonga,Julio Martel,Odeón,78rpm,Francisco Laino; Carlos Mayel,Francisco Laino; Carlos Mayel,,Dante + Martel Duo (1944-50),Alfredo De Angelis,Hugo Besnatti,"Carlos Cubría, Eduardo Talián, Guillermo Vilar, Alfredo Dafuncio, Jorge Musante","Wenceslao Cinosi, Ángel Vilar, Hamlet Cicero, Hipólito Caron"
Alfredo De Angelis,Orquesta Alfredo De Angelis,4/26/1946,La Brisa,Tango,Carlos Dante,Odeón,78rpm,Francisco Canaro; Juan Canaro,Juan Andrés Caruso,,Dante + Martel Duo (1944-50),Alfredo De Angelis,Hugo Besnatti,"Carlos Cubría, Eduardo Talián, Guillermo Vilar, Alfredo Dafuncio, Jorge Musante","Wenceslao Cinosi, Ángel Vilar, Hamlet Cicero, Hipólito Caron"
Alfredo De Angelis,Orquesta Alfredo De Angelis,5/24/1946,Esa Noche,Vals,Julio Martel,Odeón,78rpm,Tito Ribero,Carlos Waiss,,Dante + Martel Duo (1944-50),Alfredo De Angelis,Hugo Besnatti,"Carlos Cubría, Eduardo Talián, Guillermo Vilar, Alfredo Dafuncio, Jorge Musante","Wenceslao Cinosi, Ángel Vilar, Hamlet Cicero, Hipólito Caron"
Alfredo De Angelis,Orquesta Alfredo De Angelis,5/24/1946,Remolino,Tango,Carlos Dante y Julio Martel,Odeón,78rpm,Alfredo Ángelis,José Rótulo,,Dante + Martel Duo (1944-50),Alfredo De Angelis,Hugo Besnatti,"Carlos Cubría, Eduardo Talián, Guillermo Vilar, Alfredo Dafuncio, Jorge Musante","Wenceslao Cinosi, Ángel Vilar, Hamlet Cicero, Hipólito Caron"
Alfredo De Angelis,Orquesta Alfredo De Angelis,6/28/1946,Con Alma De Tango,Tango,Carlos Dante,Odeón,78rpm,Juan D'Arienzo,Carlos Waiss,,Dante + Martel Duo (1944-50),Alfredo De Angelis,Hugo Besnatti,"Carlos Cubría, Eduardo Talián, Guillermo Vilar, Alfredo Dafuncio, Jorge Musante","Wenceslao Cinosi, Ángel Vilar, Hamlet Cicero, Hipólito Caron"
Alfredo De Angelis,Orquesta Alfredo De Angelis,6/28/1946,El Chañar,Tango,Instrumental,Odeón,78rpm,Eduardo Arolas,Gabriel Clausi,,Dante + Martel Duo (1944-50),Alfredo De Angelis,Hugo Besnatti,"Carlos Cubría, Eduardo Talián, Guillermo Vilar, Alfredo Dafuncio, Jorge Musante","Wenceslao Cinosi, Ángel Vilar, Hamlet Cicero, Hipólito Caron"
Alfredo De Angelis,Orquesta Alfredo De Angelis,7/11/1946,En La Noche De Tus Ojos,Tango,Carlos Dante,Odeón,78rpm,Pacífico Lambertucci,Francisco García Jiménez,,Dante + Martel Duo (1944-50),Alfredo De Angelis,Hugo Besnatti,"Carlos Cubría, Eduardo Talián, Guillermo Vilar, Alfredo Dafuncio, Jorge Musante","Wenceslao Cinosi, Ángel Vilar, Hamlet Cicero, Hipólito Caron"
Alfredo De Angelis,Orquesta Alfredo De Angelis,7/11/1946,Melodía Gris,Tango,Julio Martel,Odeón,78rpm,Raúl Bruno,Ricardo Duggan (Fermín Carballeda),,Dante + Martel Duo (1944-50),Alfredo De Angelis,Hugo Besnatti,"Carlos Cubría, Eduardo Talián, Guillermo Vilar, Alfredo Dafuncio, Jorge Musante","Wenceslao Cinosi, Ángel Vilar, Hamlet Cicero, Hipólito Caron"
Alfredo De Angelis,Orquesta Alfredo De Angelis,8/23/1946,La Vida Me Engañó,Tango,Julio Martel,Odeón,78rpm,Alfonso Casini,Marvil (Elizardo Martínez Vilas),,Dante + Martel Duo (1944-50),Alfredo De Angelis,Hugo Besnatti,"Carlos Cubría, Eduardo Talián, Guillermo Vilar, Alfredo Dafuncio, Jorge Musante","Wenceslao Cinosi, Ángel Vilar, Hamlet Cicero, Hipólito Caron"
Alfredo De Angelis,Orquesta Alfredo De Angelis,8/23/1946,Tiene Razón Amigazo,Tango,Julio Martel,Odeón,78rpm,Alfredo Calabró,Enrique Dizeo,,Dante + Martel Duo (1944-50),Alfredo De Angelis,Hugo Besnatti,"Carlos Cubría, Eduardo Talián, Guillermo Vilar, Alfredo Dafuncio, Jorge Musante","Wenceslao Cinosi, Ángel Vilar, Hamlet Cicero, Hipólito Caron"
Alfredo De Angelis,Orquesta Alfredo De Angelis,9/25/1946,Así Es Ninón,Tango,Carlos Dante,Odeón,78rpm,Juan Larenza,Marsilio Robles,,Dante + Martel Duo (1944-50),Alfredo De Angelis,Hugo Besnatti,"Carlos Cubría, Eduardo Talián, Guillermo Vilar, Alfredo Dafuncio, Jorge Musante","Wenceslao Cinosi, Ángel Vilar, Hamlet Cicero, Hipólito Caron"
Alfredo De Angelis,Orquesta Alfredo De Angelis,9/25/1946,El Taladro,Tango,Instrumental,Odeón,78rpm,Alfredo Angelis,,,Dante + Martel Duo (1944-50),Alfredo De Angelis,Hugo Besnatti,"Carlos Cubría, Eduardo Talián, Guillermo Vilar, Alfredo Dafuncio, Jorge Musante","Wenceslao Cinosi, Ángel Vilar, Hamlet Cicero, Hipólito Caron"
Alfredo De Angelis,Orquesta Alfredo De Angelis,11/7/1946,Justicia Criolla,Tango,Carlos Dante,Odeón,78rpm,Rafael Iriarte,Francisco Brancatti,,Dante + Martel Duo (1944-50),Alfredo De Angelis,Hugo Besnatti,"Carlos Cubría, Eduardo Talián, Guillermo Vilar, Alfredo Dafuncio, Jorge Musante","Wenceslao Cinosi, Ángel Vilar, Hamlet Cicero, Hipólito Caron"
Alfredo De Angelis,Orquesta Alfredo De Angelis,11/7/1946,Rosicler,Tango,Julio Martel,Odeón,78rpm,José Basso,Francisco García Jiménez,,Dante + Martel Duo (1944-50),Alfredo De Angelis,Hugo Besnatti,"Carlos Cubría, Eduardo Talián, Guillermo Vilar, Alfredo Dafuncio, Jorge Musante","Wenceslao Cinosi, Ángel Vilar, Hamlet Cicero, Hipólito Caron"
Alfredo De Angelis,Orquesta Alfredo De Angelis,11/29/1946,Jirón Porteño,Tango,Julio Martel,Odeón,78rpm,Juan Raggi,Julio Plácido Navarrine,,Dante + Martel Duo (1944-50),Alfredo De Angelis,Hugo Besnatti,"Carlos Cubría, Eduardo Talián, Guillermo Vilar, Alfredo Dafuncio, Jorge Musante","Wenceslao Cinosi, Ángel Vilar, Hamlet Cicero, Hipólito Caron"
Alfredo De Angelis,Orquesta Alfredo De Angelis,11/29/1946,Qué Lindo Es Estar Metido,Tango,Carlos Dante,Odeón,78rpm,Enrique Delfino,Domingo Parra; Pascual Contursi,,Dante + Martel Duo (1944-50),Alfredo De Angelis,Hugo Besnatti,"Carlos Cubría, Eduardo Talián, Guillermo Vilar, Alfredo Dafuncio, Jorge Musante","Wenceslao Cinosi, Ángel Vilar, Hamlet Cicero, Hipólito Caron"
Alfredo De Angelis,Orquesta Alfredo De Angelis,12/13/1946,Yo También Carrero Fui,Tango,Julio Martel,Odeón,78rpm,Héctor Marcó,Héctor Marcó (Héctor Domingo Marcolongo),,Dante + Martel Duo (1944-50),Alfredo De Angelis,Hugo Besnatti,"Carlos Cubría, Eduardo Talián, Guillermo Vilar, Alfredo Dafuncio, Jorge Musante","Wenceslao Cinosi, Ángel Vilar, Hamlet Cicero, Hipólito Caron"
Alfredo De Angelis,Orquesta Alfredo De Angelis,12/27/1946,Adiós Marinero,Tango,Carlos Dante y Julio Martel,Odeón,78rpm,Arturo Gallucci,Reinaldo Yiso (Reinaldo Ghiso); Félix Villa (Félix Lípesker),,Dante + Martel Duo (1944-50),Alfredo De Angelis,Hugo Besnatti,"Carlos Cubría, Eduardo Talián, Guillermo Vilar, Alfredo Dafuncio, Jorge Musante","Wenceslao Cinosi, Ángel Vilar, Hamlet Cicero, Hipólito Caron"
Alfredo De Angelis,Orquesta Alfredo De Angelis,12/27/1946,Chorra,Tango,Julio Martel,Odeón,78rpm,Enrique Discépolo,Enrique Santos Discépolo,,Dante + Martel Duo (1944-50),Alfredo De Angelis,Hugo Besnatti,"Carlos Cubría, Eduardo Talián, Guillermo Vilar, Alfredo Dafuncio, Jorge Musante","Wenceslao Cinosi, Ángel Vilar, Hamlet Cicero, Hipólito Caron"
Alfredo De Angelis,Orquesta Alfredo De Angelis,12/27/1946,Mano A Mano,Tango,Carlos Dante,Odeón,78rpm,Carlos Gardel; José Razzano,Celedonio Esteban Flores,,Dante + Martel Duo (1944-50),Alfredo De Angelis,Hugo Besnatti,"Carlos Cubría, Eduardo Talián, Guillermo Vilar, Alfredo Dafuncio, Jorge Musante","Wenceslao Cinosi, Ángel Vilar, Hamlet Cicero, Hipólito Caron"
Alfredo De Angelis,Orquesta Alfredo De Angelis,3/20/1947,Alelí,Tango,Carlos Dante,Odeón,78rpm,Alfredo Angelis,José Rótulo,,Dante + Martel Duo (1944-50),Alfredo De Angelis,Hugo Besnatti,"Carlos Cubría, Eduardo Talián, Guillermo Vilar, Alfredo Dafuncio, Jorge Musante","Wenceslao Cinosi, Ángel Vilar, Hamlet Cicero, Hipólito Caron"
Alfredo De Angelis,Orquesta Alfredo De Angelis,3/20/1947,Yo También Reí,Tango,Julio Martel,Odeón,78rpm,Carlos Cubria; Héctor Gentile,José Rótulo,,Dante + Martel Duo (1944-50),Alfredo De Angelis,Hugo Besnatti,"Carlos Cubría, Eduardo Talián, Guillermo Vilar, Alfredo Dafuncio, Jorge Musante","Wenceslao Cinosi, Ángel Vilar, Hamlet Cicero, Hipólito Caron"
Alfredo De Angelis,Orquesta Alfredo De Angelis,4/23/1947,A su Memoria,Vals,Carlos Dante,Odeón,78rpm,Antonio Sureda,Homero Manzi,,Dante + Martel Duo (1944-50),Alfredo De Angelis,Hugo Besnatti,"Carlos Cubría, Eduardo Talián, Guillermo Vilar, Alfredo Dafuncio, Jorge Musante","Wenceslao Cinosi, Ángel Vilar, Hamlet Cicero, Hipólito Caron"
Alfredo De Angelis,Orquesta Alfredo De Angelis,4/23/1947,Entrá Sin Miedo Hermana,Tango,Julio Martel,Odeón,78rpm,Raúl Hoyos,Mario Flores,,Dante + Martel Duo (1944-50),Alfredo De Angelis,Hugo Besnatti,"Carlos Cubría, Eduardo Talián, Guillermo Vilar, Alfredo Dafuncio, Jorge Musante","Wenceslao Cinosi, Ángel Vilar, Hamlet Cicero, Hipólito Caron"
Alfredo De Angelis,Orquesta Alfredo De Angelis,5/8/1947,Con La Otra,Tango,Carlos Dante,Odeón,78rpm,Antonio Bonavena,Rodolfo Scafidi; Montenieve (Antonio Bonavena),,Dante + Martel Duo (1944-50),Alfredo De Angelis,Hugo Besnatti,"Carlos Cubría, Eduardo Talián, Guillermo Vilar, Alfredo Dafuncio, Jorge Musante","Wenceslao Cinosi, Ángel Vilar, Hamlet Cicero, Hipólito Caron"
Alfredo De Angelis,Orquesta Alfredo De Angelis,5/8/1947,Sigan Tomando Muchachos,Tango,Julio Martel,Odeón,78rpm,Lito Bayardo,Lito Bayardo,,Dante + Martel Duo (1944-50),Alfredo De Angelis,Hugo Besnatti,"Carlos Cubría, Eduardo Talián, Guillermo Vilar, Alfredo Dafuncio, Jorge Musante","Wenceslao Cinosi, Ángel Vilar, Hamlet Cicero, Hipólito Caron"
Alfredo De Angelis,Orquesta Alfredo De Angelis,6/6/1947,La Novia Ausente,Tango,Julio Martel,Odeón,78rpm,Guillermo Barbieri,A. Cadícamo (Enrique Domingo Cadícamo),,Dante + Martel Duo (1944-50),Alfredo De Angelis,Hugo Besnatti,"Carlos Cubría, Eduardo Talián, Guillermo Vilar, Alfredo Dafuncio, Jorge Musante","Wenceslao Cinosi, Ángel Vilar, Hamlet Cicero, Hipólito Caron"
Alfredo De Angelis,Orquesta Alfredo De Angelis,6/6/1947,Lunes (Lunes Trece),Tango,Carlos Dante,Odeón,78rpm,José Padula,Francisco García Jiménez,,Dante + Martel Duo (1944-50),Alfredo De Angelis,Hugo Besnatti,"Carlos Cubría, Eduardo Talián, Guillermo Vilar, Alfredo Dafuncio, Jorge Musante","Wenceslao Cinosi, Ángel Vilar, Hamlet Cicero, Hipólito Caron"
Alfredo De Angelis,Orquesta Alfredo De Angelis,7/3/1947,Cien Guitarras,Milonga,Carlos Dante y Julio Martel,Odeón,78rpm,Arturo Gallucci,Raúl Hormaza (Raúl Mario Hormaza),,Dante + Martel Duo (1944-50),Alfredo De Angelis,Hugo Besnatti,"Carlos Cubría, Eduardo Talián, Guillermo Vilar, Alfredo Dafuncio, Jorge Musante","Wenceslao Cinosi, Ángel Vilar, Hamlet Cicero, Hipólito Caron"
Alfredo De Angelis,Orquesta Alfredo De Angelis,7/3/1947,Flores del alma,Vals,Carlos Dante y Julio Martel,Odeón,78rpm,Juan Larenza,Alfredo Lucero Palacios; Lito Bayardo,,Dante + Martel Duo (1944-50),Alfredo De Angelis,Hugo Besnatti,"Carlos Cubría, Eduardo Talián, Guillermo Vilar, Alfredo Dafuncio, Jorge Musante","Wenceslao Cinosi, Ángel Vilar, Hamlet Cicero, Hipólito Caron"
Alfredo De Angelis,Orquesta Alfredo De Angelis,8/20/1947,Pinche,Tango,Instrumental,Odeón,78rpm,Francisco Canaro; Juan Canaro,Juan Andrés Caruso,,Dante + Martel Duo (1944-50),Alfredo De Angelis,Hugo Besnatti,"Carlos Cubría, Eduardo Talián, Guillermo Vilar, Alfredo Dafuncio, Jorge Musante","Wenceslao Cinosi, Ángel Vilar, Hamlet Cicero, Hipólito Caron"
Alfredo De Angelis,Orquesta Alfredo De Angelis,8/20/1947,Sentencia,Tango,Carlos Dante,Odeón,78rpm,Pedro Maffia,Celedonio Esteban Flores,,Dante + Martel Duo (1944-50),Alfredo De Angelis,Hugo Besnatti,"Carlos Cubría, Eduardo Talián, Guillermo Vilar, Alfredo Dafuncio, Jorge Musante","Wenceslao Cinosi, Ángel Vilar, Hamlet Cicero, Hipólito Caron"
Alfredo De Angelis,Orquesta Alfredo De Angelis,10/21/1947,A Magaldi,Vals,Carlos Dante y Julio Martel,Odeón,78rpm,Carlos Dante; Pedro Noda,Juan Bernardo Tiggi,,Dante + Martel Duo (1944-50),Alfredo De Angelis,Hugo Besnatti,"Carlos Cubría, Eduardo Talián, Guillermo Vilar, Alfredo Dafuncio, Jorge Musante","Wenceslao Cinosi, Ángel Vilar, Hamlet Cicero, Hipólito Caron"
Alfredo De Angelis,Orquesta Alfredo De Angelis,10/21/1947,Esta Vuelta Pago Yo,Tango,Carlos Dante,Odeón,78rpm,Miguel Bonano,José De Grassi,,Dante + Martel Duo (1944-50),Alfredo De Angelis,Hugo Besnatti,"Carlos Cubría, Eduardo Talián, Guillermo Vilar, Alfredo Dafuncio, Jorge Musante","Wenceslao Cinosi, Ángel Vilar, Hamlet Cicero, Hipólito Caron"
Alfredo De Angelis,Orquesta Alfredo De Angelis,12/23/1947,Fruto Dulce,Tango,Carlos Dante y Julio Martel,Odeón,78rpm,Horacio Susena,Horacio Susena,,Dante + Martel Duo (1944-50),Alfredo De Angelis,Hugo Besnatti,"Carlos Cubría, Eduardo Talián, Guillermo Vilar, Alfredo Dafuncio, Jorge Musante","Wenceslao Cinosi, Ángel Vilar, Hamlet Cicero, Hipólito Caron"
Alfredo De Angelis,Orquesta Alfredo De Angelis,12/23/1947,Por Quererte Te Perdi,Tango,Julio Martel,Odeón,78rpm,Alfonso Casini,Marvil (Elizardo Martínez Vila),,Dante + Martel Duo (1944-50),Alfredo De Angelis,Hugo Besnatti,"Carlos Cubría, Eduardo Talián, Guillermo Vilar, Alfredo Dafuncio, Jorge Musante","Wenceslao Cinosi, Ángel Vilar, Hamlet Cicero, Hipólito Caron"
Alfredo De Angelis,Orquesta Alfredo De Angelis,4/16/1948,Pa' Qué Te Voy A Contar,Milonga,Julio Martel,Odeón,78rpm,Domingo Sciaraffía,Domingo Sciaraffía,,Dante + Martel Duo (1944-50),Alfredo De Angelis,Hugo Besnatti,"Carlos Cubría, Eduardo Talián, Guillermo Vilar, Alfredo Dafuncio, Jorge Musante","Wenceslao Cinosi, Ángel Vilar, Hamlet Cicero, Hipólito Caron"
Alfredo De Angelis,Orquesta Alfredo De Angelis,4/16/1948,Pastora,Tango,Carlos Dante y Julio Martel,Odeón,78rpm,Alfredo Angelis,José Rótulo,,Dante + Martel Duo (1944-50),Alfredo De Angelis,Hugo Besnatti,"Carlos Cubría, Eduardo Talián, Guillermo Vilar, Alfredo Dafuncio, Jorge Musante","Wenceslao Cinosi, Ángel Vilar, Hamlet Cicero, Hipólito Caron"
Alfredo De Angelis,Orquesta Alfredo De Angelis,6/11/1948,Cristal Y Luna,Tango,Carlos Dante,Odeón,78rpm,Guillermo Vilar,Pedro Blasco,,Dante + Martel Duo (1944-50),Alfredo De Angelis,Hugo Besnatti,"Carlos Cubría, Eduardo Talián, Guillermo Vilar, Alfredo Dafuncio, Jorge Musante","Wenceslao Cinosi, Ángel Vilar, Hamlet Cicero, Hipólito Caron"
Alfredo De Angelis,Orquesta Alfredo De Angelis,6/11/1948,Selección de Enrique Santos Discépolo,Tango,Carlos Dante y Julio Martel,Odeón,78rpm,Enrique Discépolo,Enrique Santos Discépolo,,Dante + Martel Duo (1944-50),Alfredo De Angelis,Hugo Besnatti,"Carlos Cubría, Eduardo Talián, Guillermo Vilar, Alfredo Dafuncio, Jorge Musante","Wenceslao Cinosi, Ángel Vilar, Hamlet Cicero, Hipólito Caron"
Alfredo De Angelis,Orquesta Alfredo De Angelis,7/23/1948,No Te Perdono Más,Tango,Julio Martel,Odeón,78rpm,Rodolfo Sciammarella,Rodolfo Sciammarella (Rodolfo Pascual Sciammarella),,Dante + Martel Duo (1944-50),Alfredo De Angelis,Hugo Besnatti,"Carlos Cubría, Eduardo Talián, Guillermo Vilar, Alfredo Dafuncio, Jorge Musante","Wenceslao Cinosi, Ángel Vilar, Hamlet Cicero, Hipólito Caron"
Alfredo De Angelis,Orquesta Alfredo De Angelis,7/23/1948,Para Ti Madre ,Vals,Carlos Dante,Odeón,78rpm,José Mocciola,Venancio Clauso,,Dante + Martel Duo (1944-50),Alfredo De Angelis,Hugo Besnatti,"Carlos Cubría, Eduardo Talián, Guillermo Vilar, Alfredo Dafuncio, Jorge Musante","Wenceslao Cinosi, Ángel Vilar, Hamlet Cicero, Hipólito Caron"
Alfredo De Angelis,Orquesta Alfredo De Angelis,9/21/1948,El Huracán,Tango,Instrumental,Odeón,78rpm,Osvaldo Donato; Edgardo Donato,Nolo López (Manuel López),,Dante + Martel Duo (1944-50),Alfredo De Angelis,Hugo Besnatti,"Carlos Cubría, Eduardo Talián, Guillermo Vilar, Alfredo Dafuncio, Jorge Musante","Wenceslao Cinosi, Ángel Vilar, Hamlet Cicero, Hipólito Caron"
Alfredo De Angelis,Orquesta Alfredo De Angelis,12/17/1948,Cuatro Líneas Para El Cielo,Tango,Carlos Dante,Odeón,78rpm,Arturo Gallucci,Reinaldo Yiso (Reinaldo Ghiso),,Dante + Martel Duo (1944-50),Alfredo De Angelis,Hugo Besnatti,"Carlos Cubría, Eduardo Talián, Guillermo Vilar, Alfredo Dafuncio, Jorge Musante","Wenceslao Cinosi, Ángel Vilar, Hamlet Cicero, Hipólito Caron"
Alfredo De Angelis,Orquesta Alfredo De Angelis,12/17/1948,Una Carta,Tango,Julio Martel,Odeón,78rpm,Miguel Bucino,Miguel Bucino,,Dante + Martel Duo (1944-50),Alfredo De Angelis,Hugo Besnatti,"Carlos Cubría, Eduardo Talián, Guillermo Vilar, Alfredo Dafuncio, Jorge Musante","Wenceslao Cinosi, Ángel Vilar, Hamlet Cicero, Hipólito Caron"
Alfredo De Angelis,Orquesta Alfredo De Angelis,4/20/1949,Bajo Belgrano,Tango,Julio Martel,Odeón,Micro,Anselmo Aieta,Francisco García Jiménez,,Dante + Martel Duo (1944-50),Alfredo De Angelis,Hugo Besnatti,"Carlos Cubría, Eduardo Talián, Guillermo Vilar, Alfredo Dafuncio, Jorge Musante","Wenceslao Cinosi, Ángel Vilar, Hamlet Cicero, Hipólito Caron"
Alfredo De Angelis,Orquesta Alfredo De Angelis,4/20/1949,Mocosita,Tango,Carlos Dante,Odeón,Micro,Gerardo Rodríguez,Víctor Soliño,,Dante + Martel Duo (1944-50),Alfredo De Angelis,Hugo Besnatti,"Carlos Cubría, Eduardo Talián, Guillermo Vilar, Alfredo Dafuncio, Jorge Musante","Wenceslao Cinosi, Ángel Vilar, Hamlet Cicero, Hipólito Caron"
Alfredo De Angelis,Orquesta Alfredo De Angelis,5/12/1949,Esta Noche Me Despido,Tango,Carlos Dante,Odeón,Micro,Carlos Dante,José Rótulo,,Dante + Martel Duo (1944-50),Alfredo De Angelis,Hugo Besnatti,"Carlos Cubría, Eduardo Talián, Guillermo Vilar, Alfredo Dafuncio, Jorge Musante","Wenceslao Cinosi, Ángel Vilar, Hamlet Cicero, Hipólito Caron"
Alfredo De Angelis,Orquesta Alfredo De Angelis,5/12/1949,Mi cariñito,Vals,Carlos Dante y Julio Martel,Odeón,Micro,Alfredo Angelis,José Rótulo,,Dante + Martel Duo (1944-50),Alfredo De Angelis,Hugo Besnatti,"Carlos Cubría, Eduardo Talián, Guillermo Vilar, Alfredo Dafuncio, Jorge Musante","Wenceslao Cinosi, Ángel Vilar, Hamlet Cicero, Hipólito Caron"
Alfredo De Angelis,Orquesta Alfredo De Angelis,6/2/1949,Allá En El Bajo,Tango,Carlos Dante,Odeón,Micro,Agustín Magaldi; Pedro Noda,Ismael Aguilar; Gerónimo Martinelli Massa,,Dante + Martel Duo (1944-50),Alfredo De Angelis,Hugo Besnatti,"Carlos Cubría, Eduardo Talián, Guillermo Vilar, Alfredo Dafuncio, Jorge Musante","Wenceslao Cinosi, Ángel Vilar, Hamlet Cicero, Hipólito Caron"
Alfredo De Angelis,Orquesta Alfredo De Angelis,6/2/1949,El Ciruja,Tango,Julio Martel,Odeón,Micro,Ernesto Cruz,Francisco Alfredo Marino,,Dante + Martel Duo (1944-50),Alfredo De Angelis,Hugo Besnatti,"Carlos Cubría, Eduardo Talián, Guillermo Vilar, Alfredo Dafuncio, Jorge Musante","Wenceslao Cinosi, Ángel Vilar, Hamlet Cicero, Hipólito Caron"
Alfredo De Angelis,Orquesta Alfredo De Angelis,8/16/1949,Atenti Pebeta,Tango,Julio Martel,Odeón,Micro,Ciriaco Ortiz,Celedonio Esteban Flores,,Dante + Martel Duo (1944-50),Alfredo De Angelis,Hugo Besnatti,"Carlos Cubría, Eduardo Talián, Guillermo Vilar, Alfredo Dafuncio, Jorge Musante","Wenceslao Cinosi, Ángel Vilar, Hamlet Cicero, Hipólito Caron"
Alfredo De Angelis,Orquesta Alfredo De Angelis,8/16/1949,Compadrón,Tango,Carlos Dante,Odeón,Micro,Luis Visca,Enrique Domingo Cadícamo,,Dante + Martel Duo (1944-50),Alfredo De Angelis,Hugo Besnatti,"Carlos Cubría, Eduardo Talián, Guillermo Vilar, Alfredo Dafuncio, Jorge Musante","Wenceslao Cinosi, Ángel Vilar, Hamlet Cicero, Hipólito Caron"
Alfredo De Angelis,Orquesta Alfredo De Angelis,9/26/1949,Amigazo,Tango,Carlos Dante,Odeón,Micro,Juan Filiberto,Francisco Brancatti; Juan Miguel Velich,,Dante + Martel Duo (1944-50),Alfredo De Angelis,Hugo Besnatti,"Carlos Cubría, Eduardo Talián, Guillermo Vilar, Alfredo Dafuncio, Jorge Musante","Wenceslao Cinosi, Ángel Vilar, Hamlet Cicero, Hipólito Caron"
Alfredo De Angelis,Orquesta Alfredo De Angelis,9/26/1949,Buscando Perdón,Tango,Carlos Dante,Odeón,Micro,Alberto Talián; Eduardo Talián,Santiago Adamini,,Dante + Martel Duo (1944-50),Alfredo De Angelis,Hugo Besnatti,"Carlos Cubría, Eduardo Talián, Guillermo Vilar, Alfredo Dafuncio, Jorge Musante","Wenceslao Cinosi, Ángel Vilar, Hamlet Cicero, Hipólito Caron"
Alfredo De Angelis,Orquesta Alfredo De Angelis,10/14/1949,Misa De Once,Tango,Julio Martel,Odeón,Micro,Juan Guichandut,Armando José María Tagini,,Dante + Martel Duo (1944-50),Alfredo De Angelis,Hugo Besnatti,"Carlos Cubría, Eduardo Talián, Guillermo Vilar, Alfredo Dafuncio, Jorge Musante","Wenceslao Cinosi, Ángel Vilar, Hamlet Cicero, Hipólito Caron"
Alfredo De Angelis,Orquesta Alfredo De Angelis,10/14/1949,Pequeña,Vals,Carlos Dante,Odeón,Micro,Osmar Maderna,Homero Aldo Expósito,,Dante + Martel Duo (1944-50),Alfredo De Angelis,Hugo Besnatti,"Carlos Cubría, Eduardo Talián, Guillermo Vilar, Alfredo Dafuncio, Jorge Musante","Wenceslao Cinosi, Ángel Vilar, Hamlet Cicero, Hipólito Caron"
Alfredo De Angelis,Orquesta Alfredo De Angelis,12/6/1949,Carga,Tango,Carlos Dante,Odeón,Micro,Wenceslao Cinosi; Wellington Cinosi,Carlos Bahr (Carlos Andrés Bahr),,Dante + Martel Duo (1944-50),Alfredo De Angelis,Hugo Besnatti,"Carlos Cubría, Eduardo Talián, Guillermo Vilar, Alfredo Dafuncio, Jorge Musante","Wenceslao Cinosi, Ángel Vilar, Hamlet Cicero, Hipólito Caron"
Alfredo De Angelis,Orquesta Alfredo De Angelis,12/6/1949,Santa Madrecita,Tango,Carlos Dante,Odeón,Micro,Juan D´Arienzo; Héctor Varela,Carlos Waiss,,Dante + Martel Duo (1944-50),Alfredo De Angelis,Hugo Besnatti,"Carlos Cubría, Eduardo Talián, Guillermo Vilar, Alfredo Dafuncio, Jorge Musante","Wenceslao Cinosi, Ángel Vilar, Hamlet Cicero, Hipólito Caron"
Alfredo De Angelis,Orquesta Alfredo De Angelis,12/13/1949,Carro Viejo,Tango,Julio Martel,Odeón,Micro,Fernando Montoni,Maximo José Orsi,,Dante + Martel Duo (1944-50),Alfredo De Angelis,Hugo Besnatti,"Carlos Cubría, Eduardo Talián, Guillermo Vilar, Alfredo Dafuncio, Jorge Musante","Wenceslao Cinosi, Ángel Vilar, Hamlet Cicero, Hipólito Caron"
Alfredo De Angelis,Orquesta Alfredo De Angelis,12/13/1949,La Limosna,Tango,Julio Martel,Odeón,Micro,Juan Guichandut,Horacio Basterra (Horacio Sanguinetti),,Dante + Martel Duo (1944-50),Alfredo De Angelis,Hugo Besnatti,"Carlos Cubría, Eduardo Talián, Guillermo Vilar, Alfredo Dafuncio, Jorge Musante","Wenceslao Cinosi, Ángel Vilar, Hamlet Cicero, Hipólito Caron"
Alfredo De Angelis,Orquesta Alfredo De Angelis,12/23/1949,Adiós Vidalita,Tango,Carlos Dante,Odeón,Micro,Juan Larenza,Lito Bayardo,,Dante + Martel Duo (1944-50),Alfredo De Angelis,Hugo Besnatti,"Carlos Cubría, Eduardo Talián, Guillermo Vilar, Alfredo Dafuncio, Jorge Musante","Wenceslao Cinosi, Ángel Vilar, Hamlet Cicero, Hipólito Caron"
Alfredo De Angelis,Orquesta Alfredo De Angelis,12/23/1949,Al Pie De La Santa Cruz,Tango,Carlos Dante,Odeón,Micro,Enrique Delfino,Mario Battistella,,Dante + Martel Duo (1944-50),Alfredo De Angelis,Hugo Besnatti,"Carlos Cubría, Eduardo Talián, Guillermo Vilar, Alfredo Dafuncio, Jorge Musante","Wenceslao Cinosi, Ángel Vilar, Hamlet Cicero, Hipólito Caron"
Alfredo De Angelis,Orquesta Alfredo De Angelis,3/28/1950,Gloria,Tango,Carlos Dante,Odeón,Micro,Humberto Canaro,Armando Tagini,,Dante + Martel Duo (1944-50),Alfredo De Angelis,Hugo Besnatti,"Carlos Cubría, Eduardo Talián, Guillermo Vilar, Alfredo Dafuncio, Jorge Musante","Wenceslao Cinosi, Ángel Vilar, Hamlet Cicero, Hipólito Caron"
Alfredo De Angelis,Orquesta Alfredo De Angelis,3/28/1950,Sos Bueno Vos También,Tango,Julio Martel,Odeón,Micro,Francisco Canaro,Juan Andrés Caruso,,Dante + Martel Duo (1944-50),Alfredo De Angelis,Hugo Besnatti,"Carlos Cubría, Eduardo Talián, Guillermo Vilar, Alfredo Dafuncio, Jorge Musante","Wenceslao Cinosi, Ángel Vilar, Hamlet Cicero, Hipólito Caron"
Alfredo De Angelis,Orquesta Alfredo De Angelis,4/19/1950,Jorge Duval,Tango,Instrumental,Odeón,Micro,Alfredo Angelis,,,Dante + Martel Duo (1944-50),Alfredo De Angelis,Hugo Besnatti,"Carlos Cubría, Eduardo Talián, Guillermo Vilar, Alfredo Dafuncio, Jorge Musante","Wenceslao Cinosi, Ángel Vilar, Hamlet Cicero, Hipólito Caron"
Alfredo De Angelis,Orquesta Alfredo De Angelis,4/16/1950,No vuelvas María,Vals,Carlos Dante y Julio Martel,Odeón,Micro,Juan Larenza,Cátulo Castillo (Ovidio Cátulo González Castillo),,Dante + Martel Duo (1944-50),Alfredo De Angelis,Hugo Besnatti,"Carlos Cubría, Eduardo Talián, Guillermo Vilar, Alfredo Dafuncio, Jorge Musante","Wenceslao Cinosi, Ángel Vilar, Hamlet Cicero, Hipólito Caron"
Alfredo De Angelis,Orquesta Alfredo De Angelis,5/19/1950,Adiós Muchachos,Tango,Julio Martel,Odeón,Micro,Julio Sanders,César Felipe Vedani; Carol Raven,,Dante + Martel Duo (1944-50),Alfredo De Angelis,Hugo Besnatti,"Carlos Cubría, Eduardo Talián, Guillermo Vilar, Alfredo Dafuncio, Jorge Musante","Wenceslao Cinosi, Ángel Vilar, Hamlet Cicero, Hipólito Caron"
Alfredo De Angelis,Orquesta Alfredo De Angelis,5/19/1950,Bésame En La Boca,Tango,Carlos Dante,Odeón,Micro,José Rizzuti,Eduardo Calvo,,Dante + Martel Duo (1944-50),Alfredo De Angelis,Hugo Besnatti,"Carlos Cubría, Eduardo Talián, Guillermo Vilar, Alfredo Dafuncio, Jorge Musante","Wenceslao Cinosi, Ángel Vilar, Hamlet Cicero, Hipólito Caron"
Alfredo De Angelis,Orquesta Alfredo De Angelis,6/7/1950,El Otario,Milonga,Instrumental,Odeón,Micro,Gerardo Metallo,Juan Miguel Velich,,Dante + Martel Duo (1944-50),Alfredo De Angelis,Hugo Besnatti,"Carlos Cubría, Eduardo Talián, Guillermo Vilar, Alfredo Dafuncio, Jorge Musante","Wenceslao Cinosi, Ángel Vilar, Hamlet Cicero, Hipólito Caron"
Alfredo De Angelis,Orquesta Alfredo De Angelis,6/7/1950,El santo de la espada,Vals,Julio Martel,Odeón,Micro,Luis Mendoza,Reinaldo Yiso (Reinaldo Ghiso),,Dante + Martel Duo (1944-50),Alfredo De Angelis,Hugo Besnatti,"Carlos Cubría, Eduardo Talián, Guillermo Vilar, Alfredo Dafuncio, Jorge Musante","Wenceslao Cinosi, Ángel Vilar, Hamlet Cicero, Hipólito Caron"
Alfredo De Angelis,Orquesta Alfredo De Angelis,6/7/1950,La Marcha Nupcial,Tango,Carlos Dante,Odeón,Micro,Armando Tagini,Venancio Juan Clauso,,Dante + Martel Duo (1944-50),Alfredo De Angelis,Hugo Besnatti,"Carlos Cubría, Eduardo Talián, Guillermo Vilar, Alfredo Dafuncio, Jorge Musante","Wenceslao Cinosi, Ángel Vilar, Hamlet Cicero, Hipólito Caron"
Alfredo De Angelis,Orquesta Alfredo De Angelis,9/22/1950,Nunca Te Podré Olvidar,Tango,Carlos Dante,Odeón,Micro,Víctor Braña,Enrique Miguel Gaudino,,Dante + Martel Duo (1944-50),Alfredo De Angelis,Hugo Besnatti,"Carlos Cubría, Eduardo Talián, Guillermo Vilar, Alfredo Dafuncio, Jorge Musante","Wenceslao Cinosi, Ángel Vilar, Hamlet Cicero, Hipólito Caron"
Alfredo De Angelis,Orquesta Alfredo De Angelis,7/20/1950,9 De Julio,Tango,Instrumental,Odeón,Micro,José Padula,Lito Bayardo (Manuel Juan García Ferrari),,Dante + Martel Duo (1944-50),Alfredo De Angelis,Hugo Besnatti,"Carlos Cubría, Eduardo Talián, Guillermo Vilar, Alfredo Dafuncio, Jorge Musante","Wenceslao Cinosi, Ángel Vilar, Hamlet Cicero, Hipólito Caron"
Alfredo De Angelis,Orquesta Alfredo De Angelis,9/22/1950,Virgen De La Serranía,Tango,Carlos Dante y Julio Martel,Odeón,Micro,Osvaldo Donato,Alberto Cosentino,,Dante + Martel Duo (1944-50),Alfredo De Angelis,Hugo Besnatti,"Carlos Cubría, Eduardo Talián, Guillermo Vilar, Alfredo Dafuncio, Jorge Musante","Wenceslao Cinosi, Ángel Vilar, Hamlet Cicero, Hipólito Caron"
Alfredo De Angelis,Orquesta Alfredo De Angelis,11/10/1950,Como La Caperucita,Tango,Carlos Dante y Julio Martel,Odeón,Micro,Alfredo Angelis,José Rótulo,,Dante + Martel Duo (1944-50),Alfredo De Angelis,Hugo Besnatti,"Carlos Cubría, Eduardo Talián, Guillermo Vilar, Alfredo Dafuncio, Jorge Musante","Wenceslao Cinosi, Ángel Vilar, Hamlet Cicero, Hipólito Caron"
Alfredo De Angelis,Orquesta Alfredo De Angelis,11/10/1950,Selecciones De Enrique Delfino,Tango,Carlos Dante y Julio Martel,Odeón,Micro,Various,Various,,Dante + Martel Duo (1944-50),Alfredo De Angelis,Hugo Besnatti,"Carlos Cubría, Eduardo Talián, Guillermo Vilar, Alfredo Dafuncio, Jorge Musante","Wenceslao Cinosi, Ángel Vilar, Hamlet Cicero, Hipólito Caron"
Alfredo De Angelis,Orquesta Alfredo De Angelis,12/12/1950,Apadrinando,Vals,Carlos Dante,Odeón,Micro,Víctor Braña,Enrique Miguel Gaudino,,Dante + Martel Duo (1944-50),Alfredo De Angelis,Hugo Besnatti,"Carlos Cubría, Eduardo Talián, Guillermo Vilar, Alfredo Dafuncio, Jorge Musante","Wenceslao Cinosi, Ángel Vilar, Hamlet Cicero, Hipólito Caron"
Alfredo De Angelis,Orquesta Alfredo De Angelis,12/12/1950,Imaginación,Vals,Instrumental,Odeón,Micro,Elvino Vardaro; Antonio Arona,Francisco García Jiménez,,Dante + Martel Duo (1944-50),Alfredo De Angelis,Hugo Besnatti,"Carlos Cubría, Eduardo Talián, Guillermo Vilar, Alfredo Dafuncio, Jorge Musante","Wenceslao Cinosi, Ángel Vilar, Hamlet Cicero, Hipólito Caron"
Alfredo De Angelis,Orquesta Alfredo De Angelis,12/12/1950,Largaron,Tango,Instrumental,Odeón,Micro,Carlos Cubría; Juan Navarro,,,Dante + Martel Duo (1944-50),Alfredo De Angelis,Hugo Besnatti,"Carlos Cubría, Eduardo Talián, Guillermo Vilar, Alfredo Dafuncio, Jorge Musante","Wenceslao Cinosi, Ángel Vilar, Hamlet Cicero, Hipólito Caron"
Alfredo De Angelis,Orquesta Alfredo De Angelis,12/12/1950,Tus Palabras Y La Noche,Tango,Julio Martel,Odeón,Micro,Emilio Querejeta,Carlos Cacciari,,Dante + Martel Duo (1944-50),Alfredo De Angelis,Hugo Besnatti,"Carlos Cubría, Eduardo Talián, Guillermo Vilar, Alfredo Dafuncio, Jorge Musante","Wenceslao Cinosi, Ángel Vilar, Hamlet Cicero, Hipólito Caron"
Alfredo De Angelis,Orquesta Alfredo De Angelis,5/10/1951,Flor De Fango,Tango,Oscar Larroca,Odeón,Micro,Augusto Gentile,Pascual Contursi,,Dante + Larroca (1950-52),Alfredo De Angelis,Hugo Besnatti,"Carlos Cubría, Eduardo Talián, Guillermo Vilar, Alfredo Dafuncio, Jorge Musante","Wenceslao Cinosi, Ángel Vilar, Hamlet Cicero, Hipólito Caron"
Alfredo De Angelis,Orquesta Alfredo De Angelis,5/10/1951,Llevátelo Todo,Tango,Oscar Larroca,Odeón,Micro,Rodolfo Sciammarella,Rodolfo Pascual Sciammarella,,Dante + Larroca (1950-52),Alfredo De Angelis,Hugo Besnatti,"Carlos Cubría, Eduardo Talián, Guillermo Vilar, Alfredo Dafuncio, Jorge Musante","Wenceslao Cinosi, Ángel Vilar, Hamlet Cicero, Hipólito Caron"
Alfredo De Angelis,Orquesta Alfredo De Angelis,5/10/1951,Por Qué Me Das Dique,Tango,Oscar Larroca,Odeón,Micro,Rodolfo Sciammarella,Luis Alonso (Luis Alberto Alonso),,Dante + Larroca (1950-52),Alfredo De Angelis,Hugo Besnatti,"Carlos Cubría, Eduardo Talián, Guillermo Vilar, Alfredo Dafuncio, Jorge Musante","Wenceslao Cinosi, Ángel Vilar, Hamlet Cicero, Hipólito Caron"
Alfredo De Angelis,Orquesta Alfredo De Angelis,5/29/1951,Patrona,Milonga,Carlos Dante,Odeón,Micro,Juan Larenza,Cátulo Castillo (Ovidio Cátulo González Castillo),,Dante + Larroca (1950-52),Alfredo De Angelis,Hugo Besnatti,"Carlos Cubría, Eduardo Talián, Guillermo Vilar, Alfredo Dafuncio, Jorge Musante","Wenceslao Cinosi, Ángel Vilar, Hamlet Cicero, Hipólito Caron"
Alfredo De Angelis,Orquesta Alfredo De Angelis,5/29/1951,Por Qué Doblan Las Campanas,Tango,Carlos Dante y Oscar Larroca,Odeón,Micro,Alfredo Angelis,José Rótulo,,Dante + Larroca (1950-52),Alfredo De Angelis,Hugo Besnatti,"Carlos Cubría, Eduardo Talián, Guillermo Vilar, Alfredo Dafuncio, Jorge Musante","Wenceslao Cinosi, Ángel Vilar, Hamlet Cicero, Hipólito Caron"
Alfredo De Angelis,Orquesta Alfredo De Angelis,5/29/1951,Telarañas,Tango,Carlos Dante y Oscar Larroca,Odeón,Micro,Andrés Domenech,Jesús Fernández Blanco,,Dante + Larroca (1950-52),Alfredo De Angelis,Hugo Besnatti,"Carlos Cubría, Eduardo Talián, Guillermo Vilar, Alfredo Dafuncio, Jorge Musante","Wenceslao Cinosi, Ángel Vilar, Hamlet Cicero, Hipólito Caron"
Alfredo De Angelis,Orquesta Alfredo De Angelis,7/11/1951,Caminito Del Taller,Tango,Carlos Dante,Odeón,Micro,Cátulo Castillo,Cátulo Castillo,,Dante + Larroca (1950-52),Alfredo De Angelis,Hugo Besnatti,"Carlos Cubría, Eduardo Talián, Guillermo Vilar, Alfredo Dafuncio, Jorge Musante","Wenceslao Cinosi, Ángel Vilar, Hamlet Cicero, Hipólito Caron"
Alfredo De Angelis,Orquesta Alfredo De Angelis,7/11/1951,Criolla,Vals,Carlos Dante y Oscar Larroca,Odeón,Micro,Arturo Gallucci; Carmelo Nápoli,Enrique Gaudino (Enrique Miguel Gaudino),,Dante + Larroca (1950-52),Alfredo De Angelis,Hugo Besnatti,"Carlos Cubría, Eduardo Talián, Guillermo Vilar, Alfredo Dafuncio, Jorge Musante","Wenceslao Cinosi, Ángel Vilar, Hamlet Cicero, Hipólito Caron"
Alfredo De Angelis,Orquesta Alfredo De Angelis,10/23/1951,Almagro,Tango,Oscar Larroca,Odeón,Micro,Vicente Lorenzo,Antonio Polito (Ángel Timarni),,Dante + Larroca (1950-52),Alfredo De Angelis,Hugo Besnatti,"Carlos Cubría, Eduardo Talián, Guillermo Vilar, Alfredo Dafuncio, Jorge Musante","Wenceslao Cinosi, Ángel Vilar, Hamlet Cicero, Hipólito Caron"
Alfredo De Angelis,Orquesta Alfredo De Angelis,10/23/1951,Entrá Nomás,Tango,Oscar Larroca,Odeón,Micro,Juan Rezzano,Francisco Antonio Bastardi,,Dante + Larroca (1950-52),Alfredo De Angelis,Hugo Besnatti,"Carlos Cubría, Eduardo Talián, Guillermo Vilar, Alfredo Dafuncio, Jorge Musante","Wenceslao Cinosi, Ángel Vilar, Hamlet Cicero, Hipólito Caron"
Alfredo De Angelis,Orquesta Alfredo De Angelis,11/3/1951,Pasional,Tango,Oscar Larroca,Odeón,Micro,Jorge Caldara,Mario Soto,,Dante + Larroca (1950-52),Alfredo De Angelis,Hugo Besnatti,"Carlos Cubría, Eduardo Talián, Guillermo Vilar, Alfredo Dafuncio, Jorge Musante","Wenceslao Cinosi, Ángel Vilar, Hamlet Cicero, Hipólito Caron"
Alfredo De Angelis,Orquesta Alfredo De Angelis,11/5/1951,Miguelito El Arriero,Tango,Carlos Dante y Oscar Larroca,Odeón,Micro,Hipólito Carón,Hipólito Oneca (Hipólito Vicente Benedetto Oneca),,Dante + Larroca (1950-52),Alfredo De Angelis,Hugo Besnatti,"Carlos Cubría, Eduardo Talián, Guillermo Vilar, Alfredo Dafuncio, Jorge Musante","Wenceslao Cinosi, Ángel Vilar, Hamlet Cicero, Hipólito Caron"
Alfredo De Angelis,Orquesta Alfredo De Angelis,11/12/1951,La Misma Tarde,Tango,Carlos Dante y Oscar Larroca,Odeón,Micro,Graciano Gómez,Ricardo Thompson,,Dante + Larroca (1950-52),Alfredo De Angelis,Hugo Besnatti,"Carlos Cubría, Eduardo Talián, Guillermo Vilar, Alfredo Dafuncio, Jorge Musante","Wenceslao Cinosi, Ángel Vilar, Hamlet Cicero, Hipólito Caron"
Alfredo De Angelis,Orquesta Alfredo De Angelis,11/12/1951,Pampa y cielo,Vals,Carlos Dante,Odeón,Micro,Pacífico Lambertucci,Pacífico Víctor Lambertucci,,Dante + Larroca (1950-52),Alfredo De Angelis,Hugo Besnatti,"Carlos Cubría, Eduardo Talián, Guillermo Vilar, Alfredo Dafuncio, Jorge Musante","Wenceslao Cinosi, Ángel Vilar, Hamlet Cicero, Hipólito Caron"
Alfredo De Angelis,Orquesta Alfredo De Angelis,4/15/1952,La Flauta De Bartolo,Milonga,Carlos Dante y Oscar Larroca,Odeón,Micro,Domingo Sciaraffía,Domingo Eduardo Sciaraffía,,Dante + Larroca (1950-52),Alfredo De Angelis,Hugo Besnatti,"Carlos Cubría, Eduardo Talián, Guillermo Vilar, Alfredo Dafuncio, Jorge Musante","Wenceslao Cinosi, Ángel Vilar, Hamlet Cicero, Hipólito Caron"
Alfredo De Angelis,Orquesta Alfredo De Angelis,4/15/1952,Pobre De Ellos,Tango,Carlos Dante,Odeón,Micro,Héctor Marcó,Héctor Marcó (Héctor Domingo Marcolongo),,Dante + Larroca (1950-52),Alfredo De Angelis,Hugo Besnatti,"Carlos Cubría, Eduardo Talián, Guillermo Vilar, Alfredo Dafuncio, Jorge Musante","Wenceslao Cinosi, Ángel Vilar, Hamlet Cicero, Hipólito Caron"
Alfredo De Angelis,Orquesta Alfredo De Angelis,5/20/1952,Medallita De La Suerte,Tango,Oscar Larroca,Odeón,Micro,Carlos Gardel; José Razzano,Mario Battistella,,Dante + Larroca (1950-52),Alfredo De Angelis,Hugo Besnatti,"Carlos Cubría, Eduardo Talián, Guillermo Vilar, Alfredo Dafuncio, Jorge Musante","Wenceslao Cinosi, Ángel Vilar, Hamlet Cicero, Hipólito Caron"
Alfredo De Angelis,Orquesta Alfredo De Angelis,5/20/1952,Pa' Mí Es Igual ,Tango,Oscar Larroca,Odeón,Micro,Agustín Irusta; Santiago Fugazot; Lucio Demare,Domingo Enrique Cadícamo,,Dante + Larroca (1950-52),Alfredo De Angelis,Hugo Besnatti,"Carlos Cubría, Eduardo Talián, Guillermo Vilar, Alfredo Dafuncio, Jorge Musante","Wenceslao Cinosi, Ángel Vilar, Hamlet Cicero, Hipólito Caron"
Alfredo De Angelis,Orquesta Alfredo De Angelis,5/30/1952,Sonsa,Tango,Carlos Dante,Odeón,Micro,Raúl Hoyos,Emilio Augusto Oscar Fresedo,,Dante + Larroca (1950-52),Alfredo De Angelis,Hugo Besnatti,"Carlos Cubría, Eduardo Talián, Guillermo Vilar, Alfredo Dafuncio, Jorge Musante","Wenceslao Cinosi, Ángel Vilar, Hamlet Cicero, Hipólito Caron"
Alfredo De Angelis,Orquesta Alfredo De Angelis,5/30/1952,Un Cacho 'E Tango,Tango,Carlos Dante,Odeón,Micro,Alfredo Angelis,Francisco Amor,,Dante + Larroca (1950-52),Alfredo De Angelis,Hugo Besnatti,"Carlos Cubría, Eduardo Talián, Guillermo Vilar, Alfredo Dafuncio, Jorge Musante","Wenceslao Cinosi, Ángel Vilar, Hamlet Cicero, Hipólito Caron"
Alfredo De Angelis,Orquesta Alfredo De Angelis,7/1/1952,Cuando Llora La Milonga,Tango,Instrumental,Odeón,Micro,Juan Filiberto,Luis Mario (María Luisa Carnelli),,Dante + Larroca (1950-52),Alfredo De Angelis,Hugo Besnatti,"Carlos Cubría, Eduardo Talián, Guillermo Vilar, Alfredo Dafuncio, Jorge Musante","Wenceslao Cinosi, Ángel Vilar, Hamlet Cicero, Hipólito Caron"
Alfredo De Angelis,Orquesta Alfredo De Angelis,7/1/1952,Zorro Gris,Tango,Oscar Larroca,Odeón,Micro,Rafael Tuegols,Francisco García Jiménez,,Dante + Larroca (1950-52),Alfredo De Angelis,Hugo Besnatti,"Carlos Cubría, Eduardo Talián, Guillermo Vilar, Alfredo Dafuncio, Jorge Musante","Wenceslao Cinosi, Ángel Vilar, Hamlet Cicero, Hipólito Caron"
Alfredo De Angelis,Orquesta Alfredo De Angelis,8/5/1952,El Choclo,Tango,Instrumental,Odeón,Micro,Ángel Villoldo,Juan Carlos Marambio Catán; Enrique Santos Discépolo,,Dante + Larroca (1950-52),Alfredo De Angelis,Hugo Besnatti,"Carlos Cubría, Eduardo Talián, Guillermo Vilar, Alfredo Dafuncio, Jorge Musante","Wenceslao Cinosi, Ángel Vilar, Hamlet Cicero, Hipólito Caron"
Alfredo De Angelis,Orquesta Alfredo De Angelis,8/5/1952,Tradición,Tango,Carlos Dante y Oscar Larroca,Odeón,Micro,Fausto Frontera,Enrique Cadícamo,,Dante + Larroca (1950-52),Alfredo De Angelis,Hugo Besnatti,"Carlos Cubría, Eduardo Talián, Guillermo Vilar, Alfredo Dafuncio, Jorge Musante","Wenceslao Cinosi, Ángel Vilar, Hamlet Cicero, Hipólito Caron"
Alfredo De Angelis,Orquesta Alfredo De Angelis,8/5/1952,Trapo Viejo,Tango,Carlos Dante,Odeón,Micro,Agustín Magaldi; Pedro Noda,Benjamín Tagle Lara,,Dante + Larroca (1950-52),Alfredo De Angelis,Hugo Besnatti,"Carlos Cubría, Eduardo Talián, Guillermo Vilar, Alfredo Dafuncio, Jorge Musante","Wenceslao Cinosi, Ángel Vilar, Hamlet Cicero, Hipólito Caron"
Alfredo De Angelis,Orquesta Alfredo De Angelis,10/8/1952,Lina,Vals,Carlos Dante y Oscar Larroca,Odeón,Tape,Venancio Clauso,Venancio Juan Pedro Clauso,,Tape (1952-56),Alfredo De Angelis,Hugo Besnatti,"Carlos Cubría, Eduardo Talián, Guillermo Vilar, Alfredo Dafuncio, Jorge Musante","Wenceslao Cinosi, Ángel Vilar, Hamlet Cicero, Hipólito Caron"
Alfredo De Angelis,Orquesta Alfredo De Angelis,10/8/1952,Seis De Enero,Tango,Carlos Dante,Odeón,Tape,Arturo Gallucci,Reinaldo Yiso (Reinaldo Ghiso),,Tape (1952-56),Alfredo De Angelis,Hugo Besnatti,"Carlos Cubría, Eduardo Talián, Guillermo Vilar, Alfredo Dafuncio, Jorge Musante","Wenceslao Cinosi, Ángel Vilar, Hamlet Cicero, Hipólito Caron"
Alfredo De Angelis,Orquesta Alfredo De Angelis,11/14/1952,El Once ,Tango,Instrumental,Odeón,Tape,Osvaldo Fresedo,Emilio Fresedo (Emilio Augusto Oscar Fresedo),,Tape (1952-56),Alfredo De Angelis,Hugo Besnatti,"Carlos Cubría, Eduardo Talián, Guillermo Vilar, Alfredo Dafuncio, Jorge Musante","Wenceslao Cinosi, Ángel Vilar, Hamlet Cicero, Hipólito Caron"
Alfredo De Angelis,Orquesta Alfredo De Angelis,11/14/1952,Hacélo Por La Vieja,Tango,Oscar Larroca,Odeón,Tape,Rodolfo Sciammarella,Carlos Viván; Héctor Bonatti,,Tape (1952-56),Alfredo De Angelis,Hugo Besnatti,"Carlos Cubría, Eduardo Talián, Guillermo Vilar, Alfredo Dafuncio, Jorge Musante","Wenceslao Cinosi, Ángel Vilar, Hamlet Cicero, Hipólito Caron"
Alfredo De Angelis,Orquesta Alfredo De Angelis,11/14/1952,Rayito,Tango,Instrumental,Odeón,Tape,Alfonso Lacueva,,,Tape (1952-56),Alfredo De Angelis,Hugo Besnatti,"Carlos Cubría, Eduardo Talián, Guillermo Vilar, Alfredo Dafuncio, Jorge Musante","Wenceslao Cinosi, Ángel Vilar, Hamlet Cicero, Hipólito Caron"
Alfredo De Angelis,Orquesta Alfredo De Angelis,11/14/1952,Tus Besos Fueron Míos,Tango,Carlos Dante,Odeón,Tape,Anselmo Aieta,Francisco García Jiménez,,Tape (1952-56),Alfredo De Angelis,Hugo Besnatti,"Carlos Cubría, Eduardo Talián, Guillermo Vilar, Alfredo Dafuncio, Jorge Musante","Wenceslao Cinosi, Ángel Vilar, Hamlet Cicero, Hipólito Caron"
Alfredo De Angelis,Orquesta Alfredo De Angelis,11/25/1952,Como la margarita,Vals,Carlos Dante y Oscar Larroca,Odeón,Tape,Héctor Gentile,José Rótulo,,Tape (1952-56),Alfredo De Angelis,Hugo Besnatti,"Carlos Cubría, Eduardo Talián, Guillermo Vilar, Alfredo Dafuncio, Jorge Musante","Wenceslao Cinosi, Ángel Vilar, Hamlet Cicero, Hipólito Caron"
Alfredo De Angelis,Orquesta Alfredo De Angelis,11/25/1952,Para Ustedes,Tango,Instrumental,Odeón,Tape,Guillermo Vilar,,,Tape (1952-56),Alfredo De Angelis,Hugo Besnatti,"Carlos Cubría, Eduardo Talián, Guillermo Vilar, Alfredo Dafuncio, Jorge Musante","Wenceslao Cinosi, Ángel Vilar, Hamlet Cicero, Hipólito Caron"
Alfredo De Angelis,Orquesta Alfredo De Angelis,11/25/1952,Que Nadie Se Entere,Tango,Oscar Larroca,Odeón,Tape,Alberto Gómez,Alberto Gómez,,Tape (1952-56),Alfredo De Angelis,Hugo Besnatti,"Carlos Cubría, Eduardo Talián, Guillermo Vilar, Alfredo Dafuncio, Jorge Musante","Wenceslao Cinosi, Ángel Vilar, Hamlet Cicero, Hipólito Caron"
Alfredo De Angelis,Orquesta Alfredo De Angelis,12/23/1952,Oyeme Mamá,Tango,Carlos Dante,Odeón,Tape,Armando Baliotti,Julio Jorge Nelson (Isaac Rosofsky),,Tape (1952-56),Alfredo De Angelis,Hugo Besnatti,"Carlos Cubría, Eduardo Talián, Guillermo Vilar, Alfredo Dafuncio, Jorge Musante","Wenceslao Cinosi, Ángel Vilar, Hamlet Cicero, Hipólito Caron"
Alfredo De Angelis,Orquesta Alfredo De Angelis,12/23/1952,Verdad Que No,Tango,Carlos Dante,Odeón,Tape,Juan Rodríguez,José Rótulo,,Tape (1952-56),Alfredo De Angelis,Hugo Besnatti,"Carlos Cubría, Eduardo Talián, Guillermo Vilar, Alfredo Dafuncio, Jorge Musante","Wenceslao Cinosi, Ángel Vilar, Hamlet Cicero, Hipólito Caron"
Alfredo De Angelis,Orquesta Alfredo De Angelis,4/14/1953,Quién Más Quién Menos,Tango,Carlos Dante,Odeón,Tape,Enrique Discépolo,Enrique Santos Discépolo,,Tape (1952-56),Alfredo De Angelis,Hugo Besnatti,"Carlos Cubría, Eduardo Talián, Guillermo Vilar, Alfredo Dafuncio, Jorge Musante","Wenceslao Cinosi, Ángel Vilar, Hamlet Cicero, Hipólito Caron"
Alfredo De Angelis,Orquesta Alfredo De Angelis,4/14/1953,Viejo Rincón,Tango,Oscar Larroca,Odeón,Tape,Raúl Hoyos,Roberto Lino Cayol,,Tape (1952-56),Alfredo De Angelis,Hugo Besnatti,"Carlos Cubría, Eduardo Talián, Guillermo Vilar, Alfredo Dafuncio, Jorge Musante","Wenceslao Cinosi, Ángel Vilar, Hamlet Cicero, Hipólito Caron"
Alfredo De Angelis,Orquesta Alfredo De Angelis,5/6/1953,Cómo Nos Cambia La Vida,Tango,Oscar Larroca,Odeón,Tape,Roberto Rufino,Marvil (Elizardo Martínez Vilas),,Tape (1952-56),Alfredo De Angelis,Hugo Besnatti,"Carlos Cubría, Eduardo Talián, Guillermo Vilar, Alfredo Dafuncio, Jorge Musante","Wenceslao Cinosi, Ángel Vilar, Hamlet Cicero, Hipólito Caron"
Alfredo De Angelis,Orquesta Alfredo De Angelis,5/6/1953,Lo Llevo En La Sangre,Tango,Carlos Dante,Odeón,Tape,Víctor Braña,Enrique Gaudino (Enrique Miguel Gaudino),,Tape (1952-56),Alfredo De Angelis,Hugo Besnatti,"Carlos Cubría, Eduardo Talián, Guillermo Vilar, Alfredo Dafuncio, Jorge Musante","Wenceslao Cinosi, Ángel Vilar, Hamlet Cicero, Hipólito Caron"
Alfredo De Angelis,Orquesta Alfredo De Angelis,6/11/1953,Bailarín Compadrito,Tango,Oscar Larroca,Odeón,Tape,Miguel Bucino,Miguel Eusebio Bucino,,Tape (1952-56),Alfredo De Angelis,Hugo Besnatti,"Carlos Cubría, Eduardo Talián, Guillermo Vilar, Alfredo Dafuncio, Jorge Musante","Wenceslao Cinosi, Ángel Vilar, Hamlet Cicero, Hipólito Caron"
Alfredo De Angelis,Orquesta Alfredo De Angelis,6/11/1953,Milonguita (Esthercita),Tango,Carlos Dante,Odeón,Tape,Enrique Delfino,Samuel Linning,,Tape (1952-56),Alfredo De Angelis,Hugo Besnatti,"Carlos Cubría, Eduardo Talián, Guillermo Vilar, Alfredo Dafuncio, Jorge Musante","Wenceslao Cinosi, Ángel Vilar, Hamlet Cicero, Hipólito Caron"
Alfredo De Angelis,Orquesta Alfredo De Angelis,7/3/1953,La Loba,Tango,Instrumental,Odeón,Tape,Oscar Cianciarulo,,,Tape (1952-56),Alfredo De Angelis,Hugo Besnatti,"Carlos Cubría, Eduardo Talián, Guillermo Vilar, Alfredo Dafuncio, Jorge Musante","Wenceslao Cinosi, Ángel Vilar, Hamlet Cicero, Hipólito Caron"
Alfredo De Angelis,Orquesta Alfredo De Angelis,7/3/1953,Mañanita Linda,Tango,Carlos Dante y Oscar Larroca,Odeón,Tape,Alfredo Angelis,José Rótulo,,Tape (1952-56),Alfredo De Angelis,Hugo Besnatti,"Carlos Cubría, Eduardo Talián, Guillermo Vilar, Alfredo Dafuncio, Jorge Musante","Wenceslao Cinosi, Ángel Vilar, Hamlet Cicero, Hipólito Caron"
Alfredo De Angelis,Orquesta Alfredo De Angelis,8/26/1953,Seleccion De Tangos,Tango,Carlos Dante y Oscar Larroca,Odeón,Tape,Various,Various,,Tape (1952-56),Alfredo De Angelis,Hugo Besnatti,"Carlos Cubría, Eduardo Talián, Guillermo Vilar, Alfredo Dafuncio, Jorge Musante","Wenceslao Cinosi, Ángel Vilar, Hamlet Cicero, Hipólito Caron"
Alfredo De Angelis,Orquesta Alfredo De Angelis,8/26/1953,Seleccion de valses,Vals,Carlos Dante y Oscar Larroca,Odeón,Tape,Various,Various,,Tape (1952-56),Alfredo De Angelis,Hugo Besnatti,"Carlos Cubría, Eduardo Talián, Guillermo Vilar, Alfredo Dafuncio, Jorge Musante","Wenceslao Cinosi, Ángel Vilar, Hamlet Cicero, Hipólito Caron"
Alfredo De Angelis,Orquesta Alfredo De Angelis,10/6/1953,Noche Callada,Tango,Carlos Dante y Oscar Larroca,Odeón,Tape,Julio Caro; Cristino Tapia,Eduardo Beccar,,Tape (1952-56),Alfredo De Angelis,Hugo Besnatti,"Carlos Cubría, Eduardo Talián, Guillermo Vilar, Alfredo Dafuncio, Jorge Musante","Wenceslao Cinosi, Ángel Vilar, Hamlet Cicero, Hipólito Caron"
Alfredo De Angelis,Orquesta Alfredo De Angelis,10/6/1953,Prohibido,Tango,Oscar Larroca,Odeón,Tape,Manuel Sucher,Carlos Bahr,,Tape (1952-56),Alfredo De Angelis,Hugo Besnatti,"Carlos Cubría, Eduardo Talián, Guillermo Vilar, Alfredo Dafuncio, Jorge Musante","Wenceslao Cinosi, Ángel Vilar, Hamlet Cicero, Hipólito Caron"
Alfredo De Angelis,Orquesta Alfredo De Angelis,11/5/1953,La Novena,Tango,Carlos Dante,Odeón,Tape,Miguel Bonano,Alfredo Bigeschi,,Tape (1952-56),Alfredo De Angelis,Hugo Besnatti,"Carlos Cubría, Eduardo Talián, Guillermo Vilar, Alfredo Dafuncio, Jorge Musante","Wenceslao Cinosi, Ángel Vilar, Hamlet Cicero, Hipólito Caron"
Alfredo De Angelis,Orquesta Alfredo De Angelis,11/5/1953,Marcao,Tango,Oscar Larroca,Odeón,Tape,Vicente Demarco,Alfredo Faustino Roldán,,Tape (1952-56),Alfredo De Angelis,Hugo Besnatti,"Carlos Cubría, Eduardo Talián, Guillermo Vilar, Alfredo Dafuncio, Jorge Musante","Wenceslao Cinosi, Ángel Vilar, Hamlet Cicero, Hipólito Caron"
Alfredo De Angelis,Orquesta Alfredo De Angelis,12/4/1953,Seleccion De Tangos (II),Tango,Carlos Dante y Oscar Larroca,Odeón,Tape,Various,Various,,Tape (1952-56),Alfredo De Angelis,Hugo Besnatti,"Carlos Cubría, Eduardo Talián, Guillermo Vilar, Alfredo Dafuncio, Jorge Musante","Wenceslao Cinosi, Ángel Vilar, Hamlet Cicero, Hipólito Caron"
Alfredo De Angelis,Orquesta Alfredo De Angelis,12/7/1953,Visión,Tango,Oscar Larroca,Odeón,Tape,Jaime Hoyos,Nolo López (Manuel López),,Tape (1952-56),Alfredo De Angelis,Hugo Besnatti,"Carlos Cubría, Eduardo Talián, Guillermo Vilar, Alfredo Dafuncio, Jorge Musante","Wenceslao Cinosi, Ángel Vilar, Hamlet Cicero, Hipólito Caron"
Alfredo De Angelis,Orquesta Alfredo De Angelis,12/7/1953,Volvamos A Empezar,Tango,Oscar Larroca,Odeón,Tape,Daniel Álvarez,Eduardo Pablo Maradei,,Tape (1952-56),Alfredo De Angelis,Hugo Besnatti,"Carlos Cubría, Eduardo Talián, Guillermo Vilar, Alfredo Dafuncio, Jorge Musante","Wenceslao Cinosi, Ángel Vilar, Hamlet Cicero, Hipólito Caron"
Alfredo De Angelis,Orquesta Alfredo De Angelis,12/18/1953,Por Eso Te Quiero,Tango,Carlos Dante,Odeón,Tape,Carlos Dante,Reinaldo Yiso,,Tape (1952-56),Alfredo De Angelis,Hugo Besnatti,"Carlos Cubría, Eduardo Talián, Guillermo Vilar, Alfredo Dafuncio, Jorge Musante","Wenceslao Cinosi, Ángel Vilar, Hamlet Cicero, Hipólito Caron"
Alfredo De Angelis,Orquesta Alfredo De Angelis,12/18/1953,Que nadie sepa mi sufrir,Vals,Carlos Dante,Odeón,Tape,Ángel Cabral,Enrique Dizeo,,Tape (1952-56),Alfredo De Angelis,Hugo Besnatti,"Carlos Cubría, Eduardo Talián, Guillermo Vilar, Alfredo Dafuncio, Jorge Musante","Wenceslao Cinosi, Ángel Vilar, Hamlet Cicero, Hipólito Caron"
Alfredo De Angelis,Orquesta Alfredo De Angelis,3/15/1954,Amor De Cielo,Tango,Carlos Dante,Odeón,Tape,Hipólito Caron,Hipólito Oneca (Hipólito Vicente Benedetto Oneca),,Tape (1952-56),Alfredo De Angelis,Hugo Besnatti,"Carlos Cubría, Eduardo Talián, Guillermo Vilar, Alfredo Dafuncio, Jorge Musante","Wenceslao Cinosi, Ángel Vilar, Hamlet Cicero, Hipólito Caron"
Alfredo De Angelis,Orquesta Alfredo De Angelis,3/15/1954,Cuando Te Fuiste,Tango,Oscar Larroca,Odeón,Tape,Benjamín García,Paul Géraldy (Paul Georges Lefèvre Geraldy) (SACEM),,Tape (1952-56),Alfredo De Angelis,Hugo Besnatti,"Carlos Cubría, Eduardo Talián, Guillermo Vilar, Alfredo Dafuncio, Jorge Musante","Wenceslao Cinosi, Ángel Vilar, Hamlet Cicero, Hipólito Caron"
Alfredo De Angelis,Orquesta Alfredo De Angelis,4/21/1954,Soy Una Fiera,Milonga,Oscar Larroca,Odeón,Tape,Francisco Martino,Francisco Isidro Martino,,Tape (1952-56),Alfredo De Angelis,Hugo Besnatti,"Carlos Cubría, Eduardo Talián, Guillermo Vilar, Alfredo Dafuncio, Jorge Musante","Wenceslao Cinosi, Ángel Vilar, Hamlet Cicero, Hipólito Caron"
Alfredo De Angelis,Orquesta Alfredo De Angelis,4/21/1954,Un Kilo De Tango,Tango,Carlos Dante,Odeón,Tape,Susana Orlandini,Aguamansa (Susana Lydia Orlandini),,Tape (1952-56),Alfredo De Angelis,Hugo Besnatti,"Carlos Cubría, Eduardo Talián, Guillermo Vilar, Alfredo Dafuncio, Jorge Musante","Wenceslao Cinosi, Ángel Vilar, Hamlet Cicero, Hipólito Caron"
Alfredo De Angelis,Orquesta Alfredo De Angelis,5/19/1954,Mi ambición,Vals,Carlos Dante y Oscar Larroca,Odeón,Tape,Cristino Tapia,Cristino Tapia,,Tape (1952-56),Alfredo De Angelis,Hugo Besnatti,"Carlos Cubría, Eduardo Talián, Guillermo Vilar, Alfredo Dafuncio, Jorge Musante","Wenceslao Cinosi, Ángel Vilar, Hamlet Cicero, Hipólito Caron"
Alfredo De Angelis,Orquesta Alfredo De Angelis,5/19/1954,Qué Lento Corre El Tren,Tango,Carlos Dante,Odeón,Tape,Alfredo Angelis,Carmelo Volpe,,Tape (1952-56),Alfredo De Angelis,Hugo Besnatti,"Carlos Cubría, Eduardo Talián, Guillermo Vilar, Alfredo Dafuncio, Jorge Musante","Wenceslao Cinosi, Ángel Vilar, Hamlet Cicero, Hipólito Caron"
Alfredo De Angelis,Orquesta Alfredo De Angelis,6/23/1954,Mía,Tango,Carlos Dante,Odeón,Tape,Antonio Arona; Elvino Vardaro,Celedonio Esteban Flores,,Tape (1952-56),Alfredo De Angelis,Hugo Besnatti,"Carlos Cubría, Eduardo Talián, Guillermo Vilar, Alfredo Dafuncio, Jorge Musante","Wenceslao Cinosi, Ángel Vilar, Hamlet Cicero, Hipólito Caron"
Alfredo De Angelis,Orquesta Alfredo De Angelis,6/23/1954,Oración Rante,Tango,Oscar Larroca,Odeón,Tape,Roberto Chanel,Aldo Queirolo,,Tape (1952-56),Alfredo De Angelis,Hugo Besnatti,"Carlos Cubría, Eduardo Talián, Guillermo Vilar, Alfredo Dafuncio, Jorge Musante","Wenceslao Cinosi, Ángel Vilar, Hamlet Cicero, Hipólito Caron"
Alfredo De Angelis,Orquesta Alfredo De Angelis,8/1/1954,Chau,Tango,Oscar Larroca,Odeón,Tape,Wenceslao Cinosi; Wellington Cinosi,Reinaldo Yiso (Reinaldo Ghiso),,Tape (1952-56),Alfredo De Angelis,Hugo Besnatti,"Carlos Cubría, Eduardo Talián, Guillermo Vilar, Alfredo Dafuncio, Jorge Musante","Wenceslao Cinosi, Ángel Vilar, Hamlet Cicero, Hipólito Caron"
Alfredo De Angelis,Orquesta Alfredo De Angelis,8/4/1954,Seleccion De Tangos Camperos,Tango,Carlos Dante y Oscar Larroca,Odeón,Tape,Various,Various,,Tape (1952-56),Alfredo De Angelis,Hugo Besnatti,"Carlos Cubría, Eduardo Talián, Guillermo Vilar, Alfredo Dafuncio, Jorge Musante","Wenceslao Cinosi, Ángel Vilar, Hamlet Cicero, Hipólito Caron"
Alfredo De Angelis,Orquesta Alfredo De Angelis,9/3/1954,Guardia Vieja,Tango,Instrumental,Odeón,Tape,Julio Caro,José Pedro de Grandis,,Tape (1952-56),Alfredo De Angelis,Hugo Besnatti,"Carlos Cubría, Eduardo Talián, Guillermo Vilar, Alfredo Dafuncio, Jorge Musante","Wenceslao Cinosi, Ángel Vilar, Hamlet Cicero, Hipólito Caron"
Alfredo De Angelis,Orquesta Alfredo De Angelis,9/3/1954,Malambo,Tango,Carlos Dante y Oscar Larroca,Odeón,Tape,Alfredo Angelis,José Rótulo,,Tape (1952-56),Alfredo De Angelis,Hugo Besnatti,"Carlos Cubría, Eduardo Talián, Guillermo Vilar, Alfredo Dafuncio, Jorge Musante","Wenceslao Cinosi, Ángel Vilar, Hamlet Cicero, Hipólito Caron"
Alfredo De Angelis,Orquesta Alfredo De Angelis,9/7/1954,El Escondite De Hernando (Hernando'S Hideaway),Tango,Instrumental,Odeón,Tape,Richard Adler; Jerry Ross,,,Tape (1952-56),Alfredo De Angelis,Hugo Besnatti,"Carlos Cubría, Eduardo Talián, Guillermo Vilar, Alfredo Dafuncio, Jorge Musante","Wenceslao Cinosi, Ángel Vilar, Hamlet Cicero, Hipólito Caron"
Alfredo De Angelis,Orquesta Alfredo De Angelis,9/7/1954,Mentira,Tango,Oscar Larroca,Odeón,Tape,Francisco Pracánico,Celedonio Esteban Flores,,Tape (1952-56),Alfredo De Angelis,Hugo Besnatti,"Carlos Cubría, Eduardo Talián, Guillermo Vilar, Alfredo Dafuncio, Jorge Musante","Wenceslao Cinosi, Ángel Vilar, Hamlet Cicero, Hipólito Caron"
Alfredo De Angelis,Orquesta Alfredo De Angelis,10/15/1954,En tus brazos,Tango,Oscar Larroca,Odeón,Tape,Carlos Zárate,Marvil (Elizardo Martínez Vilas),,Tape (1952-56),Alfredo De Angelis,Hugo Besnatti,"Carlos Cubría, Eduardo Talián, Guillermo Vilar, Alfredo Dafuncio, Jorge Musante","Wenceslao Cinosi, Ángel Vilar, Hamlet Cicero, Hipólito Caron"
Alfredo De Angelis,Orquesta Alfredo De Angelis,10/15/1954,Felisa Tolosa,Vals,Carlos Dante,Odeón,Tape,Raúl Hoyos,Ivo Pelay; Luis César Amadori,,Tape (1952-56),Alfredo De Angelis,Hugo Besnatti,"Carlos Cubría, Eduardo Talián, Guillermo Vilar, Alfredo Dafuncio, Jorge Musante","Wenceslao Cinosi, Ángel Vilar, Hamlet Cicero, Hipólito Caron"
Alfredo De Angelis,Orquesta Alfredo De Angelis,11/25/1954,A Tu Recuerdo,Tango,Carlos Dante,Odeón,Tape,Guillermo Vilar,Pedro Blasco,,Tape (1952-56),Alfredo De Angelis,Hugo Besnatti,"Carlos Cubría, Eduardo Talián, Guillermo Vilar, Alfredo Dafuncio, Jorge Musante","Wenceslao Cinosi, Ángel Vilar, Hamlet Cicero, Hipólito Caron"
Alfredo De Angelis,Orquesta Alfredo De Angelis,11/25/1954,Noche De Locura,Tango,Oscar Larroca,Odeón,Tape,Manuel Sucher,Carlos Bahr,,Tape (1952-56),Alfredo De Angelis,Hugo Besnatti,"Carlos Cubría, Eduardo Talián, Guillermo Vilar, Alfredo Dafuncio, Jorge Musante","Wenceslao Cinosi, Ángel Vilar, Hamlet Cicero, Hipólito Caron"
Alfredo De Angelis,Orquesta Alfredo De Angelis,12/1/1954,Nobleza De Arrabal,Tango,Carlos Dante,Odeón,Tape,Francisco Canaro,Arauco (Homero Manzi),,Tape (1952-56),Alfredo De Angelis,Hugo Besnatti,"Carlos Cubría, Eduardo Talián, Guillermo Vilar, Alfredo Dafuncio, Jorge Musante","Wenceslao Cinosi, Ángel Vilar, Hamlet Cicero, Hipólito Caron"
Alfredo De Angelis,Orquesta Alfredo De Angelis,12/1/1954,Una Señora Milonga,Milonga,Carlos Dante y Oscar Larroca,Odeón,Tape,Enrique Delfino,Juan V. Clauso (Venancio Juan Pedro Clauso),,Tape (1952-56),Alfredo De Angelis,Hugo Besnatti,"Carlos Cubría, Eduardo Talián, Guillermo Vilar, Alfredo Dafuncio, Jorge Musante","Wenceslao Cinosi, Ángel Vilar, Hamlet Cicero, Hipólito Caron"
Alfredo De Angelis,Orquesta Alfredo De Angelis,12/28/1954,Olga,Vals,Instrumental,Odeón,Tape,Francisco Peña,,,Tape (1952-56),Alfredo De Angelis,Hugo Besnatti,"Carlos Cubría, Eduardo Talián, Guillermo Vilar, Alfredo Dafuncio, Jorge Musante","Wenceslao Cinosi, Ángel Vilar, Hamlet Cicero, Hipólito Caron"
Alfredo De Angelis,Orquesta Alfredo De Angelis,12/28/1954,Remembranza (Remembranzas),Tango,Carlos Dante,Odeón,Tape,Mario Melfi,Mario Battistella,,Tape (1952-56),Alfredo De Angelis,Hugo Besnatti,"Carlos Cubría, Eduardo Talián, Guillermo Vilar, Alfredo Dafuncio, Jorge Musante","Wenceslao Cinosi, Ángel Vilar, Hamlet Cicero, Hipólito Caron"
Alfredo De Angelis,Orquesta Alfredo De Angelis,3/1/1955,Igual Que Dios,Tango,Oscar Larroca,Odeón,Tape,Antonio Rodio,José Rótulo,,Tape (1952-56),Alfredo De Angelis,Hugo Besnatti,"Carlos Cubría, Eduardo Talián, Guillermo Vilar, Alfredo Dafuncio, Jorge Musante","Wenceslao Cinosi, Ángel Vilar, Hamlet Cicero, Hipólito Caron"
Alfredo De Angelis,Orquesta Alfredo De Angelis,3/1/1955,Tu Corazón,Tango,Carlos Dante,Odeón,Tape,Donato Racciatti,Enrique Soriano (Enrique Aníbal Soriano Nóbile),,Tape (1952-56),Alfredo De Angelis,Hugo Besnatti,"Carlos Cubría, Eduardo Talián, Guillermo Vilar, Alfredo Dafuncio, Jorge Musante","Wenceslao Cinosi, Ángel Vilar, Hamlet Cicero, Hipólito Caron"
Alfredo De Angelis,Orquesta Alfredo De Angelis,4/24/1955,Triste Destino,Tango,Oscar Larroca,Odeón,Tape,Agustín Magaldi,Antonio Esteban Tello,,Tape (1952-56),Alfredo De Angelis,Hugo Besnatti,"Carlos Cubría, Eduardo Talián, Guillermo Vilar, Alfredo Dafuncio, Jorge Musante","Wenceslao Cinosi, Ángel Vilar, Hamlet Cicero, Hipólito Caron"
Alfredo De Angelis,Orquesta Alfredo De Angelis,4/26/1955,Caído Del Cielo,Tango,Instrumental,Odeón,Tape,Antonio Polito; Pedro Polito,Antonio Polito (A Timarni),,Tape (1952-56),Alfredo De Angelis,Hugo Besnatti,"Carlos Cubría, Eduardo Talián, Guillermo Vilar, Alfredo Dafuncio, Jorge Musante","Wenceslao Cinosi, Ángel Vilar, Hamlet Cicero, Hipólito Caron"
Alfredo De Angelis,Orquesta Alfredo De Angelis,4/26/1955,El Huérfano,Tango,Carlos Dante,Odeón,Tape,Anselmo Aieta,Francisco García Jiménez,,Tape (1952-56),Alfredo De Angelis,Hugo Besnatti,"Carlos Cubría, Eduardo Talián, Guillermo Vilar, Alfredo Dafuncio, Jorge Musante","Wenceslao Cinosi, Ángel Vilar, Hamlet Cicero, Hipólito Caron"
Alfredo De Angelis,Orquesta Alfredo De Angelis,4/26/1955,"Pare Aquí, Chofer!",Tango,Oscar Larroca,Odeón,Tape,Alfonso Casini,Alarcón (Alfonso Casini),,Tape (1952-56),Alfredo De Angelis,Hugo Besnatti,"Carlos Cubría, Eduardo Talián, Guillermo Vilar, Alfredo Dafuncio, Jorge Musante","Wenceslao Cinosi, Ángel Vilar, Hamlet Cicero, Hipólito Caron"
Alfredo De Angelis,Orquesta Alfredo De Angelis,4/26/1955,Virgen De Guadalupe,Tango,Carlos Dante y Oscar Larroca,Odeón,Tape,Francisco Pracánico,Luis Rubistein,,Tape (1952-56),Alfredo De Angelis,Hugo Besnatti,"Carlos Cubría, Eduardo Talián, Guillermo Vilar, Alfredo Dafuncio, Jorge Musante","Wenceslao Cinosi, Ángel Vilar, Hamlet Cicero, Hipólito Caron"
Alfredo De Angelis,Orquesta Alfredo De Angelis,5/24/1955,Tenía Que Suceder,Tango,Carlos Dante,Odeón,Tape,Arturo Gallucci,Julio Camilloni,,Tape (1952-56),Alfredo De Angelis,Hugo Besnatti,"Carlos Cubría, Eduardo Talián, Guillermo Vilar, Alfredo Dafuncio, Jorge Musante","Wenceslao Cinosi, Ángel Vilar, Hamlet Cicero, Hipólito Caron"
Alfredo De Angelis,Orquesta Alfredo De Angelis,6/23/1955,Caminito,Tango,,Odeón,Tape,Juan Filiberto,Gabino Coria Peñaloza,,Tape (1952-56),Alfredo De Angelis,Hugo Besnatti,"Carlos Cubría, Eduardo Talián, Guillermo Vilar, Alfredo Dafuncio, Jorge Musante","Wenceslao Cinosi, Ángel Vilar, Hamlet Cicero, Hipólito Caron"
Alfredo De Angelis,Orquesta Alfredo De Angelis,6/23/1955,Lágrimas De Sangre,Tango,Oscar Larroca,Odeón,Tape,Roberto Giménez,Roberto Giménez,,Tape (1952-56),Alfredo De Angelis,Hugo Besnatti,"Carlos Cubría, Eduardo Talián, Guillermo Vilar, Alfredo Dafuncio, Jorge Musante","Wenceslao Cinosi, Ángel Vilar, Hamlet Cicero, Hipólito Caron"
Alfredo De Angelis,Orquesta Alfredo De Angelis,7/13/1955,Adiós Adiós,Vals,Carlos Dante y Oscar Larroca,Odeón,Tape,Alfredo Pelaia,Alfredo Ángel Pelaia,,Tape (1952-56),Alfredo De Angelis,Hugo Besnatti,"Carlos Cubría, Eduardo Talián, Guillermo Vilar, Alfredo Dafuncio, Jorge Musante","Wenceslao Cinosi, Ángel Vilar, Hamlet Cicero, Hipólito Caron"
Alfredo De Angelis,Orquesta Alfredo De Angelis,7/13/1955,Una Madre,Tango,Carlos Dante,Odeón,Tape,Mario Melfi,Enrique Cadícamo (Domingo Enrique Cadícamo),,Tape (1952-56),Alfredo De Angelis,Hugo Besnatti,"Carlos Cubría, Eduardo Talián, Guillermo Vilar, Alfredo Dafuncio, Jorge Musante","Wenceslao Cinosi, Ángel Vilar, Hamlet Cicero, Hipólito Caron"
Alfredo De Angelis,Orquesta Alfredo De Angelis,11/2/1955,A Mi Padre,Tango,Oscar Larroca,Odeón,Tape,Héctor Marcó,Héctor Marcó,,Tape (1952-56),Alfredo De Angelis,Hugo Besnatti,"Carlos Cubría, Eduardo Talián, Guillermo Vilar, Alfredo Dafuncio, Jorge Musante","Wenceslao Cinosi, Ángel Vilar, Hamlet Cicero, Hipólito Caron"
Alfredo De Angelis,Orquesta Alfredo De Angelis,10/4/1955,Mi Rebeldía,Tango,Carlos Dante,Odeón,Tape,Guillermo Vilar,Ángel Raúl Vilar; Pedro Blasco,,Tape (1952-56),Alfredo De Angelis,Hugo Besnatti,"Carlos Cubría, Eduardo Talián, Guillermo Vilar, Alfredo Dafuncio, Jorge Musante","Wenceslao Cinosi, Ángel Vilar, Hamlet Cicero, Hipólito Caron"
Alfredo De Angelis,Orquesta Alfredo De Angelis,10/4/1955,Sangre Maleva,Tango,Oscar Larroca,Odeón,Tape,Dante Tortonese,Juan Miguel Velich; Pedro Platas,,Tape (1952-56),Alfredo De Angelis,Hugo Besnatti,"Carlos Cubría, Eduardo Talián, Guillermo Vilar, Alfredo Dafuncio, Jorge Musante","Wenceslao Cinosi, Ángel Vilar, Hamlet Cicero, Hipólito Caron"
Alfredo De Angelis,Orquesta Alfredo De Angelis,10/4/1955,Tu Íntimo Secreto,Tango,Carlos Dante y Oscar Larroca,Odeón,Tape,Graciano Gómez,Héctor Marcó,,Tape (1952-56),Alfredo De Angelis,Hugo Besnatti,"Carlos Cubría, Eduardo Talián, Guillermo Vilar, Alfredo Dafuncio, Jorge Musante","Wenceslao Cinosi, Ángel Vilar, Hamlet Cicero, Hipólito Caron"
Alfredo De Angelis,Orquesta Alfredo De Angelis,11/2/1955,Juana Milonga Señores,Milonga,Carlos Dante y Oscar Larroca,Odeón,Tape,Hipólito Carón; Oscar Larroca,Hipólito Oneca (Hipólito Vicente Benedetto Oneca),,Tape (1952-56),Alfredo De Angelis,Hugo Besnatti,"Carlos Cubría, Eduardo Talián, Guillermo Vilar, Alfredo Dafuncio, Jorge Musante","Wenceslao Cinosi, Ángel Vilar, Hamlet Cicero, Hipólito Caron"
Alfredo De Angelis,Orquesta Alfredo De Angelis,12/13/1955,No Le Digas Que La Quiero,Tango,Carlos Dante,Odeón,Tape,Enrique Delfino,Alberto Vacarezza,,Tape (1952-56),Alfredo De Angelis,Hugo Besnatti,"Carlos Cubría, Eduardo Talián, Guillermo Vilar, Alfredo Dafuncio, Jorge Musante","Wenceslao Cinosi, Ángel Vilar, Hamlet Cicero, Hipólito Caron"
Alfredo De Angelis,Orquesta Alfredo De Angelis,12/13/1955,Pifia,Tango,Oscar Larroca,Odeón,Tape,Wenceslao Cinosi; Wellington Cinosi,Sara Rainer,,Tape (1952-56),Alfredo De Angelis,Hugo Besnatti,"Carlos Cubría, Eduardo Talián, Guillermo Vilar, Alfredo Dafuncio, Jorge Musante","Wenceslao Cinosi, Ángel Vilar, Hamlet Cicero, Hipólito Caron"
Alfredo De Angelis,Orquesta Alfredo De Angelis,12/28/1955,El Vazquito,Tango,,Odeón,Tape,Luis Bernstein,,,Tape (1952-56),Alfredo De Angelis,Hugo Besnatti,"Carlos Cubría, Eduardo Talián, Guillermo Vilar, Alfredo Dafuncio, Jorge Musante","Wenceslao Cinosi, Ángel Vilar, Hamlet Cicero, Hipólito Caron"
Alfredo De Angelis,Orquesta Alfredo De Angelis,12/28/1955,Leyenda Del Río,Tango,Carlos Dante y Oscar Larroca,Odeón,Tape,Miguel Nijensohn,Juan Pueblito (Noej Scolnik),,Tape (1952-56),Alfredo De Angelis,Hugo Besnatti,"Carlos Cubría, Eduardo Talián, Guillermo Vilar, Alfredo Dafuncio, Jorge Musante","Wenceslao Cinosi, Ángel Vilar, Hamlet Cicero, Hipólito Caron"
Alfredo De Angelis,Orquesta Alfredo De Angelis,4/3/1956,El Mimoso,Tango,,Odeón,Tape,Santiago Fernández,,,"Rodríguez 1st bando, Braña 1st violin (1956-61)",Alfredo De Angelis,Hugo Besnatti,"Juan Miguel Rodríguez, Carlos Cubría, Américo Pinelli, Guillermo Vilar, Alfredo Dafuncio","Víctor Braña, Wenceslao Cinosi, Hipólito Caron, Ángel Vilar"
Alfredo De Angelis,Orquesta Alfredo De Angelis,4/3/1956,Fumando Espero,Tango,Carlos Dante,Odeón,Tape,Juan Masanas,Félix Garzo (Antonio José Gaya Gardus),,"Rodríguez 1st bando, Braña 1st violin (1956-61)",Alfredo De Angelis,Hugo Besnatti,"Juan Miguel Rodríguez, Carlos Cubría, Américo Pinelli, Guillermo Vilar, Alfredo Dafuncio","Víctor Braña, Wenceslao Cinosi, Hipólito Caron, Ángel Vilar"
Alfredo De Angelis,Orquesta Alfredo De Angelis,4/3/1956,Temas De Carnaval,Tango,Carlos Dante y Oscar Larroca,Odeón,Tape,Various,Various,,"Rodríguez 1st bando, Braña 1st violin (1956-61)",Alfredo De Angelis,Hugo Besnatti,"Juan Miguel Rodríguez, Carlos Cubría, Américo Pinelli, Guillermo Vilar, Alfredo Dafuncio","Víctor Braña, Wenceslao Cinosi, Hipólito Caron, Ángel Vilar"
Alfredo De Angelis,Orquesta Alfredo De Angelis,4/30/1956,Canción De Inmigrante,Tango,Carlos Dante,Odeón,Tape,Ricardo Malerba,Enrique Cadícamo (Domingo Enrique Cadícamo),,"Rodríguez 1st bando, Braña 1st violin (1956-61)",Alfredo De Angelis,Hugo Besnatti,"Juan Miguel Rodríguez, Carlos Cubría, Américo Pinelli, Guillermo Vilar, Alfredo Dafuncio","Víctor Braña, Wenceslao Cinosi, Hipólito Caron, Ángel Vilar"
Alfredo De Angelis,Orquesta Alfredo De Angelis,4/30/1956,Cuando No Se Quiere Más,Tango,Oscar Larroca,Odeón,Tape,Roberto Rufino,Abel Aznar,,"Rodríguez 1st bando, Braña 1st violin (1956-61)",Alfredo De Angelis,Hugo Besnatti,"Juan Miguel Rodríguez, Carlos Cubría, Américo Pinelli, Guillermo Vilar, Alfredo Dafuncio","Víctor Braña, Wenceslao Cinosi, Hipólito Caron, Ángel Vilar"
Alfredo De Angelis,Orquesta Alfredo De Angelis,5/18/1956,Y Todavía Te Quiero,Tango,Oscar Larroca,Odeón,Tape,Luciano Leocata,Abel Mariano Aznar,,"Rodríguez 1st bando, Braña 1st violin (1956-61)",Alfredo De Angelis,Hugo Besnatti,"Juan Miguel Rodríguez, Carlos Cubría, Américo Pinelli, Guillermo Vilar, Alfredo Dafuncio","Víctor Braña, Wenceslao Cinosi, Hipólito Caron, Ángel Vilar"
Alfredo De Angelis,Orquesta Alfredo De Angelis,5/23/1956,Corazón Encadenado,Tango,Oscar Larroca,Odeón,Tape,Francisco Canaro,Ivo Pelay,,"Rodríguez 1st bando, Braña 1st violin (1956-61)",Alfredo De Angelis,Hugo Besnatti,"Juan Miguel Rodríguez, Carlos Cubría, Américo Pinelli, Guillermo Vilar, Alfredo Dafuncio","Víctor Braña, Wenceslao Cinosi, Hipólito Caron, Ángel Vilar"
Alfredo De Angelis,Orquesta Alfredo De Angelis,5/23/1956,Perdóname Señor,Tango,Carlos Dante,Odeón,Tape,Francisco Pracánico,Verminio Servetto,,"Rodríguez 1st bando, Braña 1st violin (1956-61)",Alfredo De Angelis,Hugo Besnatti,"Juan Miguel Rodríguez, Carlos Cubría, Américo Pinelli, Guillermo Vilar, Alfredo Dafuncio","Víctor Braña, Wenceslao Cinosi, Hipólito Caron, Ángel Vilar"
Alfredo De Angelis,Orquesta Alfredo De Angelis,6/18/1956,Qué Risa,Tango,Carlos Dante,Odeón,Tape,Marsilio Robles,Marsilio Robles,,"Rodríguez 1st bando, Braña 1st violin (1956-61)",Alfredo De Angelis,Hugo Besnatti,"Juan Miguel Rodríguez, Carlos Cubría, Américo Pinelli, Guillermo Vilar, Alfredo Dafuncio","Víctor Braña, Wenceslao Cinosi, Hipólito Caron, Ángel Vilar"
Alfredo De Angelis,Orquesta Alfredo De Angelis,7/20/1956,La Clueca,Tango,,Odeón,Tape,Alfredo Angelis,Domingo Eduardo Sciaraffia,,"Rodríguez 1st bando, Braña 1st violin (1956-61)",Alfredo De Angelis,Hugo Besnatti,"Juan Miguel Rodríguez, Carlos Cubría, Américo Pinelli, Guillermo Vilar, Alfredo Dafuncio","Víctor Braña, Wenceslao Cinosi, Hipólito Caron, Ángel Vilar"
Alfredo De Angelis,Orquesta Alfredo De Angelis,7/20/1956,Sabe Don,Tango,Oscar Larroca,Odeón,Tape,Toto Rodríguez,Ricardo Thompson (Justo Ricardo Thompson),,"Rodríguez 1st bando, Braña 1st violin (1956-61)",Alfredo De Angelis,Hugo Besnatti,"Juan Miguel Rodríguez, Carlos Cubría, Américo Pinelli, Guillermo Vilar, Alfredo Dafuncio","Víctor Braña, Wenceslao Cinosi, Hipólito Caron, Ángel Vilar"
Alfredo De Angelis,Orquesta Alfredo De Angelis,8/8/1956,Farolas De Cielo,Tango,Carlos Dante,Odeón,Tape,Alfredo De Ángelis,Maritza De Castro (María Julia Criscuoli Migone),,"Rodríguez 1st bando, Braña 1st violin (1956-61)",Alfredo De Angelis,Hugo Besnatti,"Juan Miguel Rodríguez, Carlos Cubría, Américo Pinelli, Guillermo Vilar, Alfredo Dafuncio","Víctor Braña, Wenceslao Cinosi, Hipólito Caron, Ángel Vilar"
Alfredo De Angelis,Orquesta Alfredo De Angelis,8/8/1956,Luz y Sombra,Vals,Carlos Dante y Oscar Larroca,Odeón,Tape,Alfredo Angelis,Gervasio López,,"Rodríguez 1st bando, Braña 1st violin (1956-61)",Alfredo De Angelis,Hugo Besnatti,"Juan Miguel Rodríguez, Carlos Cubría, Américo Pinelli, Guillermo Vilar, Alfredo Dafuncio","Víctor Braña, Wenceslao Cinosi, Hipólito Caron, Ángel Vilar"
Alfredo De Angelis,Orquesta Alfredo De Angelis,8/16/1956,A Media Luz,Tango,,Odeón,Tape,Edgardo Donato,Carlos César Lenzi,,"Rodríguez 1st bando, Braña 1st violin (1956-61)",Alfredo De Angelis,Hugo Besnatti,"Juan Miguel Rodríguez, Carlos Cubría, Américo Pinelli, Guillermo Vilar, Alfredo Dafuncio","Víctor Braña, Wenceslao Cinosi, Hipólito Caron, Ángel Vilar"
Alfredo De Angelis,Orquesta Alfredo De Angelis,8/16/1956,Mi Promesa,Tango,Carlos Dante y Oscar Larroca,Odeón,Tape,Alfredo Angelis,José Rótulo,,"Rodríguez 1st bando, Braña 1st violin (1956-61)",Alfredo De Angelis,Hugo Besnatti,"Juan Miguel Rodríguez, Carlos Cubría, Américo Pinelli, Guillermo Vilar, Alfredo Dafuncio","Víctor Braña, Wenceslao Cinosi, Hipólito Caron, Ángel Vilar"
Alfredo De Angelis,Orquesta Alfredo De Angelis,10/29/1956,Café Para Dos,Tango,Oscar Larroca,Odeón,Tape,Francisco Canaro,Francisco Canaro,,"Rodríguez 1st bando, Braña 1st violin (1956-61)",Alfredo De Angelis,Hugo Besnatti,"Juan Miguel Rodríguez, Carlos Cubría, Américo Pinelli, Guillermo Vilar, Alfredo Dafuncio","Víctor Braña, Wenceslao Cinosi, Hipólito Caron, Ángel Vilar"
Alfredo De Angelis,Orquesta Alfredo De Angelis,10/29/1956,El Retrato De Los Viejos,Tango,Oscar Larroca,Odeón,Tape,Carlos Dante,Justo José Otero,,"Rodríguez 1st bando, Braña 1st violin (1956-61)",Alfredo De Angelis,Hugo Besnatti,"Juan Miguel Rodríguez, Carlos Cubría, Américo Pinelli, Guillermo Vilar, Alfredo Dafuncio","Víctor Braña, Wenceslao Cinosi, Hipólito Caron, Ángel Vilar"
Alfredo De Angelis,Orquesta Alfredo De Angelis,11/9/1956,Adiós Querida (2),Tango,Carlos Dante y Oscar Larroca,Odeón,Tape,Eduardo Patané,Floriano Faissal; Oscar Rubens (Oscar Rubistein) (spanish),,"Rodríguez 1st bando, Braña 1st violin (1956-61)",Alfredo De Angelis,Hugo Besnatti,"Juan Miguel Rodríguez, Carlos Cubría, Américo Pinelli, Guillermo Vilar, Alfredo Dafuncio","Víctor Braña, Wenceslao Cinosi, Hipólito Caron, Ángel Vilar"
Alfredo De Angelis,Orquesta Alfredo De Angelis,11/9/1956,Es Mejor,Tango,Carlos Dante,Odeón,Tape,Miguel Caló; Oscar Rubens,Miguel Caló; Oscar Rubens,,"Rodríguez 1st bando, Braña 1st violin (1956-61)",Alfredo De Angelis,Hugo Besnatti,"Juan Miguel Rodríguez, Carlos Cubría, Américo Pinelli, Guillermo Vilar, Alfredo Dafuncio","Víctor Braña, Wenceslao Cinosi, Hipólito Caron, Ángel Vilar"
Alfredo De Angelis,Orquesta Alfredo De Angelis,12/11/1956,Corralera,Milonga,,Odeón,Tape,Anselmo Aieta,,,"Rodríguez 1st bando, Braña 1st violin (1956-61)",Alfredo De Angelis,Hugo Besnatti,"Juan Miguel Rodríguez, Carlos Cubría, Américo Pinelli, Guillermo Vilar, Alfredo Dafuncio","Víctor Braña, Wenceslao Cinosi, Hipólito Caron, Ángel Vilar"
Alfredo De Angelis,Orquesta Alfredo De Angelis,12/11/1956,Muriéndome De Amor,Tango,Oscar Larroca,Odeón,Tape,Manuel Sucher,Carlos Bahr,,"Rodríguez 1st bando, Braña 1st violin (1956-61)",Alfredo De Angelis,Hugo Besnatti,"Juan Miguel Rodríguez, Carlos Cubría, Américo Pinelli, Guillermo Vilar, Alfredo Dafuncio","Víctor Braña, Wenceslao Cinosi, Hipólito Caron, Ángel Vilar"
Alfredo De Angelis,Orquesta Alfredo De Angelis,12/11/1956,Si No Me Engaña El Corazón,Tango,Carlos Dante,Odeón,Tape,Mauricio Miserizky,Carlos Bahr (Carlos Andrés Bahr),,"Rodríguez 1st bando, Braña 1st violin (1956-61)",Alfredo De Angelis,Hugo Besnatti,"Juan Miguel Rodríguez, Carlos Cubría, Américo Pinelli, Guillermo Vilar, Alfredo Dafuncio","Víctor Braña, Wenceslao Cinosi, Hipólito Caron, Ángel Vilar"
Alfredo De Angelis,Orquesta Alfredo De Angelis,12/11/1956,Soñemos,Tango,Oscar Larroca,Odeón,Tape,Roberto Caló; Roberto Rufino; Reinaldo Yiso,Roberto Caló; Roberto Rufino; Reinaldo Yiso,,"Rodríguez 1st bando, Braña 1st violin (1956-61)",Alfredo De Angelis,Hugo Besnatti,"Juan Miguel Rodríguez, Carlos Cubría, Américo Pinelli, Guillermo Vilar, Alfredo Dafuncio","Víctor Braña, Wenceslao Cinosi, Hipólito Caron, Ángel Vilar"
Alfredo De Angelis,Orquesta Alfredo De Angelis,12/11/1956,Tirame Una Serpentina,Tango,Carlos Dante,Odeón,Tape,Anselmo Aieta,Juan Faustino Sarcione,,"Rodríguez 1st bando, Braña 1st violin (1956-61)",Alfredo De Angelis,Hugo Besnatti,"Juan Miguel Rodríguez, Carlos Cubría, Américo Pinelli, Guillermo Vilar, Alfredo Dafuncio","Víctor Braña, Wenceslao Cinosi, Hipólito Caron, Ángel Vilar"
Alfredo De Angelis,Orquesta Alfredo De Angelis,4/29/1957,Arrabalero,Tango,Oscar Larroca,Odeón,Tape,Osvaldo Fresedo,Eduardo Calvo,,"Rodríguez 1st bando, Braña 1st violin (1956-61)",Alfredo De Angelis,Hugo Besnatti,"Juan Miguel Rodríguez, Carlos Cubría, Américo Pinelli, Guillermo Vilar, Alfredo Dafuncio","Víctor Braña, Wenceslao Cinosi, Hipólito Caron, Ángel Vilar"
Alfredo De Angelis,Orquesta Alfredo De Angelis,4/29/1957,Cielo De Sombra,Tango,Carlos Dante,Odeón,Tape,Antonio Sciacca,Carlos Canapale,,"Rodríguez 1st bando, Braña 1st violin (1956-61)",Alfredo De Angelis,Hugo Besnatti,"Juan Miguel Rodríguez, Carlos Cubría, Américo Pinelli, Guillermo Vilar, Alfredo Dafuncio","Víctor Braña, Wenceslao Cinosi, Hipólito Caron, Ángel Vilar"
Alfredo De Angelis,Orquesta Alfredo De Angelis,5/23/1957,El Tango Club,Tango,,Odeón,Tape,Alfredo Angelis; Armando Angeletti,,,"Rodríguez 1st bando, Braña 1st violin (1956-61)",Alfredo De Angelis,Hugo Besnatti,"Juan Miguel Rodríguez, Carlos Cubría, Américo Pinelli, Guillermo Vilar, Alfredo Dafuncio","Víctor Braña, Wenceslao Cinosi, Hipólito Caron, Ángel Vilar"
Alfredo De Angelis,Orquesta Alfredo De Angelis,5/23/1957,La Criolla,Milonga,Carlos Dante y Oscar Larroca,Odeón,Tape,Carlos Gardel; José Razzano,Carlos Gardel; José Razzano,,"Rodríguez 1st bando, Braña 1st violin (1956-61)",Alfredo De Angelis,Hugo Besnatti,"Juan Miguel Rodríguez, Carlos Cubría, Américo Pinelli, Guillermo Vilar, Alfredo Dafuncio","Víctor Braña, Wenceslao Cinosi, Hipólito Caron, Ángel Vilar"
Alfredo De Angelis,Orquesta Alfredo De Angelis,5/23/1957,Mi Dolor,Tango,,Odeón,Tape,Carlos Marcucci,Manuel Meaños,,"Rodríguez 1st bando, Braña 1st violin (1956-61)",Alfredo De Angelis,Hugo Besnatti,"Juan Miguel Rodríguez, Carlos Cubría, Américo Pinelli, Guillermo Vilar, Alfredo Dafuncio","Víctor Braña, Wenceslao Cinosi, Hipólito Caron, Ángel Vilar"
Alfredo De Angelis,Orquesta Alfredo De Angelis,5/23/1957,Selección Burrera,Tango,Carlos Dante y Oscar Larroca,Odeón,Tape,Various,Various,,"Rodríguez 1st bando, Braña 1st violin (1956-61)",Alfredo De Angelis,Hugo Besnatti,"Juan Miguel Rodríguez, Carlos Cubría, Américo Pinelli, Guillermo Vilar, Alfredo Dafuncio","Víctor Braña, Wenceslao Cinosi, Hipólito Caron, Ángel Vilar"
Alfredo De Angelis,Orquesta Alfredo De Angelis,8/9/1957,Los Largos Del Pibe,Tango,Oscar Larroca,Odeón,Tape,Samuel (Sampri; Roberto Rufino; Enrique Lary,Samuel Pribluda (Sampri); Roberto Rufino; Enrique Lary,,"Rodríguez 1st bando, Braña 1st violin (1956-61)",Alfredo De Angelis,Hugo Besnatti,"Juan Miguel Rodríguez, Carlos Cubría, Américo Pinelli, Guillermo Vilar, Alfredo Dafuncio","Víctor Braña, Wenceslao Cinosi, Hipólito Caron, Ángel Vilar"
Alfredo De Angelis,Orquesta Alfredo De Angelis,8/9/1957,Plata,Tango,Carlos Dante,Odeón,Tape,Roberto Morel,Aldo Queirolo,,"Rodríguez 1st bando, Braña 1st violin (1956-61)",Alfredo De Angelis,Hugo Besnatti,"Juan Miguel Rodríguez, Carlos Cubría, Américo Pinelli, Guillermo Vilar, Alfredo Dafuncio","Víctor Braña, Wenceslao Cinosi, Hipólito Caron, Ángel Vilar"
Alfredo De Angelis,Orquesta Alfredo De Angelis,9/5/1957,Cantando,Tango,Carlos Dante y Oscar Larroca,Odeón,Tape,Mercedes Simone,Mercedes Simone,,"Rodríguez 1st bando, Braña 1st violin (1956-61)",Alfredo De Angelis,Hugo Besnatti,"Juan Miguel Rodríguez, Carlos Cubría, Américo Pinelli, Guillermo Vilar, Alfredo Dafuncio","Víctor Braña, Wenceslao Cinosi, Hipólito Caron, Ángel Vilar"
Alfredo De Angelis,Orquesta Alfredo De Angelis,9/18/1957,Carillón De La Merced,Tango,Carlos Dante,Odeón,Tape,Enrique Discépolo,Enrique Santos Discépolo; Alfredo Le Pera,,"Rodríguez 1st bando, Braña 1st violin (1956-61)",Alfredo De Angelis,Hugo Besnatti,"Juan Miguel Rodríguez, Carlos Cubría, Américo Pinelli, Guillermo Vilar, Alfredo Dafuncio","Víctor Braña, Wenceslao Cinosi, Hipólito Caron, Ángel Vilar"
Alfredo De Angelis,Orquesta Alfredo De Angelis,9/5/1957,Incomparable,Vals,Carlos Dante,Odeón,Tape,Ángel Amato,Manuel Barros,,"Rodríguez 1st bando, Braña 1st violin (1956-61)",Alfredo De Angelis,Hugo Besnatti,"Juan Miguel Rodríguez, Carlos Cubría, Américo Pinelli, Guillermo Vilar, Alfredo Dafuncio","Víctor Braña, Wenceslao Cinosi, Hipólito Caron, Ángel Vilar"
Alfredo De Angelis,Orquesta Alfredo De Angelis,12/29/1957,La Flor Del Palmar,Tango,Carlos Dante y Oscar Larroca,Odeón,Tape,Alba Picas,Jesús Fernández Blanco,,"Rodríguez 1st bando, Braña 1st violin (1956-61)",Alfredo De Angelis,Hugo Besnatti,"Juan Miguel Rodríguez, Carlos Cubría, Américo Pinelli, Guillermo Vilar, Alfredo Dafuncio","Víctor Braña, Wenceslao Cinosi, Hipólito Caron, Ángel Vilar"
Alfredo De Angelis,Orquesta Alfredo De Angelis,9/18/1957,Se Te Nota En Los Ojos,Tango,Oscar Larroca,Odeón,Tape,Félix Lipesker,Félix Villa (Félix Lipesker),,"Rodríguez 1st bando, Braña 1st violin (1956-61)",Alfredo De Angelis,Hugo Besnatti,"Juan Miguel Rodríguez, Carlos Cubría, Américo Pinelli, Guillermo Vilar, Alfredo Dafuncio","Víctor Braña, Wenceslao Cinosi, Hipólito Caron, Ángel Vilar"
Alfredo De Angelis,Orquesta Alfredo De Angelis,12/16/1957,Te Quiero,Tango,Oscar Larroca,Odeón,Tape,Francisco Canaro,Francisco Canaro,,"Rodríguez 1st bando, Braña 1st violin (1956-61)",Alfredo De Angelis,Hugo Besnatti,"Juan Miguel Rodríguez, Carlos Cubría, Américo Pinelli, Guillermo Vilar, Alfredo Dafuncio","Víctor Braña, Wenceslao Cinosi, Hipólito Caron, Ángel Vilar"
Alfredo De Angelis,Orquesta Alfredo De Angelis,4/7/1958,Aguantate Casimiro,Tango,Oscar Larroca,Odeón,Tape,Alberto Mastra,Alberto Mastra,,"Rodríguez 1st bando, Braña 1st violin (1956-61)",Alfredo De Angelis,Hugo Besnatti,"Juan Miguel Rodríguez, Carlos Cubría, Américo Pinelli, Guillermo Vilar, Alfredo Dafuncio","Víctor Braña, Wenceslao Cinosi, Hipólito Caron, Ángel Vilar"
Alfredo De Angelis,Orquesta Alfredo De Angelis,4/7/1958,No Culpes Al Amor,Tango,Juan Carlos Godoy,Odeón,Tape,Roberto Pueblito,Roberto Caló y Juan Pueblito,,"Rodríguez 1st bando, Braña 1st violin (1956-61)",Alfredo De Angelis,Hugo Besnatti,"Juan Miguel Rodríguez, Carlos Cubría, Américo Pinelli, Guillermo Vilar, Alfredo Dafuncio","Víctor Braña, Wenceslao Cinosi, Hipólito Caron, Ángel Vilar"
Alfredo De Angelis,Orquesta Alfredo De Angelis,4/17/1958,La Última Copa,Tango,Juan Carlos Godoy,Odeón,Tape,Francisco Canaro,Juan Andrés Caruso,,"Rodríguez 1st bando, Braña 1st violin (1956-61)",Alfredo De Angelis,Hugo Besnatti,"Juan Miguel Rodríguez, Carlos Cubría, Américo Pinelli, Guillermo Vilar, Alfredo Dafuncio","Víctor Braña, Wenceslao Cinosi, Hipólito Caron, Ángel Vilar"
Alfredo De Angelis,Orquesta Alfredo De Angelis,4/17/1958,Yo No Sé Llorar,Tango,Juan Carlos Godoy y Oscar Larroca,Odeón,Tape,Joaquín Reyes,Celedonio Esteban Flores,,"Rodríguez 1st bando, Braña 1st violin (1956-61)",Alfredo De Angelis,Hugo Besnatti,"Juan Miguel Rodríguez, Carlos Cubría, Américo Pinelli, Guillermo Vilar, Alfredo Dafuncio","Víctor Braña, Wenceslao Cinosi, Hipólito Caron, Ángel Vilar"
Alfredo De Angelis,Orquesta Alfredo De Angelis,6/25/1958,Pavadita,Tango,,Odeón,Tape,Anselmo Aieta,,,"Rodríguez 1st bando, Braña 1st violin (1956-61)",Alfredo De Angelis,Hugo Besnatti,"Juan Miguel Rodríguez, Carlos Cubría, Américo Pinelli, Guillermo Vilar, Alfredo Dafuncio","Víctor Braña, Wenceslao Cinosi, Hipólito Caron, Ángel Vilar"
Alfredo De Angelis,Orquesta Alfredo De Angelis,6/25/1958,Yo Sé Que Te Adoro,Tango,Juan Carlos Godoy,Odeón,Tape,Juan Polito; Carlos Lázzari,Pedro Gregorio Galelli,,"Rodríguez 1st bando, Braña 1st violin (1956-61)",Alfredo De Angelis,Hugo Besnatti,"Juan Miguel Rodríguez, Carlos Cubría, Américo Pinelli, Guillermo Vilar, Alfredo Dafuncio","Víctor Braña, Wenceslao Cinosi, Hipólito Caron, Ángel Vilar"
Alfredo De Angelis,Orquesta Alfredo De Angelis,7/25/1958,Puede Ser Que No Te Rías,Tango,Roberto Florio,Odeón,Tape,León Lípesker; Gregorio Sánchez,Reinaldo Yiso (Reinaldo Ghiso),,"Rodríguez 1st bando, Braña 1st violin (1956-61)",Alfredo De Angelis,Hugo Besnatti,"Juan Miguel Rodríguez, Carlos Cubría, Américo Pinelli, Guillermo Vilar, Alfredo Dafuncio","Víctor Braña, Wenceslao Cinosi, Hipólito Caron, Ángel Vilar"
Alfredo De Angelis,Orquesta Alfredo De Angelis,7/25/1958,Qué Será Corazón,Tango,Roberto Florio,Odeón,Tape,Jorge Dragone,Edgardo Augusto Blanco,,"Rodríguez 1st bando, Braña 1st violin (1956-61)",Alfredo De Angelis,Hugo Besnatti,"Juan Miguel Rodríguez, Carlos Cubría, Américo Pinelli, Guillermo Vilar, Alfredo Dafuncio","Víctor Braña, Wenceslao Cinosi, Hipólito Caron, Ángel Vilar"
Alfredo De Angelis,Orquesta Alfredo De Angelis,8/21/1958,Cosas Olvidadas,Tango,Roberto Florio,Odeón,Tape,Antonio Rodio,José María Contursi,,"Rodríguez 1st bando, Braña 1st violin (1956-61)",Alfredo De Angelis,Hugo Besnatti,"Juan Miguel Rodríguez, Carlos Cubría, Américo Pinelli, Guillermo Vilar, Alfredo Dafuncio","Víctor Braña, Wenceslao Cinosi, Hipólito Caron, Ángel Vilar"
Alfredo De Angelis,Orquesta Alfredo De Angelis,8/21/1958,Quién Tiene Tu Amor,Tango,Juan Carlos Godoy,Odeón,Tape,Leopoldo Vélez,Leopoldo Díaz Vélez,,"Rodríguez 1st bando, Braña 1st violin (1956-61)",Alfredo De Angelis,Hugo Besnatti,"Juan Miguel Rodríguez, Carlos Cubría, Américo Pinelli, Guillermo Vilar, Alfredo Dafuncio","Víctor Braña, Wenceslao Cinosi, Hipólito Caron, Ángel Vilar"
Alfredo De Angelis,Orquesta Alfredo De Angelis,9/26/1958,Hermana (2),Vals,Juan Carlos Godoy,Odeón,Tape,Miguel Abrodos,Eugenio Majul,,"Rodríguez 1st bando, Braña 1st violin (1956-61)",Alfredo De Angelis,Hugo Besnatti,"Juan Miguel Rodríguez, Carlos Cubría, Américo Pinelli, Guillermo Vilar, Alfredo Dafuncio","Víctor Braña, Wenceslao Cinosi, Hipólito Caron, Ángel Vilar"
Alfredo De Angelis,Orquesta Alfredo De Angelis,9/26/1958,Qué Ironía ,Tango,Roberto Florio,Odeón,Tape,Raúl Sánchez,Manuel Barros,,"Rodríguez 1st bando, Braña 1st violin (1956-61)",Alfredo De Angelis,Hugo Besnatti,"Juan Miguel Rodríguez, Carlos Cubría, Américo Pinelli, Guillermo Vilar, Alfredo Dafuncio","Víctor Braña, Wenceslao Cinosi, Hipólito Caron, Ángel Vilar"
Alfredo De Angelis,Orquesta Alfredo De Angelis,10/15/1958,En Tus Brazos,Tango,Oscar Larroca,Odeón,Tape,Marvil Zárate,Marvil,,"Rodríguez 1st bando, Braña 1st violin (1956-61)",Alfredo De Angelis,Hugo Besnatti,"Juan Miguel Rodríguez, Carlos Cubría, Américo Pinelli, Guillermo Vilar, Alfredo Dafuncio","Víctor Braña, Wenceslao Cinosi, Hipólito Caron, Ángel Vilar"
Alfredo De Angelis,Orquesta Alfredo De Angelis,11/5/1958,Bajo El Cono Azul,Tango,Roberto Florio,Odeón,Tape,Alfredo Angelis,Carmelo Volpe,,"Rodríguez 1st bando, Braña 1st violin (1956-61)",Alfredo De Angelis,Hugo Besnatti,"Juan Miguel Rodríguez, Carlos Cubría, Américo Pinelli, Guillermo Vilar, Alfredo Dafuncio","Víctor Braña, Wenceslao Cinosi, Hipólito Caron, Ángel Vilar"
Alfredo De Angelis,Orquesta Alfredo De Angelis,11/5/1958,Nadie Quiso Más,Tango,Juan Carlos Godoy,Odeón,Tape,Alfredo Angelis,José Rótulo,,"Rodríguez 1st bando, Braña 1st violin (1956-61)",Alfredo De Angelis,Hugo Besnatti,"Juan Miguel Rodríguez, Carlos Cubría, Américo Pinelli, Guillermo Vilar, Alfredo Dafuncio","Víctor Braña, Wenceslao Cinosi, Hipólito Caron, Ángel Vilar"
Alfredo De Angelis,Orquesta Alfredo De Angelis,11/7/1958,No culpes al amor,Tango,Juan Carlos Godoy,Odeón,Tape,Roberto Caló; Juan Scolnik,Roberto Caló (Francisco Caló); Juan Pueblito (Noej Scolnik),,"Rodríguez 1st bando, Braña 1st violin (1956-61)",Alfredo De Angelis,Hugo Besnatti,"Juan Miguel Rodríguez, Carlos Cubría, Américo Pinelli, Guillermo Vilar, Alfredo Dafuncio","Víctor Braña, Wenceslao Cinosi, Hipólito Caron, Ángel Vilar"
Alfredo De Angelis,Orquesta Alfredo De Angelis,12/11/1958,Amor De Marinero,Tango,Roberto Florio,Odeón,Tape,Dante Gilardoni,Cholo Hernández (Marcelino Hernández); Roberto Cassinelli (Roberto Fernando De Wilde),,"Rodríguez 1st bando, Braña 1st violin (1956-61)",Alfredo De Angelis,Hugo Besnatti,"Juan Miguel Rodríguez, Carlos Cubría, Américo Pinelli, Guillermo Vilar, Alfredo Dafuncio","Víctor Braña, Wenceslao Cinosi, Hipólito Caron, Ángel Vilar"
Alfredo De Angelis,Orquesta Alfredo De Angelis,12/11/1958,Media Noche,Tango,Juan Carlos Godoy,Odeón,Tape,Nicolás Tavarozzi,Eduardo Escaris Méndez,,"Rodríguez 1st bando, Braña 1st violin (1956-61)",Alfredo De Angelis,Hugo Besnatti,"Juan Miguel Rodríguez, Carlos Cubría, Américo Pinelli, Guillermo Vilar, Alfredo Dafuncio","Víctor Braña, Wenceslao Cinosi, Hipólito Caron, Ángel Vilar"
Alfredo De Angelis,Orquesta Alfredo De Angelis,4/6/1959,Anoche estuve llorando,Vals,Lalo Martel,Odeón,Tape,Cuco Sánchez,Cuco Sánchez,,"Rodríguez 1st bando, Braña 1st violin (1956-61)",Alfredo De Angelis,Hugo Besnatti,"Juan Miguel Rodríguez, Carlos Cubría, Américo Pinelli, Guillermo Vilar, Alfredo Dafuncio","Víctor Braña, Wenceslao Cinosi, Hipólito Caron, Ángel Vilar"
Alfredo De Angelis,Orquesta Alfredo De Angelis,4/6/1959,Se Va La Vida,Tango,Juan Carlos Godoy,Odeón,Tape,Edgardo Donato; Roberto Zerrillo,Luis Mario (María Luisa Carnelli),,"Rodríguez 1st bando, Braña 1st violin (1956-61)",Alfredo De Angelis,Hugo Besnatti,"Juan Miguel Rodríguez, Carlos Cubría, Américo Pinelli, Guillermo Vilar, Alfredo Dafuncio","Víctor Braña, Wenceslao Cinosi, Hipólito Caron, Ángel Vilar"
Alfredo De Angelis,Orquesta Alfredo De Angelis,5/4/1959,Amor De Resero,Tango,Juan Carlos Godoy y Lalo Martel,Odeón,Tape,Arturo Gallucci,Yaraví (Ítalo Silvestre Gianetti),,"Rodríguez 1st bando, Braña 1st violin (1956-61)",Alfredo De Angelis,Hugo Besnatti,"Juan Miguel Rodríguez, Carlos Cubría, Américo Pinelli, Guillermo Vilar, Alfredo Dafuncio","Víctor Braña, Wenceslao Cinosi, Hipólito Caron, Ángel Vilar"
Alfredo De Angelis,Orquesta Alfredo De Angelis,5/4/1959,El Piropo,Tango,Lalo Martel,Odeón,Tape,Felix Blanco,José Rótulo,,"Rodríguez 1st bando, Braña 1st violin (1956-61)",Alfredo De Angelis,Hugo Besnatti,"Juan Miguel Rodríguez, Carlos Cubría, Américo Pinelli, Guillermo Vilar, Alfredo Dafuncio","Víctor Braña, Wenceslao Cinosi, Hipólito Caron, Ángel Vilar"
Alfredo De Angelis,Orquesta Alfredo De Angelis,7/20/1959,Muñeca Brava,Tango,Lalo Martel,Odeón,Tape,Luis Visca,Enrique Cadícamo,,"Rodríguez 1st bando, Braña 1st violin (1956-61)",Alfredo De Angelis,Hugo Besnatti,"Juan Miguel Rodríguez, Carlos Cubría, Américo Pinelli, Guillermo Vilar, Alfredo Dafuncio","Víctor Braña, Wenceslao Cinosi, Hipólito Caron, Ángel Vilar"
Alfredo De Angelis,Orquesta Alfredo De Angelis,6/5/1959,Si Nos Queremos Todavía,Tango,Juan Carlos Godoy,Odeón,Tape,Héctor Gentile,Ángel Di Rosa,,"Rodríguez 1st bando, Braña 1st violin (1956-61)",Alfredo De Angelis,Hugo Besnatti,"Juan Miguel Rodríguez, Carlos Cubría, Américo Pinelli, Guillermo Vilar, Alfredo Dafuncio","Víctor Braña, Wenceslao Cinosi, Hipólito Caron, Ángel Vilar"
Alfredo De Angelis,Orquesta Alfredo De Angelis,7/20/1959,Al Mundo Le Falta Un Tornillo,Tango,Lalo Martel,Odeón,Tape,José Aguilar,Enrique Cadícamo,,"Rodríguez 1st bando, Braña 1st violin (1956-61)",Alfredo De Angelis,Hugo Besnatti,"Juan Miguel Rodríguez, Carlos Cubría, Américo Pinelli, Guillermo Vilar, Alfredo Dafuncio","Víctor Braña, Wenceslao Cinosi, Hipólito Caron, Ángel Vilar"
Alfredo De Angelis,Orquesta Alfredo De Angelis,7/20/1959,Vuelve Amor,Tango,Juan Carlos Godoy,Odeón,Tape,Roberto Rufino,Reinaldo Yiso,,"Rodríguez 1st bando, Braña 1st violin (1956-61)",Alfredo De Angelis,Hugo Besnatti,"Juan Miguel Rodríguez, Carlos Cubría, Américo Pinelli, Guillermo Vilar, Alfredo Dafuncio","Víctor Braña, Wenceslao Cinosi, Hipólito Caron, Ángel Vilar"
Alfredo De Angelis,Orquesta Alfredo De Angelis,8/18/1959,Entre Tu Amor Y Mi Amor,Tango,Juan Carlos Godoy,Odeón,Tape,Juan Pomati,Leopoldo Díaz Vélez,,"Rodríguez 1st bando, Braña 1st violin (1956-61)",Alfredo De Angelis,Hugo Besnatti,"Juan Miguel Rodríguez, Carlos Cubría, Américo Pinelli, Guillermo Vilar, Alfredo Dafuncio","Víctor Braña, Wenceslao Cinosi, Hipólito Caron, Ángel Vilar"
Alfredo De Angelis,Orquesta Alfredo De Angelis,8/18/1959,Orgullo Tanguero,Tango,Lalo Martel,Odeón,Tape,Luis Stazo,Enrique Cadícamo (Domingo Enrique Cadícamo),,"Rodríguez 1st bando, Braña 1st violin (1956-61)",Alfredo De Angelis,Hugo Besnatti,"Juan Miguel Rodríguez, Carlos Cubría, Américo Pinelli, Guillermo Vilar, Alfredo Dafuncio","Víctor Braña, Wenceslao Cinosi, Hipólito Caron, Ángel Vilar"
Alfredo De Angelis,Orquesta Alfredo De Angelis,10/13/1959,Así Nació Esta Milonga,Milonga,Lalo Martel,Odeón,Tape,Ángel Cabral,Sara Rainer,,"Rodríguez 1st bando, Braña 1st violin (1956-61)",Alfredo De Angelis,Hugo Besnatti,"Juan Miguel Rodríguez, Carlos Cubría, Américo Pinelli, Guillermo Vilar, Alfredo Dafuncio","Víctor Braña, Wenceslao Cinosi, Hipólito Caron, Ángel Vilar"
Alfredo De Angelis,Orquesta Alfredo De Angelis,10/13/1959,Más Allá Del Corazón,Tango,Juan Carlos Godoy,Odeón,Tape,Juan Pomati,Reinaldo Yiso (Reinaldo Ghiso),,"Rodríguez 1st bando, Braña 1st violin (1956-61)",Alfredo De Angelis,Hugo Besnatti,"Juan Miguel Rodríguez, Carlos Cubría, Américo Pinelli, Guillermo Vilar, Alfredo Dafuncio","Víctor Braña, Wenceslao Cinosi, Hipólito Caron, Ángel Vilar"
Alfredo De Angelis,Orquesta Alfredo De Angelis,11/13/1959,Amarrete,Tango,,Odeón,Tape,Pacífico Lambertucci; Luis Corragio,,,"Rodríguez 1st bando, Braña 1st violin (1956-61)",Alfredo De Angelis,Hugo Besnatti,"Juan Miguel Rodríguez, Carlos Cubría, Américo Pinelli, Guillermo Vilar, Alfredo Dafuncio","Víctor Braña, Wenceslao Cinosi, Hipólito Caron, Ángel Vilar"
Alfredo De Angelis,Orquesta Alfredo De Angelis,11/13/1959,Re Fa Si,Tango,,Odeón,Tape,Enrique Delfino,,,"Rodríguez 1st bando, Braña 1st violin (1956-61)",Alfredo De Angelis,Hugo Besnatti,"Juan Miguel Rodríguez, Carlos Cubría, Américo Pinelli, Guillermo Vilar, Alfredo Dafuncio","Víctor Braña, Wenceslao Cinosi, Hipólito Caron, Ángel Vilar"
Alfredo De Angelis,Orquesta Alfredo De Angelis,11/20/1959,A tu memoria madrecita,Vals,Juan Carlos Godoy,Odeón,Tape,Alberto Cosentino,Alberto Cosentino,,"Rodríguez 1st bando, Braña 1st violin (1956-61)",Alfredo De Angelis,Hugo Besnatti,"Juan Miguel Rodríguez, Carlos Cubría, Américo Pinelli, Guillermo Vilar, Alfredo Dafuncio","Víctor Braña, Wenceslao Cinosi, Hipólito Caron, Ángel Vilar"
Alfredo De Angelis,Orquesta Alfredo De Angelis,11/20/1959,No Aflojés,Tango,Lalo Martel,Odeón,Tape,Pedro Maffia; Sebastián Piana,Mario Battistella,,"Rodríguez 1st bando, Braña 1st violin (1956-61)",Alfredo De Angelis,Hugo Besnatti,"Juan Miguel Rodríguez, Carlos Cubría, Américo Pinelli, Guillermo Vilar, Alfredo Dafuncio","Víctor Braña, Wenceslao Cinosi, Hipólito Caron, Ángel Vilar"
Alfredo De Angelis,Orquesta Alfredo De Angelis,12/21/1959,Abuela,Tango,Juan Carlos Godoy y Lalo Martel,Odeón,Tape,Hipólito Caron,Ricardo Otero,,"Rodríguez 1st bando, Braña 1st violin (1956-61)",Alfredo De Angelis,Hugo Besnatti,"Juan Miguel Rodríguez, Carlos Cubría, Américo Pinelli, Guillermo Vilar, Alfredo Dafuncio","Víctor Braña, Wenceslao Cinosi, Hipólito Caron, Ángel Vilar"
Alfredo De Angelis,Orquesta Alfredo De Angelis,12/21/1959,Felicidad,Tango,Juan Carlos Godoy,Odeón,Tape,Alfredo Angelis,José Rótulo,,"Rodríguez 1st bando, Braña 1st violin (1956-61)",Alfredo De Angelis,Hugo Besnatti,"Juan Miguel Rodríguez, Carlos Cubría, Américo Pinelli, Guillermo Vilar, Alfredo Dafuncio","Víctor Braña, Wenceslao Cinosi, Hipólito Caron, Ángel Vilar"
Alfredo De Angelis,Orquesta Alfredo De Angelis,5/16/1960,Bonita,Tango,Juan Carlos Godoy,Odeón,Tape,Ángel Vilar; Guillermo Vilar,Santiago Adamini,,"Rodríguez 1st bando, Braña 1st violin (1956-61)",Alfredo De Angelis,Hugo Besnatti,"Juan Miguel Rodríguez, Carlos Cubría, Américo Pinelli, Guillermo Vilar, Alfredo Dafuncio","Víctor Braña, Wenceslao Cinosi, Hipólito Caron, Ángel Vilar"
Alfredo De Angelis,Orquesta Alfredo De Angelis,5/16/1960,Que Dios te perdone,Vals,Juan Carlos Godoy y Lalo Martel,Odeón,Tape,Félix Blanco,Félix Blanco,,"Rodríguez 1st bando, Braña 1st violin (1956-61)",Alfredo De Angelis,Hugo Besnatti,"Juan Miguel Rodríguez, Carlos Cubría, Américo Pinelli, Guillermo Vilar, Alfredo Dafuncio","Víctor Braña, Wenceslao Cinosi, Hipólito Caron, Ángel Vilar"
Alfredo De Angelis,Orquesta Alfredo De Angelis,6/17/1960,Guitarra De Ausencia,Tango,Juan Carlos Godoy,Odeón,Tape,Arturo Gallucci,Yaraví (Silvestre Ítalo Gianetti),,"Rodríguez 1st bando, Braña 1st violin (1956-61)",Alfredo De Angelis,Hugo Besnatti,"Juan Miguel Rodríguez, Carlos Cubría, Américo Pinelli, Guillermo Vilar, Alfredo Dafuncio","Víctor Braña, Wenceslao Cinosi, Hipólito Caron, Ángel Vilar"
Alfredo De Angelis,Orquesta Alfredo De Angelis,6/17/1960,La Manzanita,Milonga,Lalo Martel,Odeón,Tape,Carlos Lázzari; Juan Polito; Ángel Gatti,Palmer (Carlos Ángel Lázzari); F. Lila (Juan Polito); A. Velmar (Ángel Roque Gatti),,"Rodríguez 1st bando, Braña 1st violin (1956-61)",Alfredo De Angelis,Hugo Besnatti,"Juan Miguel Rodríguez, Carlos Cubría, Américo Pinelli, Guillermo Vilar, Alfredo Dafuncio","Víctor Braña, Wenceslao Cinosi, Hipólito Caron, Ángel Vilar"
Alfredo De Angelis,Orquesta Alfredo De Angelis,6/30/1960,Ruiseñor De Puente Alsina,Tango,Lalo Martel,Odeón,Tape,Wenceslao Domingo; Wellington Cinosi,Sara Rainer,,"Rodríguez 1st bando, Braña 1st violin (1956-61)",Alfredo De Angelis,Hugo Besnatti,"Juan Miguel Rodríguez, Carlos Cubría, Américo Pinelli, Guillermo Vilar, Alfredo Dafuncio","Víctor Braña, Wenceslao Cinosi, Hipólito Caron, Ángel Vilar"
Alfredo De Angelis,Orquesta Alfredo De Angelis,6/30/1960,Y Olvida Corazón,Tango,Juan Carlos Godoy,Odeón,Tape,Juan Pomati,Leopoldo Díaz Vélez,,"Rodríguez 1st bando, Braña 1st violin (1956-61)",Alfredo De Angelis,Hugo Besnatti,"Juan Miguel Rodríguez, Carlos Cubría, Américo Pinelli, Guillermo Vilar, Alfredo Dafuncio","Víctor Braña, Wenceslao Cinosi, Hipólito Caron, Ángel Vilar"
Alfredo De Angelis,Orquesta Alfredo De Angelis,10/19/1960,T.B.C.,Tango,Lalo Martel,Odeón,Tape,Ascanio Donato,Roberto Fontaina; Víctor Soliño,,"Rodríguez 1st bando, Braña 1st violin (1956-61)",Alfredo De Angelis,Hugo Besnatti,"Juan Miguel Rodríguez, Carlos Cubría, Américo Pinelli, Guillermo Vilar, Alfredo Dafuncio","Víctor Braña, Wenceslao Cinosi, Hipólito Caron, Ángel Vilar"
Alfredo De Angelis,Orquesta Alfredo De Angelis,10/19/1960,Un Duende Nada Más,Tango,Juan Carlos Godoy,Odeón,Tape,Tito Ferrari,Juan Birome (Alberto Manuel Genaro Coria),,"Rodríguez 1st bando, Braña 1st violin (1956-61)",Alfredo De Angelis,Hugo Besnatti,"Juan Miguel Rodríguez, Carlos Cubría, Américo Pinelli, Guillermo Vilar, Alfredo Dafuncio","Víctor Braña, Wenceslao Cinosi, Hipólito Caron, Ángel Vilar"
Alfredo De Angelis,Orquesta Alfredo De Angelis,11/28/1960,Pastorcita de amancay,Vals,Lalo Martel,Odeón,Tape,Chito Speciali,Chito Galindo (Juan Carlos Speciali),,"Rodríguez 1st bando, Braña 1st violin (1956-61)",Alfredo De Angelis,Hugo Besnatti,"Juan Miguel Rodríguez, Carlos Cubría, Américo Pinelli, Guillermo Vilar, Alfredo Dafuncio","Víctor Braña, Wenceslao Cinosi, Hipólito Caron, Ángel Vilar"
Alfredo De Angelis,Orquesta Alfredo De Angelis,11/28/1960,Tu Olvido Y Yo,Tango,Juan Carlos Godoy,Odeón,Tape,Manuel Sucher,Roberto Lambertucci,,"Rodríguez 1st bando, Braña 1st violin (1956-61)",Alfredo De Angelis,Hugo Besnatti,"Juan Miguel Rodríguez, Carlos Cubría, Américo Pinelli, Guillermo Vilar, Alfredo Dafuncio","Víctor Braña, Wenceslao Cinosi, Hipólito Caron, Ángel Vilar"
Alfredo De Angelis,Orquesta Alfredo De Angelis,12/22/1960,Chau Pebeta,Tango,Lalo Martel,Odeón,Tape,Leo Lipesker,Mario Bustos,,"Rodríguez 1st bando, Braña 1st violin (1956-61)",Alfredo De Angelis,Hugo Besnatti,"Juan Miguel Rodríguez, Carlos Cubría, Américo Pinelli, Guillermo Vilar, Alfredo Dafuncio","Víctor Braña, Wenceslao Cinosi, Hipólito Caron, Ángel Vilar"
Alfredo De Angelis,Orquesta Alfredo De Angelis,12/22/1960,Maldito corazón,Vals,Juan Carlos Godoy,Odeón,Tape,Ángel Amato,Reinaldo Yiso (Reinaldo Ghiso),,"Rodríguez 1st bando, Braña 1st violin (1956-61)",Alfredo De Angelis,Hugo Besnatti,"Juan Miguel Rodríguez, Carlos Cubría, Américo Pinelli, Guillermo Vilar, Alfredo Dafuncio","Víctor Braña, Wenceslao Cinosi, Hipólito Caron, Ángel Vilar"
Alfredo De Angelis,Orquesta Alfredo De Angelis,6/26/1961,Llevame Carretero,Tango,Juan Carlos Godoy,Odeón,Tape,Manuel Parada,José Cicarelli,,"Rodríguez 1st bando, Braña 1st violin (1956-61)",Alfredo De Angelis,Hugo Besnatti,"Juan Miguel Rodríguez, Carlos Cubría, Américo Pinelli, Guillermo Vilar, Alfredo Dafuncio","Víctor Braña, Wenceslao Cinosi, Hipólito Caron, Ángel Vilar"
Alfredo De Angelis,Orquesta Alfredo De Angelis,6/26/1961,Chistando,Tango,Lalo Martel,Odeón,Tape,Francisco Canaro,Francisco Canaro,,"Rodríguez 1st bando, Braña 1st violin (1956-61)",Alfredo De Angelis,Hugo Besnatti,"Juan Miguel Rodríguez, Carlos Cubría, Américo Pinelli, Guillermo Vilar, Alfredo Dafuncio","Víctor Braña, Wenceslao Cinosi, Hipólito Caron, Ángel Vilar"
Alfredo De Angelis,Orquesta Alfredo De Angelis,7/28/1961,A La Gran Muñeca,Tango,,Odeón,Tape,Jesús Ventura,Miguel Osés,,"Rodríguez 1st bando, Braña 1st violin (1956-61)",Alfredo De Angelis,Hugo Besnatti,"Juan Miguel Rodríguez, Carlos Cubría, Américo Pinelli, Guillermo Vilar, Alfredo Dafuncio","Víctor Braña, Wenceslao Cinosi, Hipólito Caron, Ángel Vilar"
Alfredo De Angelis,Orquesta Alfredo De Angelis,7/28/1961,Malambo,Tango,,Odeón,Tape,Alfredo Angelis,José Rótulo,,"Rodríguez 1st bando, Braña 1st violin (1956-61)",Alfredo De Angelis,Hugo Besnatti,"Juan Miguel Rodríguez, Carlos Cubría, Américo Pinelli, Guillermo Vilar, Alfredo Dafuncio","Víctor Braña, Wenceslao Cinosi, Hipólito Caron, Ángel Vilar"
Alfredo De Angelis,Orquesta Alfredo De Angelis,8/8/1961,Angélica,Vals,Juan Carlos Godoy,Odeón,Tape,Roberto Cambaré,Roberto Cambaré,,"Rodríguez 1st bando, Braña 1st violin (1956-61)",Alfredo De Angelis,Hugo Besnatti,"Juan Miguel Rodríguez, Carlos Cubría, Américo Pinelli, Guillermo Vilar, Alfredo Dafuncio","Víctor Braña, Wenceslao Cinosi, Hipólito Caron, Ángel Vilar"
Alfredo De Angelis,Orquesta Alfredo De Angelis,8/8/1961,Blanca Nieve,Milonga,Lalo Martel,Odeón,Tape,Chichi De Angelis,Pepe Pirry (José Rótulo),,"Rodríguez 1st bando, Braña 1st violin (1956-61)",Alfredo De Angelis,Hugo Besnatti,"Juan Miguel Rodríguez, Carlos Cubría, Américo Pinelli, Guillermo Vilar, Alfredo Dafuncio","Víctor Braña, Wenceslao Cinosi, Hipólito Caron, Ángel Vilar"
Alfredo De Angelis,Orquesta Alfredo De Angelis,8/15/1961,A La Criolla,Tango,,Odeón,Tape,Anselmo Aieta,Francisco García Jiménez,,"Rodríguez 1st bando, Braña 1st violin (1956-61)",Alfredo De Angelis,Hugo Besnatti,"Juan Miguel Rodríguez, Carlos Cubría, Américo Pinelli, Guillermo Vilar, Alfredo Dafuncio","Víctor Braña, Wenceslao Cinosi, Hipólito Caron, Ángel Vilar"
Alfredo De Angelis,Orquesta Alfredo De Angelis,8/15/1961,Flores Negras,Tango,,Odeón,Tape,Francisco Caro,Mario César Gomila,,"Rodríguez 1st bando, Braña 1st violin (1956-61)",Alfredo De Angelis,Hugo Besnatti,"Juan Miguel Rodríguez, Carlos Cubría, Américo Pinelli, Guillermo Vilar, Alfredo Dafuncio","Víctor Braña, Wenceslao Cinosi, Hipólito Caron, Ángel Vilar"
Alfredo De Angelis,Orquesta Alfredo De Angelis,8/21/1961,Meta Garufa,Tango,Lalo Martel,Odeón,Tape,Mario Bustos; León Lípesker,Mario Bustos (Mario Nazareno Álvarez); Riel (León Lípesker),,"Rodríguez 1st bando, Braña 1st violin (1956-61)",Alfredo De Angelis,Hugo Besnatti,"Juan Miguel Rodríguez, Carlos Cubría, Américo Pinelli, Guillermo Vilar, Alfredo Dafuncio","Víctor Braña, Wenceslao Cinosi, Hipólito Caron, Ángel Vilar"
Alfredo De Angelis,Orquesta Alfredo De Angelis,8/21/1961,Tres Compadres,Tango,,Odeón,Tape,Luis Stazo; Guillermo Vilar; Américo Pinella,,,"Rodríguez 1st bando, Braña 1st violin (1956-61)",Alfredo De Angelis,Hugo Besnatti,"Juan Miguel Rodríguez, Carlos Cubría, Américo Pinelli, Guillermo Vilar, Alfredo Dafuncio","Víctor Braña, Wenceslao Cinosi, Hipólito Caron, Ángel Vilar"
Alfredo De Angelis,Orquesta Alfredo De Angelis,8/29/1961,La Cumparsita,Tango,,Odeón,Tape,Gerardo Rodríguez,Pascual Contursi; Enrique Pedro Maroni; Gerardo Hernán Matos Rodríguez,,"Rodríguez 1st bando, Braña 1st violin (1956-61)",Alfredo De Angelis,Hugo Besnatti,"Juan Miguel Rodríguez, Carlos Cubría, Américo Pinelli, Guillermo Vilar, Alfredo Dafuncio","Víctor Braña, Wenceslao Cinosi, Hipólito Caron, Ángel Vilar"
Alfredo De Angelis,Orquesta Alfredo De Angelis,8/29/1961,Ni Tú Ni Yo,Tango,Juan Carlos Godoy,Odeón,Tape,Juan Pomati,Reinaldo Yiso (Reinaldo Ghiso),,"Rodríguez 1st bando, Braña 1st violin (1956-61)",Alfredo De Angelis,Hugo Besnatti,"Juan Miguel Rodríguez, Carlos Cubría, Américo Pinelli, Guillermo Vilar, Alfredo Dafuncio","Víctor Braña, Wenceslao Cinosi, Hipólito Caron, Ángel Vilar"
Alfredo De Angelis,Orquesta Alfredo De Angelis,12/21/1961,Locura Locura,Tango,Juan Carlos Godoy,Odeón,Tape,Manuel Sucher,Roberto Cantoral,,"Rodríguez 1st bando, Braña 1st violin (1956-61)",Alfredo De Angelis,Hugo Besnatti,"Juan Miguel Rodríguez, Carlos Cubría, Américo Pinelli, Guillermo Vilar, Alfredo Dafuncio","Víctor Braña, Wenceslao Cinosi, Hipólito Caron, Ángel Vilar"
Alfredo De Angelis,Orquesta Alfredo De Angelis,12/21/1961,Yira Yira,Tango,Lalo Martel,Odeón,Tape,Enrique Discépolo,Enrique Santos Discépolo,,"Rodríguez 1st bando, Braña 1st violin (1956-61)",Alfredo De Angelis,Hugo Besnatti,"Juan Miguel Rodríguez, Carlos Cubría, Américo Pinelli, Guillermo Vilar, Alfredo Dafuncio","Víctor Braña, Wenceslao Cinosi, Hipólito Caron, Ángel Vilar"
Alfredo De Angelis,Orquesta Alfredo De Angelis,4/30/1962,Desagradecida,Vals,Lalo Martel,Odeón,Tape-S,Ángel Amato,Merlo / Reinaldo Yiso (Reinaldo Ghiso),,"Stazo 1st bando, Cinosi 1st violin (1962-67)",Alfredo De Angelis,Hugo Besnatti,"Luis Stazo, Carlos Cubría, Américo Pinelli, Guillermo Vilar","Wenceslao Cinosi, Ángel Vilar, Hipólito Caron, Germán Ojeda, Hamlet Cicero "
Alfredo De Angelis,Orquesta Alfredo De Angelis,4/30/1962,Sólo Quiero Ser Feliz,Tango,Juan Carlos Godoy,Odeón,Tape-S,Antonio Sciacca; Domingo Pranteda,Pedro Gregorio Galelli,,"Stazo 1st bando, Cinosi 1st violin (1962-67)",Alfredo De Angelis,Hugo Besnatti,"Luis Stazo, Carlos Cubría, Américo Pinelli, Guillermo Vilar","Wenceslao Cinosi, Ángel Vilar, Hipólito Caron, Germán Ojeda, Hamlet Cicero "
Alfredo De Angelis,Orquesta Alfredo De Angelis,5/28/1962,No Tengo Contra,Tango,,Odeón,Tape-S,Wenceslao Cinosi; Wellington Cinosi,,,"Stazo 1st bando, Cinosi 1st violin (1962-67)",Alfredo De Angelis,Hugo Besnatti,"Luis Stazo, Carlos Cubría, Américo Pinelli, Guillermo Vilar","Wenceslao Cinosi, Ángel Vilar, Hipólito Caron, Germán Ojeda, Hamlet Cicero "
Alfredo De Angelis,Orquesta Alfredo De Angelis,5/28/1962,"Tango Y Turf (Leguisamo Solo, Bajo Belgrano, Domingo, Uno Y Uno, Palermo)",Tango,Juan Carlos Godoy y Lalo Martel,Odeón,Tape-S,Various,Various,,"Stazo 1st bando, Cinosi 1st violin (1962-67)",Alfredo De Angelis,Hugo Besnatti,"Luis Stazo, Carlos Cubría, Américo Pinelli, Guillermo Vilar","Wenceslao Cinosi, Ángel Vilar, Hipólito Caron, Germán Ojeda, Hamlet Cicero "
Alfredo De Angelis,Orquesta Alfredo De Angelis,10/12/1962,Mon Cherie (Mi Querida),Tango,Juan Carlos Godoy,Odeón,Tape-S,Alfredo Angelis,José Rótulo,,"Stazo 1st bando, Cinosi 1st violin (1962-67)",Alfredo De Angelis,Hugo Besnatti,"Luis Stazo, Carlos Cubría, Américo Pinelli, Guillermo Vilar","Wenceslao Cinosi, Ángel Vilar, Hipólito Caron, Germán Ojeda, Hamlet Cicero "
Alfredo De Angelis,Orquesta Alfredo De Angelis,10/25/1962,El Sonsonete,Tango,Lalo Martel,Odeón,Tape-S,Carlos Figari; Enrique Rodríguez,José Rótulo,,"Stazo 1st bando, Cinosi 1st violin (1962-67)",Alfredo De Angelis,Hugo Besnatti,"Luis Stazo, Carlos Cubría, Américo Pinelli, Guillermo Vilar","Wenceslao Cinosi, Ángel Vilar, Hipólito Caron, Germán Ojeda, Hamlet Cicero "
Alfredo De Angelis,Orquesta Alfredo De Angelis,10/25/1962,Hasta Callao No Más,Milonga,Juan Carlos Godoy,Odeón,Tape-S,Azucena Maizani,Mara (Elena R. Pistoia de Lepper),,"Stazo 1st bando, Cinosi 1st violin (1962-67)",Alfredo De Angelis,Hugo Besnatti,"Luis Stazo, Carlos Cubría, Américo Pinelli, Guillermo Vilar","Wenceslao Cinosi, Ángel Vilar, Hipólito Caron, Germán Ojeda, Hamlet Cicero "
Alfredo De Angelis,Orquesta Alfredo De Angelis,12/10/1962,Si Me Esperaras A Mí,Tango,Lalo Martel,Odeón,Tape-S,Don Rebecchi,Alfonso Casini,,"Stazo 1st bando, Cinosi 1st violin (1962-67)",Alfredo De Angelis,Hugo Besnatti,"Luis Stazo, Carlos Cubría, Américo Pinelli, Guillermo Vilar","Wenceslao Cinosi, Ángel Vilar, Hipólito Caron, Germán Ojeda, Hamlet Cicero "
Alfredo De Angelis,Orquesta Alfredo De Angelis,12/27/1962,Qué Tenés Que Hablar De Mi,Tango,Lalo Martel,Odeón,Tape-S,Riel Lipesker,Abel Aznar (Abel Mariano Aznar),,"Stazo 1st bando, Cinosi 1st violin (1962-67)",Alfredo De Angelis,Hugo Besnatti,"Luis Stazo, Carlos Cubría, Américo Pinelli, Guillermo Vilar","Wenceslao Cinosi, Ángel Vilar, Hipólito Caron, Germán Ojeda, Hamlet Cicero "
Alfredo De Angelis,Orquesta Alfredo De Angelis,12/27/1962,Señor No Me La Quites,Tango,Juan Carlos Godoy,Odeón,Tape-S,Carlos Cubría,Hércules Calvi,,"Stazo 1st bando, Cinosi 1st violin (1962-67)",Alfredo De Angelis,Hugo Besnatti,"Luis Stazo, Carlos Cubría, Américo Pinelli, Guillermo Vilar","Wenceslao Cinosi, Ángel Vilar, Hipólito Caron, Germán Ojeda, Hamlet Cicero "
Alfredo De Angelis,Orquesta Alfredo De Angelis,1/3/1963,Sin Aliento,Tango,,Odeón,Tape-S,Gigí De Angelis,,,"Stazo 1st bando, Cinosi 1st violin (1962-67)",Alfredo De Angelis,Hugo Besnatti,"Luis Stazo, Carlos Cubría, Américo Pinelli, Guillermo Vilar","Wenceslao Cinosi, Ángel Vilar, Hipólito Caron, Germán Ojeda, Hamlet Cicero "
Alfredo De Angelis,Orquesta Alfredo De Angelis,1/3/1963,Tropero Soy,Tango,Juan Carlos Godoy y Lalo Martel,Odeón,Tape-S,Arturo Gallucci,Yaraví (Italo Silvestre Gianetti),,"Stazo 1st bando, Cinosi 1st violin (1962-67)",Alfredo De Angelis,Hugo Besnatti,"Luis Stazo, Carlos Cubría, Américo Pinelli, Guillermo Vilar","Wenceslao Cinosi, Ángel Vilar, Hipólito Caron, Germán Ojeda, Hamlet Cicero "
Alfredo De Angelis,Orquesta Alfredo De Angelis,7/25/1963,Amar Hasta Morir,Tango,Juan Carlos Godoy,Odeón,Tape-S,Antonio Fassa,Jorge Burbridge,,"Stazo 1st bando, Cinosi 1st violin (1962-67)",Alfredo De Angelis,Hugo Besnatti,"Luis Stazo, Carlos Cubría, Américo Pinelli, Guillermo Vilar","Wenceslao Cinosi, Ángel Vilar, Hipólito Caron, Germán Ojeda, Hamlet Cicero "
Alfredo De Angelis,Orquesta Alfredo De Angelis,7/25/1963,Carta Para Renée,Tango,Roberto Mancini,Odeón,Tape-S,Manuel Sucher,Marvil (Elizardo Martínez Vila),,"Stazo 1st bando, Cinosi 1st violin (1962-67)",Alfredo De Angelis,Hugo Besnatti,"Luis Stazo, Carlos Cubría, Américo Pinelli, Guillermo Vilar","Wenceslao Cinosi, Ángel Vilar, Hipólito Caron, Germán Ojeda, Hamlet Cicero "
Alfredo De Angelis,Orquesta Alfredo De Angelis,8/30/1963,Loco por ti,Vals,Juan Carlos Godoy y Roberto Mancini,Odeón,Tape-S,Trío Álvarez,Félix Abdón Blanco,,"Stazo 1st bando, Cinosi 1st violin (1962-67)",Alfredo De Angelis,Hugo Besnatti,"Luis Stazo, Carlos Cubría, Américo Pinelli, Guillermo Vilar","Wenceslao Cinosi, Ángel Vilar, Hipólito Caron, Germán Ojeda, Hamlet Cicero "
Alfredo De Angelis,Orquesta Alfredo De Angelis,7/25/1963,Mi Malacara Y Yo,Tango,Juan Carlos Godoy y Roberto Mancini,Odeón,Tape-S,Luis Stazo,Federico Silva,,"Stazo 1st bando, Cinosi 1st violin (1962-67)",Alfredo De Angelis,Hugo Besnatti,"Luis Stazo, Carlos Cubría, Américo Pinelli, Guillermo Vilar","Wenceslao Cinosi, Ángel Vilar, Hipólito Caron, Germán Ojeda, Hamlet Cicero "
Alfredo De Angelis,Orquesta Alfredo De Angelis,11/29/1963,Mujercita,Tango,Roberto Mancini,Odeón,Tape-S,Hipólito Caron,Hipólito Caron,,"Stazo 1st bando, Cinosi 1st violin (1962-67)",Alfredo De Angelis,Hugo Besnatti,"Luis Stazo, Carlos Cubría, Américo Pinelli, Guillermo Vilar","Wenceslao Cinosi, Ángel Vilar, Hipólito Caron, Germán Ojeda, Hamlet Cicero "
Alfredo De Angelis,Orquesta Alfredo De Angelis,11/29/1963,Un Mendigo,Tango,Juan Carlos Godoy,Odeón,Tape-S,Juan Pomati,Reinaldo Yiso,,"Stazo 1st bando, Cinosi 1st violin (1962-67)",Alfredo De Angelis,Hugo Besnatti,"Luis Stazo, Carlos Cubría, Américo Pinelli, Guillermo Vilar","Wenceslao Cinosi, Ángel Vilar, Hipólito Caron, Germán Ojeda, Hamlet Cicero "
Alfredo De Angelis,Orquesta Alfredo De Angelis,3/24/1964,Cómo Se Muere De Amor,Tango,Roberto Mancini,Odeón,Tape-S,Daniel Álvarez,Daniel Héctor Álvarez,,"Stazo 1st bando, Cinosi 1st violin (1962-67)",Alfredo De Angelis,Hugo Besnatti,"Luis Stazo, Carlos Cubría, Américo Pinelli, Guillermo Vilar","Wenceslao Cinosi, Ángel Vilar, Hipólito Caron, Germán Ojeda, Hamlet Cicero "
Alfredo De Angelis,Orquesta Alfredo De Angelis,3/4/1964,Cuando Era Mía Mi Vieja,Tango,Juan Carlos Godoy,Odeón,Tape-S,Alfredo Angelis,Juan Carlos Godoy,,"Stazo 1st bando, Cinosi 1st violin (1962-67)",Alfredo De Angelis,Hugo Besnatti,"Luis Stazo, Carlos Cubría, Américo Pinelli, Guillermo Vilar","Wenceslao Cinosi, Ángel Vilar, Hipólito Caron, Germán Ojeda, Hamlet Cicero "
Alfredo De Angelis,Orquesta Alfredo De Angelis,3/30/1964,Color De Rouge,Tango,Juan Carlos Godoy,Odeón,Tape-S,Alfredo Angelis,Marvil (Elizardo Martínez Vilas),,"Stazo 1st bando, Cinosi 1st violin (1962-67)",Alfredo De Angelis,Hugo Besnatti,"Luis Stazo, Carlos Cubría, Américo Pinelli, Guillermo Vilar","Wenceslao Cinosi, Ángel Vilar, Hipólito Caron, Germán Ojeda, Hamlet Cicero "
Alfredo De Angelis,Orquesta Alfredo De Angelis,3/30/1964,Isla De Capri,Tango,Roberto Mancini,Odeón,Tape-S,Will Grosz; Jimmy Kennedy,Jimmy Kennedy (James B. Kennedy); Angel del Valle,,"Stazo 1st bando, Cinosi 1st violin (1962-67)",Alfredo De Angelis,Hugo Besnatti,"Luis Stazo, Carlos Cubría, Américo Pinelli, Guillermo Vilar","Wenceslao Cinosi, Ángel Vilar, Hipólito Caron, Germán Ojeda, Hamlet Cicero "
Alfredo De Angelis,Orquesta Alfredo De Angelis,1964-00-00,Y a mí qué?,Tango,,Odeón,Tape-S,Aníbal Troilo,Cátulo Castillo (Ovidio Cátulo González Castillo),,"Stazo 1st bando, Cinosi 1st violin (1962-67)",Alfredo De Angelis,Hugo Besnatti,"Luis Stazo, Carlos Cubría, Américo Pinelli, Guillermo Vilar","Wenceslao Cinosi, Ángel Vilar, Hipólito Caron, Germán Ojeda, Hamlet Cicero "
Alfredo De Angelis,Orquesta Alfredo De Angelis,1964-04,Así se baila hoy,Tango,,Odeón,Tape-S,Marcos Vera,Ernesto Cardenal,,"Stazo 1st bando, Cinosi 1st violin (1962-67)",Alfredo De Angelis,Hugo Besnatti,"Luis Stazo, Carlos Cubría, Américo Pinelli, Guillermo Vilar","Wenceslao Cinosi, Ángel Vilar, Hipólito Caron, Germán Ojeda, Hamlet Cicero "
Alfredo De Angelis,Orquesta Alfredo De Angelis,1964-04,Calvario,Tango,,Odeón,Tape-S,Luis Saldarriaga,Luis Bernardo Saldarriaga,,"Stazo 1st bando, Cinosi 1st violin (1962-67)",Alfredo De Angelis,Hugo Besnatti,"Luis Stazo, Carlos Cubría, Américo Pinelli, Guillermo Vilar","Wenceslao Cinosi, Ángel Vilar, Hipólito Caron, Germán Ojeda, Hamlet Cicero "
Alfredo De Angelis,Orquesta Alfredo De Angelis,1964-04,Derecho viejo,Tango,,Odeón,Tape-S,Eduardo Arolas,Gabriel Clausi,,"Stazo 1st bando, Cinosi 1st violin (1962-67)",Alfredo De Angelis,Hugo Besnatti,"Luis Stazo, Carlos Cubría, Américo Pinelli, Guillermo Vilar","Wenceslao Cinosi, Ángel Vilar, Hipólito Caron, Germán Ojeda, Hamlet Cicero "
Alfredo De Angelis,Orquesta Alfredo De Angelis,1964-04,El amanecer,Tango,,Odeón,Tape-S,Roberto Firpo,,,"Stazo 1st bando, Cinosi 1st violin (1962-67)",Alfredo De Angelis,Hugo Besnatti,"Luis Stazo, Carlos Cubría, Américo Pinelli, Guillermo Vilar","Wenceslao Cinosi, Ángel Vilar, Hipólito Caron, Germán Ojeda, Hamlet Cicero "
Alfredo De Angelis,Orquesta Alfredo De Angelis,1964-04,El pollo Ricardo,Tango,,Odeón,Tape-S,Luis Fernández,Luis Alberto Fernández,,"Stazo 1st bando, Cinosi 1st violin (1962-67)",Alfredo De Angelis,Hugo Besnatti,"Luis Stazo, Carlos Cubría, Américo Pinelli, Guillermo Vilar","Wenceslao Cinosi, Ángel Vilar, Hipólito Caron, Germán Ojeda, Hamlet Cicero "
Alfredo De Angelis,Orquesta Alfredo De Angelis,1964-04,He matado un hombre (Gurisa),Tango,,Odeón,Tape-S,Matías Aminto,Enrique García Satur,,"Stazo 1st bando, Cinosi 1st violin (1962-67)",Alfredo De Angelis,Hugo Besnatti,"Luis Stazo, Carlos Cubría, Américo Pinelli, Guillermo Vilar","Wenceslao Cinosi, Ángel Vilar, Hipólito Caron, Germán Ojeda, Hamlet Cicero "
Alfredo De Angelis,Orquesta Alfredo De Angelis,1964-04,Ilusión azul,Vals,,Odeón,Tape-S,Arquímedes Arci,Arquímedes Arci,,"Stazo 1st bando, Cinosi 1st violin (1962-67)",Alfredo De Angelis,Hugo Besnatti,"Luis Stazo, Carlos Cubría, Américo Pinelli, Guillermo Vilar","Wenceslao Cinosi, Ángel Vilar, Hipólito Caron, Germán Ojeda, Hamlet Cicero "
Alfredo De Angelis,Orquesta Alfredo De Angelis,1964-04,La trampa,Tango,,Odeón,Tape-S,H. Lamas,Francisco Yoni (Francisco Fortunato Silva),,"Stazo 1st bando, Cinosi 1st violin (1962-67)",Alfredo De Angelis,Hugo Besnatti,"Luis Stazo, Carlos Cubría, Américo Pinelli, Guillermo Vilar","Wenceslao Cinosi, Ángel Vilar, Hipólito Caron, Germán Ojeda, Hamlet Cicero "
Alfredo De Angelis,Orquesta Alfredo De Angelis,1964-04,Loca,Tango,,Odeón,Tape-S,Manuel Jovés,Antonio Martínez Viergol,,"Stazo 1st bando, Cinosi 1st violin (1962-67)",Alfredo De Angelis,Hugo Besnatti,"Luis Stazo, Carlos Cubría, Américo Pinelli, Guillermo Vilar","Wenceslao Cinosi, Ángel Vilar, Hipólito Caron, Germán Ojeda, Hamlet Cicero "
Alfredo De Angelis,Orquesta Alfredo De Angelis,1964-04,Madre hay una sola,Tango,,Odeón,Tape-S,Agustín Bardi,José de la Vega,,"Stazo 1st bando, Cinosi 1st violin (1962-67)",Alfredo De Angelis,Hugo Besnatti,"Luis Stazo, Carlos Cubría, Américo Pinelli, Guillermo Vilar","Wenceslao Cinosi, Ángel Vilar, Hipólito Caron, Germán Ojeda, Hamlet Cicero "
Alfredo De Angelis,Orquesta Alfredo De Angelis,1964-04,Me embrujaste,Tango,,Odeón,Tape-S,Luis Saldarriaga,Luis Bernardo Saldarriaga,,"Stazo 1st bando, Cinosi 1st violin (1962-67)",Alfredo De Angelis,Hugo Besnatti,"Luis Stazo, Carlos Cubría, Américo Pinelli, Guillermo Vilar","Wenceslao Cinosi, Ángel Vilar, Hipólito Caron, Germán Ojeda, Hamlet Cicero "
Alfredo De Angelis,Orquesta Alfredo De Angelis,1964-04,Mi noche triste,Tango,,Odeón,Tape-S,Samuel Castriota,Pascual Contursi,,"Stazo 1st bando, Cinosi 1st violin (1962-67)",Alfredo De Angelis,Hugo Besnatti,"Luis Stazo, Carlos Cubría, Américo Pinelli, Guillermo Vilar","Wenceslao Cinosi, Ángel Vilar, Hipólito Caron, Germán Ojeda, Hamlet Cicero "
Alfredo De Angelis,Orquesta Alfredo De Angelis,1964-04,Milonga celestial (La Milonga celestial),Milonga,,Odeón,Tape-S,Ángel Greco,Ángel Greco,,"Stazo 1st bando, Cinosi 1st violin (1962-67)",Alfredo De Angelis,Hugo Besnatti,"Luis Stazo, Carlos Cubría, Américo Pinelli, Guillermo Vilar","Wenceslao Cinosi, Ángel Vilar, Hipólito Caron, Germán Ojeda, Hamlet Cicero "
Alfredo De Angelis,Orquesta Alfredo De Angelis,1964-04,No nos veremos más,Tango,,Odeón,Tape-S,Luis Stazo,Federico Silva,,"Stazo 1st bando, Cinosi 1st violin (1962-67)",Alfredo De Angelis,Hugo Besnatti,"Luis Stazo, Carlos Cubría, Américo Pinelli, Guillermo Vilar","Wenceslao Cinosi, Ángel Vilar, Hipólito Caron, Germán Ojeda, Hamlet Cicero "
Alfredo De Angelis,Orquesta Alfredo De Angelis,1964-04,Obsesión,Tango,,Odeón,Tape-S,Ricardo Lanzetta,Ricardo Lanzetta,,"Stazo 1st bando, Cinosi 1st violin (1962-67)",Alfredo De Angelis,Hugo Besnatti,"Luis Stazo, Carlos Cubría, Américo Pinelli, Guillermo Vilar","Wenceslao Cinosi, Ángel Vilar, Hipólito Caron, Germán Ojeda, Hamlet Cicero "
Alfredo De Angelis,Orquesta Alfredo De Angelis,1964-04,Otario que andás penando,Tango,,Odeón,Tape-S,Enrique Delfino,Alberto Vacarezza,,"Stazo 1st bando, Cinosi 1st violin (1962-67)",Alfredo De Angelis,Hugo Besnatti,"Luis Stazo, Carlos Cubría, Américo Pinelli, Guillermo Vilar","Wenceslao Cinosi, Ángel Vilar, Hipólito Caron, Germán Ojeda, Hamlet Cicero "
Alfredo De Angelis,Orquesta Alfredo De Angelis,1964-04,Pastora (La Pastora),Tango,,Odeón,Tape-S,Alfredo Angelis,José Rótulo,,"Stazo 1st bando, Cinosi 1st violin (1962-67)",Alfredo De Angelis,Hugo Besnatti,"Luis Stazo, Carlos Cubría, Américo Pinelli, Guillermo Vilar","Wenceslao Cinosi, Ángel Vilar, Hipólito Caron, Germán Ojeda, Hamlet Cicero "
Alfredo De Angelis,Orquesta Alfredo De Angelis,1964-04,Pregonera,Tango,,Odeón,Tape-S,Alfredo Angelis,José Rótulo,,"Stazo 1st bando, Cinosi 1st violin (1962-67)",Alfredo De Angelis,Hugo Besnatti,"Luis Stazo, Carlos Cubría, Américo Pinelli, Guillermo Vilar","Wenceslao Cinosi, Ángel Vilar, Hipólito Caron, Germán Ojeda, Hamlet Cicero "
Alfredo De Angelis,Orquesta Alfredo De Angelis,1964-04,Son cosas mías,Tango,,Odeón,Tape-S,Alfredo Angelis,Francisco Fortunato Silva,,"Stazo 1st bando, Cinosi 1st violin (1962-67)",Alfredo De Angelis,Hugo Besnatti,"Luis Stazo, Carlos Cubría, Américo Pinelli, Guillermo Vilar","Wenceslao Cinosi, Ángel Vilar, Hipólito Caron, Germán Ojeda, Hamlet Cicero "
Alfredo De Angelis,Orquesta Alfredo De Angelis,1964-04,Victoria,Tango,,Odeón,Tape-S,Enrique Discépolo,Enrique Santos Discépolo,,"Stazo 1st bando, Cinosi 1st violin (1962-67)",Alfredo De Angelis,Hugo Besnatti,"Luis Stazo, Carlos Cubría, Américo Pinelli, Guillermo Vilar","Wenceslao Cinosi, Ángel Vilar, Hipólito Caron, Germán Ojeda, Hamlet Cicero "
Alfredo De Angelis,Orquesta Alfredo De Angelis,1964-04,Virgen de la serranía,Tango,,Odeón,Tape-S,Osvaldo Donato,Alberto Cosentino,,"Stazo 1st bando, Cinosi 1st violin (1962-67)",Alfredo De Angelis,Hugo Besnatti,"Luis Stazo, Carlos Cubría, Américo Pinelli, Guillermo Vilar","Wenceslao Cinosi, Ángel Vilar, Hipólito Caron, Germán Ojeda, Hamlet Cicero "
Alfredo De Angelis,Orquesta Alfredo De Angelis,1964-04,Ya estamos iguales,Tango,,Odeón,Tape-S,Anselmo Aieta,Francisco García Jiménez,,"Stazo 1st bando, Cinosi 1st violin (1962-67)",Alfredo De Angelis,Hugo Besnatti,"Luis Stazo, Carlos Cubría, Américo Pinelli, Guillermo Vilar","Wenceslao Cinosi, Ángel Vilar, Hipólito Caron, Germán Ojeda, Hamlet Cicero "
Alfredo De Angelis,Orquesta Alfredo De Angelis,10/27/1964,Amor de verano,Tango,Alberto Cuello,Odeón,Tape-S,Luis Stazo,Federico Silva (René Federico Silva Iraluz),,"Stazo 1st bando, Cinosi 1st violin (1962-67)",Alfredo De Angelis,Hugo Besnatti,"Luis Stazo, Carlos Cubría, Américo Pinelli, Guillermo Vilar","Wenceslao Cinosi, Ángel Vilar, Hipólito Caron, Germán Ojeda, Hamlet Cicero "
Alfredo De Angelis,Orquesta Alfredo De Angelis,10/27/1964,Sombras nada más,Tango,Julio Martel,Odeón,Tape-S,Francisco Lomuto,José María Contursi,,"Stazo 1st bando, Cinosi 1st violin (1962-67)",Alfredo De Angelis,Hugo Besnatti,"Luis Stazo, Carlos Cubría, Américo Pinelli, Guillermo Vilar","Wenceslao Cinosi, Ángel Vilar, Hipólito Caron, Germán Ojeda, Hamlet Cicero "
Alfredo De Angelis,Orquesta Alfredo De Angelis,11/25/1964,Decime Dios Dónde Estás,Tango,Carlos Aguirre,Odeón,Tape-S,Manuel Sucher,Tita Merello,,"Stazo 1st bando, Cinosi 1st violin (1962-67)",Alfredo De Angelis,Hugo Besnatti,"Luis Stazo, Carlos Cubría, Américo Pinelli, Guillermo Vilar","Wenceslao Cinosi, Ángel Vilar, Hipólito Caron, Germán Ojeda, Hamlet Cicero "
Alfredo De Angelis,Orquesta Alfredo De Angelis,11/25/1964,Se alquila un corazón,Vals,Nino Fassa,Odeón,Tape-S,Gigí De Angelis; Nino Fassa,Leandro Primerano,,"Stazo 1st bando, Cinosi 1st violin (1962-67)",Alfredo De Angelis,Hugo Besnatti,"Luis Stazo, Carlos Cubría, Américo Pinelli, Guillermo Vilar","Wenceslao Cinosi, Ángel Vilar, Hipólito Caron, Germán Ojeda, Hamlet Cicero "
Alfredo De Angelis,Orquesta Alfredo De Angelis,4/28/1965,Antes que salga el sol,Tango,Alberto Cuello,Odeón,Tape-S,Héctor Palacios,Primo Antonio,,"Stazo 1st bando, Cinosi 1st violin (1962-67)",Alfredo De Angelis,Hugo Besnatti,"Luis Stazo, Carlos Cubría, Américo Pinelli, Guillermo Vilar","Wenceslao Cinosi, Ángel Vilar, Hipólito Caron, Germán Ojeda, Hamlet Cicero "
Alfredo De Angelis,Orquesta Alfredo De Angelis,4/28/1965,Evocación de París,Tango,Ángel Vargas,Odeón,Tape-S,Luis Mandarino,Luis Esteban Mandarino,,"Stazo 1st bando, Cinosi 1st violin (1962-67)",Alfredo De Angelis,Hugo Besnatti,"Luis Stazo, Carlos Cubría, Américo Pinelli, Guillermo Vilar","Wenceslao Cinosi, Ángel Vilar, Hipólito Caron, Germán Ojeda, Hamlet Cicero "
Alfredo De Angelis,Orquesta Alfredo De Angelis,6/23/1965,Quiero Verte Una Vez Más,Tango,Alberto Cuello,Odeón,Tape-S,Mario Canaro,José María Contursi,,"Stazo 1st bando, Cinosi 1st violin (1962-67)",Alfredo De Angelis,Hugo Besnatti,"Luis Stazo, Carlos Cubría, Américo Pinelli, Guillermo Vilar","Wenceslao Cinosi, Ángel Vilar, Hipólito Caron, Germán Ojeda, Hamlet Cicero "
Alfredo De Angelis,Orquesta Alfredo De Angelis,6/23/1965,Soy un Yo Yo,Tango,Carlos Aguirre,Odeón,Tape-S,Alfredo Angelis,Marvil (Elizardo Martínez Vilas),,"Stazo 1st bando, Cinosi 1st violin (1962-67)",Alfredo De Angelis,Hugo Besnatti,"Luis Stazo, Carlos Cubría, Américo Pinelli, Guillermo Vilar","Wenceslao Cinosi, Ángel Vilar, Hipólito Caron, Germán Ojeda, Hamlet Cicero "
Alfredo De Angelis,Orquesta Alfredo De Angelis,7/9/1965,Juntitos vos y yo,Tango,Alberto Cuello,Odeón,Tape-S,Wenceslao Cinosi,Carlos Antonio Russo,,"Stazo 1st bando, Cinosi 1st violin (1962-67)",Alfredo De Angelis,Hugo Besnatti,"Luis Stazo, Carlos Cubría, Américo Pinelli, Guillermo Vilar","Wenceslao Cinosi, Ángel Vilar, Hipólito Caron, Germán Ojeda, Hamlet Cicero "
Alfredo De Angelis,Orquesta Alfredo De Angelis,9/7/1965,Don Juan,Tango,Instrumental,Odeón,Tape-S,Ernesto Ponzio,Ricardo Podestá,,"Stazo 1st bando, Cinosi 1st violin (1962-67)",Alfredo De Angelis,Hugo Besnatti,"Luis Stazo, Carlos Cubría, Américo Pinelli, Guillermo Vilar","Wenceslao Cinosi, Ángel Vilar, Hipólito Caron, Germán Ojeda, Hamlet Cicero "
Alfredo De Angelis,Orquesta Alfredo De Angelis,9/7/1965,Juntitos vos y yo,Tango,Alberto Cuello,Odeón,Tape-S,Wenceslao Cinosi,Carlos Antonio Russo,,"Stazo 1st bando, Cinosi 1st violin (1962-67)",Alfredo De Angelis,Hugo Besnatti,"Luis Stazo, Carlos Cubría, Américo Pinelli, Guillermo Vilar","Wenceslao Cinosi, Ángel Vilar, Hipólito Caron, Germán Ojeda, Hamlet Cicero "
Alfredo De Angelis,Orquesta Alfredo De Angelis,9/7/1965,La maquinita,Milonga,Alberto Cuell,Odeón,Tape-S,Alfredo Angelis,Juan Pomati,,"Stazo 1st bando, Cinosi 1st violin (1962-67)",Alfredo De Angelis,Hugo Besnatti,"Luis Stazo, Carlos Cubría, Américo Pinelli, Guillermo Vilar","Wenceslao Cinosi, Ángel Vilar, Hipólito Caron, Germán Ojeda, Hamlet Cicero "
Alfredo De Angelis,Orquesta Alfredo De Angelis,9/7/1965,Sólo un renglón,Tango,Carlos Aguirre,Odeón,Tape-S,Josefina De La Fuente; Ángel Gatti,Josefina D'Arienzo De La Fuente; Velmar (Ángel Roque Gatti),,"Stazo 1st bando, Cinosi 1st violin (1962-67)",Alfredo De Angelis,Hugo Besnatti,"Luis Stazo, Carlos Cubría, Américo Pinelli, Guillermo Vilar","Wenceslao Cinosi, Ángel Vilar, Hipólito Caron, Germán Ojeda, Hamlet Cicero "
Alfredo De Angelis,Orquesta Alfredo De Angelis,6/1/1966,De igual a igual,Tango,Julio Martel Y Nestor Rodi,Odeón,Tape-S,Rodolfo Sciammarella,Rodolfo Sciammarella,,"Stazo 1st bando, Cinosi 1st violin (1962-67)",Alfredo De Angelis,Hugo Besnatti,"Luis Stazo, Carlos Cubría, Américo Pinelli, Guillermo Vilar","Wenceslao Cinosi, Ángel Vilar, Hipólito Caron, Germán Ojeda, Hamlet Cicero "
Alfredo De Angelis,Orquesta Alfredo De Angelis,6/1/1966,Siempre Te Recordaré,Tango,Alberto Cuello,Odeón,Tape-S,Yaco Monti,Yaco Monti (Julio Cesar Eugenio),,"Stazo 1st bando, Cinosi 1st violin (1962-67)",Alfredo De Angelis,Hugo Besnatti,"Luis Stazo, Carlos Cubría, Américo Pinelli, Guillermo Vilar","Wenceslao Cinosi, Ángel Vilar, Hipólito Caron, Germán Ojeda, Hamlet Cicero "
Alfredo De Angelis,Orquesta Alfredo De Angelis,10/31/1966,"A Usted, Señorita",Tango,Alberto Cuello,Odeón,Tape-S,Osvaldo Rizzo,Félix Rosario Arena,,"Stazo 1st bando, Cinosi 1st violin (1962-67)",Alfredo De Angelis,Hugo Besnatti,"Luis Stazo, Carlos Cubría, Américo Pinelli, Guillermo Vilar","Wenceslao Cinosi, Ángel Vilar, Hipólito Caron, Germán Ojeda, Hamlet Cicero "
Alfredo De Angelis,Orquesta Alfredo De Angelis,10/31/1966,El Ciruja,Tango,Julio Martel,Odeón,Tape-S,Ernesto Cruz,Francisco Alfredo Marino,,"Stazo 1st bando, Cinosi 1st violin (1962-67)",Alfredo De Angelis,Hugo Besnatti,"Luis Stazo, Carlos Cubría, Américo Pinelli, Guillermo Vilar","Wenceslao Cinosi, Ángel Vilar, Hipólito Caron, Germán Ojeda, Hamlet Cicero "
Alfredo De Angelis,Orquesta Alfredo De Angelis,10/31/1966,No Hay Palenque En Que Rascarse,Milonga,Alberto Cuello y Carlos Aguirre,Odeón,Tape-S,Isabel Angelis,Domingo Zocco,,"Stazo 1st bando, Cinosi 1st violin (1962-67)",Alfredo De Angelis,Hugo Besnatti,"Luis Stazo, Carlos Cubría, Américo Pinelli, Guillermo Vilar","Wenceslao Cinosi, Ángel Vilar, Hipólito Caron, Germán Ojeda, Hamlet Cicero "
Alfredo De Angelis,Orquesta Alfredo De Angelis,10/31/1966,Tokio querido,Tango,Instrumental,Odeón,Tape-S,Alfredo De Angelis,Juan Pomati,,"Stazo 1st bando, Cinosi 1st violin (1962-67)",Alfredo De Angelis,Hugo Besnatti,"Luis Stazo, Carlos Cubría, Américo Pinelli, Guillermo Vilar","Wenceslao Cinosi, Ángel Vilar, Hipólito Caron, Germán Ojeda, Hamlet Cicero "
Alfredo De Angelis,Orquesta Alfredo De Angelis,4/3/1967,Si Dios Bajara del Cielo,Tango,Carlos Aguirre,Odeón,Tape-S,Alfredo De Angelis,Ricardo Otero,,"Stazo 1st bando, Cinosi 1st violin (1962-67)",Alfredo De Angelis,Hugo Besnatti,"Luis Stazo, Carlos Cubría, Américo Pinelli, Guillermo Vilar","Wenceslao Cinosi, Ángel Vilar, Hipólito Caron, Germán Ojeda, Hamlet Cicero "
Alfredo De Angelis,Orquesta Alfredo De Angelis,4/3/1967,Tan Sólo Cuatro Besos,Tango,Alberto Cuello,Odeón,Tape-S,Américo Pinella,Juan Bernardo Tiggi,,"Stazo 1st bando, Cinosi 1st violin (1962-67)",Alfredo De Angelis,Hugo Besnatti,"Luis Stazo, Carlos Cubría, Américo Pinelli, Guillermo Vilar","Wenceslao Cinosi, Ángel Vilar, Hipólito Caron, Germán Ojeda, Hamlet Cicero "
Alfredo De Angelis,Orquesta Alfredo De Angelis,4/5/1967,Tengo que verte mañana,Tango,Alberto Cuello,Odeón,Tape-S,Alfredo Angelis; Isabel Angelis,Pedro Gregorio Gallelli,,"Stazo 1st bando, Cinosi 1st violin (1962-67)",Alfredo De Angelis,Hugo Besnatti,"Luis Stazo, Carlos Cubría, Américo Pinelli, Guillermo Vilar","Wenceslao Cinosi, Ángel Vilar, Hipólito Caron, Germán Ojeda, Hamlet Cicero "
Alfredo De Angelis,Orquesta Alfredo De Angelis,4/5/1967,Volvamos a Empezar,Tango,Oscar Larroca,Odeón,Tape-S,Daniel Álvarez,Eduardo Pablo Maradei,,"Stazo 1st bando, Cinosi 1st violin (1962-67)",Alfredo De Angelis,Hugo Besnatti,"Luis Stazo, Carlos Cubría, Américo Pinelli, Guillermo Vilar","Wenceslao Cinosi, Ángel Vilar, Hipólito Caron, Germán Ojeda, Hamlet Cicero "
Alfredo De Angelis,Orquesta Alfredo De Angelis,7/18/1967,Bogotá,Tango,,Odeón,Tape-S,Alfredo Angelis; Antonio Sciacca,,,"Stazo 1st bando, Cinosi 1st violin (1962-67)",Alfredo De Angelis,Hugo Besnatti,"Luis Stazo, Carlos Cubría, Américo Pinelli, Guillermo Vilar","Wenceslao Cinosi, Ángel Vilar, Hipólito Caron, Germán Ojeda, Hamlet Cicero "
Alfredo De Angelis,Orquesta Alfredo De Angelis,7/18/1967,Los Versos Para mi Madre,Vals,Alberto Cuello y Carlos Aguirre,Odeón,Tape-S,Alfredo Angelis,Roberto Arrieta,,"Stazo 1st bando, Cinosi 1st violin (1962-67)",Alfredo De Angelis,Hugo Besnatti,"Luis Stazo, Carlos Cubría, Américo Pinelli, Guillermo Vilar","Wenceslao Cinosi, Ángel Vilar, Hipólito Caron, Germán Ojeda, Hamlet Cicero "
Alfredo De Angelis,Orquesta Alfredo De Angelis,12/28/1967,Capillita limeña,Vals,Carlos Aguirre,Odeón,Tape-S,Luis Olivel,Carlos Dato,,"Stazo 1st bando, Cinosi 1st violin (1962-67)",Alfredo De Angelis,Hugo Besnatti,"Luis Stazo, Carlos Cubría, Américo Pinelli, Guillermo Vilar","Wenceslao Cinosi, Ángel Vilar, Hipólito Caron, Germán Ojeda, Hamlet Cicero "
Alfredo De Angelis,Orquesta Alfredo De Angelis,12/28/1967,Quiero Llenarme De Ti,Tango,Alberto Cuello,Odeón,Tape-S,Sandro Sánchez; Oscar Anderle,Sandro (Roberto Sánchez); Oscar Anderle,,"Stazo 1st bando, Cinosi 1st violin (1962-67)",Alfredo De Angelis,Hugo Besnatti,"Luis Stazo, Carlos Cubría, Américo Pinelli, Guillermo Vilar","Wenceslao Cinosi, Ángel Vilar, Hipólito Caron, Germán Ojeda, Hamlet Cicero "
Alfredo De Angelis,Orquesta Alfredo De Angelis,5/22/1968,Compro un Corazón,Tango,Alberto Cuello,Odeón,Tape-S,Isabel Angelis,Ricardo Otero,,"Rizzo 1st bando, Cinosi 1st violin (1968-77)",Alfredo De Angelis,Hugo Besnatti,"Osvaldo Rizzo, Alfredo Dafuncio, Carlos Cubría, Américo Pinelli ","Wenceslao Cinosi, Simón Broitman, Ángel Vilar, Germán Ojeda"
Alfredo De Angelis,Orquesta Alfredo De Angelis,5/22/1968,Hacé Bulín,Tango,Carlos Aguirre,Odeón,Tape-S,Héctor Palacios,Mario Savino,,"Rizzo 1st bando, Cinosi 1st violin (1968-77)",Alfredo De Angelis,Hugo Besnatti,"Osvaldo Rizzo, Alfredo Dafuncio, Carlos Cubría, Américo Pinelli ","Wenceslao Cinosi, Simón Broitman, Ángel Vilar, Germán Ojeda"
Alfredo De Angelis,Orquesta Alfredo De Angelis,7/18/1968,Los Versos Para mi Madre,Vals,Alberto Cuello y Carlos Aguirre,Odeón,Tape-S,Alfredo Angelis,Roberto Arrieta,,"Rizzo 1st bando, Cinosi 1st violin (1968-77)",Alfredo De Angelis,Hugo Besnatti,"Osvaldo Rizzo, Alfredo Dafuncio, Carlos Cubría, Américo Pinelli ","Wenceslao Cinosi, Simón Broitman, Ángel Vilar, Germán Ojeda"
Alfredo De Angelis,Orquesta Alfredo De Angelis,10/30/1968,Bendición de amor,Tango,Carlos Aguirre,Odeón,Tape-S,Alberto Nery,Gino Tombesi,,"Rizzo 1st bando, Cinosi 1st violin (1968-77)",Alfredo De Angelis,Hugo Besnatti,"Osvaldo Rizzo, Alfredo Dafuncio, Carlos Cubría, Américo Pinelli ","Wenceslao Cinosi, Simón Broitman, Ángel Vilar, Germán Ojeda"
Alfredo De Angelis,Orquesta Alfredo De Angelis,10/30/1968,Porque Yo Quiero,Tango,Alberto Cuello,Odeón,Tape-S,Salvatore Adamo,Salvatore Adamo,,"Rizzo 1st bando, Cinosi 1st violin (1968-77)",Alfredo De Angelis,Hugo Besnatti,"Osvaldo Rizzo, Alfredo Dafuncio, Carlos Cubría, Américo Pinelli ","Wenceslao Cinosi, Simón Broitman, Ángel Vilar, Germán Ojeda"
Alfredo De Angelis,Orquesta Alfredo De Angelis,3/3/1969,Andate Con Ella,Tango,Carlos Aguirre,Odeón,Tape-S,Norberto Ramos,Alfredo Dalton,,"Rizzo 1st bando, Cinosi 1st violin (1968-77)",Alfredo De Angelis,Hugo Besnatti,"Osvaldo Rizzo, Alfredo Dafuncio, Carlos Cubría, Américo Pinelli ","Wenceslao Cinosi, Simón Broitman, Ángel Vilar, Germán Ojeda"
Alfredo De Angelis,Orquesta Alfredo De Angelis,3/3/1969,Vals de Verano,Vals,Alberto Cuello,Odeón,Tape-S,Salvatore Adamo,José Córcega,,"Rizzo 1st bando, Cinosi 1st violin (1968-77)",Alfredo De Angelis,Hugo Besnatti,"Osvaldo Rizzo, Alfredo Dafuncio, Carlos Cubría, Américo Pinelli ","Wenceslao Cinosi, Simón Broitman, Ángel Vilar, Germán Ojeda"
Alfredo De Angelis,Orquesta Alfredo De Angelis,7/10/1969,Fuegos Artificiales,Tango,,Odeón,Tape-S,Roberto Firpo; Eduardo Arolas,,,"Rizzo 1st bando, Cinosi 1st violin (1968-77)",Alfredo De Angelis,Hugo Besnatti,"Osvaldo Rizzo, Alfredo Dafuncio, Carlos Cubría, Américo Pinelli ","Wenceslao Cinosi, Simón Broitman, Ángel Vilar, Germán Ojeda"
Alfredo De Angelis,Orquesta Alfredo De Angelis,7/10/1969,Mi Gran Noche,Tango,Carlos Aguirre,Odeón,Tape-S,Salvatore Adamo,Salvatore Adamo,,"Rizzo 1st bando, Cinosi 1st violin (1968-77)",Alfredo De Angelis,Hugo Besnatti,"Osvaldo Rizzo, Alfredo Dafuncio, Carlos Cubría, Américo Pinelli ","Wenceslao Cinosi, Simón Broitman, Ángel Vilar, Germán Ojeda"
Alfredo De Angelis,Orquesta Alfredo De Angelis,7/24/1969,El beso que te di,Tango,Carlos Aguirre,Odeón,Tape-S,Antonio Fassa,Isabel de Angelis,,"Rizzo 1st bando, Cinosi 1st violin (1968-77)",Alfredo De Angelis,Hugo Besnatti,"Osvaldo Rizzo, Alfredo Dafuncio, Carlos Cubría, Américo Pinelli ","Wenceslao Cinosi, Simón Broitman, Ángel Vilar, Germán Ojeda"
Alfredo De Angelis,Orquesta Alfredo De Angelis,7/24/1969,Una Cita con el Tango,Tango,Julián Rosales,Odeón,Tape-S,Manuel Sucher,Abel Aznar,,"Rizzo 1st bando, Cinosi 1st violin (1968-77)",Alfredo De Angelis,Hugo Besnatti,"Osvaldo Rizzo, Alfredo Dafuncio, Carlos Cubría, Américo Pinelli ","Wenceslao Cinosi, Simón Broitman, Ángel Vilar, Germán Ojeda"
Alfredo De Angelis,Orquesta Alfredo De Angelis,8/1/1969,El Apache Argentino,Tango,,Odeón,Tape-S,Manuel Aróztegui,,,"Rizzo 1st bando, Cinosi 1st violin (1968-77)",Alfredo De Angelis,Hugo Besnatti,"Osvaldo Rizzo, Alfredo Dafuncio, Carlos Cubría, Américo Pinelli ","Wenceslao Cinosi, Simón Broitman, Ángel Vilar, Germán Ojeda"
Alfredo De Angelis,Orquesta Alfredo De Angelis,8/1/1969,Pincharrata,Tango,Instrumental,Odeón,Tape-S,Alfredo Angelis,Juan Pomati,,"Rizzo 1st bando, Cinosi 1st violin (1968-77)",Alfredo De Angelis,Hugo Besnatti,"Osvaldo Rizzo, Alfredo Dafuncio, Carlos Cubría, Américo Pinelli ","Wenceslao Cinosi, Simón Broitman, Ángel Vilar, Germán Ojeda"
Alfredo De Angelis,Orquesta Alfredo De Angelis,8/21/1969,Mentira,Tango,Oscar Larroca,Odeón,Tape-S,Francisco Pracánico,Celedonio Esteban Flores,,"Rizzo 1st bando, Cinosi 1st violin (1968-77)",Alfredo De Angelis,Hugo Besnatti,"Osvaldo Rizzo, Alfredo Dafuncio, Carlos Cubría, Américo Pinelli ","Wenceslao Cinosi, Simón Broitman, Ángel Vilar, Germán Ojeda"
Alfredo De Angelis,Orquesta Alfredo De Angelis,8/21/1969,Qué Sapa Señor,Tango,Julian Rosales,Odeón,Tape-S,Enrique Discépolo,Enrique Santos Discépolo,,"Rizzo 1st bando, Cinosi 1st violin (1968-77)",Alfredo De Angelis,Hugo Besnatti,"Osvaldo Rizzo, Alfredo Dafuncio, Carlos Cubría, Américo Pinelli ","Wenceslao Cinosi, Simón Broitman, Ángel Vilar, Germán Ojeda"
Alfredo De Angelis,Orquesta Alfredo De Angelis,8/22/1969,Felicia,Tango,,Odeón,Tape-S,Enrique Saborido,Carlos Mauricio Pacheco,,"Rizzo 1st bando, Cinosi 1st violin (1968-77)",Alfredo De Angelis,Hugo Besnatti,"Osvaldo Rizzo, Alfredo Dafuncio, Carlos Cubría, Américo Pinelli ","Wenceslao Cinosi, Simón Broitman, Ángel Vilar, Germán Ojeda"
Alfredo De Angelis,Orquesta Alfredo De Angelis,8/22/1969,Loca Bohemia,Tango,,Odeón,Tape-S,Francisco Caro,Dante A. Linyera (Francisco Bautista Rímoli),,"Rizzo 1st bando, Cinosi 1st violin (1968-77)",Alfredo De Angelis,Hugo Besnatti,"Osvaldo Rizzo, Alfredo Dafuncio, Carlos Cubría, Américo Pinelli ","Wenceslao Cinosi, Simón Broitman, Ángel Vilar, Germán Ojeda"
Alfredo De Angelis,Orquesta Alfredo De Angelis,8/29/1969,Embrujado,Tango,Julián Rosales,Odeón,Tape-S,Fina Maldonado,Carlos Manuel Marín,,"Rizzo 1st bando, Cinosi 1st violin (1968-77)",Alfredo De Angelis,Hugo Besnatti,"Osvaldo Rizzo, Alfredo Dafuncio, Carlos Cubría, Américo Pinelli ","Wenceslao Cinosi, Simón Broitman, Ángel Vilar, Germán Ojeda"
Alfredo De Angelis,Orquesta Alfredo De Angelis,8/29/1969,Trenzas negras,Milonga Candombe,Carlos Aguirre y Julián Rosales,Odeón,Tape-S,Alfredo Angelis; Gigí De Angelis,Ricardo Otero,,"Rizzo 1st bando, Cinosi 1st violin (1968-77)",Alfredo De Angelis,Hugo Besnatti,"Osvaldo Rizzo, Alfredo Dafuncio, Carlos Cubría, Américo Pinelli ","Wenceslao Cinosi, Simón Broitman, Ángel Vilar, Germán Ojeda"
Alfredo De Angelis,Orquesta Alfredo De Angelis,12/18/1969,Una Piba Como Vos,Tango,Julián Rosales,Odeón,Tape-S,Edgardo Truffa,Dante Gilardoni,,"Rizzo 1st bando, Cinosi 1st violin (1968-77)",Alfredo De Angelis,Hugo Besnatti,"Osvaldo Rizzo, Alfredo Dafuncio, Carlos Cubría, Américo Pinelli ","Wenceslao Cinosi, Simón Broitman, Ángel Vilar, Germán Ojeda"
Alfredo De Angelis,Orquesta Alfredo De Angelis,12/18/1969,Y dicen que no es amor,Tango,Carlos Aguirre,Odeón,Tape-S,Norberto Ramos,Alfredo Dalton,,"Rizzo 1st bando, Cinosi 1st violin (1968-77)",Alfredo De Angelis,Hugo Besnatti,"Osvaldo Rizzo, Alfredo Dafuncio, Carlos Cubría, Américo Pinelli ","Wenceslao Cinosi, Simón Broitman, Ángel Vilar, Germán Ojeda"
Alfredo De Angelis,Orquesta Alfredo De Angelis,5/5/1970,Bambolino,Tango,Julian Rosales,Odeón,Tape-S,Alfredo Angelis,Isabel de Angelis,,"Rizzo 1st bando, Cinosi 1st violin (1968-77)",Alfredo De Angelis,Hugo Besnatti,"Osvaldo Rizzo, Alfredo Dafuncio, Carlos Cubría, Américo Pinelli ","Wenceslao Cinosi, Simón Broitman, Ángel Vilar, Germán Ojeda"
Alfredo De Angelis,Orquesta Alfredo De Angelis,5/5/1970,Río De Angustia,Tango,Carlos Aguirre,Odeón,Tape-S,Alberto Aguirre,Alberto Aguirre,,"Rizzo 1st bando, Cinosi 1st violin (1968-77)",Alfredo De Angelis,Hugo Besnatti,"Osvaldo Rizzo, Alfredo Dafuncio, Carlos Cubría, Américo Pinelli ","Wenceslao Cinosi, Simón Broitman, Ángel Vilar, Germán Ojeda"
Alfredo De Angelis,Orquesta Alfredo De Angelis,8/4/1970,Por un mundo distinto,Tango,Julian Rosales,Odeón,Tape-S,Roberto Pansera,Roberto Lambertucci,,"Rizzo 1st bando, Cinosi 1st violin (1968-77)",Alfredo De Angelis,Hugo Besnatti,"Osvaldo Rizzo, Alfredo Dafuncio, Carlos Cubría, Américo Pinelli ","Wenceslao Cinosi, Simón Broitman, Ángel Vilar, Germán Ojeda"
Alfredo De Angelis,Orquesta Alfredo De Angelis,8/4/1970,Sabor de adiós,Tango,Carlos Aguirre,Odeón,Tape-S,Mariano Mores,Silvio Soldán,,"Rizzo 1st bando, Cinosi 1st violin (1968-77)",Alfredo De Angelis,Hugo Besnatti,"Osvaldo Rizzo, Alfredo Dafuncio, Carlos Cubría, Américo Pinelli ","Wenceslao Cinosi, Simón Broitman, Ángel Vilar, Germán Ojeda"
Alfredo De Angelis,Orquesta Alfredo De Angelis,8/6/1970,El tango se viene con todo,Tango,Julián Rosales,Odeón,Tape-S,Vicente Demarco,C. García Dávila,,"Rizzo 1st bando, Cinosi 1st violin (1968-77)",Alfredo De Angelis,Hugo Besnatti,"Osvaldo Rizzo, Alfredo Dafuncio, Carlos Cubría, Américo Pinelli ","Wenceslao Cinosi, Simón Broitman, Ángel Vilar, Germán Ojeda"
Alfredo De Angelis,Orquesta Alfredo De Angelis,8/6/1970,Nada más mi amor,Tango,Carlos Aguirre,Odeón,Tape-S,Roberto Blanco,Eugenio Majul,,"Rizzo 1st bando, Cinosi 1st violin (1968-77)",Alfredo De Angelis,Hugo Besnatti,"Osvaldo Rizzo, Alfredo Dafuncio, Carlos Cubría, Américo Pinelli ","Wenceslao Cinosi, Simón Broitman, Ángel Vilar, Germán Ojeda"
Alfredo De Angelis,Orquesta Alfredo De Angelis,8/14/1970,En el dos mil,Tango,Carlos Aguirre,Odeón,Tape-S,Héctor Stamponi,Cátulo Castillo,,"Rizzo 1st bando, Cinosi 1st violin (1968-77)",Alfredo De Angelis,Hugo Besnatti,"Osvaldo Rizzo, Alfredo Dafuncio, Carlos Cubría, Américo Pinelli ","Wenceslao Cinosi, Simón Broitman, Ángel Vilar, Germán Ojeda"
Alfredo De Angelis,Orquesta Alfredo De Angelis,8/14/1970,No estoy solo,Tango,Julian Rosales,Odeón,Tape-S,Héctor Bisogno,Domingo Eduardo Sciaraffia,,"Rizzo 1st bando, Cinosi 1st violin (1968-77)",Alfredo De Angelis,Hugo Besnatti,"Osvaldo Rizzo, Alfredo Dafuncio, Carlos Cubría, Américo Pinelli ","Wenceslao Cinosi, Simón Broitman, Ángel Vilar, Germán Ojeda"
Alfredo De Angelis,Orquesta Alfredo De Angelis,9/1/1970,Noche de amor,Tango,Instrumental,Odeón,Tape-S,Luis Rubistein; Fernando Franco,Luis Rubistein; Fernando Franco,,"Rizzo 1st bando, Cinosi 1st violin (1968-77)",Alfredo De Angelis,Hugo Besnatti,"Osvaldo Rizzo, Alfredo Dafuncio, Carlos Cubría, Américo Pinelli ","Wenceslao Cinosi, Simón Broitman, Ángel Vilar, Germán Ojeda"
Alfredo De Angelis,Orquesta Alfredo De Angelis,9/1/1970,Sufra,Tango,Instrumental,Odeón,Tape-S,Francisco Canaro,Juan Andrés Caruso,,"Rizzo 1st bando, Cinosi 1st violin (1968-77)",Alfredo De Angelis,Hugo Besnatti,"Osvaldo Rizzo, Alfredo Dafuncio, Carlos Cubría, Américo Pinelli ","Wenceslao Cinosi, Simón Broitman, Ángel Vilar, Germán Ojeda"
Alfredo De Angelis,Orquesta Alfredo De Angelis,9/8/1970,Dichosa tú,Tango,Carlos Aguirre,Odeón,Tape-S,Edgardo Truffa; Dante Gilardoni,Edgardo Roberto Truffa; Dante Gilardoni,,"Rizzo 1st bando, Cinosi 1st violin (1968-77)",Alfredo De Angelis,Hugo Besnatti,"Osvaldo Rizzo, Alfredo Dafuncio, Carlos Cubría, Américo Pinelli ","Wenceslao Cinosi, Simón Broitman, Ángel Vilar, Germán Ojeda"
Alfredo De Angelis,Orquesta Alfredo De Angelis,9/8/1970,Señor de la amargura,Tango,Julian Rosales,Odeón,Tape-S,Bernardo Sucher,Gueñol Zelmar (Zelmar José Daniel Guegnolle),,"Rizzo 1st bando, Cinosi 1st violin (1968-77)",Alfredo De Angelis,Hugo Besnatti,"Osvaldo Rizzo, Alfredo Dafuncio, Carlos Cubría, Américo Pinelli ","Wenceslao Cinosi, Simón Broitman, Ángel Vilar, Germán Ojeda"
Alfredo De Angelis,Orquesta Alfredo De Angelis,11/23/1970,Las cuarenta,Tango,Carlos Aguirre,Odeón,Tape-S,Roberto Grela,Francisco Gorrindo,,"Rizzo 1st bando, Cinosi 1st violin (1968-77)",Alfredo De Angelis,Hugo Besnatti,"Osvaldo Rizzo, Alfredo Dafuncio, Carlos Cubría, Américo Pinelli ","Wenceslao Cinosi, Simón Broitman, Ángel Vilar, Germán Ojeda"
Alfredo De Angelis,Orquesta Alfredo De Angelis,11/23/1970,Lo Había Visto A Gardel,Tango,Julián Rosales,Odeón,Tape-S,Alfredo Angelis,José Biondi,,"Rizzo 1st bando, Cinosi 1st violin (1968-77)",Alfredo De Angelis,Hugo Besnatti,"Osvaldo Rizzo, Alfredo Dafuncio, Carlos Cubría, Américo Pinelli ","Wenceslao Cinosi, Simón Broitman, Ángel Vilar, Germán Ojeda"
Alfredo De Angelis,Orquesta Alfredo De Angelis,11/27/1970,Porteñísimo,Tango,Instrumental,Odeón,Tape-S,Miguel Caló; Aquiles Roggero,,,"Rizzo 1st bando, Cinosi 1st violin (1968-77)",Alfredo De Angelis,Hugo Besnatti,"Osvaldo Rizzo, Alfredo Dafuncio, Carlos Cubría, Américo Pinelli ","Wenceslao Cinosi, Simón Broitman, Ángel Vilar, Germán Ojeda"
Alfredo De Angelis,Orquesta Alfredo De Angelis,11/27/1970,Yo sí que la emboqué,Milonga,Carlos Aguirre y Julian Rosales,Odeón,Tape-S,Alfredo Angelis,José Biondi,,"Rizzo 1st bando, Cinosi 1st violin (1968-77)",Alfredo De Angelis,Hugo Besnatti,"Osvaldo Rizzo, Alfredo Dafuncio, Carlos Cubría, Américo Pinelli ","Wenceslao Cinosi, Simón Broitman, Ángel Vilar, Germán Ojeda"
Alfredo De Angelis,Orquesta Alfredo De Angelis,12/8/1970,Ayer escribí en el viento,Tango,Carlos Aguirre,Odeón,Tape-S,Luis Stazo,Federico Silva,,"Rizzo 1st bando, Cinosi 1st violin (1968-77)",Alfredo De Angelis,Hugo Besnatti,"Osvaldo Rizzo, Alfredo Dafuncio, Carlos Cubría, Américo Pinelli ","Wenceslao Cinosi, Simón Broitman, Ángel Vilar, Germán Ojeda"
Alfredo De Angelis,Orquesta Alfredo De Angelis,12/8/1970,Para que no me olvides,Tango,Julian Rosales,Odeón,Tape-S,Ariel González,Oscar Castro (Enrique Castro Zúñiga),,"Rizzo 1st bando, Cinosi 1st violin (1968-77)",Alfredo De Angelis,Hugo Besnatti,"Osvaldo Rizzo, Alfredo Dafuncio, Carlos Cubría, Américo Pinelli ","Wenceslao Cinosi, Simón Broitman, Ángel Vilar, Germán Ojeda"
Alfredo De Angelis,Orquesta Alfredo De Angelis,5/11/1971,Sin sol en los bolsillos,Tango,Julian Rosales,Odeón,Tape-S,Alfredo Angelis,Claudio Román,,"Rizzo 1st bando, Cinosi 1st violin (1968-77)",Alfredo De Angelis,Hugo Besnatti,"Osvaldo Rizzo, Alfredo Dafuncio, Carlos Cubría, Américo Pinelli ","Wenceslao Cinosi, Simón Broitman, Ángel Vilar, Germán Ojeda"
Alfredo De Angelis,Orquesta Alfredo De Angelis,5/11/1971,Vuelvo A Vivir Vuelvo A Cantar,Tango,Julián Rosales,Odeón,Tape-S,Billy Brige; Mya Taieb,Mya Simille (Mya Micheline Taieb); Michel Delancray,,"Rizzo 1st bando, Cinosi 1st violin (1968-77)",Alfredo De Angelis,Hugo Besnatti,"Osvaldo Rizzo, Alfredo Dafuncio, Carlos Cubría, Américo Pinelli ","Wenceslao Cinosi, Simón Broitman, Ángel Vilar, Germán Ojeda"
Alfredo De Angelis,Orquesta Alfredo De Angelis,5/17/1971,Cuál De Los Dos,Tango,Julián Rosales,Odeón,Tape-S,Luis Stazo,Enrique Cadícamo,,"Rizzo 1st bando, Cinosi 1st violin (1968-77)",Alfredo De Angelis,Hugo Besnatti,"Osvaldo Rizzo, Alfredo Dafuncio, Carlos Cubría, Américo Pinelli ","Wenceslao Cinosi, Simón Broitman, Ángel Vilar, Germán Ojeda"
Alfredo De Angelis,Orquesta Alfredo De Angelis,5/17/1971,El Choclo,Tango,,Odeón,Tape-S,Ángel Villoldo,Juan Carlos Marambio Catán; Enrique Santos Discépolo,,"Rizzo 1st bando, Cinosi 1st violin (1968-77)",Alfredo De Angelis,Hugo Besnatti,"Osvaldo Rizzo, Alfredo Dafuncio, Carlos Cubría, Américo Pinelli ","Wenceslao Cinosi, Simón Broitman, Ángel Vilar, Germán Ojeda"
Alfredo De Angelis,Orquesta Alfredo De Angelis,6/17/1971,Estoy pagando la culpa,Tango,Julian Rosales,Odeón,Tape-S,Roberto Rufino; Roberto Caló,Roberto Giménez,,"Rizzo 1st bando, Cinosi 1st violin (1968-77)",Alfredo De Angelis,Hugo Besnatti,"Osvaldo Rizzo, Alfredo Dafuncio, Carlos Cubría, Américo Pinelli ","Wenceslao Cinosi, Simón Broitman, Ángel Vilar, Germán Ojeda"
Alfredo De Angelis,Orquesta Alfredo De Angelis,6/17/1971,Historia De Amor,Tango,Carlos Aguirre,Odeón,Tape-S,Francis Lai,Carl Sigman; B. Mc Cluskey (Spanish),,"Rizzo 1st bando, Cinosi 1st violin (1968-77)",Alfredo De Angelis,Hugo Besnatti,"Osvaldo Rizzo, Alfredo Dafuncio, Carlos Cubría, Américo Pinelli ","Wenceslao Cinosi, Simón Broitman, Ángel Vilar, Germán Ojeda"
Alfredo De Angelis,Orquesta Alfredo De Angelis,6/24/1971,Novedoso,Tango,Instrumental,Odeón,Tape-S,Antonio Primo,,,"Rizzo 1st bando, Cinosi 1st violin (1968-77)",Alfredo De Angelis,Hugo Besnatti,"Osvaldo Rizzo, Alfredo Dafuncio, Carlos Cubría, Américo Pinelli ","Wenceslao Cinosi, Simón Broitman, Ángel Vilar, Germán Ojeda"
Alfredo De Angelis,Orquesta Alfredo De Angelis,6/24/1971,Sin gritar,Tango,Carlos Aguirre,Odeón,Tape-S,Marcelino Hernández; Roberto Cassinelli,"Marcelino ""Cholo"" Hernández; Roberto Cassinelli",,"Rizzo 1st bando, Cinosi 1st violin (1968-77)",Alfredo De Angelis,Hugo Besnatti,"Osvaldo Rizzo, Alfredo Dafuncio, Carlos Cubría, Américo Pinelli ","Wenceslao Cinosi, Simón Broitman, Ángel Vilar, Germán Ojeda"
Alfredo De Angelis,Orquesta Alfredo De Angelis,7/7/1971,El acorde final,Tango,Carlos Aguirre,Odeón,Tape-S,José Dames,"Oscar ""Cacho"" Valles",,"Rizzo 1st bando, Cinosi 1st violin (1968-77)",Alfredo De Angelis,Hugo Besnatti,"Osvaldo Rizzo, Alfredo Dafuncio, Carlos Cubría, Américo Pinelli ","Wenceslao Cinosi, Simón Broitman, Ángel Vilar, Germán Ojeda"
Alfredo De Angelis,Orquesta Alfredo De Angelis,7/7/1971,Somos Los Dos,Tango,Julián Rosales,Odeón,Tape-S,Juan Larenza,Cátulo Castillo,,"Rizzo 1st bando, Cinosi 1st violin (1968-77)",Alfredo De Angelis,Hugo Besnatti,"Osvaldo Rizzo, Alfredo Dafuncio, Carlos Cubría, Américo Pinelli ","Wenceslao Cinosi, Simón Broitman, Ángel Vilar, Germán Ojeda"
Alfredo De Angelis,Orquesta Alfredo De Angelis,9/8/1971,De igual a igual,Tango,Carlos Aguirre,Odeón,Tape-S,Rodolfo Sciammarella,Rodolfo Sciammarella,,"Rizzo 1st bando, Cinosi 1st violin (1968-77)",Alfredo De Angelis,Hugo Besnatti,"Osvaldo Rizzo, Alfredo Dafuncio, Carlos Cubría, Américo Pinelli ","Wenceslao Cinosi, Simón Broitman, Ángel Vilar, Germán Ojeda"
Alfredo De Angelis,Orquesta Alfredo De Angelis,9/8/1971,Leyenda india,Tango,Carlos Aguirre y Julian Rosales,Odeón,Tape-S,Gino Tombesi,Domingo Zocco,,"Rizzo 1st bando, Cinosi 1st violin (1968-77)",Alfredo De Angelis,Hugo Besnatti,"Osvaldo Rizzo, Alfredo Dafuncio, Carlos Cubría, Américo Pinelli ","Wenceslao Cinosi, Simón Broitman, Ángel Vilar, Germán Ojeda"
Alfredo De Angelis,Orquesta Alfredo De Angelis,9/8/1971,Mi Madre Querida,Tango,Carlos Aguirre,Odeón,Tape-S,Jack Yellen; Lew Pollack,Jack Yellen,,"Rizzo 1st bando, Cinosi 1st violin (1968-77)",Alfredo De Angelis,Hugo Besnatti,"Osvaldo Rizzo, Alfredo Dafuncio, Carlos Cubría, Américo Pinelli ","Wenceslao Cinosi, Simón Broitman, Ángel Vilar, Germán Ojeda"
Alfredo De Angelis,Orquesta Alfredo De Angelis,4/25/1972,A un gran amor,Tango,Carlos Aguirre,Odeón,Tape-S,Wenceslao Cinosi,Carlos Antonio Russo,,"Rizzo 1st bando, Cinosi 1st violin (1968-77)",Alfredo De Angelis,Hugo Besnatti,"Osvaldo Rizzo, Alfredo Dafuncio, Carlos Cubría, Américo Pinelli ","Wenceslao Cinosi, Simón Broitman, Ángel Vilar, Germán Ojeda"
Alfredo De Angelis,Orquesta Alfredo De Angelis,4/25/1972,Filsofía de cantor,Tango,Julián Rosales,Odeón,Tape-S,Dante Gilardoni,Edgardo Roberto Truffa,,"Rizzo 1st bando, Cinosi 1st violin (1968-77)",Alfredo De Angelis,Hugo Besnatti,"Osvaldo Rizzo, Alfredo Dafuncio, Carlos Cubría, Américo Pinelli ","Wenceslao Cinosi, Simón Broitman, Ángel Vilar, Germán Ojeda"
Alfredo De Angelis,Orquesta Alfredo De Angelis,5/23/1972,Estoy Contando Los Días,Tango,Julián Rosales,Odeón,Tape-S,Juan Speciali,Chito Galindo (Juan Carlos Speciali),,"Rizzo 1st bando, Cinosi 1st violin (1968-77)",Alfredo De Angelis,Hugo Besnatti,"Osvaldo Rizzo, Alfredo Dafuncio, Carlos Cubría, Américo Pinelli ","Wenceslao Cinosi, Simón Broitman, Ángel Vilar, Germán Ojeda"
Alfredo De Angelis,Orquesta Alfredo De Angelis,5/23/1972,La comparsa argentina,Tango,Instrumental,Odeón,Tape-S,José Dames; Rodolfo Forte,Líber Locascio,,"Rizzo 1st bando, Cinosi 1st violin (1968-77)",Alfredo De Angelis,Hugo Besnatti,"Osvaldo Rizzo, Alfredo Dafuncio, Carlos Cubría, Américo Pinelli ","Wenceslao Cinosi, Simón Broitman, Ángel Vilar, Germán Ojeda"
Alfredo De Angelis,Orquesta Alfredo De Angelis,6/21/1972,Con la flor que tú me diste,Vals,Carlos Aguirre y Julian Rosales,Odeón,Tape-S,Isabel Angelis,Claudio Román,,"Rizzo 1st bando, Cinosi 1st violin (1968-77)",Alfredo De Angelis,Hugo Besnatti,"Osvaldo Rizzo, Alfredo Dafuncio, Carlos Cubría, Américo Pinelli ","Wenceslao Cinosi, Simón Broitman, Ángel Vilar, Germán Ojeda"
Alfredo De Angelis,Orquesta Alfredo De Angelis,7/18/1972,Paciencia,Tango,Carlos Aguirre,Odeón,Tape-S,Juan D'Arienzo,Francisco Gorrindo,,"Rizzo 1st bando, Cinosi 1st violin (1968-77)",Alfredo De Angelis,Hugo Besnatti,"Osvaldo Rizzo, Alfredo Dafuncio, Carlos Cubría, Américo Pinelli ","Wenceslao Cinosi, Simón Broitman, Ángel Vilar, Germán Ojeda"
Alfredo De Angelis,Orquesta Alfredo De Angelis,7/18/1972,Singular,Tango,Instrumental,Odeón,Tape-S,Emilio Cabrera,,,"Rizzo 1st bando, Cinosi 1st violin (1968-77)",Alfredo De Angelis,Hugo Besnatti,"Osvaldo Rizzo, Alfredo Dafuncio, Carlos Cubría, Américo Pinelli ","Wenceslao Cinosi, Simón Broitman, Ángel Vilar, Germán Ojeda"
Alfredo De Angelis,Orquesta Alfredo De Angelis,8/3/1972,Amor En Voz Baja,Tango,Julián Rosales,Odeón,Tape-S,Nino Rota,Larry Kusik,,"Rizzo 1st bando, Cinosi 1st violin (1968-77)",Alfredo De Angelis,Hugo Besnatti,"Osvaldo Rizzo, Alfredo Dafuncio, Carlos Cubría, Américo Pinelli ","Wenceslao Cinosi, Simón Broitman, Ángel Vilar, Germán Ojeda"
Alfredo De Angelis,Orquesta Alfredo De Angelis,8/3/1972,Hanon en tango,Tango,Instrumental,Odeón,Tape-S,Alfredo De Angelis; Alfredo Franco; Juan Pomati,Juan Pomati,,"Rizzo 1st bando, Cinosi 1st violin (1968-77)",Alfredo De Angelis,Hugo Besnatti,"Osvaldo Rizzo, Alfredo Dafuncio, Carlos Cubría, Américo Pinelli ","Wenceslao Cinosi, Simón Broitman, Ángel Vilar, Germán Ojeda"
Alfredo De Angelis,Orquesta Alfredo De Angelis,8/7/1972,Con historia,Milonga,Instrumental,Odeón,Tape-S,Alfredo De Angelis; Orlando Calautti,,,"Rizzo 1st bando, Cinosi 1st violin (1968-77)",Alfredo De Angelis,Hugo Besnatti,"Osvaldo Rizzo, Alfredo Dafuncio, Carlos Cubría, Américo Pinelli ","Wenceslao Cinosi, Simón Broitman, Ángel Vilar, Germán Ojeda"
Alfredo De Angelis,Orquesta Alfredo De Angelis,8/7/1972,Sorpresa,Tango,Carlos Aguirre y Julian Rosales,Odeón,Tape-S,Miguel Tanga,Juan B. Giliberti,,"Rizzo 1st bando, Cinosi 1st violin (1968-77)",Alfredo De Angelis,Hugo Besnatti,"Osvaldo Rizzo, Alfredo Dafuncio, Carlos Cubría, Américo Pinelli ","Wenceslao Cinosi, Simón Broitman, Ángel Vilar, Germán Ojeda"
Alfredo De Angelis,Orquesta Alfredo De Angelis,8/18/1972,La Mariposa,Tango,,Odeón,Tape-S,Pedro Maffia,Celedonio Esteban Flores,,"Rizzo 1st bando, Cinosi 1st violin (1968-77)",Alfredo De Angelis,Hugo Besnatti,"Osvaldo Rizzo, Alfredo Dafuncio, Carlos Cubría, Américo Pinelli ","Wenceslao Cinosi, Simón Broitman, Ángel Vilar, Germán Ojeda"
Alfredo De Angelis,Orquesta Alfredo De Angelis,8/18/1972,La noche tiene ojos negros,Tango,Carlos Aguirre,Odeón,Tape-S,Miguel Monteros,Robby (Roberto Patricio O'Durnin),,"Rizzo 1st bando, Cinosi 1st violin (1968-77)",Alfredo De Angelis,Hugo Besnatti,"Osvaldo Rizzo, Alfredo Dafuncio, Carlos Cubría, Américo Pinelli ","Wenceslao Cinosi, Simón Broitman, Ángel Vilar, Germán Ojeda"
Alfredo De Angelis,Orquesta Alfredo De Angelis,8/13/1973,Estoy en la plaza tirado,Tango,Carlos Aguirre,Odeón,Tape-S,Isabel De Angelis,Claudio Román,,"Rizzo 1st bando, Cinosi 1st violin (1968-77)",Alfredo De Angelis,Hugo Besnatti,"Osvaldo Rizzo, Alfredo Dafuncio, Carlos Cubría, Américo Pinelli ","Wenceslao Cinosi, Simón Broitman, Ángel Vilar, Germán Ojeda"
Alfredo De Angelis,Orquesta Alfredo De Angelis,8/13/1973,Me Olvidé de tu Nombre,Tango,Carlos Aguirre,Odeón,Tape-S,Rodolfo Giménez,Enrique Espinosa,,"Rizzo 1st bando, Cinosi 1st violin (1968-77)",Alfredo De Angelis,Hugo Besnatti,"Osvaldo Rizzo, Alfredo Dafuncio, Carlos Cubría, Américo Pinelli ","Wenceslao Cinosi, Simón Broitman, Ángel Vilar, Germán Ojeda"
Alfredo De Angelis,Orquesta Alfredo De Angelis,9/17/1973,Mamá vieja,Vals,Carlos Aguirre y Julián Rosales,Odeón,Tape-S,Juan Larenza,Lito Bayardo,,"Rizzo 1st bando, Cinosi 1st violin (1968-77)",Alfredo De Angelis,Hugo Besnatti,"Osvaldo Rizzo, Alfredo Dafuncio, Carlos Cubría, Américo Pinelli ","Wenceslao Cinosi, Simón Broitman, Ángel Vilar, Germán Ojeda"
Alfredo De Angelis,Orquesta Alfredo De Angelis,10/11/1973,Ausencia,Vals,Carlos Gardel,Odeón,Tape-S,Carlos Gardel; José Razzano,Francisco Nicolás Bianco,,"Rizzo 1st bando, Cinosi 1st violin (1968-77)",Alfredo De Angelis,Hugo Besnatti,"Osvaldo Rizzo, Alfredo Dafuncio, Carlos Cubría, Américo Pinelli ","Wenceslao Cinosi, Simón Broitman, Ángel Vilar, Germán Ojeda"
Alfredo De Angelis,Orquesta Alfredo De Angelis,10/11/1973,Melodía de arrabal,Tango,Carlos Gardel,Odeón,Tape-S,Carlos Gardel,Alfredo Le Pera; Mario Battistella,,"Rizzo 1st bando, Cinosi 1st violin (1968-77)",Alfredo De Angelis,Hugo Besnatti,"Osvaldo Rizzo, Alfredo Dafuncio, Carlos Cubría, Américo Pinelli ","Wenceslao Cinosi, Simón Broitman, Ángel Vilar, Germán Ojeda"
Alfredo De Angelis,Orquesta Alfredo De Angelis,10/25/1973,Esta noche me emborracho,Tango,Carlos Gardel,Odeón,Tape-S,Enrique Discépolo,Enrique Santos Discépolo,,"Rizzo 1st bando, Cinosi 1st violin (1968-77)",Alfredo De Angelis,Hugo Besnatti,"Osvaldo Rizzo, Alfredo Dafuncio, Carlos Cubría, Américo Pinelli ","Wenceslao Cinosi, Simón Broitman, Ángel Vilar, Germán Ojeda"
Alfredo De Angelis,Orquesta Alfredo De Angelis,10/25/1973,Yira... Yira...,Tango,Carlos Gardel,Odeón,Tape-S,Enrique Discépolo,Enrique Santos Discépolo,,"Rizzo 1st bando, Cinosi 1st violin (1968-77)",Alfredo De Angelis,Hugo Besnatti,"Osvaldo Rizzo, Alfredo Dafuncio, Carlos Cubría, Américo Pinelli ","Wenceslao Cinosi, Simón Broitman, Ángel Vilar, Germán Ojeda"
Alfredo De Angelis,Orquesta Alfredo De Angelis,11/8/1973,"Adiós, muchachos",Tango,Carlos Gardel,Odeón,Tape-S,Julio Sanders,César Felipe Vedani; Carol Raven,,"Rizzo 1st bando, Cinosi 1st violin (1968-77)",Alfredo De Angelis,Hugo Besnatti,"Osvaldo Rizzo, Alfredo Dafuncio, Carlos Cubría, Américo Pinelli ","Wenceslao Cinosi, Simón Broitman, Ángel Vilar, Germán Ojeda"
Alfredo De Angelis,Orquesta Alfredo De Angelis,11/8/1973,La cumparsita ,Tango,Carlos Gardel,Odeón,Tape-S,Gerardo Rodríguez,Pascual Contursi; Enrique Pedro Maroni,,"Rizzo 1st bando, Cinosi 1st violin (1968-77)",Alfredo De Angelis,Hugo Besnatti,"Osvaldo Rizzo, Alfredo Dafuncio, Carlos Cubría, Américo Pinelli ","Wenceslao Cinosi, Simón Broitman, Ángel Vilar, Germán Ojeda"
Alfredo De Angelis,Orquesta Alfredo De Angelis,11/13/1973,Alma en pena,Tango,Carlos Gardel,Odeón,Tape-S,Anselmo Aieta,Francisco García Jiménez,,"Rizzo 1st bando, Cinosi 1st violin (1968-77)",Alfredo De Angelis,Hugo Besnatti,"Osvaldo Rizzo, Alfredo Dafuncio, Carlos Cubría, Américo Pinelli ","Wenceslao Cinosi, Simón Broitman, Ángel Vilar, Germán Ojeda"
Alfredo De Angelis,Orquesta Alfredo De Angelis,11/13/1973,Nelly,Vals,Carlos Gardel,Odeón,Tape-S,Héctor Bates,Luis Jorge Bates,,"Rizzo 1st bando, Cinosi 1st violin (1968-77)",Alfredo De Angelis,Hugo Besnatti,"Osvaldo Rizzo, Alfredo Dafuncio, Carlos Cubría, Américo Pinelli ","Wenceslao Cinosi, Simón Broitman, Ángel Vilar, Germán Ojeda"
Alfredo De Angelis,Orquesta Alfredo De Angelis,11/27/1973,Palermo,Tango,Carlos Gardel,Odeón,Tape-S,Enrique Delfino,Juan Villalba; Hermido Braga (Domingo Herminio Bragagnolo),,"Rizzo 1st bando, Cinosi 1st violin (1968-77)",Alfredo De Angelis,Hugo Besnatti,"Osvaldo Rizzo, Alfredo Dafuncio, Carlos Cubría, Américo Pinelli ","Wenceslao Cinosi, Simón Broitman, Ángel Vilar, Germán Ojeda"
Alfredo De Angelis,Orquesta Alfredo De Angelis,11/27/1973,Siga el corso,Tango,Carlos Gardel,Odeón,Tape-S,Anselmo Aieta,Francisco García Jiménez,,"Rizzo 1st bando, Cinosi 1st violin (1968-77)",Alfredo De Angelis,Hugo Besnatti,"Osvaldo Rizzo, Alfredo Dafuncio, Carlos Cubría, Américo Pinelli ","Wenceslao Cinosi, Simón Broitman, Ángel Vilar, Germán Ojeda"
Alfredo De Angelis,Orquesta Alfredo De Angelis,11/30/1973,Duelo criollo,Tango,Carlos Gardel,Odeón,Tape-S,Juan Rezzano,Lito Bayardo (Manuel Juan García),,"Rizzo 1st bando, Cinosi 1st violin (1968-77)",Alfredo De Angelis,Hugo Besnatti,"Osvaldo Rizzo, Alfredo Dafuncio, Carlos Cubría, Américo Pinelli ","Wenceslao Cinosi, Simón Broitman, Ángel Vilar, Germán Ojeda"
Alfredo De Angelis,Orquesta Alfredo De Angelis,4/3/1974,Por la vuelta,Tango,Julián Rosales,Odeón,Tape-S,José Tinelli,Enrique Cadícamo,,"Rizzo 1st bando, Cinosi 1st violin (1968-77)",Alfredo De Angelis,Hugo Besnatti,"Osvaldo Rizzo, Alfredo Dafuncio, Carlos Cubría, Américo Pinelli ","Wenceslao Cinosi, Simón Broitman, Ángel Vilar, Germán Ojeda"
Alfredo De Angelis,Orquesta Alfredo De Angelis,4/3/1974,Vida Mía,Tango,Julián Rosales,Odeón,Tape-S,Osvaldo Fresedo,Emilio Augusto Oscar Fresedo,,"Rizzo 1st bando, Cinosi 1st violin (1968-77)",Alfredo De Angelis,Hugo Besnatti,"Osvaldo Rizzo, Alfredo Dafuncio, Carlos Cubría, Américo Pinelli ","Wenceslao Cinosi, Simón Broitman, Ángel Vilar, Germán Ojeda"
Alfredo De Angelis,Orquesta Alfredo De Angelis,4/19/1974,De puro curda,Tango,Carlos Aguirre,Odeón,Tape-S,Carlos Olmedo,Abel Mariano Aznar; Campos Hugo Di Carlo,,"Rizzo 1st bando, Cinosi 1st violin (1968-77)",Alfredo De Angelis,Hugo Besnatti,"Osvaldo Rizzo, Alfredo Dafuncio, Carlos Cubría, Américo Pinelli ","Wenceslao Cinosi, Simón Broitman, Ángel Vilar, Germán Ojeda"
Alfredo De Angelis,Orquesta Alfredo De Angelis,4/19/1974,La Yumba,Tango,Instrumental,Odeón,Tape-S,Osvaldo Pugliese,,,"Rizzo 1st bando, Cinosi 1st violin (1968-77)",Alfredo De Angelis,Hugo Besnatti,"Osvaldo Rizzo, Alfredo Dafuncio, Carlos Cubría, Américo Pinelli ","Wenceslao Cinosi, Simón Broitman, Ángel Vilar, Germán Ojeda"
Alfredo De Angelis,Orquesta Alfredo De Angelis,4/26/1974,El Torito,Milonga,,Odeón,Tape-S,Ángel Villoldo,Carlos Pesce; Antonio Polito,,"Rizzo 1st bando, Cinosi 1st violin (1968-77)",Alfredo De Angelis,Hugo Besnatti,"Osvaldo Rizzo, Alfredo Dafuncio, Carlos Cubría, Américo Pinelli ","Wenceslao Cinosi, Simón Broitman, Ángel Vilar, Germán Ojeda"
Alfredo De Angelis,Orquesta Alfredo De Angelis,4/26/1974,Lágrimas y sonrisas,Vals,,Odeón,Tape-S,Pascual Gullo,Francisco Gullo (Pascual De Gullo),,"Rizzo 1st bando, Cinosi 1st violin (1968-77)",Alfredo De Angelis,Hugo Besnatti,"Osvaldo Rizzo, Alfredo Dafuncio, Carlos Cubría, Américo Pinelli ","Wenceslao Cinosi, Simón Broitman, Ángel Vilar, Germán Ojeda"
Alfredo De Angelis,Orquesta Alfredo De Angelis,8/23/1974,Malevaje,Tango,Carlos Gardel,Odeón,Tape-S,Juan Filiberto,Enrique Santos Discépolo,,"Rizzo 1st bando, Cinosi 1st violin (1968-77)",Alfredo De Angelis,Hugo Besnatti,"Osvaldo Rizzo, Alfredo Dafuncio, Carlos Cubría, Américo Pinelli ","Wenceslao Cinosi, Simón Broitman, Ángel Vilar, Germán Ojeda"
Alfredo De Angelis,Orquesta Alfredo De Angelis,8/23/1974,Muñeca brava,Tango,Carlos Gardel,Odeón,Tape-S,Luis Visca,Enrique Cadícamo,,"Rizzo 1st bando, Cinosi 1st violin (1968-77)",Alfredo De Angelis,Hugo Besnatti,"Osvaldo Rizzo, Alfredo Dafuncio, Carlos Cubría, Américo Pinelli ","Wenceslao Cinosi, Simón Broitman, Ángel Vilar, Germán Ojeda"
Alfredo De Angelis,Orquesta Alfredo De Angelis,8/23/1974,Rosas de abril,Vals,Carlos Gardel,Odeón,Tape-S,Rafael Rossi,Eugenio Cárdenas,,"Rizzo 1st bando, Cinosi 1st violin (1968-77)",Alfredo De Angelis,Hugo Besnatti,"Osvaldo Rizzo, Alfredo Dafuncio, Carlos Cubría, Américo Pinelli ","Wenceslao Cinosi, Simón Broitman, Ángel Vilar, Germán Ojeda"
Alfredo De Angelis,Orquesta Alfredo De Angelis,8/28/1974,Almagro,Tango,Carlos Gardel,Odeón,Tape-S,Vicente Lorenzo,Antonio Polito (Ángel Timarni),,"Rizzo 1st bando, Cinosi 1st violin (1968-77)",Alfredo De Angelis,Hugo Besnatti,"Osvaldo Rizzo, Alfredo Dafuncio, Carlos Cubría, Américo Pinelli ","Wenceslao Cinosi, Simón Broitman, Ángel Vilar, Germán Ojeda"
Alfredo De Angelis,Orquesta Alfredo De Angelis,8/28/1974,Giusepe el zapatero ,Tango,Carlos Gardel,Odeón,Tape-S,Guillermo Ciancio,Guillermo Del Ciancio,,"Rizzo 1st bando, Cinosi 1st violin (1968-77)",Alfredo De Angelis,Hugo Besnatti,"Osvaldo Rizzo, Alfredo Dafuncio, Carlos Cubría, Américo Pinelli ","Wenceslao Cinosi, Simón Broitman, Ángel Vilar, Germán Ojeda"
Alfredo De Angelis,Orquesta Alfredo De Angelis,8/28/1974,Rosas de abril,Vals,Carlos Gardel,Odeón,Tape-S,Rafael Rossi,Eugenio Cárdenas,,"Rizzo 1st bando, Cinosi 1st violin (1968-77)",Alfredo De Angelis,Hugo Besnatti,"Osvaldo Rizzo, Alfredo Dafuncio, Carlos Cubría, Américo Pinelli ","Wenceslao Cinosi, Simón Broitman, Ángel Vilar, Germán Ojeda"
Alfredo De Angelis,Orquesta Alfredo De Angelis,8/29/1974,Íntimas,Tango,Carlos Gardel,Odeón,Tape-S,Alfonso Lacueva,Ricardo Luis Brignolo,,"Rizzo 1st bando, Cinosi 1st violin (1968-77)",Alfredo De Angelis,Hugo Besnatti,"Osvaldo Rizzo, Alfredo Dafuncio, Carlos Cubría, Américo Pinelli ","Wenceslao Cinosi, Simón Broitman, Ángel Vilar, Germán Ojeda"
Alfredo De Angelis,Orquesta Alfredo De Angelis,9/4/1974,Tomo y obligo,Tango,Carlos Gardel,Odeón,Tape-S,Carlos Gardel,Manuel Romero,,"Rizzo 1st bando, Cinosi 1st violin (1968-77)",Alfredo De Angelis,Hugo Besnatti,"Osvaldo Rizzo, Alfredo Dafuncio, Carlos Cubría, Américo Pinelli ","Wenceslao Cinosi, Simón Broitman, Ángel Vilar, Germán Ojeda"
Alfredo De Angelis,Orquesta Alfredo De Angelis,9/4/1974,Viejo smoking,Tango,Carlos Gardel,Odeón,Tape-S,Guillermo Barbieri,Celedonio Esteban Flores,,"Rizzo 1st bando, Cinosi 1st violin (1968-77)",Alfredo De Angelis,Hugo Besnatti,"Osvaldo Rizzo, Alfredo Dafuncio, Carlos Cubría, Américo Pinelli ","Wenceslao Cinosi, Simón Broitman, Ángel Vilar, Germán Ojeda"
Alfredo De Angelis,Orquesta Alfredo De Angelis,9/6/1974,Si soy así!...,Tango,Carlos Gardel,Odeón,Tape-S,Francisco Lomuto,Antonio Botta,,"Rizzo 1st bando, Cinosi 1st violin (1968-77)",Alfredo De Angelis,Hugo Besnatti,"Osvaldo Rizzo, Alfredo Dafuncio, Carlos Cubría, Américo Pinelli ","Wenceslao Cinosi, Simón Broitman, Ángel Vilar, Germán Ojeda"
Alfredo De Angelis,Orquesta Alfredo De Angelis,9/6/1974,Viejo jardín,Vals,Carlos Gardel,Odeón,Tape-S,Francisco Ceraso,Virgilio San Clemente,,"Rizzo 1st bando, Cinosi 1st violin (1968-77)",Alfredo De Angelis,Hugo Besnatti,"Osvaldo Rizzo, Alfredo Dafuncio, Carlos Cubría, Américo Pinelli ","Wenceslao Cinosi, Simón Broitman, Ángel Vilar, Germán Ojeda"
Alfredo De Angelis,Orquesta Alfredo De Angelis,9/13/1974,Chorra,Tango,Carlos Gardel,Odeón,Tape-S,Enrique Discépolo,Enrique Santos Discépolo,,"Rizzo 1st bando, Cinosi 1st violin (1968-77)",Alfredo De Angelis,Hugo Besnatti,"Osvaldo Rizzo, Alfredo Dafuncio, Carlos Cubría, Américo Pinelli ","Wenceslao Cinosi, Simón Broitman, Ángel Vilar, Germán Ojeda"
Alfredo De Angelis,Orquesta Alfredo De Angelis,9/13/1974,Cualquier cosa,Tango,Carlos Gardel,Odeón,Tape-S,Herminia Rossano; Juan Velich,Herminia Adela Velich de Rossano; Juan Miguel Velich,,"Rizzo 1st bando, Cinosi 1st violin (1968-77)",Alfredo De Angelis,Hugo Besnatti,"Osvaldo Rizzo, Alfredo Dafuncio, Carlos Cubría, Américo Pinelli ","Wenceslao Cinosi, Simón Broitman, Ángel Vilar, Germán Ojeda"
Alfredo De Angelis,Orquesta Alfredo De Angelis,9/17/1976,Cornetín,Tango,Instrumental,Odeón,Tape-S,Pedro Maffia,Homero Manzi; Cátulo Castillo,,"Rizzo 1st bando, Cinosi 1st violin (1968-77)",Alfredo De Angelis,Hugo Besnatti,"Osvaldo Rizzo, Alfredo Dafuncio, Carlos Cubría, Américo Pinelli ","Wenceslao Cinosi, Simón Broitman, Ángel Vilar, Germán Ojeda"
Alfredo De Angelis,Orquesta Alfredo De Angelis,9/17/1976,Lunes,Tango,Isabel De Angelis,Odeón,Tape-S,José Padula,Francisco García Jiménez,,"Rizzo 1st bando, Cinosi 1st violin (1968-77)",Alfredo De Angelis,Hugo Besnatti,"Osvaldo Rizzo, Alfredo Dafuncio, Carlos Cubría, Américo Pinelli ","Wenceslao Cinosi, Simón Broitman, Ángel Vilar, Germán Ojeda"
Alfredo De Angelis,Orquesta Alfredo De Angelis,9/17/1976,Se dice de mí,Milonga,Isabel De Angelis,Odeón,Tape-S,Francisco Canaro,Ivo Pelay,,"Rizzo 1st bando, Cinosi 1st violin (1968-77)",Alfredo De Angelis,Hugo Besnatti,"Osvaldo Rizzo, Alfredo Dafuncio, Carlos Cubría, Américo Pinelli ","Wenceslao Cinosi, Simón Broitman, Ángel Vilar, Germán Ojeda"
Alfredo De Angelis,Orquesta Alfredo De Angelis,9/24/1976,Cambalache,Tango,Isabel De Angelis,Odeón,Tape-S,Enrique Discépolo,Enrique Santos Discépolo,,"Rizzo 1st bando, Cinosi 1st violin (1968-77)",Alfredo De Angelis,Hugo Besnatti,"Osvaldo Rizzo, Alfredo Dafuncio, Carlos Cubría, Américo Pinelli ","Wenceslao Cinosi, Simón Broitman, Ángel Vilar, Germán Ojeda"
Alfredo De Angelis,Orquesta Alfredo De Angelis,9/24/1976,Canaro En París,Tango,,Odeón,Tape-S,Alejandro Scarpino; Juan Caldarella,José Antonio Scarpino,,"Rizzo 1st bando, Cinosi 1st violin (1968-77)",Alfredo De Angelis,Hugo Besnatti,"Osvaldo Rizzo, Alfredo Dafuncio, Carlos Cubría, Américo Pinelli ","Wenceslao Cinosi, Simón Broitman, Ángel Vilar, Germán Ojeda"
Alfredo De Angelis,Orquesta Alfredo De Angelis,9/24/1976,Pero no vienes,Tango,Carlos Aguirre,Odeón,Tape-S,Alfredo Franco,Alfredo Juan Acerenza,,"Rizzo 1st bando, Cinosi 1st violin (1968-77)",Alfredo De Angelis,Hugo Besnatti,"Osvaldo Rizzo, Alfredo Dafuncio, Carlos Cubría, Américo Pinelli ","Wenceslao Cinosi, Simón Broitman, Ángel Vilar, Germán Ojeda"
Alfredo De Angelis,Orquesta Alfredo De Angelis,9/24/1976,Por una cabeza,Tango,Carlos Aguirre,Odeón,Tape-S,Carlos Gardel,Alfredo Le Pera,,"Rizzo 1st bando, Cinosi 1st violin (1968-77)",Alfredo De Angelis,Hugo Besnatti,"Osvaldo Rizzo, Alfredo Dafuncio, Carlos Cubría, Américo Pinelli ","Wenceslao Cinosi, Simón Broitman, Ángel Vilar, Germán Ojeda"
Alfredo De Angelis,Orquesta Alfredo De Angelis,1/21/1977,Así se baila el tango,Tango,Isabel De Angelis,Odeón,Tape-S,Elías Randal,Marvil (Elizardo Martínez Vilas),,"Rizzo 1st bando, Cinosi 1st violin (1968-77)",Alfredo De Angelis,Hugo Besnatti,"Carlos Cubría, Américo Pinelli, Julio Pizzorni, Benigno Noval","Wenceslao Cinosi, Ángel Vilar, Simón Broitman, Germán Ojeda"
Alfredo De Angelis,Orquesta Alfredo De Angelis,1/21/1977,El día que me quieras,Tango,Ruben Amendola,Odeón,Tape-S,Carlos Gardel,Alfredo Le Pera,,"Rizzo 1st bando, Cinosi 1st violin (1968-77)",Alfredo De Angelis,Hugo Besnatti,"Carlos Cubría, Américo Pinelli, Julio Pizzorni, Benigno Noval","Wenceslao Cinosi, Ángel Vilar, Simón Broitman, Germán Ojeda"
Alfredo De Angelis,Orquesta Alfredo De Angelis,1/21/1977,En tu pecho muere una rosa,Tango,Ruben Amendola,Odeón,Tape-S,Alfredo Angelis,Elizardo Martínez Vilas,,"Rizzo 1st bando, Cinosi 1st violin (1968-77)",Alfredo De Angelis,Hugo Besnatti,"Carlos Cubría, Américo Pinelli, Julio Pizzorni, Benigno Noval","Wenceslao Cinosi, Ángel Vilar, Simón Broitman, Germán Ojeda"
Alfredo De Angelis,Orquesta Alfredo De Angelis,1/21/1977,Tecleando,Tango,Instrumental,Odeón,Tape-S,Carlos Figari,,,"Rizzo 1st bando, Cinosi 1st violin (1968-77)",Alfredo De Angelis,Hugo Besnatti,"Carlos Cubría, Américo Pinelli, Julio Pizzorni, Benigno Noval","Wenceslao Cinosi, Ángel Vilar, Simón Broitman, Germán Ojeda"
Alfredo De Angelis,Orquesta Alfredo De Angelis,1980-00-00,Alas azules,Tango,,Microfón,Tape-S,Alfredo Angelis,"Isabel ""Gigi"" de Angelis",,Microfón + Columbia (1980-85),Alfredo De Angelis,Mario Montagna,"Ángel Di Giovanni, Nicolás Paracino, Oscar Barrios, Héctor Silva, Gigí De Angelis (electric organ)","Eduardo Massara, Rodolfo Defino, Miguel Taboada, Luis Paz "
Alfredo De Angelis,Orquesta Alfredo De Angelis,1980-00-00,Alma de bohemio,Tango,,Microfón,Tape-S,Roberto Firpo,Juan Andrés Caruso,,Microfón + Columbia (1980-85),Alfredo De Angelis,Mario Montagna,"Ángel Di Giovanni, Nicolás Paracino, Oscar Barrios, Héctor Silva, Gigí De Angelis (electric organ)","Eduardo Massara, Rodolfo Defino, Miguel Taboada, Luis Paz "
Alfredo De Angelis,Orquesta Alfredo De Angelis,1980-00-00,Amor y baile,Milonga,,Microfón,Tape-S,Alfredo Angelis; Rodolfo Forte,Alberto Losavio,,Microfón + Columbia (1980-85),Alfredo De Angelis,Mario Montagna,"Ángel Di Giovanni, Nicolás Paracino, Oscar Barrios, Héctor Silva, Gigí De Angelis (electric organ)","Eduardo Massara, Rodolfo Defino, Miguel Taboada, Luis Paz "
Alfredo De Angelis,Orquesta Alfredo De Angelis,1980-00-00,Comme il faut,Tango,,Microfón,Tape-S,Eduardo Arolas,Gabriel Clausi,,Microfón + Columbia (1980-85),Alfredo De Angelis,Mario Montagna,"Ángel Di Giovanni, Nicolás Paracino, Oscar Barrios, Héctor Silva, Gigí De Angelis (electric organ)","Eduardo Massara, Rodolfo Defino, Miguel Taboada, Luis Paz "
Alfredo De Angelis,Orquesta Alfredo De Angelis,1980-00-00,Corazón de oro,Vals,,Microfón,Tape-S,Francisco Canaro,Jesús Fernández Blanco,,Microfón + Columbia (1980-85),Alfredo De Angelis,Mario Montagna,"Ángel Di Giovanni, Nicolás Paracino, Oscar Barrios, Héctor Silva, Gigí De Angelis (electric organ)","Eduardo Massara, Rodolfo Defino, Miguel Taboada, Luis Paz "
Alfredo De Angelis,Orquesta Alfredo De Angelis,1980-00-00,Esta noche,Tango,Carlos Boledi,Microfón,Tape-S,Carlos Marcucci,Lito Bayardo,,Microfón + Columbia (1980-85),Alfredo De Angelis,Mario Montagna,"Ángel Di Giovanni, Nicolás Paracino, Oscar Barrios, Héctor Silva, Gigí De Angelis (electric organ)","Eduardo Massara, Rodolfo Defino, Miguel Taboada, Luis Paz "
Alfredo De Angelis,Orquesta Alfredo De Angelis,1980-00-00,Mi refugio,Tango,,Microfón,Tape-S,Juan Cobián,Pedro Numa Córdoba,,Microfón + Columbia (1980-85),Alfredo De Angelis,Mario Montagna,"Ángel Di Giovanni, Nicolás Paracino, Oscar Barrios, Héctor Silva, Gigí De Angelis (electric organ)","Eduardo Massara, Rodolfo Defino, Miguel Taboada, Luis Paz "
Alfredo De Angelis,Orquesta Alfredo De Angelis,1980-00-00,Pollito picarón,Milonga,Carlos Boledi y Gigí De Angelis,Microfón,Tape-S,Isabel Angelis,Gino Tombesi,,Microfón + Columbia (1980-85),Alfredo De Angelis,Mario Montagna,"Ángel Di Giovanni, Nicolás Paracino, Oscar Barrios, Héctor Silva, Gigí De Angelis (electric organ)","Eduardo Massara, Rodolfo Defino, Miguel Taboada, Luis Paz "
Alfredo De Angelis,Orquesta Alfredo De Angelis,1980-00-00,Rodríguez Peña,Tango,,Microfón,Tape-S,Vicente Greco,Ernesto Temes (Julián Porteño); Juan Miguel Velich; Rafael (Ralph) Velich,,Microfón + Columbia (1980-85),Alfredo De Angelis,Mario Montagna,"Ángel Di Giovanni, Nicolás Paracino, Oscar Barrios, Héctor Silva, Gigí De Angelis (electric organ)","Eduardo Massara, Rodolfo Defino, Miguel Taboada, Luis Paz "
Alfredo De Angelis,Orquesta Alfredo De Angelis,1980-00-00,Tachero de mi ciudad,Tango,Gigí De Angelis,Microfón,Tape-S,Alfredo Angelis,Alberto Lago,,Microfón + Columbia (1980-85),Alfredo De Angelis,Mario Montagna,"Ángel Di Giovanni, Nicolás Paracino, Oscar Barrios, Héctor Silva, Gigí De Angelis (electric organ)","Eduardo Massara, Rodolfo Defino, Miguel Taboada, Luis Paz "
Alfredo De Angelis,Orquesta Alfredo De Angelis,1981-00-00,Bolita cola,Tango,,Columbia,Tape-S,Domingo Armendano,Gino Tombesi,,Microfón + Columbia (1980-85),Alfredo De Angelis,Mario Montagna,"Ángel Di Giovanni, Nicolás Paracino, Oscar Barrios, Héctor Silva, Gigí De Angelis (electric organ)","Eduardo Massara, Rodolfo Defino, Miguel Taboada, Luis Paz "
Alfredo De Angelis,Orquesta Alfredo De Angelis,1981-00-00,Cabecita descocada,Tango,Rubén Linares,Columbia,Tape-S,Luis Olivel,Marvil (Elizardo Martínez Vilas),,Microfón + Columbia (1980-85),Alfredo De Angelis,Mario Montagna,"Ángel Di Giovanni, Nicolás Paracino, Oscar Barrios, Héctor Silva, Gigí De Angelis (electric organ)","Eduardo Massara, Rodolfo Defino, Miguel Taboada, Luis Paz "
Alfredo De Angelis,Orquesta Alfredo De Angelis,1981-00-00,El carrerito,Tango,Gigí De Angelis,Columbia,Tape-S,Raúl Hoyos,Alberto Vacarezza,,Microfón + Columbia (1980-85),Alfredo De Angelis,Mario Montagna,"Ángel Di Giovanni, Nicolás Paracino, Oscar Barrios, Héctor Silva, Gigí De Angelis (electric organ)","Eduardo Massara, Rodolfo Defino, Miguel Taboada, Luis Paz "
Alfredo De Angelis,Orquesta Alfredo De Angelis,1981-00-00,Fe tanguera,Tango,,Columbia,Tape-S,Nicolás Paracino; Ángel Cicchetti,,,Microfón + Columbia (1980-85),Alfredo De Angelis,Mario Montagna,"Ángel Di Giovanni, Nicolás Paracino, Oscar Barrios, Héctor Silva, Gigí De Angelis (electric organ)","Eduardo Massara, Rodolfo Defino, Miguel Taboada, Luis Paz "
Alfredo De Angelis,Orquesta Alfredo De Angelis,1981-00-00,La calesita,Tango,,Columbia,Tape-S,Mariano Mores,Cátulo Castillo,,Microfón + Columbia (1980-85),Alfredo De Angelis,Mario Montagna,"Ángel Di Giovanni, Nicolás Paracino, Oscar Barrios, Héctor Silva, Gigí De Angelis (electric organ)","Eduardo Massara, Rodolfo Defino, Miguel Taboada, Luis Paz "
Alfredo De Angelis,Orquesta Alfredo De Angelis,1981-00-00,La morocha,Tango,,Columbia,Tape-S,Enrique Saborido,Ángel Gregorio Villoldo,,Microfón + Columbia (1980-85),Alfredo De Angelis,Mario Montagna,"Ángel Di Giovanni, Nicolás Paracino, Oscar Barrios, Héctor Silva, Gigí De Angelis (electric organ)","Eduardo Massara, Rodolfo Defino, Miguel Taboada, Luis Paz "
Alfredo De Angelis,Orquesta Alfredo De Angelis,1981-00-00,Los mareados,Tango,Marcelo Biondini,Columbia,Tape-S,Juan Cobián,Enrique Cadícamo,,Microfón + Columbia (1980-85),Alfredo De Angelis,Mario Montagna,"Ángel Di Giovanni, Nicolás Paracino, Oscar Barrios, Héctor Silva, Gigí De Angelis (electric organ)","Eduardo Massara, Rodolfo Defino, Miguel Taboada, Luis Paz "
Alfredo De Angelis,Orquesta Alfredo De Angelis,1981-00-00,Los ojazos de mi negra,Vals,,Columbia,Tape-S,Adolfo Avilés,Adolfo Rafael Avilés,,Microfón + Columbia (1980-85),Alfredo De Angelis,Mario Montagna,"Ángel Di Giovanni, Nicolás Paracino, Oscar Barrios, Héctor Silva, Gigí De Angelis (electric organ)","Eduardo Massara, Rodolfo Defino, Miguel Taboada, Luis Paz "
Alfredo De Angelis,Orquesta Alfredo De Angelis,1981-00-00,Mi diosa,Tango,,Columbia,Tape-S,Francisco Caro,José Pedro de Grandis,,Microfón + Columbia (1980-85),Alfredo De Angelis,Mario Montagna,"Ángel Di Giovanni, Nicolás Paracino, Oscar Barrios, Héctor Silva, Gigí De Angelis (electric organ)","Eduardo Massara, Rodolfo Defino, Miguel Taboada, Luis Paz "
Alfredo De Angelis,Orquesta Alfredo De Angelis,1981-00-00,Mi pampa blanca,Tango,,Columbia,Tape-S,Alfredo Angelis; Alberto Lago,Roberto Cardé,,Microfón + Columbia (1980-85),Alfredo De Angelis,Mario Montagna,"Ángel Di Giovanni, Nicolás Paracino, Oscar Barrios, Héctor Silva, Gigí De Angelis (electric organ)","Eduardo Massara, Rodolfo Defino, Miguel Taboada, Luis Paz "
Alfredo De Angelis,Orquesta Alfredo De Angelis,1981-00-00,Nubes de humo (Fume compadre),Tango,,Columbia,Tape-S,Manuel Jovés,Manuel Romero,,Microfón + Columbia (1980-85),Alfredo De Angelis,Mario Montagna,"Ángel Di Giovanni, Nicolás Paracino, Oscar Barrios, Héctor Silva, Gigí De Angelis (electric organ)","Eduardo Massara, Rodolfo Defino, Miguel Taboada, Luis Paz "
Alfredo De Angelis,Orquesta Alfredo De Angelis,1981-00-00,Organito de la tarde,Tango,,Columbia,Tape-S,Castillo Cátulo,José González Castillo (Juan de León),,Microfón + Columbia (1980-85),Alfredo De Angelis,Mario Montagna,"Ángel Di Giovanni, Nicolás Paracino, Oscar Barrios, Héctor Silva, Gigí De Angelis (electric organ)","Eduardo Massara, Rodolfo Defino, Miguel Taboada, Luis Paz "
Alfredo De Angelis,Orquesta Alfredo De Angelis,1981-00-00,Quietito,Tango,,Columbia,Tape-S,Alfredo Angelis,Alfonso Casini,,Microfón + Columbia (1980-85),Alfredo De Angelis,Mario Montagna,"Ángel Di Giovanni, Nicolás Paracino, Oscar Barrios, Héctor Silva, Gigí De Angelis (electric organ)","Eduardo Massara, Rodolfo Defino, Miguel Taboada, Luis Paz "
Alfredo De Angelis,Orquesta Alfredo De Angelis,1981-00-00,Rincón de sueño,Tango,,Columbia,Tape-S,Isabel Angelis,Salvador Martuccio,,Microfón + Columbia (1980-85),Alfredo De Angelis,Mario Montagna,"Ángel Di Giovanni, Nicolás Paracino, Oscar Barrios, Héctor Silva, Gigí De Angelis (electric organ)","Eduardo Massara, Rodolfo Defino, Miguel Taboada, Luis Paz "
Alfredo De Angelis,Orquesta Alfredo De Angelis,1981-00-00,Sentimiento gaucho,Tango,,Columbia,Tape-S,Francisco Canaro; Rafael Canaro,Juan Andrés Caruso,,Microfón + Columbia (1980-85),Alfredo De Angelis,Mario Montagna,"Ángel Di Giovanni, Nicolás Paracino, Oscar Barrios, Héctor Silva, Gigí De Angelis (electric organ)","Eduardo Massara, Rodolfo Defino, Miguel Taboada, Luis Paz "
Alfredo De Angelis,Orquesta Alfredo De Angelis,1981-00-00,Si soy así!...,Tango,Jorge Guillermo,Columbia,Tape-S,Francisco Lomuto,Antonio Botta,,Microfón + Columbia (1980-85),Alfredo De Angelis,Mario Montagna,"Ángel Di Giovanni, Nicolás Paracino, Oscar Barrios, Héctor Silva, Gigí De Angelis (electric organ)","Eduardo Massara, Rodolfo Defino, Miguel Taboada, Luis Paz "
Alfredo De Angelis,Orquesta Alfredo De Angelis,1981-00-00,Siempre Milonga,Milonga,,Columbia,Tape-S,Alfredo Angelis; Domingo Sciaraffia,,,Microfón + Columbia (1980-85),Alfredo De Angelis,Mario Montagna,"Ángel Di Giovanni, Nicolás Paracino, Oscar Barrios, Héctor Silva, Gigí De Angelis (electric organ)","Eduardo Massara, Rodolfo Defino, Miguel Taboada, Luis Paz "
Alfredo De Angelis,Orquesta Alfredo De Angelis,1981-00-00,Tengo mil novias,Vals,,Columbia,Tape-S,Enrique Rodríguez,Enrique Cadícamo,,Microfón + Columbia (1980-85),Alfredo De Angelis,Mario Montagna,"Ángel Di Giovanni, Nicolás Paracino, Oscar Barrios, Héctor Silva, Gigí De Angelis (electric organ)","Eduardo Massara, Rodolfo Defino, Miguel Taboada, Luis Paz "
Alfredo De Angelis,Orquesta Alfredo De Angelis,1981-00-00,Vive el cantor,Tango,,Columbia,Tape-S,Alfredo De Angelis; Carlos Dante,Alberto Lago (Rodolfo Alfredo Lago),,Microfón + Columbia (1980-85),Alfredo De Angelis,Mario Montagna,"Ángel Di Giovanni, Nicolás Paracino, Oscar Barrios, Héctor Silva, Gigí De Angelis (electric organ)","Eduardo Massara, Rodolfo Defino, Miguel Taboada, Luis Paz "
Alfredo De Angelis,Orquesta Alfredo De Angelis,1981-00-00,Y bésame otra vez,Tango,,Columbia,Tape-S,Ángel Condercuri,Sos Taita (Carlos Waiss),,Microfón + Columbia (1980-85),Alfredo De Angelis,Mario Montagna,"Ángel Di Giovanni, Nicolás Paracino, Oscar Barrios, Héctor Silva, Gigí De Angelis (electric organ)","Eduardo Massara, Rodolfo Defino, Miguel Taboada, Luis Paz "
Alfredo De Angelis,Orquesta Alfredo De Angelis,1985-00-00,Al Colorado de Banfield,Tango,,Columbia,Tape-S,Ernesto Baffa,Roberto Pérez Prechi,,Microfón + Columbia (1980-85),Alfredo De Angelis,Mario Montagna,"Ángel Di Giovanni, Nicolás Paracino, Oscar Barrios, Héctor Silva, Gigí De Angelis (electric organ)","Eduardo Massara, Rodolfo Defino, Miguel Taboada, Luis Paz "
Alfredo De Angelis,Orquesta Alfredo De Angelis,1985-00-00,Argañaraz (Aquellas farras),Tango,Rubén Linares,Columbia,Tape-S,Roberto Firpo,Enrique Cadícamo,,Microfón + Columbia (1980-85),Alfredo De Angelis,Mario Montagna,"Ángel Di Giovanni, Nicolás Paracino, Oscar Barrios, Héctor Silva, Gigí De Angelis (electric organ)","Eduardo Massara, Rodolfo Defino, Miguel Taboada, Luis Paz "
Alfredo De Angelis,Orquesta Alfredo De Angelis,1985-00-00,Besos brujos,Tango,,Columbia,Tape-S,Alfredo Malerba,Rodolfo Sciammarella,,Microfón + Columbia (1980-85),Alfredo De Angelis,Mario Montagna,"Ángel Di Giovanni, Nicolás Paracino, Oscar Barrios, Héctor Silva, Gigí De Angelis (electric organ)","Eduardo Massara, Rodolfo Defino, Miguel Taboada, Luis Paz "
Alfredo De Angelis,Orquesta Alfredo De Angelis,1985-00-00,Cascabelito,Tango,Rubén Linares,Columbia,Tape-S,José Bohr,Juan Andrés Caruso,,Microfón + Columbia (1980-85),Alfredo De Angelis,Mario Montagna,"Ángel Di Giovanni, Nicolás Paracino, Oscar Barrios, Héctor Silva, Gigí De Angelis (electric organ)","Eduardo Massara, Rodolfo Defino, Miguel Taboada, Luis Paz "
Alfredo De Angelis,Orquesta Alfredo De Angelis,1985-00-00,Gracias por el silencio,Tango,Rubén Linares,Columbia,Tape-S,Dante Gilardoni,Filinto Rebechi,,Microfón + Columbia (1980-85),Alfredo De Angelis,Mario Montagna,"Ángel Di Giovanni, Nicolás Paracino, Oscar Barrios, Héctor Silva, Gigí De Angelis (electric organ)","Eduardo Massara, Rodolfo Defino, Miguel Taboada, Luis Paz "
Alfredo De Angelis,Orquesta Alfredo De Angelis,1985-00-00,Gricel,Tango,Marcelo Biondini,Columbia,Tape-S,Mariano Mores,José María Contursi,,Microfón + Columbia (1980-85),Alfredo De Angelis,Mario Montagna,"Ángel Di Giovanni, Nicolás Paracino, Oscar Barrios, Héctor Silva, Gigí De Angelis (electric organ)","Eduardo Massara, Rodolfo Defino, Miguel Taboada, Luis Paz "
Alfredo De Angelis,Orquesta Alfredo De Angelis,1985-00-00,La piel de Buenos Aires,Tango,Marcelo Biondini,Columbia,Tape-S,Pedro Ortiz,Javier Mazzea,,Microfón + Columbia (1980-85),Alfredo De Angelis,Mario Montagna,"Ángel Di Giovanni, Nicolás Paracino, Oscar Barrios, Héctor Silva, Gigí De Angelis (electric organ)","Eduardo Massara, Rodolfo Defino, Miguel Taboada, Luis Paz "
Alfredo De Angelis,Orquesta Alfredo De Angelis,1985-00-00,Lluvia de estrellas,Tango,,Columbia,Tape-S,Osmar Maderna,,,Microfón + Columbia (1980-85),Alfredo De Angelis,Mario Montagna,"Ángel Di Giovanni, Nicolás Paracino, Oscar Barrios, Héctor Silva, Gigí De Angelis (electric organ)","Eduardo Massara, Rodolfo Defino, Miguel Taboada, Luis Paz "
Alfredo De Angelis,Orquesta Alfredo De Angelis,1985-00-00,Made in,Tango,,Columbia,Tape-S,Alfredo Angelis,Oscar Castrogé,,Microfón + Columbia (1980-85),Alfredo De Angelis,Mario Montagna,"Ángel Di Giovanni, Nicolás Paracino, Oscar Barrios, Héctor Silva, Gigí De Angelis (electric organ)","Eduardo Massara, Rodolfo Defino, Miguel Taboada, Luis Paz "
Alfredo De Angelis,Orquesta Alfredo De Angelis,1985-00-00,Mi Yerutí,Vals,Rubén Linares y Marcelo Biondini,Columbia,Tape-S,Roberto Palmer,Pedro Rodríguez de Ciervi,,Microfón + Columbia (1980-85),Alfredo De Angelis,Mario Montagna,"Ángel Di Giovanni, Nicolás Paracino, Oscar Barrios, Héctor Silva, Gigí De Angelis (electric organ)","Eduardo Massara, Rodolfo Defino, Miguel Taboada, Luis Paz "
