Bandleader,Orchestra,Date,Title,Genre,Singer,Label,Master,Composer,Author,Arranger,Grouping,Pianist,Bassist,Bandoneons,Strings
Carlos Di Sarli,Sexteto Di Sarli,11/26/1928,La Guitarrita,Tango,Instrumental,Víctor,78rpm,Eduardo Arolas,Gabriel Clausi,,28-31 / Sexteto ,Carlos Di Sarli,Domingo Capurro,"César Ginzo, Tito Landó","José Pécora, Héctor Lefalle"
Carlos Di Sarli,Sexteto Di Sarli,11/26/1928,T.B.C.,Tango,Instrumental,Víctor,78rpm,Ascanio Donato,Roberto Fontaina; Víctor Soliño,,28-31 / Sexteto ,Carlos Di Sarli,Domingo Capurro,"César Ginzo, Tito Landó","José Pécora, Héctor Lefalle"
Carlos Di Sarli,Sexteto Di Sarli,1/8/1929,Arlequín,Tango,Instrumental,Víctor,78rpm,Pedro Vergez,Mario Battistella,,28-31 / Sexteto ,Carlos Di Sarli,Domingo Capurro,"César Ginzo, Tito Landó","Adolfo Muzzi, Héctor Lefalle"
Carlos Di Sarli,Sexteto Di Sarli,1/8/1929,Ufa Qué Secante,Tango,Instrumental,Víctor,78rpm,Manuel Buzón,Celedonio Flores,,28-31 / Sexteto ,Carlos Di Sarli,Domingo Capurro,"César Ginzo, Tito Landó","Adolfo Muzzi, Héctor Lefalle"
Carlos Di Sarli,Sexteto Di Sarli,3/1/1929,Cuando Bronca El Temporal,Tango,Instrumental,Víctor,78rpm,Gerardo Rodríguez,Ernesto Marsili,,28-31 / Sexteto ,Carlos Di Sarli,Domingo Capurro,"César Ginzo, Tito Landó","Adolfo Muzzi, Héctor Lefalle"
Carlos Di Sarli,Sexteto Di Sarli,3/1/1929,Soy Un Arlequín,Tango,Instrumental,Víctor,78rpm,Enrique Discépolo,Enrique Discépolo,,28-31 / Sexteto ,Carlos Di Sarli,Domingo Capurro,"César Ginzo, Tito Landó","Adolfo Muzzi, Héctor Lefalle"
Carlos Di Sarli,Sexteto Di Sarli,3/27/1929,Carnaval De Antaño,Tango,Instrumental,Víctor,78rpm,Sebastián Piana,Manuel Romero,,28-31 / Sexteto ,Carlos Di Sarli,Domingo Capurro,"César Ginzo, Tito Landó","Adolfo Muzzi, Héctor Lefalle"
Carlos Di Sarli,Sexteto Di Sarli,3/27/1929,Un Lamento,Tango,Instrumental,Víctor,78rpm,Graciano Leone,,,28-31 / Sexteto ,Carlos Di Sarli,Domingo Capurro,"César Ginzo, Tito Landó","Adolfo Muzzi, Héctor Lefalle"
Carlos Di Sarli,Sexteto Di Sarli,7/11/1929,El Paladín,Tango,Instrumental,Víctor,78rpm,Agustín Bardi,,,28-31 / Sexteto ,Carlos Di Sarli,Domingo Capurro,"César Ginzo, Tito Landó","Adolfo Muzzi, Héctor Lefalle"
Carlos Di Sarli,Sexteto Di Sarli,7/11/1929,Sos Una Fiera,Tango,Roberto Deirene,Víctor,78rpm,José Laina,Roberto Fontaina; Víctor Seminario,,28-31 / Sexteto ,Carlos Di Sarli,Domingo Capurro,"César Ginzo, Tito Landó","Adolfo Muzzi, Héctor Lefalle"
Carlos Di Sarli,Sexteto Di Sarli,7/11/1929,Sos Una Fiera,Tango,Instrumental,Víctor,78rpm,José Laina,Roberto Fontaina; Víctor Seminario,,28-31 / Sexteto ,Carlos Di Sarli,Domingo Capurro,"César Ginzo, Tito Landó","Adolfo Muzzi, Héctor Lefalle"
Carlos Di Sarli,Sexteto Di Sarli,8/14/1929,Flor Marchita,Tango,Instrumental,Víctor,78rpm,Juan Feliú,Carlos Lopettini,,28-31 / Sexteto ,Carlos Di Sarli,Domingo Capurro,"César Ginzo, Tito Landó","Adolfo Muzzi, Héctor Lefalle"
Carlos Di Sarli,Sexteto Di Sarli,8/14/1929,Mi Pibe,Tango,Instrumental,Víctor,78rpm,Enrique Delfino,Manuel Romero,,28-31 / Sexteto ,Carlos Di Sarli,Domingo Capurro,"César Ginzo, Tito Landó","Adolfo Muzzi, Héctor Lefalle"
Carlos Di Sarli,Sexteto Di Sarli,10/9/1929,Barrilete,Tango,Instrumental,Víctor,78rpm,Alfonso Lacueva,,,28-31 / Sexteto ,Carlos Di Sarli,Domingo Capurro,"César Ginzo, Tito Landó","Adolfo Muzzi, Héctor Lefalle"
Carlos Di Sarli,Sexteto Di Sarli,10/9/1929,Belén,Tango,Instrumental,Víctor,78rpm,Augusto Berto,,,28-31 / Sexteto ,Carlos Di Sarli,Domingo Capurro,"César Ginzo, Tito Landó","Adolfo Muzzi, Héctor Lefalle"
Carlos Di Sarli,Sexteto Di Sarli,10/9/1929,El Calabozo,Tango,Instrumental,Víctor,78rpm,Augusto Gentile,,,28-31 / Sexteto ,Carlos Di Sarli,Domingo Capurro,"César Ginzo, Tito Landó","Adolfo Muzzi, Héctor Lefalle"
Carlos Di Sarli,Sexteto Di Sarli,10/9/1929,Pobre Yo,Tango,Instrumental,Víctor,78rpm,César Petrone,César Petrone,,28-31 / Sexteto ,Carlos Di Sarli,Domingo Capurro,"César Ginzo, Tito Landó","Adolfo Muzzi, Héctor Lefalle"
Carlos Di Sarli,Sexteto Di Sarli,10/28/1929,Che Bacana,Tango,Instrumental,Víctor,78rpm,Guillermo Cavazza,Reinaldo Pignataro,,28-31 / Sexteto ,Carlos Di Sarli,Domingo Capurro,"César Ginzo, Tito Landó","Roberto Guisado,  Héctor Lefalle"
Carlos Di Sarli,Sexteto Di Sarli,11/16/1929,Colibriyo,Tango,Santiago Devin,Víctor,78rpm,Pascual Martínez,Pascual Martínez,,28-31 / Sexteto ,Carlos Di Sarli,Domingo Capurro,"César Ginzo, Tito Landó","Roberto Guisado,  Héctor Lefalle"
Carlos Di Sarli,Sexteto Di Sarli,11/16/1929,Cortate El Pelo,Tango,Santiago Devin,Víctor,78rpm,Fernando Montoni,Manuel Romero,,28-31 / Sexteto ,Carlos Di Sarli,Domingo Capurro,"César Ginzo, Tito Landó","Roberto Guisado,  Héctor Lefalle"
Carlos Di Sarli,Sexteto Di Sarli,11/16/1929,Sos Una Maquieta,Tango,Santiago Devin,Víctor,78rpm,Rodolfo Sciammarella,Enrique Maroni,,28-31 / Sexteto ,Carlos Di Sarli,Domingo Capurro,"César Ginzo, Tito Landó","Roberto Guisado,  Héctor Lefalle"
Carlos Di Sarli,Sexteto Di Sarli,12/31/1929,Campaneando,Tango,Santiago Devin,Víctor,78rpm,Mauricio Saiovich; Alejandro Barrio,Alejandro Barrio,,28-31 / Sexteto ,Carlos Di Sarli,Domingo Capurro,"César Ginzo, Tito Landó","Roberto Guisado,  Héctor Lefalle"
Carlos Di Sarli,Sexteto Di Sarli,12/31/1929,No Te Aguanto Más,Tango,Instrumental,Víctor,78rpm,Adolfo Mondino,Ray Rada,,28-31 / Sexteto ,Carlos Di Sarli,Domingo Capurro,"César Ginzo, Tito Landó","Roberto Guisado,  Héctor Lefalle"
Carlos Di Sarli,Sexteto Di Sarli,12/31/1929,Qué Reo Sos,Tango,Santiago Devin,Víctor,78rpm,Juan Collazo,Roberto Fontaina; Víctor Soliño,,28-31 / Sexteto ,Carlos Di Sarli,Domingo Capurro,"César Ginzo, Tito Landó","Roberto Guisado,  Héctor Lefalle"
Carlos Di Sarli,Sexteto Di Sarli,12/31/1929,Quién Te Ve,Tango,Santiago Devin,Víctor,78rpm,Juan Rodríguez,Enrique Cadícamo,,28-31 / Sexteto ,Carlos Di Sarli,Domingo Capurro,"César Ginzo, Tito Landó","Roberto Guisado,  Héctor Lefalle"
Carlos Di Sarli,Sexteto Di Sarli,1/24/1930,Algo Bueno,Tango,Instrumental,Víctor,78rpm,Alfonso Gagliano; Pedro Gagliano,Carlos Bahr,,28-31 / Sexteto ,Carlos Di Sarli,Domingo Capurro,"César Ginzo, Tito Landó","Roberto Guisado,  Héctor Lefalle"
Carlos Di Sarli,Sexteto Di Sarli,1/24/1930,Cicatrices,Tango,Santiago Devin,Víctor,78rpm,Adolfo Avilés,Enrique Maroni,,28-31 / Sexteto ,Carlos Di Sarli,Domingo Capurro,"César Ginzo, Tito Landó","Roberto Guisado,  Héctor Lefalle"
Carlos Di Sarli,Sexteto Di Sarli,3/17/1930,El Cantar De Aquel Malevo,Tango,Santiago Devin,Víctor,78rpm,Rodolfo Sciammarella,Andrés Pulido,,28-31 / Sexteto ,Carlos Di Sarli,Domingo Capurro,"César Ginzo, Tito Landó","Roberto Guisado,  Héctor Lefalle"
Carlos Di Sarli,Sexteto Di Sarli,3/17/1930,Rosamel,Vals,Santiago Devin,Víctor,78rpm,Carlos Di Sarli,A. Oro,,28-31 / Sexteto ,Carlos Di Sarli,Domingo Capurro,"César Ginzo, Tito Landó","Roberto Guisado,  Héctor Lefalle"
Carlos Di Sarli,Sexteto Di Sarli,5/8/1930,Criollo Viejo,Tango,Instrumental,Víctor,78rpm,Vicente Greco,,,28-31 / Sexteto ,Carlos Di Sarli,Domingo Capurro,"César Ginzo, Tito Landó","Roberto Guisado,  Héctor Lefalle"
Carlos Di Sarli,Sexteto Di Sarli,5/8/1930,Sábado,Tango,Instrumental,Víctor,78rpm,Udelino Toranzo,,,28-31 / Sexteto ,Carlos Di Sarli,Domingo Capurro,"César Ginzo, Tito Landó","Roberto Guisado,  Héctor Lefalle"
Carlos Di Sarli,Sexteto Di Sarli,6/3/1930,No Cantés Victoria,Tango,Instrumental,Víctor,78rpm,Arturo Bettoni,Alberto Munilla,,28-31 / Sexteto ,Carlos Di Sarli,Domingo Capurro,"César Ginzo, Tito Landó","Roberto Guisado,  Héctor Lefalle"
Carlos Di Sarli,Sexteto Di Sarli,6/3/1930,Racing Club,Tango,Instrumental,Víctor,78rpm,Vicente Greco,Ernesto Temes,,28-31 / Sexteto ,Carlos Di Sarli,Domingo Capurro,"César Ginzo, Tito Landó","Roberto Guisado,  Héctor Lefalle"
Carlos Di Sarli,Sexteto Di Sarli,6/16/1930,Don José María,Tango,Instrumental,Víctor,78rpm,Anselmo Mendizábal,Carlos Waiss; Ernesto Temes,,28-31 / Sexteto ,Carlos Di Sarli,Domingo Capurro,"César Ginzo, Tito Landó","Roberto Guisado,  Héctor Lefalle"
Carlos Di Sarli,Sexteto Di Sarli,6/16/1930,Palito,Tango,Instrumental,Víctor,78rpm,Elio Rietti,Manuel Meaños,,28-31 / Sexteto ,Carlos Di Sarli,Domingo Capurro,"César Ginzo, Tito Landó","Roberto Guisado,  Héctor Lefalle"
Carlos Di Sarli,Sexteto Di Sarli,9/3/1930,Chau Pinela,Tango,Ernesto Famá,Víctor,78rpm,Humberto Castiglioni,Humberto Castiglioni,,28-31 / Sexteto ,Carlos Di Sarli,Domingo Capurro,"César Ginzo, Tito Landó","Roberto Guisado,  Héctor Lefalle"
Carlos Di Sarli,Sexteto Di Sarli,9/3/1930,Por La Pinta,Tango,Ernesto Famá,Víctor,78rpm,Fernando Franco,José Grandis,,28-31 / Sexteto ,Carlos Di Sarli,Domingo Capurro,"César Ginzo, Tito Landó","Roberto Guisado,  Héctor Lefalle"
Carlos Di Sarli,Sexteto Di Sarli,11/4/1930,Añorándote,Tango,Instrumental,Víctor,78rpm,Pascual Verzino; Romeo Guidi,José Staffolani,,28-31 / Sexteto ,Carlos Di Sarli,Domingo Capurro,"César Ginzo, Tito Landó","Roberto Guisado,  Héctor Lefalle"
Carlos Di Sarli,Sexteto Di Sarli,11/4/1930,Flora,Tango,Ernesto Famá,Víctor,78rpm,Augusto Berto,Carlos Sarmiento,,28-31 / Sexteto ,Carlos Di Sarli,Domingo Capurro,"César Ginzo, Tito Landó","Roberto Guisado,  Héctor Lefalle"
Carlos Di Sarli,Sexteto Di Sarli,11/4/1930,La Estancia,Tango,Ernesto Famá,Víctor,78rpm,Pintín Castellanos,Pintín Castellanos,,28-31 / Sexteto ,Carlos Di Sarli,Domingo Capurro,"César Ginzo, Tito Landó","Roberto Guisado,  Héctor Lefalle"
Carlos Di Sarli,Sexteto Di Sarli,11/4/1930,Que Torcido Andás Julián,Tango,Ernesto Famá,Víctor,78rpm,Fausto Frontera,Enrique Cadícamo,,28-31 / Sexteto ,Carlos Di Sarli,Domingo Capurro,"César Ginzo, Tito Landó","Roberto Guisado,  Héctor Lefalle"
Carlos Di Sarli,Sexteto Di Sarli,1/10/1931,Cachivache,Tango,Fernando Díaz,Víctor,78rpm,C. Gallardo,Raúl Lara ,,28-31 / Sexteto ,Carlos Di Sarli,Domingo Capurro,"Ricardo Gargiulo, Tito Landó","Roberto Guisado,  Héctor Lefalle"
Carlos Di Sarli,Sexteto Di Sarli,1/10/1931,Que Dios Te Perdone,Tango,Fernando Díaz,Víctor,78rpm,Manuel Flores,Celedonio Flores,,28-31 / Sexteto ,Carlos Di Sarli,Domingo Capurro,"Ricardo Gargiulo, Tito Landó","Roberto Guisado,  Héctor Lefalle"
Carlos Di Sarli,Sexteto Di Sarli,6/3/1931,Si Yo Soñara,Vals,Instrumental,Víctor,78rpm,Joseph Burke,Carlos Sánchez; Federico Saniez,,28-31 / Sexteto ,Carlos Di Sarli,Domingo Capurro,"Ricardo Gargiulo, Tito Landó","Roberto Guisado,  Héctor Lefalle"
Carlos Di Sarli,Sexteto Di Sarli,6/3/1931,Sobre El Pucho,Tango,Ernesto Famá,Víctor,78rpm,Sebastián Piana,José Castillo,,28-31 / Sexteto ,Carlos Di Sarli,Domingo Capurro,"Ricardo Gargiulo, Tito Landó","Roberto Guisado,  Héctor Lefalle"
Carlos Di Sarli,Sexteto Di Sarli,6/23/1931,La Baguala,Tango,Ernesto Famá,Víctor,78rpm,Juan Pérez,Enrique Sotelo,,28-31 / Sexteto ,Carlos Di Sarli,Domingo Capurro,"Ricardo Gargiulo, Tito Landó","Roberto Guisado,  Héctor Lefalle"
Carlos Di Sarli,Sexteto Di Sarli,6/23/1931,La Ofrenda,Tango,Ernesto Famá,Víctor,78rpm,Carlos Romeu,Carlos Romeu,,28-31 / Sexteto ,Carlos Di Sarli,Domingo Capurro,"Ricardo Gargiulo, Tito Landó","Roberto Guisado,  Héctor Lefalle"
Carlos Di Sarli,Sexteto Di Sarli,8/14/1931,Maldita,Tango,Ernesto Famá,Víctor,78rpm,Antonio Rodio,Celedonio Flores,,28-31 / Sexteto ,Carlos Di Sarli,Domingo Capurro,"Ricardo Gargiulo, Tito Landó","Roberto Guisado,  Héctor Lefalle"
Carlos Di Sarli,Sexteto Di Sarli,8/14/1931,Una Noche De Garufa,Tango,Instrumental,Víctor,78rpm,Eduardo Arolas,Gabriel Clausi,,28-31 / Sexteto ,Carlos Di Sarli,Domingo Capurro,"Ricardo Gargiulo, Tito Landó","Roberto Guisado,  Héctor Lefalle"
Carlos Di Sarli,Carlos Di Sarli y su Orquesta Típica,12/11/1939,Corazón,Tango,Roberto Rufino,Víctor,78rpm,Carlos Di Sarli,Héctor Marcó,,39-41 / Initial Típica ,Carlos Di Sarli,Domingo Capurro,"Roberto Gianitelli, Domingo Sánchez, Roberto Mititieri","Roberto Guisado, Ángel Goicoechea, Adolfo Pérez"
Carlos Di Sarli,Carlos Di Sarli y su Orquesta Típica,12/11/1939,El Retirao,Tango,Instrumental,Víctor,78rpm,Carlos Posadas,,,39-41 / Initial Típica ,Carlos Di Sarli,Domingo Capurro,"Roberto Gianitelli, Domingo Sánchez, Roberto Mititieri","Roberto Guisado, Ángel Goicoechea, Adolfo Pérez"
Carlos Di Sarli,Carlos Di Sarli y su Orquesta Típica,2/9/1940,Catamarca,Tango,Instrumental,Víctor,78rpm,Eduardo Arolas,Jesús Blanco,,39-41 / Initial Típica ,Carlos Di Sarli,Domingo Capurro,"Félix Verdi, Roberto Gianitelli, Domingo Sánchez, Roberto Mititieri, Luis Porcellana","Roberto Guisado, Ángel Goicoechea, Adolfo Pérez, Antonio Rossi"
Carlos Di Sarli,Carlos Di Sarli y su Orquesta Típica,2/9/1940,Milonga Del Sentimiento,Milonga,Roberto Rufino,Víctor,78rpm,Juan Barbará,Rafael Dadino,,39-41 / Initial Típica ,Carlos Di Sarli,Domingo Capurro,"Félix Verdi, Roberto Gianitelli, Domingo Sánchez, Roberto Mititieri, Luis Porcellana","Roberto Guisado, Ángel Goicoechea, Adolfo Pérez, Antonio Rossi"
Carlos Di Sarli,Carlos Di Sarli y su Orquesta Típica,2/15/1940,Alma Mía,Vals,Roberto Rufino,Víctor,78rpm,Diego Centeno,Héctor Marcó,,39-41 / Initial Típica ,Carlos Di Sarli,Domingo Capurro,"Félix Verdi, Roberto Gianitelli, Domingo Sánchez, Roberto Mititieri, Luis Porcellana","Roberto Guisado, Ángel Goicoechea, Adolfo Pérez, Antonio Rossi"
Carlos Di Sarli,Carlos Di Sarli y su Orquesta Típica,2/15/1940,La Trilla,Tango,Instrumental,Víctor,78rpm,Eduardo Arolas,,,39-41 / Initial Típica ,Carlos Di Sarli,Domingo Capurro,"Félix Verdi, Roberto Gianitelli, Domingo Sánchez, Roberto Mititieri, Luis Porcellana","Roberto Guisado, Ángel Goicoechea, Adolfo Pérez, Antonio Rossi"
Carlos Di Sarli,Carlos Di Sarli y su Orquesta Típica,4/17/1940,El Opio,Tango,Instrumental,Víctor,78rpm,Francisco Canaro,,,39-41 / Initial Típica ,Carlos Di Sarli,Domingo Capurro,"Félix Verdi, Roberto Gianitelli, Domingo Sánchez, Roberto Mititieri, Luis Porcellana","Roberto Guisado, Ángel Goicoechea, Adolfo Pérez, Antonio Rossi"
Carlos Di Sarli,Carlos Di Sarli y su Orquesta Típica,4/17/1940,Milonga Del Centenario,Milonga,Antonio Lesende,Víctor,78rpm,Carlos Di Sarli,Carlos Moreno,,39-41 / Initial Típica ,Carlos Di Sarli,Domingo Capurro,"Félix Verdi, Roberto Gianitelli, Domingo Sánchez, Roberto Mititieri, Luis Porcellana","Roberto Guisado, Ángel Goicoechea, Adolfo Pérez, Antonio Rossi"
Carlos Di Sarli,Carlos Di Sarli y su Orquesta Típica,6/19/1940,Cosas Olvidadas,Tango,Roberto Rufino,Víctor,78rpm,Antonio Rodio,José Contursi,,39-41 / Initial Típica ,Carlos Di Sarli,Domingo Capurro,"Félix Verdi, Roberto Gianitelli, Domingo Sánchez, Roberto Mititieri, Luis Porcellana","Roberto Guisado, Ángel Goicoechea, Adolfo Pérez, Antonio Rossi"
Carlos Di Sarli,Carlos Di Sarli y su Orquesta Típica,6/19/1940,El Incendio,Tango,Instrumental,Víctor,78rpm,Arturo De Bassi,,,39-41 / Initial Típica ,Carlos Di Sarli,Domingo Capurro,"Félix Verdi, Roberto Gianitelli, Domingo Sánchez, Roberto Mititieri, Luis Porcellana","Roberto Guisado, Ángel Goicoechea, Adolfo Pérez, Antonio Rossi"
Carlos Di Sarli,Carlos Di Sarli y su Orquesta Típica,7/4/1940,Milonguero Viejo,Tango,Instrumental,Víctor,78rpm,Carlos Di Sarli,Enrique Sotelo,,39-41 / Initial Típica ,Carlos Di Sarli,Domingo Capurro,"Félix Verdi, Roberto Gianitelli, Domingo Sánchez, Roberto Mititieri, Luis Porcellana","Roberto Guisado, Ángel Goicoechea, Adolfo Pérez, Antonio Rossi"
Carlos Di Sarli,Carlos Di Sarli y su Orquesta Típica,7/4/1940,Racing Club,Tango,Instrumental,Víctor,78rpm,Vicente Greco,Ernesto Temes,,39-41 / Initial Típica ,Carlos Di Sarli,Domingo Capurro,"Félix Verdi, Roberto Gianitelli, Domingo Sánchez, Roberto Mititieri, Luis Porcellana","Roberto Guisado, Ángel Goicoechea, Adolfo Pérez, Antonio Rossi"
Carlos Di Sarli,Carlos Di Sarli y su Orquesta Típica,8/5/1940,Ausencia,Vals,Agustín Volpe,Víctor,78rpm,Carlos Gardel; José Razzano,Francisco Bianco,,39-41 / Initial Típica ,Carlos Di Sarli,Domingo Capurro,"Félix Verdi, Roberto Gianitelli, Domingo Sánchez, Roberto Mititieri, Luis Porcellana","Roberto Guisado, Ángel Goicoechea, Adolfo Pérez, Antonio Rossi"
Carlos Di Sarli,Carlos Di Sarli y su Orquesta Típica,8/5/1940,El Jaguar,Tango,Instrumental,Víctor,78rpm,Atilio Lombardo,,,39-41 / Initial Típica ,Carlos Di Sarli,Domingo Capurro,"Félix Verdi, Roberto Gianitelli, Domingo Sánchez, Roberto Mititieri, Luis Porcellana","Roberto Guisado, Ángel Goicoechea, Adolfo Pérez, Antonio Rossi"
Carlos Di Sarli,Carlos Di Sarli y su Orquesta Típica,9/23/1940,El Pollo Ricardo,Tango,Instrumental,Víctor,78rpm,Luis Fernández,,,39-41 / Initial Típica ,Carlos Di Sarli,Domingo Capurro,"Félix Verdi, Roberto Gianitelli, Domingo Sánchez, Roberto Mititieri, Luis Porcellana","Roberto Guisado, Ángel Goicoechea, Adolfo Pérez, Antonio Rossi"
Carlos Di Sarli,Carlos Di Sarli y su Orquesta Típica,9/23/1940,En Un Beso La Vida,Tango,Roberto Rufino,Víctor,78rpm,Carlos Di Sarli,Héctor Marcó,,39-41 / Initial Típica ,Carlos Di Sarli,Domingo Capurro,"Félix Verdi, Roberto Gianitelli, Domingo Sánchez, Roberto Mititieri, Luis Porcellana","Roberto Guisado, Ángel Goicoechea, Adolfo Pérez, Antonio Rossi"
Carlos Di Sarli,Carlos Di Sarli y su Orquesta Típica,10/8/1940,Shusheta,Tango,Instrumental,Víctor,78rpm,Juan Cobián,Enrique Cadícamo,,39-41 / Initial Típica ,Carlos Di Sarli,Domingo Capurro,"Félix Verdi, Roberto Gianitelli, Domingo Sánchez, Roberto Mititieri, Luis Porcellana","Roberto Guisado, Ángel Goicoechea, Adolfo Pérez, Antonio Rossi"
Carlos Di Sarli,Carlos Di Sarli y su Orquesta Típica,10/8/1940,Volver A Soñar,Tango,Roberto Rufino,Víctor,78rpm,Andrés Fraga,Francisco Jiménez,,39-41 / Initial Típica ,Carlos Di Sarli,Domingo Capurro,"Félix Verdi, Roberto Gianitelli, Domingo Sánchez, Roberto Mititieri, Luis Porcellana","Roberto Guisado, Ángel Goicoechea, Adolfo Pérez, Antonio Rossi"
Carlos Di Sarli,Carlos Di Sarli y su Orquesta Típica,11/23/1940,Lo Pasado Pasó,Tango,Roberto Rufino,Víctor,78rpm,Miguel Bucino,Miguel Bucino,,39-41 / Initial Típica ,Carlos Di Sarli,Domingo Capurro,"Félix Verdi, Roberto Gianitelli, Domingo Sánchez, Roberto Mititieri, Luis Porcellana","Roberto Guisado, Ángel Goicoechea, Adolfo Pérez, Antonio Rossi"
Carlos Di Sarli,Carlos Di Sarli y su Orquesta Típica,11/23/1940,Nobleza De Arrabal,Tango,Instrumental,Víctor,78rpm,Francisco Canaro,,,39-41 / Initial Típica ,Carlos Di Sarli,Domingo Capurro,"Félix Verdi, Roberto Gianitelli, Domingo Sánchez, Roberto Mititieri, Luis Porcellana","Roberto Guisado, Ángel Goicoechea, Adolfo Pérez, Antonio Rossi"
Carlos Di Sarli,Carlos Di Sarli y su Orquesta Típica,12/11/1940,Rosamel,Vals,Roberto Rufino,Víctor,78rpm,Carlos Di Sarli,Héctor Marcó,,39-41 / Initial Típica ,Carlos Di Sarli,Domingo Capurro,"Félix Verdi, Roberto Gianitelli, Domingo Sánchez, Roberto Mititieri, Luis Porcellana","Roberto Guisado, Ángel Goicoechea, Adolfo Pérez, Antonio Rossi"
Carlos Di Sarli,Carlos Di Sarli y su Orquesta Típica,12/11/1940,Viviani,Tango,Instrumental,Víctor,78rpm,Roberto Firpo,,,39-41 / Initial Típica ,Carlos Di Sarli,Domingo Capurro,"Félix Verdi, Roberto Gianitelli, Domingo Sánchez, Roberto Mititieri, Luis Porcellana","Roberto Guisado, Ángel Goicoechea, Adolfo Pérez, Antonio Rossi"
Carlos Di Sarli,Carlos Di Sarli y su Orquesta Típica,2/18/1941,Charlemos,Tango,Roberto Rufino,Víctor,78rpm,Luis Rubistein,Luis Rubistein,,39-41 / Initial Típica ,Carlos Di Sarli,Domingo Capurro,"Félix Verdi, Roberto Gianitelli, Domingo Sánchez, Roberto Mititieri, Luis Porcellana","Roberto Guisado, Ángel Goicoechea, Adolfo Pérez, Antonio Rossi"
Carlos Di Sarli,Carlos Di Sarli y su Orquesta Típica,2/18/1941,Pena Mulata,Milonga,Roberto Rufino,Víctor,78rpm,Sebastián Piana,Homero Manzi,,39-41 / Initial Típica ,Carlos Di Sarli,Domingo Capurro,"Félix Verdi, Roberto Gianitelli, Domingo Sánchez, Roberto Mititieri, Luis Porcellana","Roberto Guisado, Ángel Goicoechea, Adolfo Pérez, Antonio Rossi"
Carlos Di Sarli,Carlos Di Sarli y su Orquesta Típica,3/6/1941,Cortando Camino,Vals,Roberto Rufino,Víctor,78rpm,Fausto Frontera,Enrique Cadícamo,,39-41 / Initial Típica ,Carlos Di Sarli,Domingo Capurro,"Félix Verdi, Roberto Gianitelli, Domingo Sánchez, Roberto Mititieri, Luis Porcellana","Roberto Guisado, Ángel Goicoechea, Adolfo Pérez, Antonio Rossi"
Carlos Di Sarli,Carlos Di Sarli y su Orquesta Típica,3/6/1941,La Cachila,Tango,Instrumental,Víctor,78rpm,Eduardo Arolas,Héctor Polito,,39-41 / Initial Típica ,Carlos Di Sarli,Domingo Capurro,"Félix Verdi, Roberto Gianitelli, Domingo Sánchez, Roberto Mititieri, Luis Porcellana","Roberto Guisado, Ángel Goicoechea, Adolfo Pérez, Antonio Rossi"
Carlos Di Sarli,Carlos Di Sarli y su Orquesta Típica,4/18/1941,El Estagiario,Tango,Instrumental,Víctor,78rpm,Martín Álvarez,Martín Álvarez,,39-41 / Initial Típica ,Carlos Di Sarli,Domingo Capurro,"Félix Verdi, Roberto Gianitelli, Domingo Sánchez, Roberto Mititieri, Luis Porcellana","Roberto Guisado, Ángel Goicoechea, Adolfo Pérez, Antonio Rossi"
Carlos Di Sarli,Carlos Di Sarli y su Orquesta Típica,4/18/1941,Mi Refugio,Tango,Instrumental,Víctor,78rpm,Juan Cobián,Pedro Córdoba,,39-41 / Initial Típica ,Carlos Di Sarli,Domingo Capurro,"Félix Verdi, Roberto Gianitelli, Domingo Sánchez, Roberto Mititieri, Luis Porcellana","Roberto Guisado, Ángel Goicoechea, Adolfo Pérez, Antonio Rossi"
Carlos Di Sarli,Carlos Di Sarli y su Orquesta Típica,5/20/1941,Bien Frappé,Tango,Roberto Rufino,Víctor,78rpm,Carlos Di Sarli,Héctor Marcó,,39-41 / Initial Típica ,Carlos Di Sarli,Domingo Capurro,"Félix Verdi, Roberto Gianitelli, Domingo Sánchez, Roberto Mititieri, Luis Porcellana","Roberto Guisado, Ángel Goicoechea, Adolfo Pérez, Antonio Rossi"
Carlos Di Sarli,Carlos Di Sarli y su Orquesta Típica,5/20/1941,Marianito,Tango,Instrumental,Víctor,78rpm,Domingo Salerno,,,39-41 / Initial Típica ,Carlos Di Sarli,Domingo Capurro,"Félix Verdi, Roberto Gianitelli, Domingo Sánchez, Roberto Mititieri, Luis Porcellana","Roberto Guisado, Ángel Goicoechea, Adolfo Pérez, Antonio Rossi"
Carlos Di Sarli,Carlos Di Sarli y su Orquesta Típica,6/6/1941,Cascabelito,Tango,Roberto Rufino,Víctor,78rpm,José Bohr,Juan Caruso,,39-41 / Initial Típica ,Carlos Di Sarli,Domingo Capurro,"Félix Verdi, Roberto Gianitelli, Domingo Sánchez, Roberto Mititieri, Luis Porcellana","Roberto Guisado, Ángel Goicoechea, Adolfo Pérez, Antonio Rossi"
Carlos Di Sarli,Carlos Di Sarli y su Orquesta Típica,6/6/1941,Patotero Sentimental,Tango,Roberto Rufino,Víctor,78rpm,Manuel Jovés,Manuel Romero,,39-41 / Initial Típica ,Carlos Di Sarli,Domingo Capurro,"Félix Verdi, Roberto Gianitelli, Domingo Sánchez, Roberto Mititieri, Luis Porcellana","Roberto Guisado, Ángel Goicoechea, Adolfo Pérez, Antonio Rossi"
Carlos Di Sarli,Carlos Di Sarli y su Orquesta Típica,6/21/1941,Griseta,Tango,Roberto Rufino,Víctor,78rpm,Enrique Delfino,José Castillo,,39-41 / Initial Típica ,Carlos Di Sarli,Domingo Capurro,"Félix Verdi, Roberto Gianitelli, Domingo Sánchez, Roberto Mititieri, Luis Porcellana","Roberto Guisado, Ángel Goicoechea, Adolfo Pérez, Antonio Rossi"
Carlos Di Sarli,Carlos Di Sarli y su Orquesta Típica,6/21/1941,La Torcacita,Tango,Instrumental,Víctor,78rpm,José Martínez,,,39-41 / Initial Típica ,Carlos Di Sarli,Domingo Capurro,"Félix Verdi, Roberto Gianitelli, Domingo Sánchez, Roberto Mititieri, Luis Porcellana","Roberto Guisado, Ángel Goicoechea, Adolfo Pérez, Antonio Rossi"
Carlos Di Sarli,Carlos Di Sarli y su Orquesta Típica,7/16/1941,Germaine,Tango,Instrumental,Víctor,78rpm,Alberto Buchardo,,,39-41 / Initial Típica ,Carlos Di Sarli,Domingo Capurro,"Félix Verdi, Roberto Gianitelli, Domingo Sánchez, Roberto Mititieri, Luis Porcellana","Roberto Guisado, Ángel Goicoechea, Adolfo Pérez, Antonio Rossi"
Carlos Di Sarli,Carlos Di Sarli y su Orquesta Típica,7/16/1941,Marejada,Tango,Instrumental,Víctor,78rpm,Roberto Firpo,Daniel Barreto,,39-41 / Initial Típica ,Carlos Di Sarli,Domingo Capurro,"Félix Verdi, Roberto Gianitelli, Domingo Sánchez, Roberto Mititieri, Luis Porcellana","Roberto Guisado, Ángel Goicoechea, Adolfo Pérez, Antonio Rossi"
Carlos Di Sarli,Carlos Di Sarli y su Orquesta Típica,8/2/1941,Cuando El Amor Muere,Tango,Carlos Acuña,Víctor,78rpm,Alfredo Malerba,Héctor Marcó,,39-41 / Initial Típica ,Carlos Di Sarli,Domingo Capurro,"Félix Verdi, Roberto Gianitelli, Domingo Sánchez, Roberto Mititieri, Luis Porcellana","Roberto Guisado, Ángel Goicoechea, Adolfo Pérez, Antonio Rossi"
Carlos Di Sarli,Carlos Di Sarli y su Orquesta Típica,8/2/1941,Sentimiento Criollo,Tango,Instrumental,Víctor,78rpm,Roberto Firpo,Domingo Lombardi,,39-41 / Initial Típica ,Carlos Di Sarli,Domingo Capurro,"Félix Verdi, Roberto Gianitelli, Domingo Sánchez, Roberto Mititieri, Luis Porcellana","Roberto Guisado, Ángel Goicoechea, Adolfo Pérez, Antonio Rossi"
Carlos Di Sarli,Carlos Di Sarli y su Orquesta Típica,10/3/1941,Don Juan,Tango,Instrumental,Víctor,78rpm,Ernesto Ponzio,Ricardo Podestá,,39-41 / Initial Típica ,Carlos Di Sarli,Domingo Capurro,"Félix Verdi, Roberto Gianitelli, Domingo Sánchez, Roberto Mititieri, Luis Porcellana","Roberto Guisado, Ángel Goicoechea, Adolfo Pérez, Antonio Rossi"
Carlos Di Sarli,Carlos Di Sarli y su Orquesta Típica,10/3/1941,El Cielo En Tus Ojos,Tango,Roberto Rufino,Víctor,78rpm,Francisco Pracánico,Francisco Bohigas,,39-41 / Initial Típica ,Carlos Di Sarli,Domingo Capurro,"Félix Verdi, Roberto Gianitelli, Domingo Sánchez, Roberto Mititieri, Luis Porcellana","Roberto Guisado, Ángel Goicoechea, Adolfo Pérez, Antonio Rossi"
Carlos Di Sarli,Carlos Di Sarli y su Orquesta Típica,11/20/1941,La Morocha,Tango,Instrumental,Víctor,78rpm,Enrique Saborido,Ángel Villoldo,,39-41 / Initial Típica ,Carlos Di Sarli,Domingo Capurro,"Félix Verdi, Roberto Gianitelli, Domingo Sánchez, Roberto Mititieri, Luis Porcellana","Roberto Guisado, Ángel Goicoechea, Adolfo Pérez, Antonio Rossi"
Carlos Di Sarli,Carlos Di Sarli y su Orquesta Típica,11/20/1941,La Mulateada,Milonga,Roberto Rufino,Víctor,78rpm,Julio Puerto,Carlos Pesce,,39-41 / Initial Típica ,Carlos Di Sarli,Domingo Capurro,"Félix Verdi, Roberto Gianitelli, Domingo Sánchez, Roberto Mititieri, Luis Porcellana","Roberto Guisado, Ángel Goicoechea, Adolfo Pérez, Antonio Rossi"
Carlos Di Sarli,Carlos Di Sarli y su Orquesta Típica,12/3/1941,El Recodo,Tango,Instrumental,Víctor,78rpm,Alejandro Junnissi,Armando Tagini,,39-41 / Initial Típica ,Carlos Di Sarli,Domingo Capurro,"Félix Verdi, Roberto Gianitelli, Domingo Sánchez, Roberto Mititieri, Luis Porcellana","Roberto Guisado, Ángel Goicoechea, Adolfo Pérez, Antonio Rossi"
Carlos Di Sarli,Carlos Di Sarli y su Orquesta Típica,12/3/1941,Zorzal,Milonga,Roberto Rufino,Víctor,78rpm,Dorita Zárate,Dorita Zárate,,39-41 / Initial Típica ,Carlos Di Sarli,Domingo Capurro,"Félix Verdi, Roberto Gianitelli, Domingo Sánchez, Roberto Mititieri, Luis Porcellana","Roberto Guisado, Ángel Goicoechea, Adolfo Pérez, Antonio Rossi"
Carlos Di Sarli,Carlos Di Sarli y su Orquesta Típica,12/11/1941,El Paladín,Tango,Instrumental,Víctor,78rpm,Agustín Bardi,,,39-41 / Initial Típica ,Carlos Di Sarli,Domingo Capurro,"Félix Verdi, Roberto Gianitelli, Domingo Sánchez, Roberto Mititieri, Luis Porcellana","Roberto Guisado, Ángel Goicoechea, Adolfo Pérez, Antonio Rossi"
Carlos Di Sarli,Carlos Di Sarli y su Orquesta Típica,12/11/1941,Y Hasta El Cardo Tiene Flor,Tango,Instrumental,Víctor,78rpm,Carlos Escobar,,,39-41 / Initial Típica ,Carlos Di Sarli,Domingo Capurro,"Félix Verdi, Roberto Gianitelli, Domingo Sánchez, Roberto Mititieri, Luis Porcellana","Roberto Guisado, Ángel Goicoechea, Adolfo Pérez, Antonio Rossi"
Carlos Di Sarli,Carlos Di Sarli y su Orquesta Típica,12/26/1941,Lo Mismo Que Antes,Tango,Roberto Rufino,Víctor,78rpm,Ciriaco Ortiz,José Contursi,,39-41 / Initial Típica ,Carlos Di Sarli,Domingo Capurro,"Félix Verdi, Roberto Gianitelli, Domingo Sánchez, Roberto Mititieri, Luis Porcellana","Roberto Guisado, Ángel Goicoechea, Adolfo Pérez, Antonio Rossi"
Carlos Di Sarli,Carlos Di Sarli y su Orquesta Típica,1/3/1942,Noches De Carnaval,Tango,Roberto Rufino,Víctor,78rpm,Carlos Di Sarli,Francisco Jiménez,,42-43 / 5 violins ,Carlos Di Sarli,Domingo Capurro,"Félix Verdi, Roberto Gianitelli, Domingo Sánchez, Roberto Mititieri, Luis Porcellana","Roberto Guisado, Ángel Goicoechea, Adolfo Pérez, Antonio Rossi, Claudio González"
Carlos Di Sarli,Carlos Di Sarli y su Orquesta Típica,3/30/1942,Entre Pitada Y Pitada,Milonga,Alberto Podestá,Víctor,78rpm,Rodolfo Sciammarella,Rodolfo Sciammarella,,42-43 / 5 violins ,Carlos Di Sarli,Domingo Capurro,"Félix Verdi, Roberto Gianitelli, Domingo Sánchez, Roberto Mititieri, Luis Porcellana","Roberto Guisado, Ángel Goicoechea, Adolfo Pérez, Antonio Rossi, Claudio González"
Carlos Di Sarli,Carlos Di Sarli y su Orquesta Típica,3/30/1942,No Está,Tango,Alberto Podestá,Víctor,78rpm,José Bohr,José Bohr,,42-43 / 5 violins ,Carlos Di Sarli,Domingo Capurro,"Félix Verdi, Roberto Gianitelli, Domingo Sánchez, Roberto Mititieri, Luis Porcellana","Roberto Guisado, Ángel Goicoechea, Adolfo Pérez, Antonio Rossi, Claudio González"
Carlos Di Sarli,Carlos Di Sarli y su Orquesta Típica,4/9/1942,Al Compás Del Corazón,Tango,Alberto Podestá,Víctor,78rpm,Domingo Federico,Homero Expósito,,42-43 / 5 violins ,Carlos Di Sarli,Domingo Capurro,"Félix Verdi, Roberto Gianitelli, Domingo Sánchez, Roberto Mititieri, Luis Porcellana","Roberto Guisado, Ángel Goicoechea, Adolfo Pérez, Antonio Rossi, Claudio González"
Carlos Di Sarli,Carlos Di Sarli y su Orquesta Típica,4/9/1942,Alzame En Tus Brazos,Vals,Alberto Podestá,Víctor,78rpm,Héctor Cruz,Mario Battistella,,42-43 / 5 violins ,Carlos Di Sarli,Domingo Capurro,"Félix Verdi, Roberto Gianitelli, Domingo Sánchez, Roberto Mititieri, Luis Porcellana","Roberto Guisado, Ángel Goicoechea, Adolfo Pérez, Antonio Rossi, Claudio González"
Carlos Di Sarli,Carlos Di Sarli y su Orquesta Típica,5/26/1942,Rosa Morena,Milonga,Roberto Rufino,Víctor,78rpm,Enrique Maciel,Héctor Blomberg,,42-43 / 5 violins ,Carlos Di Sarli,Domingo Capurro,"Félix Verdi, Roberto Gianitelli, Domingo Sánchez, Roberto Mititieri, Luis Porcellana","Roberto Guisado, Ángel Goicoechea, Adolfo Pérez, Antonio Rossi, Claudio González"
Carlos Di Sarli,Carlos Di Sarli y su Orquesta Típica,5/26/1942,Sombras Del Puerto,Tango,Alberto Podestá,Víctor,78rpm,Armando Pontier,Oscar Rubens,,42-43 / 5 violins ,Carlos Di Sarli,Domingo Capurro,"Félix Verdi, Roberto Gianitelli, Domingo Sánchez, Roberto Mititieri, Luis Porcellana","Roberto Guisado, Ángel Goicoechea, Adolfo Pérez, Antonio Rossi, Claudio González"
Carlos Di Sarli,Carlos Di Sarli y su Orquesta Típica,6/23/1942,Cuidado Con Los Cincuenta,Tango,Instrumental,Víctor,78rpm,Ángel Villoldo,Carlos Pesce; Antonio Polito,,42-43 / 5 violins ,Carlos Di Sarli,Domingo Capurro,"Félix Verdi, Roberto Gianitelli, Domingo Sánchez, Roberto Mititieri, Luis Porcellana","Roberto Guisado, Ángel Goicoechea, Adolfo Pérez, Antonio Rossi, Claudio González"
Carlos Di Sarli,Carlos Di Sarli y su Orquesta Típica,6/23/1942,El Amanecer,Tango,Instrumental,Víctor,78rpm,Roberto Firpo,,,42-43 / 5 violins ,Carlos Di Sarli,Domingo Capurro,"Félix Verdi, Roberto Gianitelli, Domingo Sánchez, Roberto Mititieri, Luis Porcellana","Roberto Guisado, Ángel Goicoechea, Adolfo Pérez, Antonio Rossi, Claudio González"
Carlos Di Sarli,Carlos Di Sarli y su Orquesta Típica,6/23/1942,Junto A Tu Corazón,Tango,Alberto Podestá,Víctor,78rpm,Enrique Francini; Héctor Stamponi,José Contursi,,42-43 / 5 violins ,Carlos Di Sarli,Domingo Capurro,"Félix Verdi, Roberto Gianitelli, Domingo Sánchez, Roberto Mititieri, Luis Porcellana","Roberto Guisado, Ángel Goicoechea, Adolfo Pérez, Antonio Rossi, Claudio González"
Carlos Di Sarli,Carlos Di Sarli y su Orquesta Típica,7/29/1942,Cuando Un Viejo Se Enamora,Milonga,Roberto Rufino,Víctor,78rpm,Rodolfo Sciammarella,Manuel Romero,,42-43 / 5 violins ,Carlos Di Sarli,Domingo Capurro,"Félix Verdi, Roberto Gianitelli, Domingo Sánchez, Roberto Mititieri, Luis Porcellana","Roberto Guisado, Ángel Goicoechea, Adolfo Pérez, Antonio Rossi, Claudio González"
Carlos Di Sarli,Carlos Di Sarli y su Orquesta Típica,7/29/1942,Necesito Olvidar,`,Roberto Rufino,Víctor,78rpm,Rodolfo Sciammarella,Manuel Romero,,42-43 / 5 violins ,Carlos Di Sarli,Domingo Capurro,"Félix Verdi, Roberto Gianitelli, Domingo Sánchez, Roberto Mititieri, Luis Porcellana","Roberto Guisado, Ángel Goicoechea, Adolfo Pérez, Antonio Rossi, Claudio González"
Carlos Di Sarli,Carlos Di Sarli y su Orquesta Típica,8/12/1942,Decime Qué Pasó,Tango,Roberto Rufino,Víctor,78rpm,Miguel Nijensohn; José Nieso,José Suñé,,42-43 / 5 violins ,Carlos Di Sarli,Domingo Capurro,"Félix Verdi, Roberto Gianitelli, Domingo Sánchez, Roberto Mititieri, Luis Porcellana","Roberto Guisado, Ángel Goicoechea, Adolfo Pérez, Antonio Rossi, Claudio González"
Carlos Di Sarli,Carlos Di Sarli y su Orquesta Típica,8/14/1942,Mañana Zarpa Un Barco,Tango,Roberto Rufino,Víctor,78rpm,Lucio Demare,Homero Manzi,,42-43 / 5 violins ,Carlos Di Sarli,Domingo Capurro,"Félix Verdi, Roberto Gianitelli, Domingo Sánchez, Roberto Mititieri, Luis Porcellana","Roberto Guisado, Ángel Goicoechea, Adolfo Pérez, Antonio Rossi, Claudio González"
Carlos Di Sarli,Carlos Di Sarli y su Orquesta Típica,8/12/1942,Tarareando,Tango,Roberto Rufino,Víctor,78rpm,Juan Guichandut,Oscar Rubistein,,42-43 / 5 violins ,Carlos Di Sarli,Domingo Capurro,"Félix Verdi, Roberto Gianitelli, Domingo Sánchez, Roberto Mititieri, Luis Porcellana","Roberto Guisado, Ángel Goicoechea, Adolfo Pérez, Antonio Rossi, Claudio González"
Carlos Di Sarli,Carlos Di Sarli y su Orquesta Típica,9/9/1942,Julián Centeya,Milonga,Alberto Podestá,Víctor,78rpm,José Canet,Julián Centeya,,42-43 / 5 violins ,Carlos Di Sarli,Domingo Capurro,"Félix Verdi, Roberto Gianitelli, Domingo Sánchez, Roberto Mititieri, Luis Porcellana","Roberto Guisado, Ángel Goicoechea, Adolfo Pérez, Antonio Rossi, Claudio González"
Carlos Di Sarli,Carlos Di Sarli y su Orquesta Típica,9/9/1942,Rosas De Otoño,Vals,Alberto Podestá,Víctor,78rpm,Guillermo Barbieri,José Rial,,42-43 / 5 violins ,Carlos Di Sarli,Domingo Capurro,"Félix Verdi, Roberto Gianitelli, Domingo Sánchez, Roberto Mititieri, Luis Porcellana","Roberto Guisado, Ángel Goicoechea, Adolfo Pérez, Antonio Rossi, Claudio González"
Carlos Di Sarli,Carlos Di Sarli y su Orquesta Típica,11/12/1942,La Cumparsita,Tango,Instrumental,Víctor,78rpm,Gerardo Rodríguez,Pascual Contursi; Enrique Maroni; Gerardo Rodríguez,,42-43 / 5 violins ,Carlos Di Sarli,Domingo Capurro,"Félix Verdi, Roberto Gianitelli, Domingo Sánchez, Roberto Mititieri, Luis Porcellana","Roberto Guisado, Ángel Goicoechea, Adolfo Pérez, Antonio Rossi, Claudio González"
Carlos Di Sarli,Carlos Di Sarli y su Orquesta Típica,11/12/1942,Va A Cantar Un Ruiseñor,Tango,Alberto Podestá,Víctor,78rpm,Andrés Domenech,Carlos Pesce,,42-43 / 5 violins ,Carlos Di Sarli,Domingo Capurro,"Félix Verdi, Roberto Gianitelli, Domingo Sánchez, Roberto Mititieri, Luis Porcellana","Roberto Guisado, Ángel Goicoechea, Adolfo Pérez, Antonio Rossi, Claudio González"
Carlos Di Sarli,Carlos Di Sarli y su Orquesta Típica,11/30/1942,Nido Gaucho,Tango,Alberto Podestá,Víctor,78rpm,Carlos Di Sarli,Héctor Marcó,,42-43 / 5 violins ,Carlos Di Sarli,Domingo Capurro,"Félix Verdi, Roberto Gianitelli, Domingo Sánchez, Roberto Mititieri, Luis Porcellana","Roberto Guisado, Ángel Goicoechea, Adolfo Pérez, Antonio Rossi, Claudio González"
Carlos Di Sarli,Carlos Di Sarli y su Orquesta Típica,11/30/1942,Organito De La Tarde,Tango,Instrumental,Víctor,78rpm,Castillo Cátulo,José Castillo,,42-43 / 5 violins ,Carlos Di Sarli,Domingo Capurro,"Félix Verdi, Roberto Gianitelli, Domingo Sánchez, Roberto Mititieri, Luis Porcellana","Roberto Guisado, Ángel Goicoechea, Adolfo Pérez, Antonio Rossi, Claudio González"
Carlos Di Sarli,Carlos Di Sarli y su Orquesta Típica,12/21/1942,Estampa Federal,Vals,Alberto Podestá,Víctor,78rpm,Pedro Maffia; Sebastián Piana,Cátulo Castillo,,42-43 / 5 violins ,Carlos Di Sarli,Domingo Capurro,"Félix Verdi, Roberto Gianitelli, Domingo Sánchez, Roberto Mititieri, Luis Porcellana","Roberto Guisado, Ángel Goicoechea, Adolfo Pérez, Antonio Rossi, Claudio González"
Carlos Di Sarli,Carlos Di Sarli y su Orquesta Típica,12/21/1942,Volver A Vernos,Tango,Alberto Podestá,Víctor,78rpm,Joaquín Mora,Luis Castiñeira,,42-43 / 5 violins ,Carlos Di Sarli,Domingo Capurro,"Félix Verdi, Roberto Gianitelli, Domingo Sánchez, Roberto Mititieri, Luis Porcellana","Roberto Guisado, Ángel Goicoechea, Adolfo Pérez, Antonio Rossi, Claudio González"
Carlos Di Sarli,Carlos Di Sarli y su Orquesta Típica,3/5/1943,Cómo Se Hace Un Tango,Tango,Roberto Rufino,Víctor,78rpm,Arturo Gallucci,Enrique Dizeo,,42-43 / 5 violins ,Carlos Di Sarli,Domingo Capurro,"Félix Verdi, Roberto Gianitelli, Domingo Sánchez, Roberto Mititieri, Luis Porcellana","Roberto Guisado, Ángel Goicoechea, Adolfo Pérez, Antonio Rossi, Claudio González"
Carlos Di Sarli,Carlos Di Sarli y su Orquesta Típica,3/5/1943,Cornetín,Tango,Roberto Rufino,Víctor,78rpm,Pedro Maffia,Homero Manzi; Cátulo Castillo,,42-43 / 5 violins ,Carlos Di Sarli,Domingo Capurro,"Félix Verdi, Roberto Gianitelli, Domingo Sánchez, Roberto Mititieri, Luis Porcellana","Roberto Guisado, Ángel Goicoechea, Adolfo Pérez, Antonio Rossi, Claudio González"
Carlos Di Sarli,Carlos Di Sarli y su Orquesta Típica,3/5/1943,Un Día Llegara,Vals,Roberto Rufino,Víctor,78rpm,Carlos Di Sarli,Homero Manzi,,42-43 / 5 violins ,Carlos Di Sarli,Domingo Capurro,"Félix Verdi, Roberto Gianitelli, Domingo Sánchez, Roberto Mititieri, Luis Porcellana","Roberto Guisado, Ángel Goicoechea, Adolfo Pérez, Antonio Rossi, Claudio González"
Carlos Di Sarli,Carlos Di Sarli y su Orquesta Típica,3/17/1943,Adiós Te Vas,Tango,Roberto Rufino,Víctor,78rpm,Egidio Pittaluga,Cátulo Castillo,,42-43 / 5 violins ,Carlos Di Sarli,Domingo Capurro,"Félix Verdi, Roberto Gianitelli, Domingo Sánchez, Roberto Mititieri, Luis Porcellana","Roberto Guisado, Ángel Goicoechea, Adolfo Pérez, Antonio Rossi, Claudio González"
Carlos Di Sarli,Carlos Di Sarli y su Orquesta Típica,3/17/1943,Canta Pajarito,Tango,Roberto Rufino,Víctor,78rpm,Juan Guichandut,Oscar Rubens,,42-43 / 5 violins ,Carlos Di Sarli,Domingo Capurro,"Félix Verdi, Roberto Gianitelli, Domingo Sánchez, Roberto Mititieri, Luis Porcellana","Roberto Guisado, Ángel Goicoechea, Adolfo Pérez, Antonio Rossi, Claudio González"
Carlos Di Sarli,Carlos Di Sarli y su Orquesta Típica,3/17/1943,Pa'Los Muchachos,Tango,Roberto Rufino,Víctor,78rpm,José Ranieri,Julián Centeya,,42-43 / 5 violins ,Carlos Di Sarli,Domingo Capurro,"Félix Verdi, Roberto Gianitelli, Domingo Sánchez, Roberto Mititieri, Luis Porcellana","Roberto Guisado, Ángel Goicoechea, Adolfo Pérez, Antonio Rossi, Claudio González"
Carlos Di Sarli,Carlos Di Sarli y su Orquesta Típica,5/5/1943,Bar Exposición,Tango,Instrumental,Víctor,78rpm,Luis Teisseire,,,42-43 / 5 violins ,Carlos Di Sarli,Domingo Capurro,"Félix Verdi, Roberto Gianitelli, Domingo Sánchez, Roberto Mititieri, Luis Porcellana","Roberto Guisado, Ángel Goicoechea, Adolfo Pérez, Antonio Rossi, Claudio González"
Carlos Di Sarli,Carlos Di Sarli y su Orquesta Típica,5/5/1943,Nueve Puntos,Tango,Instrumental,Víctor,78rpm,Francisco Canaro,,,42-43 / 5 violins ,Carlos Di Sarli,Domingo Capurro,"Félix Verdi, Roberto Gianitelli, Domingo Sánchez, Roberto Mititieri, Luis Porcellana","Roberto Guisado, Ángel Goicoechea, Adolfo Pérez, Antonio Rossi, Claudio González"
Carlos Di Sarli,Carlos Di Sarli y su Orquesta Típica,5/5/1943,Si Tú Quisieras,Tango,Roberto Rufino,Víctor,78rpm,Francisco Pracánico,Luis Rubistein,,42-43 / 5 violins ,Carlos Di Sarli,Domingo Capurro,"Félix Verdi, Roberto Gianitelli, Domingo Sánchez, Roberto Mititieri, Luis Porcellana","Roberto Guisado, Ángel Goicoechea, Adolfo Pérez, Antonio Rossi, Claudio González"
Carlos Di Sarli,Carlos Di Sarli y su Orquesta Típica,5/14/1943,Don José María,Tango,Instrumental,Víctor,78rpm,Anselmo Mendizábal,Carlos Waiss; Ernesto Temes,,42-43 / 5 violins ,Carlos Di Sarli,Domingo Capurro,"Félix Verdi, Roberto Gianitelli, Domingo Sánchez, Roberto Mititieri, Luis Porcellana","Roberto Guisado, Ángel Goicoechea, Adolfo Pérez, Antonio Rossi, Claudio González"
Carlos Di Sarli,Carlos Di Sarli y su Orquesta Típica,5/28/1943,Anselmo Acuña El Resero,Tango,Roberto Rufino,Víctor,78rpm,Pedro Casella; Félix Láurenz,Luis Caruso,,42-43 / 5 violins ,Carlos Di Sarli,Domingo Capurro,"Félix Verdi, Roberto Gianitelli, Domingo Sánchez, Roberto Mititieri, Luis Porcellana","Roberto Guisado, Ángel Goicoechea, Adolfo Pérez, Antonio Rossi, Claudio González"
Carlos Di Sarli,Carlos Di Sarli y su Orquesta Típica,6/14/1943,Zorro Plateado,Tango,Roberto Rufino,Víctor,78rpm,Carlos Riestra,Enrique Cadícamo,,42-43 / 5 violins ,Carlos Di Sarli,Domingo Capurro,"Félix Verdi, Roberto Gianitelli, Domingo Sánchez, Roberto Mititieri, Luis Porcellana","Roberto Guisado, Ángel Goicoechea, Adolfo Pérez, Antonio Rossi, Claudio González"
Carlos Di Sarli,Carlos Di Sarli y su Orquesta Típica,8/5/1943,La Viruta,Tango,Instrumental,Víctor,78rpm,Vicente Greco,,,42-43 / 5 violins ,Carlos Di Sarli,Domingo Capurro,"Félix Verdi, Roberto Gianitelli, Domingo Sánchez, Roberto Mititieri, Luis Porcellana","Roberto Guisado, Ángel Goicoechea, Adolfo Pérez, Antonio Rossi, Claudio González"
Carlos Di Sarli,Carlos Di Sarli y su Orquesta Típica,8/5/1943,Navegante,Tango,Roberto Rufino,Víctor,78rpm,Jaime Yanin,José Staffolani,,42-43 / 5 violins ,Carlos Di Sarli,Domingo Capurro,"Félix Verdi, Roberto Gianitelli, Domingo Sánchez, Roberto Mititieri, Luis Porcellana","Roberto Guisado, Ángel Goicoechea, Adolfo Pérez, Antonio Rossi, Claudio González"
Carlos Di Sarli,Carlos Di Sarli y su Orquesta Típica,9/7/1943,Ensueños,Tango,Instrumental,Víctor,78rpm,Luis Brighenti,Enrique Cadicamo,,42-43 / 5 violins ,Carlos Di Sarli,Domingo Capurro,"Félix Verdi, Roberto Gianitelli, Domingo Sánchez, Roberto Mititieri, Luis Porcellana","Roberto Guisado, Ángel Goicoechea, Adolfo Pérez, Antonio Rossi, Claudio González"
Carlos Di Sarli,Carlos Di Sarli y su Orquesta Típica,9/7/1943,Tristeza Marina,Tango,Roberto Rufino,Víctor,78rpm,José Dames; Roberto Patti,Horacio Sanguinetti,,42-43 / 5 violins ,Carlos Di Sarli,Domingo Capurro,"Félix Verdi, Roberto Gianitelli, Domingo Sánchez, Roberto Mititieri, Luis Porcellana","Roberto Guisado, Ángel Goicoechea, Adolfo Pérez, Antonio Rossi, Claudio González"
Carlos Di Sarli,Carlos Di Sarli y su Orquesta Típica,10/7/1943,Verdemar,Tango,Roberto Rufino,Víctor,78rpm,Carlos Di Sarli,José Contursi,,42-43 / 5 violins ,Carlos Di Sarli,Domingo Capurro,"Félix Verdi, Roberto Gianitelli, Domingo Sánchez, Roberto Mititieri, Luis Porcellana","Roberto Guisado, Ángel Goicoechea, Adolfo Pérez, Antonio Rossi, Claudio González"
Carlos Di Sarli,Carlos Di Sarli y su Orquesta Típica,10/7/1943,Yo Soy De San Telmo,Milonga,Roberto Rufino,Víctor,78rpm,Arturo Gallucci,Victorino Velazquez,,42-43 / 5 violins ,Carlos Di Sarli,Domingo Capurro,"Félix Verdi, Roberto Gianitelli, Domingo Sánchez, Roberto Mititieri, Luis Porcellana","Roberto Guisado, Ángel Goicoechea, Adolfo Pérez, Antonio Rossi, Claudio González"
Carlos Di Sarli,Carlos Di Sarli y su Orquesta Típica,11/4/1943,A Mí Me Llaman Juan Tango,Tango,Roberto Rufino,Víctor,78rpm,Tito Ribero,Carlos Waiss,,42-43 / 5 violins ,Carlos Di Sarli,Domingo Capurro,"Félix Verdi, Roberto Gianitelli, Domingo Sánchez, Roberto Mititieri, Luis Porcellana","Roberto Guisado, Ángel Goicoechea, Adolfo Pérez, Antonio Rossi, Claudio González"
Carlos Di Sarli,Carlos Di Sarli y su Orquesta Típica,11/4/1943,El Jagüel,Tango,Instrumental,Víctor,78rpm,Carlos Posadas,José Fernández,,42-43 / 5 violins ,Carlos Di Sarli,Domingo Capurro,"Félix Verdi, Roberto Gianitelli, Domingo Sánchez, Roberto Mititieri, Luis Porcellana","Roberto Guisado, Ángel Goicoechea, Adolfo Pérez, Antonio Rossi, Claudio González"
Carlos Di Sarli,Carlos Di Sarli y su Orquesta Típica,11/4/1943,Los Muñequitos,Tango,Roberto Rufino,Víctor,78rpm,Francisco Pracánico,Oscar Rubens,,42-43 / 5 violins ,Carlos Di Sarli,Domingo Capurro,"Félix Verdi, Roberto Gianitelli, Domingo Sánchez, Roberto Mititieri, Luis Porcellana","Roberto Guisado, Ángel Goicoechea, Adolfo Pérez, Antonio Rossi, Claudio González"
Carlos Di Sarli,Carlos Di Sarli y su Orquesta Típica,11/4/1943,Todo,Tango,Roberto Rufino,Víctor,78rpm,Hugo Gutiérrez,Homero Expósito,,42-43 / 5 violins ,Carlos Di Sarli,Domingo Capurro,"Félix Verdi, Roberto Gianitelli, Domingo Sánchez, Roberto Mititieri, Luis Porcellana","Roberto Guisado, Ángel Goicoechea, Adolfo Pérez, Antonio Rossi, Claudio González"
Carlos Di Sarli,Carlos Di Sarli y su Orquesta Típica,12/17/1943,Boedo Y San Juan,Tango,Roberto Rufino,Víctor,78rpm,Domingo Cadícamo,Enrique Cadícamo,,42-43 / 5 violins ,Carlos Di Sarli,Domingo Capurro,"Félix Verdi, Roberto Gianitelli, Domingo Sánchez, Roberto Mititieri, Luis Porcellana","Roberto Guisado, Ángel Goicoechea, Adolfo Pérez, Antonio Rossi, Claudio González"
Carlos Di Sarli,Carlos Di Sarli y su Orquesta Típica,12/17/1943,Esta Noche De Luna,Tango,Roberto Rufino,Víctor,78rpm,Graciano Gómez; José García,Héctor Marcó,,42-43 / 5 violins ,Carlos Di Sarli,Domingo Capurro,"Félix Verdi, Roberto Gianitelli, Domingo Sánchez, Roberto Mititieri, Luis Porcellana","Roberto Guisado, Ángel Goicoechea, Adolfo Pérez, Antonio Rossi, Claudio González"
Carlos Di Sarli,Carlos Di Sarli y su Orquesta Típica,12/17/1943,Maldonado,Milonga,Roberto Rufino,Víctor,78rpm,Alberto Mastra,Alberto Mastra,,42-43 / 5 violins ,Carlos Di Sarli,Domingo Capurro,"Félix Verdi, Roberto Gianitelli, Domingo Sánchez, Roberto Mititieri, Luis Porcellana","Roberto Guisado, Ángel Goicoechea, Adolfo Pérez, Antonio Rossi, Claudio González"
Carlos Di Sarli,Carlos Di Sarli y su Orquesta Típica,12/17/1943,Tierra Negra,Tango,Instrumental,Víctor,78rpm,Graciano De Leone; Juan Noli,Francisco Bastardi,,42-43 / 5 violins ,Carlos Di Sarli,Domingo Capurro,"Félix Verdi, Roberto Gianitelli, Domingo Sánchez, Roberto Mititieri, Luis Porcellana","Roberto Guisado, Ángel Goicoechea, Adolfo Pérez, Antonio Rossi, Claudio González"
Carlos Di Sarli,Carlos Di Sarli y su Orquesta Típica,4/13/1944,Cero Al As,Tango,Alberto Podestá,Víctor,78rpm,Arturo Gallucci,Francisco Bohigas,,"44-45 / 3B, 4V",Carlos Di Sarli,Domingo Capurro,"Félix Verdi, Domingo Sánchez, Federico Scorticati","Roberto Guisado, Ángel Goicoechea, Adolfo Pérez, Antonio Rossi"
Carlos Di Sarli,Carlos Di Sarli y su Orquesta Típica,4/13/1944,Nada,Tango,Alberto Podestá,Víctor,78rpm,José Dames,Horacio Sanguinetti,,"44-45 / 3B, 4V",Carlos Di Sarli,Domingo Capurro,"Félix Verdi, Domingo Sánchez, Federico Scorticati","Roberto Guisado, Ángel Goicoechea, Adolfo Pérez, Antonio Rossi"
Carlos Di Sarli,Carlos Di Sarli y su Orquesta Típica,4/13/1944,Otra Noche,Tango,Alberto Podestá,Víctor,78rpm,Rodolfo Sciammarella,Rodolfo Sciammarella,,"44-45 / 3B, 4V",Carlos Di Sarli,Domingo Capurro,"Félix Verdi, Domingo Sánchez, Federico Scorticati","Roberto Guisado, Ángel Goicoechea, Adolfo Pérez, Antonio Rossi"
Carlos Di Sarli,Carlos Di Sarli y su Orquesta Típica,4/13/1944,Qué Solo Estoy,Tango,Alberto Podestá,Víctor,78rpm,Raúl Kaplún,Roberto Miró,,"44-45 / 3B, 4V",Carlos Di Sarli,Domingo Capurro,"Félix Verdi, Domingo Sánchez, Federico Scorticati","Roberto Guisado, Ángel Goicoechea, Adolfo Pérez, Antonio Rossi"
Carlos Di Sarli,Carlos Di Sarli y su Orquesta Típica,5/24/1944,Llueve Otra Vez,Tango,Alberto Podestá,Víctor,78rpm,Juan Guichandut,Oscar Rubens,,"44-45 / 3B, 4V",Carlos Di Sarli,Domingo Capurro,"Félix Verdi, Domingo Sánchez, Federico Scorticati","Roberto Guisado, Ángel Goicoechea, Adolfo Pérez, Antonio Rossi"
Carlos Di Sarli,Carlos Di Sarli y su Orquesta Típica,5/24/1944,Vamos,Tango,Alberto Podestá,Víctor,78rpm,Feliciano Brunelli,Rodolfo Sciammarella,,"44-45 / 3B, 4V",Carlos Di Sarli,Domingo Capurro,"Félix Verdi, Domingo Sánchez, Federico Scorticati","Roberto Guisado, Ángel Goicoechea, Adolfo Pérez, Antonio Rossi"
Carlos Di Sarli,Carlos Di Sarli y su Orquesta Típica,7/11/1944,La Capilla Blanca,Tango,Alberto Podestá,Víctor,78rpm,Carlos Di Sarli,Héctor Marcó,,"44-45 / 3B, 4V",Carlos Di Sarli,Domingo Capurro,"Félix Verdi, Domingo Sánchez, Federico Scorticati","Roberto Guisado, Ángel Goicoechea, Adolfo Pérez, Antonio Rossi"
Carlos Di Sarli,Carlos Di Sarli y su Orquesta Típica,7/11/1944,Milonguero Viejo,Tango,Instrumental,Víctor,78rpm,Carlos Di Sarli,Enrique Sotelo,,"44-45 / 3B, 4V",Carlos Di Sarli,Domingo Capurro,"Félix Verdi, Domingo Sánchez, Federico Scorticati","Roberto Guisado, Ángel Goicoechea, Adolfo Pérez, Antonio Rossi"
Carlos Di Sarli,Carlos Di Sarli y su Orquesta Típica,7/20/1944,Champagne Tango,Tango,Instrumental,Víctor,78rpm,Manuel Aróztegui,,,"44-45 / 3B, 4V",Carlos Di Sarli,Domingo Capurro,"Félix Verdi, Domingo Sánchez, Federico Scorticati","Roberto Guisado, Ángel Goicoechea, Adolfo Pérez, Antonio Rossi"
Carlos Di Sarli,Carlos Di Sarli y su Orquesta Típica,7/20/1944,Motivo Sentimental,Tango,Alberto Podestá,Víctor,78rpm,Emilio Brameri,Carlos Bahr,,"44-45 / 3B, 4V",Carlos Di Sarli,Domingo Capurro,"Félix Verdi, Domingo Sánchez, Federico Scorticati","Roberto Guisado, Ángel Goicoechea, Adolfo Pérez, Antonio Rossi"
Carlos Di Sarli,Carlos Di Sarli y su Orquesta Típica,9/20/1944,Lloran Las Campanas,Tango,Alberto Podestá,Víctor,78rpm,Alberto Villanueva,Oscar Rubistein,,"44-45 / 3B, 4V",Carlos Di Sarli,Domingo Capurro,"Félix Verdi, Domingo Sánchez, Federico Scorticati","Roberto Guisado, Ángel Goicoechea, Adolfo Pérez, Antonio Rossi"
Carlos Di Sarli,Carlos Di Sarli y su Orquesta Típica,11/8/1944,Royal Pigall,Tango,Instrumental,Víctor,78rpm,Juan Maglio,José Castillo,,"44-45 / 3B, 4V",Carlos Di Sarli,Domingo Capurro,"Félix Verdi, Domingo Sánchez, Federico Scorticati","Roberto Guisado, Ángel Goicoechea, Adolfo Pérez, Antonio Rossi"
Carlos Di Sarli,Carlos Di Sarli y su Orquesta Típica,11/8/1944,"Tú, El Cielo Y Tú",Tango,Alberto Podestá,Víctor,78rpm,Mario Canaro,Héctor Marcó,,"44-45 / 3B, 4V",Carlos Di Sarli,Domingo Capurro,"Félix Verdi, Domingo Sánchez, Federico Scorticati","Roberto Guisado, Ángel Goicoechea, Adolfo Pérez, Antonio Rossi"
Carlos Di Sarli,Carlos Di Sarli y su Orquesta Típica,11/8/1944,Un Lamento,Tango,Instrumental,Víctor,78rpm,Graciano Leone,,,"44-45 / 3B, 4V",Carlos Di Sarli,Domingo Capurro,"Félix Verdi, Domingo Sánchez, Federico Scorticati","Roberto Guisado, Ángel Goicoechea, Adolfo Pérez, Antonio Rossi"
Carlos Di Sarli,Carlos Di Sarli y su Orquesta Típica,1/3/1945,Que No Sepan Las Estrellas,Tango,Jorge Durán,Víctor,78rpm,José Magarotti,Alfredo Roldán,,"44-45 / 3B, 4V",Carlos Di Sarli,Domingo Capurro,"Félix Verdi, Domingo Sánchez, Federico Scorticati","Roberto Guisado, Ángel Goicoechea, Adolfo Pérez, Antonio Rossi"
Carlos Di Sarli,Carlos Di Sarli y su Orquesta Típica,1/3/1945,Rodríguez Peña,Tango,Instrumental,Víctor,78rpm,Vicente Greco,Ernesto Temes; Juan Velich; Rafael Velich,,"44-45 / 3B, 4V",Carlos Di Sarli,Domingo Capurro,"Félix Verdi, Domingo Sánchez, Federico Scorticati","Roberto Guisado, Ángel Goicoechea, Adolfo Pérez, Antonio Rossi"
Carlos Di Sarli,Carlos Di Sarli y su Orquesta Típica,2/20/1945,El Ingeniero,Tango,Instrumental,Víctor,78rpm,Alejandro Junnissi,,,"44-45 / 3B, 4V",Carlos Di Sarli,Domingo Capurro,"Félix Verdi, Domingo Sánchez, Federico Scorticati","Roberto Guisado, Ángel Goicoechea, Adolfo Pérez, Antonio Rossi"
Carlos Di Sarli,Carlos Di Sarli y su Orquesta Típica,2/20/1945,Porteño Y Bailarín,Tango,Jorge Durán,Víctor,78rpm,Carlos Di Sarli,Héctor Marcó,,"44-45 / 3B, 4V",Carlos Di Sarli,Domingo Capurro,"Félix Verdi, Domingo Sánchez, Federico Scorticati","Roberto Guisado, Ángel Goicoechea, Adolfo Pérez, Antonio Rossi"
Carlos Di Sarli,Carlos Di Sarli y su Orquesta Típica,3/8/1945,Solamente Ella,Tango,Jorge Durán,Víctor,78rpm,Lucio Demare,Homero Manzi,,"44-45 / 3B, 4V",Carlos Di Sarli,Domingo Capurro,"Félix Verdi, Domingo Sánchez, Federico Scorticati","Roberto Guisado, Ángel Goicoechea, Adolfo Pérez, Antonio Rossi"
Carlos Di Sarli,Carlos Di Sarli y su Orquesta Típica,3/8/1945,Tus Labios Me Dirán,Tango,Jorge Durán,Víctor,78rpm,Emilio Brameri,Héctor Marcó,,"44-45 / 3B, 4V",Carlos Di Sarli,Domingo Capurro,"Félix Verdi, Domingo Sánchez, Federico Scorticati","Roberto Guisado, Ángel Goicoechea, Adolfo Pérez, Antonio Rossi"
Carlos Di Sarli,Carlos Di Sarli y su Orquesta Típica,4/23/1945,Soy El Cantor De La Orquesta,Tango,Jorge Durán,Víctor,78rpm,Alfredo Gobbi,Osvaldo Bruzzi,,"44-45 / 3B, 4V",Carlos Di Sarli,Domingo Capurro,"Félix Verdi, Domingo Sánchez, Federico Scorticati","Roberto Guisado, Ángel Goicoechea, Adolfo Pérez, Antonio Rossi"
Carlos Di Sarli,Carlos Di Sarli y su Orquesta Típica,4/23/1945,Vea Vea,Tango,Instrumental,Víctor,78rpm,Roberto Firpo,Alberto Lago,,"44-45 / 3B, 4V",Carlos Di Sarli,Domingo Capurro,"Félix Verdi, Domingo Sánchez, Federico Scorticati","Roberto Guisado, Ángel Goicoechea, Adolfo Pérez, Antonio Rossi"
Carlos Di Sarli,Carlos Di Sarli y su Orquesta Típica,6/4/1945,Barba De Choclo,Tango,Instrumental,Víctor,78rpm,Vicente Greco,Carlos Pesce,,"44-45 / 3B, 4V",Carlos Di Sarli,Domingo Capurro,"Félix Verdi, Domingo Sánchez, Federico Scorticati","Roberto Guisado, Ángel Goicoechea, Adolfo Pérez, Antonio Rossi"
Carlos Di Sarli,Carlos Di Sarli y su Orquesta Típica,6/4/1945,Vieja Luna,Tango,Jorge Durán,Víctor,78rpm,Arturo Gallucci,Celedonio Flores,,"44-45 / 3B, 4V",Carlos Di Sarli,Domingo Capurro,"Félix Verdi, Domingo Sánchez, Federico Scorticati","Roberto Guisado, Ángel Goicoechea, Adolfo Pérez, Antonio Rossi"
Carlos Di Sarli,Carlos Di Sarli y su Orquesta Típica,7/5/1945,Con Alma Y Vida,Milonga,Jorge Durán,Víctor,78rpm,Carlos Di Sarli,Héctor Marcó,,"44-45 / 3B, 4V",Carlos Di Sarli,Domingo Capurro,"Félix Verdi, Domingo Sánchez, Federico Scorticati","Roberto Guisado, Ángel Goicoechea, Adolfo Pérez, Antonio Rossi"
Carlos Di Sarli,Carlos Di Sarli y su Orquesta Típica,7/5/1945,Ojos Negros,Tango,Instrumental,Víctor,78rpm,Vicente Greco,,,"44-45 / 3B, 4V",Carlos Di Sarli,Domingo Capurro,"Félix Verdi, Domingo Sánchez, Federico Scorticati","Roberto Guisado, Ángel Goicoechea, Adolfo Pérez, Antonio Rossi"
Carlos Di Sarli,Carlos Di Sarli y su Orquesta Típica,7/5/1945,Un Tango Y Nada Más,Tango,Jorge Durán,Víctor,78rpm,Armando Lacava; Juan Pomati,Carlos Waiss,,"44-45 / 3B, 4V",Carlos Di Sarli,Domingo Capurro,"Félix Verdi, Domingo Sánchez, Federico Scorticati","Roberto Guisado, Ángel Goicoechea, Adolfo Pérez, Antonio Rossi"
Carlos Di Sarli,Carlos Di Sarli y su Orquesta Típica,7/31/1945,Hoy Al Recordarla,Tango,Jorge Durán,Víctor,78rpm,José Canet,José Canet,,"44-45 / 3B, 4V",Carlos Di Sarli,Domingo Capurro,"Félix Verdi, Domingo Sánchez, Federico Scorticati","Roberto Guisado, Ángel Goicoechea, Adolfo Pérez, Antonio Rossi"
Carlos Di Sarli,Carlos Di Sarli y su Orquesta Típica,8/29/1945,A La Gran Muñeca,Tango,Instrumental,Víctor,78rpm,Jesús Ventura,Miguel Osés,,"44-45 / 3B, 4V",Carlos Di Sarli,Domingo Capurro,"Félix Verdi, Domingo Sánchez, Federico Scorticati","Roberto Guisado, Ángel Goicoechea, Adolfo Pérez, Antonio Rossi"
Carlos Di Sarli,Carlos Di Sarli y su Orquesta Típica,8/29/1945,Siete Palabras,Tango,Instrumental,Víctor,78rpm,"Juan ""Pacho""",Alfredo Bigeschi,,"44-45 / 3B, 4V",Carlos Di Sarli,Domingo Capurro,"Félix Verdi, Domingo Sánchez, Federico Scorticati","Roberto Guisado, Ángel Goicoechea, Adolfo Pérez, Antonio Rossi"
Carlos Di Sarli,Carlos Di Sarli y su Orquesta Típica,8/29/1945,Sueño De Juventud,Vals,Jorge Durán,Víctor,78rpm,Enrique Discépolo,Enrique Discépolo,,"44-45 / 3B, 4V",Carlos Di Sarli,Domingo Capurro,"Félix Verdi, Domingo Sánchez, Federico Scorticati","Roberto Guisado, Ángel Goicoechea, Adolfo Pérez, Antonio Rossi"
Carlos Di Sarli,Carlos Di Sarli y su Orquesta Típica,8/29/1945,Yo,Tango,Jorge Durán,Víctor,78rpm,Juan Guichandut,Juan Guichandut,,"44-45 / 3B, 4V",Carlos Di Sarli,Domingo Capurro,"Félix Verdi, Domingo Sánchez, Federico Scorticati","Roberto Guisado, Ángel Goicoechea, Adolfo Pérez, Antonio Rossi"
Carlos Di Sarli,Carlos Di Sarli y su Orquesta Típica,10/30/1945,Tinta Verde,Tango,Instrumental,Víctor,78rpm,Agustín Bardi,,,"44-45 / 3B, 4V",Carlos Di Sarli,Domingo Capurro,"Félix Verdi, Domingo Sánchez, Federico Scorticati","Roberto Guisado, Ángel Goicoechea, Adolfo Pérez, Antonio Rossi"
Carlos Di Sarli,Carlos Di Sarli y su Orquesta Típica,10/30/1945,Tu Íntimo Secreto,Tango,Jorge Durán,Víctor,78rpm,Graciano Gómez,Héctor Marcó,,"44-45 / 3B, 4V",Carlos Di Sarli,Domingo Capurro,"Félix Verdi, Domingo Sánchez, Federico Scorticati","Roberto Guisado, Ángel Goicoechea, Adolfo Pérez, Antonio Rossi"
Carlos Di Sarli,Carlos Di Sarli y su Orquesta Típica,1/1/1946,El Once,Tango,Instrumental,Víctor,78rpm,Osvaldo Fresedo,Emilio Fresedo,,46-48 / Greco Bass ,Carlos Di Sarli,Hamlet Greco,"Félix Verdi, Domingo Sánchez, Federico Scorticati, Roberto Mititieri, Ángel Ramos","Roberto Guisado, Ángel Goicoechea, Adolfo Pérez, Antonio Rossi"
Carlos Di Sarli,Carlos Di Sarli y su Orquesta Típica,1/31/1946,Así Era Mi Novia,Tango,Jorge Durán,Víctor,78rpm,Carlos Di Sarli,Héctor Marcó,,46-48 / Greco Bass ,Carlos Di Sarli,Hamlet Greco,"Félix Verdi, Domingo Sánchez, Federico Scorticati, Roberto Mititieri, Ángel Ramos","Roberto Guisado, Ángel Goicoechea, Adolfo Pérez, Antonio Rossi"
Carlos Di Sarli,Carlos Di Sarli y su Orquesta Típica,1/31/1946,Cosas De Tango,Tango,Jorge Durán,Víctor,78rpm,Tito Ribero,Rodolfo Taboada,,46-48 / Greco Bass ,Carlos Di Sarli,Hamlet Greco,"Félix Verdi, Domingo Sánchez, Federico Scorticati, Roberto Mititieri, Ángel Ramos","Roberto Guisado, Ángel Goicoechea, Adolfo Pérez, Antonio Rossi"
Carlos Di Sarli,Carlos Di Sarli y su Orquesta Típica,3/29/1946,Duelo Criollo,Tango,Jorge Durán,Víctor,78rpm,Juan Rezzano,Lito Bayardo,,46-48 / Greco Bass ,Carlos Di Sarli,Hamlet Greco,"Félix Verdi, Domingo Sánchez, Federico Scorticati, Roberto Mititieri, Ángel Ramos","Roberto Guisado, Ángel Goicoechea, Adolfo Pérez, Antonio Rossi"
Carlos Di Sarli,Carlos Di Sarli y su Orquesta Típica,3/29/1946,El Pollo Ricardo,Tango,Instrumental,Víctor,78rpm,Luis Fernández,Luis Fernández,,46-48 / Greco Bass ,Carlos Di Sarli,Hamlet Greco,"Félix Verdi, Domingo Sánchez, Federico Scorticati, Roberto Mititieri, Ángel Ramos","Roberto Guisado, Ángel Goicoechea, Adolfo Pérez, Antonio Rossi"
Carlos Di Sarli,Carlos Di Sarli y su Orquesta Típica,5/3/1946,Para Qué Te Quiero Tanto,Tango,Jorge Durán,Víctor,78rpm,Juan Larenza,Cátulo Castillo,,46-48 / Greco Bass ,Carlos Di Sarli,Hamlet Greco,"Félix Verdi, Domingo Sánchez, Federico Scorticati, Roberto Mititieri, Ángel Ramos","Roberto Guisado, Ángel Goicoechea, Adolfo Pérez, Antonio Rossi"
Carlos Di Sarli,Carlos Di Sarli y su Orquesta Típica,5/9/1946,El Distinguido Ciudadano,Tango,Instrumental,Víctor,78rpm,Peregrino Paulos,,,46-48 / Greco Bass ,Carlos Di Sarli,Hamlet Greco,"Félix Verdi, Domingo Sánchez, Federico Scorticati, Roberto Mititieri, Ángel Ramos","Roberto Guisado, Ángel Goicoechea, Adolfo Pérez, Antonio Rossi"
Carlos Di Sarli,Carlos Di Sarli y su Orquesta Típica,6/6/1946,Clavel Del Aire,Tango,Jorge Durán,Víctor,78rpm,Juan Filiberto,Fernando Valdés,,46-48 / Greco Bass ,Carlos Di Sarli,Hamlet Greco,"Félix Verdi, Domingo Sánchez, Federico Scorticati, Roberto Mititieri, Ángel Ramos","Roberto Guisado, Ángel Goicoechea, Adolfo Pérez, Antonio Rossi"
Carlos Di Sarli,Carlos Di Sarli y su Orquesta Típica,6/6/1946,Mañana No Estarás,Tango,Jorge Durán,Víctor,78rpm,Ariol Gessaghi,Horacio Sanguinetti,,46-48 / Greco Bass ,Carlos Di Sarli,Hamlet Greco,"Félix Verdi, Domingo Sánchez, Federico Scorticati, Roberto Mititieri, Ángel Ramos","Roberto Guisado, Ángel Goicoechea, Adolfo Pérez, Antonio Rossi"
Carlos Di Sarli,Carlos Di Sarli y su Orquesta Típica,8/1/1946,El Caburé,Tango,Instrumental,Víctor,78rpm,Arturo Bassi,,,46-48 / Greco Bass ,Carlos Di Sarli,Hamlet Greco,"Félix Verdi, Domingo Sánchez, Federico Scorticati, Roberto Mititieri, Ángel Ramos","Roberto Guisado, Ángel Goicoechea, Adolfo Pérez, Antonio Rossi"
Carlos Di Sarli,Carlos Di Sarli y su Orquesta Típica,8/1/1946,No Esperaba Verte Más,Tango,Jorge Durán,Víctor,78rpm,Dorita Zárate,Dorita Zárate,,46-48 / Greco Bass ,Carlos Di Sarli,Hamlet Greco,"Félix Verdi, Domingo Sánchez, Federico Scorticati, Roberto Mititieri, Ángel Ramos","Roberto Guisado, Ángel Goicoechea, Adolfo Pérez, Antonio Rossi"
Carlos Di Sarli,Carlos Di Sarli y su Orquesta Típica,8/29/1946,Acuérdate De Mí,Vals,Jorge Durán,Víctor,78rpm,Alfredo Cucci,Héctor Marcó,,46-48 / Greco Bass ,Carlos Di Sarli,Hamlet Greco,"Félix Verdi, Domingo Sánchez, Federico Scorticati, Roberto Mititieri, Ángel Ramos","Roberto Guisado, Ángel Goicoechea, Adolfo Pérez, Antonio Rossi"
Carlos Di Sarli,Carlos Di Sarli y su Orquesta Típica,8/29/1946,Gracias,Tango,Jorge Durán,Víctor,78rpm,Elías Randal,Carlos Bahr,,46-48 / Greco Bass ,Carlos Di Sarli,Hamlet Greco,"Félix Verdi, Domingo Sánchez, Federico Scorticati, Roberto Mititieri, Ángel Ramos","Roberto Guisado, Ángel Goicoechea, Adolfo Pérez, Antonio Rossi"
Carlos Di Sarli,Carlos Di Sarli y su Orquesta Típica,12/5/1946,El Once,Tango,Instrumental,Víctor,78rpm,Osvaldo Fresedo,Emilio Fresedo,,46-48 / Greco Bass ,Carlos Di Sarli,Hamlet Greco,"Félix Verdi, Domingo Sánchez, Federico Scorticati, Roberto Mititieri, Ángel Ramos","Roberto Guisado, Ángel Goicoechea, Adolfo Pérez, Antonio Rossi"
Carlos Di Sarli,Carlos Di Sarli y su Orquesta Típica,12/5/1946,La Vida Me Engañó,Tango,Jorge Durán,Víctor,78rpm,Alfonso Casini,Elizardo Vilas,,46-48 / Greco Bass ,Carlos Di Sarli,Hamlet Greco,"Félix Verdi, Domingo Sánchez, Federico Scorticati, Roberto Mititieri, Ángel Ramos","Roberto Guisado, Ángel Goicoechea, Adolfo Pérez, Antonio Rossi"
Carlos Di Sarli,Carlos Di Sarli y su Orquesta Típica,1/14/1947,Comme Il Faut,Tango,Instrumental,Víctor,78rpm,Eduardo Arolas,Gabriel Clausi,,46-48 / Greco Bass ,Carlos Di Sarli,Hamlet Greco,"Félix Verdi, Domingo Sánchez, Federico Scorticati, Roberto Mititieri, Ángel Ramos","Roberto Guisado, Ángel Goicoechea, Adolfo Pérez, Antonio Rossi"
Carlos Di Sarli,Carlos Di Sarli y su Orquesta Típica,1/14/1947,Didí,Tango,Instrumental,Víctor,78rpm,Roberto Firpo,,,46-48 / Greco Bass ,Carlos Di Sarli,Hamlet Greco,"Félix Verdi, Domingo Sánchez, Federico Scorticati, Roberto Mititieri, Ángel Ramos","Roberto Guisado, Ángel Goicoechea, Adolfo Pérez, Antonio Rossi"
Carlos Di Sarli,Carlos Di Sarli y su Orquesta Típica,1/14/1947,Otra Vez Carnaval,Tango,Jorge Durán,Víctor,78rpm,Carlos Di Sarli,Francisco Jiménez,,46-48 / Greco Bass ,Carlos Di Sarli,Hamlet Greco,"Félix Verdi, Domingo Sánchez, Federico Scorticati, Roberto Mititieri, Ángel Ramos","Roberto Guisado, Ángel Goicoechea, Adolfo Pérez, Antonio Rossi"
Carlos Di Sarli,Carlos Di Sarli y su Orquesta Típica,1/14/1947,Pueblera,Milonga,Jorge Durán,Víctor,78rpm,Antonio Bonavena,Horacio Sanguinetti,,46-48 / Greco Bass ,Carlos Di Sarli,Hamlet Greco,"Félix Verdi, Domingo Sánchez, Federico Scorticati, Roberto Mititieri, Ángel Ramos","Roberto Guisado, Ángel Goicoechea, Adolfo Pérez, Antonio Rossi"
Carlos Di Sarli,Carlos Di Sarli y su Orquesta Típica,4/24/1947,El Pollito,Tango,Instrumental,Víctor,78rpm,Francisco Canaro,,,46-48 / Greco Bass ,Carlos Di Sarli,Hamlet Greco,"Félix Verdi, Domingo Sánchez, Federico Scorticati, Roberto Mititieri, Ángel Ramos","Roberto Guisado, Ángel Goicoechea, Adolfo Pérez, Antonio Rossi"
Carlos Di Sarli,Carlos Di Sarli y su Orquesta Típica,4/24/1947,Por El Camino,Tango,Alberto Podestá,Víctor,78rpm,José Bohr,José Castillo,,46-48 / Greco Bass ,Carlos Di Sarli,Hamlet Greco,"Félix Verdi, Domingo Sánchez, Federico Scorticati, Roberto Mititieri, Ángel Ramos","Roberto Guisado, Ángel Goicoechea, Adolfo Pérez, Antonio Rossi"
Carlos Di Sarli,Carlos Di Sarli y su Orquesta Típica,5/8/1947,Déjame,Tango,Alberto Podestá,Víctor,78rpm,Francisco Canaro; Mariano Mores; Ivo Pelay,Francisco Canaro; Mariano Mores; Ivo Pelay,,46-48 / Greco Bass ,Carlos Di Sarli,Hamlet Greco,"Félix Verdi, Domingo Sánchez, Federico Scorticati, Roberto Mititieri, Ángel Ramos","Roberto Guisado, Ángel Goicoechea, Adolfo Pérez, Antonio Rossi"
Carlos Di Sarli,Carlos Di Sarli y su Orquesta Típica,5/8/1947,La Racha,Tango,Instrumental,Víctor,78rpm,Agustín Bardi,,,46-48 / Greco Bass ,Carlos Di Sarli,Hamlet Greco,"Félix Verdi, Domingo Sánchez, Federico Scorticati, Roberto Mititieri, Ángel Ramos","Roberto Guisado, Ángel Goicoechea, Adolfo Pérez, Antonio Rossi"
Carlos Di Sarli,Carlos Di Sarli y su Orquesta Típica,5/28/1947,La Canción Más Triste,Tango,Alberto Podestá,Víctor,78rpm,Enrique Munné,Roberto Lambertucci,,46-48 / Greco Bass ,Carlos Di Sarli,Hamlet Greco,"Félix Verdi, Domingo Sánchez, Federico Scorticati, Roberto Mititieri, Ángel Ramos","Roberto Guisado, Ángel Goicoechea, Adolfo Pérez, Antonio Rossi"
Carlos Di Sarli,Carlos Di Sarli y su Orquesta Típica,5/28/1947,Soy Aquel Viajero,Tango,Alberto Podestá,Víctor,78rpm,Héctor Grané,Ricardo Thompson,,46-48 / Greco Bass ,Carlos Di Sarli,Hamlet Greco,"Félix Verdi, Domingo Sánchez, Federico Scorticati, Roberto Mititieri, Ángel Ramos","Roberto Guisado, Ángel Goicoechea, Adolfo Pérez, Antonio Rossi"
Carlos Di Sarli,Carlos Di Sarli y su Orquesta Típica,9/26/1947,De Vuelta,Vals,Alberto Podestá,Víctor,78rpm,Carlos Lázzari,Carlos Bahr,,46-48 / Greco Bass ,Carlos Di Sarli,Hamlet Greco,"Félix Verdi, Domingo Sánchez, Federico Scorticati, Roberto Mititieri, Ángel Ramos","Roberto Guisado, Ángel Goicoechea, Adolfo Pérez, Antonio Rossi"
Carlos Di Sarli,Carlos Di Sarli y su Orquesta Típica,9/26/1947,Dinero Dinero,Tango,Alberto Podestá,Víctor,78rpm,Enrique Delfino,Cátulo Castillo,,46-48 / Greco Bass ,Carlos Di Sarli,Hamlet Greco,"Félix Verdi, Domingo Sánchez, Federico Scorticati, Roberto Mititieri, Ángel Ramos","Roberto Guisado, Ángel Goicoechea, Adolfo Pérez, Antonio Rossi"
Carlos Di Sarli,Carlos Di Sarli y su Orquesta Típica,6/22/1948,La Novia Del Mar,Tango,Oscar Serpa,Víctor,78rpm,José Ranieri; Elías Randal,Horacio Sanguinetti,,46-48 / Greco Bass ,Carlos Di Sarli,Hamlet Greco,"Leopoldo Federico, Domingo Sánchez, Federico Scorticati, Roberto Mititieri, Ángel Ramos","Roberto Guisado, Ángel Goicoechea, Adolfo Pérez, Antonio Rossi"
Carlos Di Sarli,Carlos Di Sarli y su Orquesta Típica,6/22/1948,Los Treinta Y Tres Orientales,Tango,Instrumental,Víctor,78rpm,José Felipetti; Rosario Mazzeo,Arturo Rodríguez,,46-48 / Greco Bass ,Carlos Di Sarli,Hamlet Greco,"Leopoldo Federico, Domingo Sánchez, Federico Scorticati, Roberto Mititieri, Ángel Ramos","Roberto Guisado, Ángel Goicoechea, Adolfo Pérez, Antonio Rossi"
Carlos Di Sarli,Carlos Di Sarli y su Orquesta Típica,5/9/1951,El Incendio,Tango,Instrumental,Music Hall,Tape,Arturo Bassi,,,51-54 / Music Hall ,Carlos Di Sarli,Alfredo Sciarretta ,"Félix Verdi, Federico Scorticati, Ángel Ramos, Luis Masturini, Juan Carlos Matino","Roberto Guisado, Bernardo Weber, Ángel Goicoechea, Simón Bajour, Claudio González, Alfredo Pérez"
Carlos Di Sarli,Carlos Di Sarli y su Orquesta Típica,5/9/1951,El Opio,Tango,Instrumental,Music Hall,Tape,Francisco Canaro,,,51-54 / Music Hall ,Carlos Di Sarli,Alfredo Sciarretta ,"Félix Verdi, Federico Scorticati, Ángel Ramos, Luis Masturini, Juan Carlos Matino","Roberto Guisado, Bernardo Weber, Ángel Goicoechea, Simón Bajour, Claudio González, Alfredo Pérez"
Carlos Di Sarli,Carlos Di Sarli y su Orquesta Típica,5/9/1951,A La Gran Muñeca,Tango,Instrumental,Music Hall,Tape,Jesús Ventura,Miguel Osés,,51-54 / Music Hall ,Carlos Di Sarli,Alfredo Sciarretta ,"Félix Verdi, Federico Scorticati, Ángel Ramos, Luis Masturini, Juan Carlos Matino","Roberto Guisado, Bernardo Weber, Ángel Goicoechea, Simón Bajour, Claudio González, Alfredo Pérez"
Carlos Di Sarli,Carlos Di Sarli y su Orquesta Típica,5/9/1951,Germaine,Tango,Instrumental,Music Hall,Tape,Alberto Buchardo,,,51-54 / Music Hall ,Carlos Di Sarli,Alfredo Sciarretta ,"Félix Verdi, Federico Scorticati, Ángel Ramos, Luis Masturini, Juan Carlos Matino","Roberto Guisado, Bernardo Weber, Ángel Goicoechea, Simón Bajour, Claudio González, Alfredo Pérez"
Carlos Di Sarli,Carlos Di Sarli y su Orquesta Típica,7/16/1951,El Pollo Ricardo,Tango,Instrumental,Music Hall,Tape,Luis Fernández,Luis Fernández,,51-54 / Music Hall ,Carlos Di Sarli,Alfredo Sciarretta ,"Félix Verdi, Federico Scorticati, Ángel Ramos, Luis Masturini, Juan Carlos Matino","Roberto Guisado, Bernardo Weber, Ángel Goicoechea, Simón Bajour, Claudio González, Alfredo Pérez"
Carlos Di Sarli,Carlos Di Sarli y su Orquesta Típica,7/16/1951,La Cumparsita,Tango,Instrumental,Music Hall,Tape,Gerardo Rodríguez,Pascual Contursi; Enrique Maroni; Gerardo Rodríguez,,51-54 / Music Hall ,Carlos Di Sarli,Alfredo Sciarretta ,"Félix Verdi, Federico Scorticati, Ángel Ramos, Luis Masturini, Juan Carlos Matino","Roberto Guisado, Bernardo Weber, Ángel Goicoechea, Simón Bajour, Claudio González, Alfredo Pérez"
Carlos Di Sarli,Carlos Di Sarli y su Orquesta Típica,7/16/1951,Como Los Nardos En Flor,Tango,Instrumental,Music Hall,Tape,Teófilo Lespés; Mario Lespés,Eduardo Viera,,51-54 / Music Hall ,Carlos Di Sarli,Alfredo Sciarretta ,"Félix Verdi, Federico Scorticati, Ángel Ramos, Luis Masturini, Juan Carlos Matino","Roberto Guisado, Bernardo Weber, Ángel Goicoechea, Simón Bajour, Claudio González, Alfredo Pérez"
Carlos Di Sarli,Carlos Di Sarli y su Orquesta Típica,7/16/1951,Nido Gaucho,Tango,Mario Pomar,Music Hall,Tape,Carlos Di Sarli,Héctor Marcó,,51-54 / Music Hall ,Carlos Di Sarli,Alfredo Sciarretta ,"Félix Verdi, Federico Scorticati, Ángel Ramos, Luis Masturini, Juan Carlos Matino","Roberto Guisado, Bernardo Weber, Ángel Goicoechea, Simón Bajour, Claudio González, Alfredo Pérez"
Carlos Di Sarli,Carlos Di Sarli y su Orquesta Típica,9/26/1951,El Amanecer,Tango,Instrumental,Music Hall,Tape,Roberto Firpo,,,51-54 / Music Hall ,Carlos Di Sarli,Alfredo Sciarretta ,"Félix Verdi, Federico Scorticati, Ángel Ramos, Luis Masturini, Juan Carlos Matino","Roberto Guisado, Bernardo Weber, Ángel Goicoechea, Simón Bajour, Claudio González, Alfredo Pérez"
Carlos Di Sarli,Carlos Di Sarli y su Orquesta Típica,9/26/1951,Milonguero Viejo,Tango,Instrumental,Music Hall,Tape,Carlos Di Sarli,Enrique Sotelo,,51-54 / Music Hall ,Carlos Di Sarli,Alfredo Sciarretta ,"Félix Verdi, Federico Scorticati, Ángel Ramos, Luis Masturini, Juan Carlos Matino","Roberto Guisado, Bernardo Weber, Ángel Goicoechea, Simón Bajour, Claudio González, Alfredo Pérez"
Carlos Di Sarli,Carlos Di Sarli y su Orquesta Típica,9/26/1951,Comme Il Faut,Tango,Instrumental,Music Hall,Tape,Eduardo Arolas,Gabriel Clausi,,51-54 / Music Hall ,Carlos Di Sarli,Alfredo Sciarretta ,"Félix Verdi, Federico Scorticati, Ángel Ramos, Luis Masturini, Juan Carlos Matino","Roberto Guisado, Bernardo Weber, Ángel Goicoechea, Simón Bajour, Claudio González, Alfredo Pérez"
Carlos Di Sarli,Carlos Di Sarli y su Orquesta Típica,9/26/1951,La Morocha,Tango,Instrumental,Music Hall,Tape,Enrique Saborido,Ángel Villoldo,,51-54 / Music Hall ,Carlos Di Sarli,Alfredo Sciarretta ,"Félix Verdi, Federico Scorticati, Ángel Ramos, Luis Masturini, Juan Carlos Matino","Roberto Guisado, Bernardo Weber, Ángel Goicoechea, Simón Bajour, Claudio González, Alfredo Pérez"
Carlos Di Sarli,Carlos Di Sarli y su Orquesta Típica,10/23/1951,Didí,Tango,Instrumental,Music Hall,Tape,Roberto Firpo,,,51-54 / Music Hall ,Carlos Di Sarli,Alfredo Sciarretta ,"Félix Verdi, Federico Scorticati, Ángel Ramos, Luis Masturini, Juan Carlos Matino","Roberto Guisado, Bernardo Weber, Ángel Goicoechea, Simón Bajour, Claudio González, Alfredo Pérez"
Carlos Di Sarli,Carlos Di Sarli y su Orquesta Típica,10/23/1951,Organito De La Tarde,Tango,Instrumental,Music Hall,Tape,Castillo Cátulo,José Castillo,,51-54 / Music Hall ,Carlos Di Sarli,Alfredo Sciarretta ,"Félix Verdi, Federico Scorticati, Ángel Ramos, Luis Masturini, Juan Carlos Matino","Roberto Guisado, Bernardo Weber, Ángel Goicoechea, Simón Bajour, Claudio González, Alfredo Pérez"
Carlos Di Sarli,Carlos Di Sarli y su Orquesta Típica,10/23/1951,El Once,Tango,Instrumental,Music Hall,Tape,Osvaldo Fresedo,Emilio Fresedo,,51-54 / Music Hall ,Carlos Di Sarli,Alfredo Sciarretta ,"Félix Verdi, Federico Scorticati, Ángel Ramos, Luis Masturini, Juan Carlos Matino","Roberto Guisado, Bernardo Weber, Ángel Goicoechea, Simón Bajour, Claudio González, Alfredo Pérez"
Carlos Di Sarli,Carlos Di Sarli y su Orquesta Típica,10/23/1951,El Recodo,Tango,Instrumental,Music Hall,Tape,Alejandro Junnissi,Armando Tagini,,51-54 / Music Hall ,Carlos Di Sarli,Alfredo Sciarretta ,"Félix Verdi, Federico Scorticati, Ángel Ramos, Luis Masturini, Juan Carlos Matino","Roberto Guisado, Bernardo Weber, Ángel Goicoechea, Simón Bajour, Claudio González, Alfredo Pérez"
Carlos Di Sarli,Carlos Di Sarli y su Orquesta Típica,12/6/1951,Don Juan,Tango,Instrumental,Music Hall,Tape,Ernesto Ponzio,Ricardo Podestá,,51-54 / Music Hall ,Carlos Di Sarli,Alfredo Sciarretta ,"Félix Verdi, Federico Scorticati, Ángel Ramos, Luis Masturini, Juan Carlos Matino","Roberto Guisado, Bernardo Weber, Ángel Goicoechea, Simón Bajour, Claudio González, Alfredo Pérez"
Carlos Di Sarli,Carlos Di Sarli y su Orquesta Típica,12/6/1951,El Caburé,Tango,Instrumental,Music Hall,Tape,Arturo Bassi,,,51-54 / Music Hall ,Carlos Di Sarli,Alfredo Sciarretta ,"Félix Verdi, Federico Scorticati, Ángel Ramos, Luis Masturini, Juan Carlos Matino","Roberto Guisado, Bernardo Weber, Ángel Goicoechea, Simón Bajour, Claudio González, Alfredo Pérez"
Carlos Di Sarli,Carlos Di Sarli y su Orquesta Típica,12/6/1951,El Ciruja,Tango,Instrumental,Music Hall,Tape,Ernesto Cruz,Francisco Marino,,51-54 / Music Hall ,Carlos Di Sarli,Alfredo Sciarretta ,"Félix Verdi, Federico Scorticati, Ángel Ramos, Luis Masturini, Juan Carlos Matino","Roberto Guisado, Bernardo Weber, Ángel Goicoechea, Simón Bajour, Claudio González, Alfredo Pérez"
Carlos Di Sarli,Carlos Di Sarli y su Orquesta Típica,12/6/1951,El Pollito,Tango,Instrumental,Music Hall,Tape,Francisco Canaro,,,51-54 / Music Hall ,Carlos Di Sarli,Alfredo Sciarretta ,"Félix Verdi, Federico Scorticati, Ángel Ramos, Luis Masturini, Juan Carlos Matino","Roberto Guisado, Bernardo Weber, Ángel Goicoechea, Simón Bajour, Claudio González, Alfredo Pérez"
Carlos Di Sarli,Carlos Di Sarli y su Orquesta Típica,4/8/1952,Rodríguez Peña,Tango,Instrumental,Music Hall,Tape,Vicente Greco,Ernesto Temes; Juan Velich; Rafael Velich,,51-54 / Music Hall ,Carlos Di Sarli,Alfredo Sciarretta ,"Félix Verdi, Federico Scorticati, Ángel Ramos, Luis Masturini, Juan Carlos Matino","Roberto Guisado, Bernardo Weber, Ángel Goicoechea, Simón Bajour, Claudio González, Alfredo Pérez"
Carlos Di Sarli,Carlos Di Sarli y su Orquesta Típica,4/8/1952,Nueve Puntos,Tango,Instrumental,Music Hall,Tape,Francisco Canaro,,,51-54 / Music Hall ,Carlos Di Sarli,Alfredo Sciarretta ,"Félix Verdi, Federico Scorticati, Ángel Ramos, Luis Masturini, Juan Carlos Matino","Roberto Guisado, Bernardo Weber, Ángel Goicoechea, Simón Bajour, Claudio González, Alfredo Pérez"
Carlos Di Sarli,Carlos Di Sarli y su Orquesta Típica,4/8/1952,Domani,Tango,Mario Pomar,Music Hall,Tape,Carlos Viván,Cátulo Castillo,,51-54 / Music Hall ,Carlos Di Sarli,Alfredo Sciarretta ,"Félix Verdi, Federico Scorticati, Ángel Ramos, Luis Masturini, Juan Carlos Matino","Roberto Guisado, Bernardo Weber, Ángel Goicoechea, Simón Bajour, Claudio González, Alfredo Pérez"
Carlos Di Sarli,Carlos Di Sarli y su Orquesta Típica,4/8/1952,Un Momento,Vals,Oscar Serpa,Music Hall,Tape,Héctor Stamponi,Héctor Stamponi,,51-54 / Music Hall ,Carlos Di Sarli,Alfredo Sciarretta ,"Félix Verdi, Federico Scorticati, Ángel Ramos, Luis Masturini, Juan Carlos Matino","Roberto Guisado, Bernardo Weber, Ángel Goicoechea, Simón Bajour, Claudio González, Alfredo Pérez"
Carlos Di Sarli,Carlos Di Sarli y su Orquesta Típica,6/10/1952,Cuatro Vidas,Tango,Oscar Serpa,Music Hall,Tape,Carlos Di Sarli,Héctor Marcó,,51-54 / Music Hall ,Carlos Di Sarli,Alfredo Sciarretta ,"Félix Verdi, Federico Scorticati, Ángel Ramos, Luis Masturini, Juan Carlos Matino","Roberto Guisado, Bernardo Weber, Ángel Goicoechea, Simón Bajour, Claudio González, Alfredo Pérez"
Carlos Di Sarli,Carlos Di Sarli y su Orquesta Típica,6/10/1952,Sueño De Juventud,Vals,Oscar Serpa,Music Hall,Tape,Enrique Discépolo,Enrique Discépolo,,51-54 / Music Hall ,Carlos Di Sarli,Alfredo Sciarretta ,"Félix Verdi, Federico Scorticati, Ángel Ramos, Luis Masturini, Juan Carlos Matino","Roberto Guisado, Bernardo Weber, Ángel Goicoechea, Simón Bajour, Claudio González, Alfredo Pérez"
Carlos Di Sarli,Carlos Di Sarli y su Orquesta Típica,6/10/1952,La Cachila,Tango,Instrumental,Music Hall,Tape,Eduardo Arolas,Héctor Polito,,51-54 / Music Hall ,Carlos Di Sarli,Alfredo Sciarretta ,"Félix Verdi, Federico Scorticati, Ángel Ramos, Luis Masturini, Juan Carlos Matino","Roberto Guisado, Bernardo Weber, Ángel Goicoechea, Simón Bajour, Claudio González, Alfredo Pérez"
Carlos Di Sarli,Carlos Di Sarli y su Orquesta Típica,6/10/1952,Los Treinta Y Tres Orientales,Tango,Instrumental,Music Hall,Tape,José Felipetti; Rosario Mazzeo,Arturo Rodríguez,,51-54 / Music Hall ,Carlos Di Sarli,Alfredo Sciarretta ,"Félix Verdi, Federico Scorticati, Ángel Ramos, Luis Masturini, Juan Carlos Matino","Roberto Guisado, Bernardo Weber, Ángel Goicoechea, Simón Bajour, Claudio González, Alfredo Pérez"
Carlos Di Sarli,Carlos Di Sarli y su Orquesta Típica,7/22/1952,Siete Palabras,Tango,Instrumental,Music Hall,Tape,Juan Maglio,Alfredo Bigeschi,,51-54 / Music Hall ,Carlos Di Sarli,Alfredo Sciarretta ,"Félix Verdi, Federico Scorticati, Ángel Ramos, Luis Masturini, Juan Carlos Matino","Roberto Guisado, Bernardo Weber, Ángel Goicoechea, Simón Bajour, Claudio González, Alfredo Pérez"
Carlos Di Sarli,Carlos Di Sarli y su Orquesta Típica,7/22/1952,El Ingeniero,Tango,Instrumental,Music Hall,Tape,Alejandro Junnissi,,,51-54 / Music Hall ,Carlos Di Sarli,Alfredo Sciarretta ,"Félix Verdi, Federico Scorticati, Ángel Ramos, Luis Masturini, Juan Carlos Matino","Roberto Guisado, Bernardo Weber, Ángel Goicoechea, Simón Bajour, Claudio González, Alfredo Pérez"
Carlos Di Sarli,Carlos Di Sarli y su Orquesta Típica,7/22/1952,Por El Camino,Tango,Oscar Serpa,Music Hall,Tape,José Bohr,José Castillo,,51-54 / Music Hall ,Carlos Di Sarli,Alfredo Sciarretta ,"Félix Verdi, Federico Scorticati, Ángel Ramos, Luis Masturini, Juan Carlos Matino","Roberto Guisado, Bernardo Weber, Ángel Goicoechea, Simón Bajour, Claudio González, Alfredo Pérez"
Carlos Di Sarli,Carlos Di Sarli y su Orquesta Típica,7/22/1952,Porteña Y Nada Más,Milonga,Mario Pomar,Music Hall,Tape,Mario Rafaelli; Genaro Caliendo; Filinto Rebechi,Mario Rafaelli; Genaro Caliendo; Filinto Rebechi,,51-54 / Music Hall ,Carlos Di Sarli,Alfredo Sciarretta ,"Félix Verdi, Federico Scorticati, Ángel Ramos, Luis Masturini, Juan Carlos Matino","Roberto Guisado, Bernardo Weber, Ángel Goicoechea, Simón Bajour, Claudio González, Alfredo Pérez"
Carlos Di Sarli,Carlos Di Sarli y su Orquesta Típica,9/15/1952,A La Luz Del Candil,Tango,Mario Pomar,Music Hall,Tape,Carlos Flores,Julio Navarrine,,51-54 / Music Hall ,Carlos Di Sarli,Alfredo Sciarretta ,"Félix Verdi, Federico Scorticati, Ángel Ramos, Luis Masturini, Juan Carlos Matino","Roberto Guisado, Bernardo Weber, Ángel Goicoechea, Simón Bajour, Claudio González, Alfredo Pérez"
Carlos Di Sarli,Carlos Di Sarli y su Orquesta Típica,9/15/1952,Así Era Mi Novia,Tango,Mario Pomar,Music Hall,Tape,Carlos Di Sarli,Héctor Marcó,,51-54 / Music Hall ,Carlos Di Sarli,Alfredo Sciarretta ,"Félix Verdi, Federico Scorticati, Ángel Ramos, Luis Masturini, Juan Carlos Matino","Roberto Guisado, Bernardo Weber, Ángel Goicoechea, Simón Bajour, Claudio González, Alfredo Pérez"
Carlos Di Sarli,Carlos Di Sarli y su Orquesta Típica,9/15/1952,Barba De Choclo,Tango,Instrumental,Music Hall,Tape,﻿Vicente Greco,Carlos Pesce,,51-54 / Music Hall ,Carlos Di Sarli,Alfredo Sciarretta ,"Félix Verdi, Federico Scorticati, Ángel Ramos, Luis Masturini, Juan Carlos Matino","Roberto Guisado, Bernardo Weber, Ángel Goicoechea, Simón Bajour, Claudio González, Alfredo Pérez"
Carlos Di Sarli,Carlos Di Sarli y su Orquesta Típica,9/15/1952,Cara Sucia,Tango,Instrumental,Music Hall,Tape,Francisco Canaro,Juan Caruso,,51-54 / Music Hall ,Carlos Di Sarli,Alfredo Sciarretta ,"Félix Verdi, Federico Scorticati, Ángel Ramos, Luis Masturini, Juan Carlos Matino","Roberto Guisado, Bernardo Weber, Ángel Goicoechea, Simón Bajour, Claudio González, Alfredo Pérez"
Carlos Di Sarli,Carlos Di Sarli y su Orquesta Típica,10/27/1952,Champagne Tango,Tango,Instrumental,Music Hall,Tape,Manuel Aróztegui,,,51-54 / Music Hall ,Carlos Di Sarli,Alfredo Sciarretta ,"Félix Verdi, Federico Scorticati, Ángel Ramos, Luis Masturini, Juan Carlos Matino","Roberto Guisado, Bernardo Weber, Ángel Goicoechea, Simón Bajour, Claudio González, Alfredo Pérez"
Carlos Di Sarli,Carlos Di Sarli y su Orquesta Típica,10/27/1952,Mi Refugio,Tango,Instrumental,Music Hall,Tape,Juan Cobián,Pedro Córdoba,,51-54 / Music Hall ,Carlos Di Sarli,Alfredo Sciarretta ,"Félix Verdi, Federico Scorticati, Ángel Ramos, Luis Masturini, Juan Carlos Matino","Roberto Guisado, Bernardo Weber, Ángel Goicoechea, Simón Bajour, Claudio González, Alfredo Pérez"
Carlos Di Sarli,Carlos Di Sarli y su Orquesta Típica,10/27/1952,Bar Exposición,Tango,Instrumental,Music Hall,Tape,Luis Teisseire,,,51-54 / Music Hall ,Carlos Di Sarli,Alfredo Sciarretta ,"Félix Verdi, Federico Scorticati, Ángel Ramos, Luis Masturini, Juan Carlos Matino","Roberto Guisado, Bernardo Weber, Ángel Goicoechea, Simón Bajour, Claudio González, Alfredo Pérez"
Carlos Di Sarli,Carlos Di Sarli y su Orquesta Típica,10/27/1952,Pimienta,Tango,Instrumental,Music Hall,Tape,Osvaldo Fresedo,,,51-54 / Music Hall ,Carlos Di Sarli,Alfredo Sciarretta ,"Félix Verdi, Federico Scorticati, Ángel Ramos, Luis Masturini, Juan Carlos Matino","Roberto Guisado, Bernardo Weber, Ángel Goicoechea, Simón Bajour, Claudio González, Alfredo Pérez"
Carlos Di Sarli,Carlos Di Sarli y su Orquesta Típica,12/12/1952,Don José María,Tango,Instrumental,Music Hall,Tape,Anselmo Mendizábal,Carlos Waiss; Ernesto Temes,,51-54 / Music Hall ,Carlos Di Sarli,Alfredo Sciarretta ,"Félix Verdi, Federico Scorticati, Ángel Ramos, Luis Masturini, Juan Carlos Matino","Roberto Guisado, Bernardo Weber, Ángel Goicoechea, Simón Bajour, Claudio González, Alfredo Pérez"
Carlos Di Sarli,Carlos Di Sarli y su Orquesta Típica,12/12/1952,El Distinguido Ciudadano,Tango,Instrumental,Music Hall,Tape,Peregrino Paulos,,,51-54 / Music Hall ,Carlos Di Sarli,Alfredo Sciarretta ,"Félix Verdi, Federico Scorticati, Ángel Ramos, Luis Masturini, Juan Carlos Matino","Roberto Guisado, Bernardo Weber, Ángel Goicoechea, Simón Bajour, Claudio González, Alfredo Pérez"
Carlos Di Sarli,Carlos Di Sarli y su Orquesta Típica,12/12/1952,La Viruta,Tango,Instrumental,Music Hall,Tape,Vicente Greco,,,51-54 / Music Hall ,Carlos Di Sarli,Alfredo Sciarretta ,"Félix Verdi, Federico Scorticati, Ángel Ramos, Luis Masturini, Juan Carlos Matino","Roberto Guisado, Bernardo Weber, Ángel Goicoechea, Simón Bajour, Claudio González, Alfredo Pérez"
Carlos Di Sarli,Carlos Di Sarli y su Orquesta Típica,12/12/1952,Marianito,Tango,Instrumental,Music Hall,Tape,Domingo Salerno,,,51-54 / Music Hall ,Carlos Di Sarli,Alfredo Sciarretta ,"Félix Verdi, Federico Scorticati, Ángel Ramos, Luis Masturini, Juan Carlos Matino","Roberto Guisado, Bernardo Weber, Ángel Goicoechea, Simón Bajour, Claudio González, Alfredo Pérez"
Carlos Di Sarli,Carlos Di Sarli y su Orquesta Típica,3/5/1953,Con Alma Y Vida,Milonga,Oscar Serpa,Music Hall,Tape,Carlos Di Sarli,Héctor Marcó,,51-54 / Music Hall ,Carlos Di Sarli,Alfredo Sciarretta ,"Félix Verdi, Federico Scorticati, Ángel Ramos, Luis Masturini, Juan Carlos Matino","Roberto Guisado, Bernardo Weber, Ángel Goicoechea, Simón Bajour, Claudio González, Alfredo Pérez"
Carlos Di Sarli,Carlos Di Sarli y su Orquesta Típica,3/5/1953,No Me Pregunten Por Qué,Tango,Mario Pomar,Music Hall,Tape,Carlos Di Sarli,Reynaldo Pignataro,,51-54 / Music Hall ,Carlos Di Sarli,Alfredo Sciarretta ,"Félix Verdi, Federico Scorticati, Ángel Ramos, Luis Masturini, Juan Carlos Matino","Roberto Guisado, Bernardo Weber, Ángel Goicoechea, Simón Bajour, Claudio González, Alfredo Pérez"
Carlos Di Sarli,Carlos Di Sarli y su Orquesta Típica,3/5/1953,Se Muere De Amor,Tango,Mario Pomar,Music Hall,Tape,Pedro Maffia,Cátulo Castillo,,51-54 / Music Hall ,Carlos Di Sarli,Alfredo Sciarretta ,"Félix Verdi, Federico Scorticati, Ángel Ramos, Luis Masturini, Juan Carlos Matino","Roberto Guisado, Bernardo Weber, Ángel Goicoechea, Simón Bajour, Claudio González, Alfredo Pérez"
Carlos Di Sarli,Carlos Di Sarli y su Orquesta Típica,3/5/1953,Siempre Más,Tango,Oscar Serpa,Music Hall,Tape,Emilio Brameri,Juan Bruno,,51-54 / Music Hall ,Carlos Di Sarli,Alfredo Sciarretta ,"Félix Verdi, Federico Scorticati, Ángel Ramos, Luis Masturini, Juan Carlos Matino","Roberto Guisado, Bernardo Weber, Ángel Goicoechea, Simón Bajour, Claudio González, Alfredo Pérez"
Carlos Di Sarli,Carlos Di Sarli y su Orquesta Típica,4/21/1953,De Vuelta,Vals,Oscar Serpa,Music Hall,Tape,Carlos Lázzari,Carlos Bahr,,51-54 / Music Hall ,Carlos Di Sarli,Alfredo Sciarretta ,"Félix Verdi, Federico Scorticati, Ángel Ramos, Luis Masturini, Juan Carlos Matino","Roberto Guisado, Bernardo Weber, Ángel Goicoechea, Simón Bajour, Claudio González, Alfredo Pérez"
Carlos Di Sarli,Carlos Di Sarli y su Orquesta Típica,4/21/1953,Quién Te Iguala,Tango,Instrumental,Music Hall,Tape,Alejandro Michetti,Francisco Bohigas,,51-54 / Music Hall ,Carlos Di Sarli,Alfredo Sciarretta ,"Félix Verdi, Federico Scorticati, Ángel Ramos, Luis Masturini, Juan Carlos Matino","Roberto Guisado, Bernardo Weber, Ángel Goicoechea, Simón Bajour, Claudio González, Alfredo Pérez"
Carlos Di Sarli,Carlos Di Sarli y su Orquesta Típica,4/21/1953,Tangueando Te Quiero,Tango,Mario Pomar,Music Hall,Tape,Carlos Di Sarli,Héctor Marcó,,51-54 / Music Hall ,Carlos Di Sarli,Alfredo Sciarretta ,"Félix Verdi, Federico Scorticati, Ángel Ramos, Luis Masturini, Juan Carlos Matino","Roberto Guisado, Bernardo Weber, Ángel Goicoechea, Simón Bajour, Claudio González, Alfredo Pérez"
Carlos Di Sarli,Carlos Di Sarli y su Orquesta Típica,4/21/1953,Viento Verde,Tango,Oscar Serpa,Music Hall,Tape,Ernesto Cruz,Horacio Sanguinetti,,51-54 / Music Hall ,Carlos Di Sarli,Alfredo Sciarretta ,"Félix Verdi, Federico Scorticati, Ángel Ramos, Luis Masturini, Juan Carlos Matino","Roberto Guisado, Bernardo Weber, Ángel Goicoechea, Simón Bajour, Claudio González, Alfredo Pérez"
Carlos Di Sarli,Carlos Di Sarli y su Orquesta Típica,6/26/1953,Clavel Del Aire,Tango,Oscar Serpa,Music Hall,Tape,Juan Filiberto,Fernando Valdés,,51-54 / Music Hall ,Carlos Di Sarli,Alfredo Sciarretta ,"Félix Verdi, Federico Scorticati, Ángel Ramos, Luis Masturini, Juan Carlos Matino","Roberto Guisado, Bernardo Weber, Ángel Goicoechea, Simón Bajour, Claudio González, Alfredo Pérez"
Carlos Di Sarli,Carlos Di Sarli y su Orquesta Típica,6/26/1953,La Capilla Blanca,Tango,Mario Pomar,Music Hall,Tape,Carlos Di Sarli,Héctor Marcó,,51-54 / Music Hall ,Carlos Di Sarli,Alfredo Sciarretta ,"Félix Verdi, Federico Scorticati, Ángel Ramos, Luis Masturini, Juan Carlos Matino","Roberto Guisado, Bernardo Weber, Ángel Goicoechea, Simón Bajour, Claudio González, Alfredo Pérez"
Carlos Di Sarli,Carlos Di Sarli y su Orquesta Típica,6/26/1953,Tu Pálida Voz,Vals,Mario Pomar,Music Hall,Tape,Charlo,Homero Manzi,,51-54 / Music Hall ,Carlos Di Sarli,Alfredo Sciarretta ,"Félix Verdi, Federico Scorticati, Ángel Ramos, Luis Masturini, Juan Carlos Matino","Roberto Guisado, Bernardo Weber, Ángel Goicoechea, Simón Bajour, Claudio González, Alfredo Pérez"
Carlos Di Sarli,Carlos Di Sarli y su Orquesta Típica,6/26/1953,Un Lamento,Tango,Instrumental,Music Hall,Tape,Graciano Leone,,,51-54 / Music Hall ,Carlos Di Sarli,Alfredo Sciarretta ,"Félix Verdi, Federico Scorticati, Ángel Ramos, Luis Masturini, Juan Carlos Matino","Roberto Guisado, Bernardo Weber, Ángel Goicoechea, Simón Bajour, Claudio González, Alfredo Pérez"
Carlos Di Sarli,Carlos Di Sarli y su Orquesta Típica,8/14/1953,Déjame Hablar,Tango,Mario Pomar,Music Hall,Tape,Arturo Gallucci,Abel Aznar,,51-54 / Music Hall ,Carlos Di Sarli,Alfredo Sciarretta ,"Félix Verdi, Federico Scorticati, Ángel Ramos, Luis Masturini, Juan Carlos Matino","Roberto Guisado, Bernardo Weber, Ángel Goicoechea, Simón Bajour, Claudio González, Alfredo Pérez"
Carlos Di Sarli,Carlos Di Sarli y su Orquesta Típica,8/14/1953,Dinero Dinero,Tango,Oscar Serpa,Music Hall,Tape,Enrique Delfino,Cátulo Castillo,,51-54 / Music Hall ,Carlos Di Sarli,Alfredo Sciarretta ,"Félix Verdi, Federico Scorticati, Ángel Ramos, Luis Masturini, Juan Carlos Matino","Roberto Guisado, Bernardo Weber, Ángel Goicoechea, Simón Bajour, Claudio González, Alfredo Pérez"
Carlos Di Sarli,Carlos Di Sarli y su Orquesta Típica,8/14/1953,El Jagüel,Tango,Instrumental,Music Hall,Tape,Carlos Posadas,José Fernández,,51-54 / Music Hall ,Carlos Di Sarli,Alfredo Sciarretta ,"Félix Verdi, Federico Scorticati, Ángel Ramos, Luis Masturini, Juan Carlos Matino","Roberto Guisado, Bernardo Weber, Ángel Goicoechea, Simón Bajour, Claudio González, Alfredo Pérez"
Carlos Di Sarli,Carlos Di Sarli y su Orquesta Típica,8/14/1953,Re Fa Si,Tango,Instrumental,Music Hall,Tape,Enrique Delfino,,,51-54 / Music Hall ,Carlos Di Sarli,Alfredo Sciarretta ,"Félix Verdi, Federico Scorticati, Ángel Ramos, Luis Masturini, Juan Carlos Matino","Roberto Guisado, Bernardo Weber, Ángel Goicoechea, Simón Bajour, Claudio González, Alfredo Pérez"
Carlos Di Sarli,Carlos Di Sarli y su Orquesta Típica,10/30/1953,Caminito,Tango,Oscar Serpa,Music Hall,Tape,Juan Filiberto,Gabino Peñaloza,,51-54 / Music Hall ,Carlos Di Sarli,Alfredo Sciarretta ,"Félix Verdi, Federico Scorticati, Ángel Ramos, Luis Masturini, Juan Carlos Matino","Roberto Guisado, Bernardo Weber, Ángel Goicoechea, Simón Bajour, Claudio González, Alfredo Pérez"
Carlos Di Sarli,Carlos Di Sarli y su Orquesta Típica,10/30/1953,Porteño Y Bailarín,Tango,Mario Pomar,Music Hall,Tape,Carlos Di Sarli,Héctor Marcó,,51-54 / Music Hall ,Carlos Di Sarli,Alfredo Sciarretta ,"Félix Verdi, Federico Scorticati, Ángel Ramos, Luis Masturini, Juan Carlos Matino","Roberto Guisado, Bernardo Weber, Ángel Goicoechea, Simón Bajour, Claudio González, Alfredo Pérez"
Carlos Di Sarli,Carlos Di Sarli y su Orquesta Típica,10/30/1953,Quejas De Bandoneón,Tango,Instrumental,Music Hall,Tape,Juan Filiberto,,,51-54 / Music Hall ,Carlos Di Sarli,Alfredo Sciarretta ,"Félix Verdi, Federico Scorticati, Ángel Ramos, Luis Masturini, Juan Carlos Matino","Roberto Guisado, Bernardo Weber, Ángel Goicoechea, Simón Bajour, Claudio González, Alfredo Pérez"
Carlos Di Sarli,Carlos Di Sarli y su Orquesta Típica,10/30/1953,Tierra Negra,Tango,Instrumental,Music Hall,Tape,Graciano De Leone; Juan Noli,Francisco Bastardi,,51-54 / Music Hall ,Carlos Di Sarli,Alfredo Sciarretta ,"Félix Verdi, Federico Scorticati, Ángel Ramos, Luis Masturini, Juan Carlos Matino","Roberto Guisado, Bernardo Weber, Ángel Goicoechea, Simón Bajour, Claudio González, Alfredo Pérez"
Carlos Di Sarli,Carlos Di Sarli y su Orquesta Típica,12/18/1953,La Novia Del Mar,Tango,Oscar Serpa,Music Hall,Tape,José Ranieri; Elías Randal,Horacio Sanguinetti,,51-54 / Music Hall ,Carlos Di Sarli,Alfredo Sciarretta ,"Félix Verdi, Federico Scorticati, Ángel Ramos, Luis Masturini, Juan Carlos Matino","Roberto Guisado, Bernardo Weber, Ángel Goicoechea, Simón Bajour, Claudio González, Alfredo Pérez"
Carlos Di Sarli,Carlos Di Sarli y su Orquesta Típica,12/18/1953,Al Compás Del Corazón,Tango,Oscar Serpa,Music Hall,Tape,Domingo Federico,Homero Expósito,,51-54 / Music Hall ,Carlos Di Sarli,Alfredo Sciarretta ,"Félix Verdi, Federico Scorticati, Ángel Ramos, Luis Masturini, Juan Carlos Matino","Roberto Guisado, Bernardo Weber, Ángel Goicoechea, Simón Bajour, Claudio González, Alfredo Pérez"
Carlos Di Sarli,Carlos Di Sarli y su Orquesta Típica,12/18/1953,Duelo Criollo,Tango,Mario Pomar,Music Hall,Tape,Juan Rezzano,Lito Bayardo,,51-54 / Music Hall ,Carlos Di Sarli,Alfredo Sciarretta ,"Félix Verdi, Federico Scorticati, Ángel Ramos, Luis Masturini, Juan Carlos Matino","Roberto Guisado, Bernardo Weber, Ángel Goicoechea, Simón Bajour, Claudio González, Alfredo Pérez"
Carlos Di Sarli,Carlos Di Sarli y su Orquesta Típica,12/18/1953,Fulgor,Tango,Oscar Serpa,Music Hall,Tape,José Dames,José Contursi,,51-54 / Music Hall ,Carlos Di Sarli,Alfredo Sciarretta ,"Félix Verdi, Federico Scorticati, Ángel Ramos, Luis Masturini, Juan Carlos Matino","Roberto Guisado, Bernardo Weber, Ángel Goicoechea, Simón Bajour, Claudio González, Alfredo Pérez"
Carlos Di Sarli,Carlos Di Sarli y su Orquesta Típica,1/4/1954,Cuidado Con Los Cincuenta,Tango,Instrumental,Music Hall,Tape,Ángel Villoldo; Carlos Pesce; Antonio Polito,,,51-54 / Music Hall ,Carlos Di Sarli,Alfredo Sciarretta ,"Félix Verdi, Federico Scorticati, Ángel Ramos, Luis Masturini, Juan Carlos Matino","Roberto Guisado, Bernardo Weber, Ángel Goicoechea, Simón Bajour, Claudio González, Alfredo Pérez"
Carlos Di Sarli,Carlos Di Sarli y su Orquesta Típica,1/4/1954,La Canción Más Triste,Tango,Oscar Serpa,Music Hall,Tape,Enrique Munné,Roberto Lambertucci,,51-54 / Music Hall ,Carlos Di Sarli,Alfredo Sciarretta ,"Félix Verdi, Federico Scorticati, Ángel Ramos, Luis Masturini, Juan Carlos Matino","Roberto Guisado, Bernardo Weber, Ángel Goicoechea, Simón Bajour, Claudio González, Alfredo Pérez"
Carlos Di Sarli,Carlos Di Sarli y su Orquesta Típica,1/4/1954,La Misma Tarde,Tango,Oscar Serpa,Music Hall,Tape,Graciano Gómez,Ricardo Thompson,,51-54 / Music Hall ,Carlos Di Sarli,Alfredo Sciarretta ,"Félix Verdi, Federico Scorticati, Ángel Ramos, Luis Masturini, Juan Carlos Matino","Roberto Guisado, Bernardo Weber, Ángel Goicoechea, Simón Bajour, Claudio González, Alfredo Pérez"
Carlos Di Sarli,Carlos Di Sarli y su Orquesta Típica,1/4/1954,Royal Pigall,Tango,Instrumental,Music Hall,Tape,Juan Maglio,José Castillo,,51-54 / Music Hall ,Carlos Di Sarli,Alfredo Sciarretta ,"Félix Verdi, Federico Scorticati, Ángel Ramos, Luis Masturini, Juan Carlos Matino","Roberto Guisado, Bernardo Weber, Ángel Goicoechea, Simón Bajour, Claudio González, Alfredo Pérez"
Carlos Di Sarli,Carlos Di Sarli y su Orquesta Típica,1/26/1954,El Cachafaz,Tango,Instrumental,Music Hall,Tape,Manuel Aróstegui,,,51-54 / Music Hall ,Carlos Di Sarli,Alfredo Sciarretta ,"Félix Verdi, Federico Scorticati, Ángel Ramos, Luis Masturini, Juan Carlos Matino","Roberto Guisado, Bernardo Weber, Ángel Goicoechea, Simón Bajour, Claudio González, Alfredo Pérez"
Carlos Di Sarli,Carlos Di Sarli y su Orquesta Típica,1/26/1954,Patotero Sentimental,Tango,Mario Pomar,Music Hall,Tape,Manuel Jovés,Manuel Romero,,51-54 / Music Hall ,Carlos Di Sarli,Alfredo Sciarretta ,"Félix Verdi, Federico Scorticati, Ángel Ramos, Luis Masturini, Juan Carlos Matino","Roberto Guisado, Bernardo Weber, Ángel Goicoechea, Simón Bajour, Claudio González, Alfredo Pérez"
Carlos Di Sarli,Carlos Di Sarli y su Orquesta Típica,1/26/1954,Tinta Verde,Tango,Instrumental,Music Hall,Tape,Agustín Bardi,,,51-54 / Music Hall ,Carlos Di Sarli,Alfredo Sciarretta ,"Félix Verdi, Federico Scorticati, Ángel Ramos, Luis Masturini, Juan Carlos Matino","Roberto Guisado, Bernardo Weber, Ángel Goicoechea, Simón Bajour, Claudio González, Alfredo Pérez"
Carlos Di Sarli,Carlos Di Sarli y su Orquesta Típica,1/26/1954,Verdemar,Tango,Oscar Serpa,Music Hall,Tape,Carlos Di Sarli,José Contursi,,51-54 / Music Hall ,Carlos Di Sarli,Alfredo Sciarretta ,"Félix Verdi, Federico Scorticati, Ángel Ramos, Luis Masturini, Juan Carlos Matino","Roberto Guisado, Bernardo Weber, Ángel Goicoechea, Simón Bajour, Claudio González, Alfredo Pérez"
Carlos Di Sarli,Carlos Di Sarli y su Orquesta Típica,3/17/1954,Chimentos,Tango,Mario Pomar,Music Hall,Tape,Emilio Brameri,Emilio Casals,,51-54 / Music Hall ,Carlos Di Sarli,Alfredo Sciarretta ,"Félix Verdi, Federico Scorticati, Ángel Ramos, Luis Masturini, Juan Carlos Matino","Roberto Guisado, Bernardo Weber, Ángel Goicoechea, Simón Bajour, Claudio González, Alfredo Pérez"
Carlos Di Sarli,Carlos Di Sarli y su Orquesta Típica,3/17/1954,Poema Triste,Vals,Oscar Serpa,Music Hall,Tape,Carlos Di Sarli,Manuel Campos,,51-54 / Music Hall ,Carlos Di Sarli,Alfredo Sciarretta ,"Félix Verdi, Federico Scorticati, Ángel Ramos, Luis Masturini, Juan Carlos Matino","Roberto Guisado, Bernardo Weber, Ángel Goicoechea, Simón Bajour, Claudio González, Alfredo Pérez"
Carlos Di Sarli,Carlos Di Sarli y su Orquesta Típica,3/17/1954,Por Qué Le Llaman Amor,Tango,Oscar Serpa,Music Hall,Tape,Carlos Di Sarli,Héctor Marcó,,51-54 / Music Hall ,Carlos Di Sarli,Alfredo Sciarretta ,"Félix Verdi, Federico Scorticati, Ángel Ramos, Luis Masturini, Juan Carlos Matino","Roberto Guisado, Bernardo Weber, Ángel Goicoechea, Simón Bajour, Claudio González, Alfredo Pérez"
Carlos Di Sarli,Carlos Di Sarli y su Orquesta Típica,3/17/1954,Tengo Un Amigo,Tango,Mario Pomar,Music Hall,Tape,Arturo Gallucci,Julio Camilloni,,51-54 / Music Hall ,Carlos Di Sarli,Alfredo Sciarretta ,"Félix Verdi, Federico Scorticati, Ángel Ramos, Luis Masturini, Juan Carlos Matino","Roberto Guisado, Bernardo Weber, Ángel Goicoechea, Simón Bajour, Claudio González, Alfredo Pérez"
Carlos Di Sarli,Carlos Di Sarli y su Orquesta Típica,4/21/1954,El Choclo,Tango,Instrumental,Music Hall,Tape,Ángel Villoldo,Juan Catán; Enrique Discépolo,,51-54 / Music Hall ,Carlos Di Sarli,Alfredo Sciarretta ,"Félix Verdi, Federico Scorticati, Ángel Ramos, Luis Masturini, Juan Carlos Matino","Roberto Guisado, Bernardo Weber, Ángel Goicoechea, Simón Bajour, Claudio González, Alfredo Pérez"
Carlos Di Sarli,Carlos Di Sarli y su Orquesta Típica,4/21/1954,Una Fija,Tango,Instrumental,Music Hall,Tape,Ángel Villoldo,Antonio Polito; Carlos Pesce,,51-54 / Music Hall ,Carlos Di Sarli,Alfredo Sciarretta ,"Félix Verdi, Federico Scorticati, Ángel Ramos, Luis Masturini, Juan Carlos Matino","Roberto Guisado, Bernardo Weber, Ángel Goicoechea, Simón Bajour, Claudio González, Alfredo Pérez"
Carlos Di Sarli,Carlos Di Sarli y su Orquesta Típica,4/21/1954,Buenos Aires Yo Te Canto,Tango,Oscar Serpa,Music Hall,Tape,Ángel Rosa,Ángel Rosa,,51-54 / Music Hall ,Carlos Di Sarli,Alfredo Sciarretta ,"Félix Verdi, Federico Scorticati, Ángel Ramos, Luis Masturini, Juan Carlos Matino","Roberto Guisado, Bernardo Weber, Ángel Goicoechea, Simón Bajour, Claudio González, Alfredo Pérez"
Carlos Di Sarli,Carlos Di Sarli y su Orquesta Típica,4/21/1954,Del Barrio De Las Latas,Tango,Mario Pomar,Music Hall,Tape,Raúl Hoyos,Emilio Fresedo,,51-54 / Music Hall ,Carlos Di Sarli,Alfredo Sciarretta ,"Félix Verdi, Federico Scorticati, Ángel Ramos, Luis Masturini, Juan Carlos Matino","Roberto Guisado, Bernardo Weber, Ángel Goicoechea, Simón Bajour, Claudio González, Alfredo Pérez"
Carlos Di Sarli,Carlos Di Sarli y su Orquesta Típica,6/30/1954,A La Gran Muñeca,Tango,Instrumental,Víctor,Tape,Jesús Ventura,Miguel Osés,,54-56 / Victor Tape,Carlos Di Sarli,Alfredo Sciarretta ,"Félix Verdi, Federico Scorticati, Ángel Ramos, Luis Masturini, Juan Carlos Matino","Roberto Guisado, Bernardo Weber, Ángel Goicoechea, Simón Bajour, Claudio González, Alfredo Pérez"
Carlos Di Sarli,Carlos Di Sarli y su Orquesta Típica,6/30/1954,El Choclo,Tango,Instrumental,Víctor,Tape,Ángel Villoldo,Juan Catán; Enrique Discépolo,,54-56 / Victor Tape,Carlos Di Sarli,Alfredo Sciarretta ,"Félix Verdi, Federico Scorticati, Ángel Ramos, Luis Masturini, Juan Carlos Matino","Roberto Guisado, Bernardo Weber, Ángel Goicoechea, Simón Bajour, Claudio González, Alfredo Pérez"
Carlos Di Sarli,Carlos Di Sarli y su Orquesta Típica,6/30/1954,No Me Pregunten Por Qué,Tango,Mario Pomar,Víctor,Tape,Carlos Di Sarli,Reynaldo Pignataro,,54-56 / Victor Tape,Carlos Di Sarli,Alfredo Sciarretta ,"Félix Verdi, Federico Scorticati, Ángel Ramos, Luis Masturini, Juan Carlos Matino","Roberto Guisado, Bernardo Weber, Ángel Goicoechea, Simón Bajour, Claudio González, Alfredo Pérez"
Carlos Di Sarli,Carlos Di Sarli y su Orquesta Típica,6/30/1954,Por Qué Le Llaman Amor,Tango,Oscar Serpa,Víctor,Tape,Carlos Di Sarli,Héctor Marcó,,54-56 / Victor Tape,Carlos Di Sarli,Alfredo Sciarretta ,"Félix Verdi, Federico Scorticati, Ángel Ramos, Luis Masturini, Juan Carlos Matino","Roberto Guisado, Bernardo Weber, Ángel Goicoechea, Simón Bajour, Claudio González, Alfredo Pérez"
Carlos Di Sarli,Carlos Di Sarli y su Orquesta Típica,8/31/1954,Bien Frappé,Tango,Mario Pomar,Víctor,Tape,Carlos Di Sarli,Héctor Marcó,,54-56 / Victor Tape,Carlos Di Sarli,Alfredo Sciarretta ,"Félix Verdi, Federico Scorticati, Ángel Ramos, Luis Masturini, Juan Carlos Matino","Roberto Guisado, Bernardo Weber, Ángel Goicoechea, Simón Bajour, Claudio González, Alfredo Pérez"
Carlos Di Sarli,Carlos Di Sarli y su Orquesta Típica,8/31/1954,El Amanecer,Tango,Instrumental,Víctor,Tape,Roberto Firpo,,,54-56 / Victor Tape,Carlos Di Sarli,Alfredo Sciarretta ,"Félix Verdi, Federico Scorticati, Ángel Ramos, Luis Masturini, Juan Carlos Matino","Roberto Guisado, Bernardo Weber, Ángel Goicoechea, Simón Bajour, Claudio González, Alfredo Pérez"
Carlos Di Sarli,Carlos Di Sarli y su Orquesta Típica,8/31/1954,Organito De La Tarde,Tango,Instrumental,Víctor,Tape,Castillo Cátulo,José Castillo,,54-56 / Victor Tape,Carlos Di Sarli,Alfredo Sciarretta ,"Félix Verdi, Federico Scorticati, Ángel Ramos, Luis Masturini, Juan Carlos Matino","Roberto Guisado, Bernardo Weber, Ángel Goicoechea, Simón Bajour, Claudio González, Alfredo Pérez"
Carlos Di Sarli,Carlos Di Sarli y su Orquesta Típica,8/31/1954,Sueño De Juventud,Vals,Oscar Serpa,Víctor,Tape,Enrique Discépolo,Enrique Discépolo,,54-56 / Victor Tape,Carlos Di Sarli,Alfredo Sciarretta ,"Félix Verdi, Federico Scorticati, Ángel Ramos, Luis Masturini, Juan Carlos Matino","Roberto Guisado, Bernardo Weber, Ángel Goicoechea, Simón Bajour, Claudio González, Alfredo Pérez"
Carlos Di Sarli,Carlos Di Sarli y su Orquesta Típica,8/31/1954,Un Desolado Corazón,Tango,Oscar Serpa,Víctor,Tape,Miguel Nijensohn,Roberto Miró,,54-56 / Victor Tape,Carlos Di Sarli,Alfredo Sciarretta ,"Félix Verdi, Federico Scorticati, Ángel Ramos, Luis Masturini, Juan Carlos Matino","Roberto Guisado, Bernardo Weber, Ángel Goicoechea, Simón Bajour, Claudio González, Alfredo Pérez"
Carlos Di Sarli,Carlos Di Sarli y su Orquesta Típica,9/8/1954,Don José María,Tango,Instrumental,Víctor,Tape,Anselmo Mendizábal,Carlos Waiss; Ernesto Temes,,54-56 / Victor Tape,Carlos Di Sarli,Alfredo Sciarretta ,"Félix Verdi, Federico Scorticati, Ángel Ramos, Luis Masturini, Juan Carlos Matino","Roberto Guisado, Bernardo Weber, Ángel Goicoechea, Simón Bajour, Claudio González, Alfredo Pérez"
Carlos Di Sarli,Carlos Di Sarli y su Orquesta Típica,9/8/1954,Pobre Buzón,Tango,Mario Pomar,Víctor,Tape,Carlos Di Sarli,Fernando Caprio,,54-56 / Victor Tape,Carlos Di Sarli,Alfredo Sciarretta ,"Félix Verdi, Federico Scorticati, Ángel Ramos, Luis Masturini, Juan Carlos Matino","Roberto Guisado, Bernardo Weber, Ángel Goicoechea, Simón Bajour, Claudio González, Alfredo Pérez"
Carlos Di Sarli,Carlos Di Sarli y su Orquesta Típica,9/8/1954,Tormenta,Tango,Mario Pomar,Víctor,Tape,Enrique Discépolo,Enrique Discépolo,,54-56 / Victor Tape,Carlos Di Sarli,Alfredo Sciarretta ,"Félix Verdi, Federico Scorticati, Ángel Ramos, Luis Masturini, Juan Carlos Matino","Roberto Guisado, Bernardo Weber, Ángel Goicoechea, Simón Bajour, Claudio González, Alfredo Pérez"
Carlos Di Sarli,Carlos Di Sarli y su Orquesta Típica,9/14/1954,Cuidado Con Los Cincuenta,Tango,Instrumental,Víctor,Tape,Ángel Villoldo,Carlos Pesce; Antonio Polito,,54-56 / Victor Tape,Carlos Di Sarli,Alfredo Sciarretta ,"Félix Verdi, Federico Scorticati, Ángel Ramos, Luis Masturini, Juan Carlos Matino","Roberto Guisado, Bernardo Weber, Ángel Goicoechea, Simón Bajour, Claudio González, Alfredo Pérez"
Carlos Di Sarli,Carlos Di Sarli y su Orquesta Típica,9/14/1954,Tinta Verde,Tango,Instrumental,Víctor,Tape,Agustín Bardi,,,54-56 / Victor Tape,Carlos Di Sarli,Alfredo Sciarretta ,"Félix Verdi, Federico Scorticati, Ángel Ramos, Luis Masturini, Juan Carlos Matino","Roberto Guisado, Bernardo Weber, Ángel Goicoechea, Simón Bajour, Claudio González, Alfredo Pérez"
Carlos Di Sarli,Carlos Di Sarli y su Orquesta Típica,9/14/1954,Tus Palabras Y La Noche,Tango,Oscar Serpa,Víctor,Tape,Emilio Querejeta,Carlos Cacciari,,54-56 / Victor Tape,Carlos Di Sarli,Alfredo Sciarretta ,"Félix Verdi, Federico Scorticati, Ángel Ramos, Luis Masturini, Juan Carlos Matino","Roberto Guisado, Bernardo Weber, Ángel Goicoechea, Simón Bajour, Claudio González, Alfredo Pérez"
Carlos Di Sarli,Carlos Di Sarli y su Orquesta Típica,9/28/1954,La Morocha,Tango,Instrumental,Víctor,Tape,Enrique Saborido,Ángel Villoldo,,54-56 / Victor Tape,Carlos Di Sarli,Alfredo Sciarretta ,"Félix Verdi, Federico Scorticati, Ángel Ramos, Luis Masturini, Juan Carlos Matino","Roberto Guisado, Bernardo Weber, Ángel Goicoechea, Simón Bajour, Claudio González, Alfredo Pérez"
Carlos Di Sarli,Carlos Di Sarli y su Orquesta Típica,9/28/1954,Sin Ti,Tango,Oscar Serpa,Víctor,Tape,José Dames,Abel Aznar,,54-56 / Victor Tape,Carlos Di Sarli,Alfredo Sciarretta ,"Félix Verdi, Federico Scorticati, Ángel Ramos, Luis Masturini, Juan Carlos Matino","Roberto Guisado, Bernardo Weber, Ángel Goicoechea, Simón Bajour, Claudio González, Alfredo Pérez"
Carlos Di Sarli,Carlos Di Sarli y su Orquesta Típica,11/16/1954,Bar Exposición,Tango,Instrumental,Víctor,Tape,Luis Teisseire,,,54-56 / Victor Tape,Carlos Di Sarli,Alfredo Sciarretta ,"Félix Verdi, Federico Scorticati, Ángel Ramos, Luis Masturini, Juan Carlos Matino","Roberto Guisado, Bernardo Weber, Ángel Goicoechea, Simón Bajour, Claudio González, Alfredo Pérez"
Carlos Di Sarli,Carlos Di Sarli y su Orquesta Típica,11/16/1954,El Once,Tango,Instrumental,Víctor,Tape,Osvaldo Fresedo,Emilio Fresedo,,54-56 / Victor Tape,Carlos Di Sarli,Alfredo Sciarretta ,"Félix Verdi, Federico Scorticati, Ángel Ramos, Luis Masturini, Juan Carlos Matino","Roberto Guisado, Bernardo Weber, Ángel Goicoechea, Simón Bajour, Claudio González, Alfredo Pérez"
Carlos Di Sarli,Carlos Di Sarli y su Orquesta Típica,12/7/1954,Castañuelas,Tango,Mario Pomar,Víctor,Tape,Arturo Gallucci; Alberto Castillo,Raúl Hormaza,,54-56 / Victor Tape,Carlos Di Sarli,Alfredo Sciarretta ,"Félix Verdi, Federico Scorticati, Ángel Ramos, Luis Masturini, Juan Carlos Matino","Roberto Guisado, Bernardo Weber, Ángel Goicoechea, Simón Bajour, Claudio González, Alfredo Pérez"
Carlos Di Sarli,Carlos Di Sarli y su Orquesta Típica,12/7/1954,No Matarás,Tango,Oscar Serpa,Víctor,Tape,Juan Paz,Eugenio Majul,,54-56 / Victor Tape,Carlos Di Sarli,Alfredo Sciarretta ,"Félix Verdi, Federico Scorticati, Ángel Ramos, Luis Masturini, Juan Carlos Matino","Roberto Guisado, Bernardo Weber, Ángel Goicoechea, Simón Bajour, Claudio González, Alfredo Pérez"
Carlos Di Sarli,Carlos Di Sarli y su Orquesta Típica,1/21/1955,Juan Porteño,Tango,Mario Pomar,Víctor,Tape,Carlos Di Sarli,Héctor Marcó,,54-56 / Victor Tape,Carlos Di Sarli,Alfredo Sciarretta ,"Félix Verdi, Federico Scorticati, Ángel Ramos, Luis Masturini, Juan Carlos Matino","Roberto Guisado, Bernardo Weber, Ángel Goicoechea, Simón Bajour, Claudio González, Alfredo Pérez"
Carlos Di Sarli,Carlos Di Sarli y su Orquesta Típica,1/21/1955,Noche De Locura,Tango,Oscar Serpa,Víctor,Tape,Manuel Sucher,Carlos Bahr,,54-56 / Victor Tape,Carlos Di Sarli,Alfredo Sciarretta ,"Félix Verdi, Federico Scorticati, Ángel Ramos, Luis Masturini, Juan Carlos Matino","Roberto Guisado, Bernardo Weber, Ángel Goicoechea, Simón Bajour, Claudio González, Alfredo Pérez"
Carlos Di Sarli,Carlos Di Sarli y su Orquesta Típica,1/31/1955,Don Juan,Tango,Instrumental,Víctor,Tape,Ernesto Ponzio,Ricardo Podestá,,54-56 / Victor Tape,Carlos Di Sarli,Alfredo Sciarretta ,"Félix Verdi, Federico Scorticati, Ángel Ramos, Luis Masturini, Juan Carlos Matino","Roberto Guisado, Bernardo Weber, Ángel Goicoechea, Simón Bajour, Claudio González, Alfredo Pérez"
Carlos Di Sarli,Carlos Di Sarli y su Orquesta Típica,1/31/1955,El Ingeniero,Tango,Instrumental,Víctor,Tape,Alejandro Junnissi,,,54-56 / Victor Tape,Carlos Di Sarli,Alfredo Sciarretta ,"Félix Verdi, Federico Scorticati, Ángel Ramos, Luis Masturini, Juan Carlos Matino","Roberto Guisado, Bernardo Weber, Ángel Goicoechea, Simón Bajour, Claudio González, Alfredo Pérez"
Carlos Di Sarli,Carlos Di Sarli y su Orquesta Típica,2/2/1955,Corazón,Tango,Mario Pomar,Víctor,Tape,Carlos Di Sarli,Héctor Marcó,,54-56 / Victor Tape,Carlos Di Sarli,Alfredo Sciarretta ,"Félix Verdi, Federico Scorticati, Ángel Ramos, Luis Masturini, Juan Carlos Matino","Roberto Guisado, Bernardo Weber, Ángel Goicoechea, Simón Bajour, Claudio González, Alfredo Pérez"
Carlos Di Sarli,Carlos Di Sarli y su Orquesta Típica,2/2/1955,Sin Ella,Tango,Oscar Serpa,Víctor,Tape,Charlo,Cátulo Castillo,,54-56 / Victor Tape,Carlos Di Sarli,Alfredo Sciarretta ,"Félix Verdi, Federico Scorticati, Ángel Ramos, Luis Masturini, Juan Carlos Matino","Roberto Guisado, Bernardo Weber, Ángel Goicoechea, Simón Bajour, Claudio González, Alfredo Pérez"
Carlos Di Sarli,Carlos Di Sarli y su Orquesta Típica,6/20/1955,La Cumparsita,Tango,Instrumental,Víctor,Tape,Gerardo Rodríguez,Pascual Contursi; Enrique Maroni; Gerardo Rodríguez,,54-56 / Victor Tape,Carlos Di Sarli,Alfredo Sciarretta ,"Félix Verdi, Federico Scorticati, Ángel Ramos, Luis Masturini, Juan Carlos Matino","Roberto Guisado, Bernardo Weber, Ángel Goicoechea, Simón Bajour, Claudio González, Alfredo Pérez"
Carlos Di Sarli,Carlos Di Sarli y su Orquesta Típica,6/20/1955,Mi Madre Tierra,Tango,Oscar Serpa,Víctor,Tape,Alberto Villanueva,Gerardo Adroher,,54-56 / Victor Tape,Carlos Di Sarli,Alfredo Sciarretta ,"Félix Verdi, Federico Scorticati, Ángel Ramos, Luis Masturini, Juan Carlos Matino","Roberto Guisado, Bernardo Weber, Ángel Goicoechea, Simón Bajour, Claudio González, Alfredo Pérez"
Carlos Di Sarli,Carlos Di Sarli y su Orquesta Típica,6/20/1955,Milonguero Viejo,Tango,Instrumental,Víctor,Tape,Carlos Di Sarli,Enrique Sotelo,,54-56 / Victor Tape,Carlos Di Sarli,Alfredo Sciarretta ,"Félix Verdi, Federico Scorticati, Ángel Ramos, Luis Masturini, Juan Carlos Matino","Roberto Guisado, Bernardo Weber, Ángel Goicoechea, Simón Bajour, Claudio González, Alfredo Pérez"
Carlos Di Sarli,Carlos Di Sarli y su Orquesta Típica,6/20/1955,Tenía Que Suceder,Tango,Mario Pomar,Víctor,Tape,Arturo Gallucci,Julio Camilloni,,54-56 / Victor Tape,Carlos Di Sarli,Alfredo Sciarretta ,"Félix Verdi, Federico Scorticati, Ángel Ramos, Luis Masturini, Juan Carlos Matino","Roberto Guisado, Bernardo Weber, Ángel Goicoechea, Simón Bajour, Claudio González, Alfredo Pérez"
Carlos Di Sarli,Carlos Di Sarli y su Orquesta Típica,7/15/1955,Bailemos,Tango,Mario Pomar,Víctor,Tape,Cholo Mamone,Reinaldo Yiso,,54-56 / Victor Tape,Carlos Di Sarli,Alfredo Sciarretta ,"Félix Verdi, Federico Scorticati, Ángel Ramos, Luis Masturini, Juan Carlos Matino","Roberto Guisado, Bernardo Weber, Ángel Goicoechea, Simón Bajour, Claudio González, Alfredo Pérez"
Carlos Di Sarli,Carlos Di Sarli y su Orquesta Típica,7/15/1955,Comme Il Faut,Tango,Instrumental,Víctor,Tape,Eduardo Arolas,Gabriel Clausi,,54-56 / Victor Tape,Carlos Di Sarli,Alfredo Sciarretta ,"Félix Verdi, Federico Scorticati, Ángel Ramos, Luis Masturini, Juan Carlos Matino","Roberto Guisado, Bernardo Weber, Ángel Goicoechea, Simón Bajour, Claudio González, Alfredo Pérez"
Carlos Di Sarli,Carlos Di Sarli y su Orquesta Típica,7/15/1955,Flor De Amigo,Tango,Mario Pomar,Víctor,Tape,Rodolfo Sciammarella,Rodolfo Sciammarella,,54-56 / Victor Tape,Carlos Di Sarli,Alfredo Sciarretta ,"Félix Verdi, Federico Scorticati, Ángel Ramos, Luis Masturini, Juan Carlos Matino","Roberto Guisado, Bernardo Weber, Ángel Goicoechea, Simón Bajour, Claudio González, Alfredo Pérez"
Carlos Di Sarli,Carlos Di Sarli y su Orquesta Típica,7/15/1955,Germaine,Tango,Instrumental,Víctor,Tape,Alberto Buchardo,,,54-56 / Victor Tape,Carlos Di Sarli,Alfredo Sciarretta ,"Félix Verdi, Federico Scorticati, Ángel Ramos, Luis Masturini, Juan Carlos Matino","Roberto Guisado, Bernardo Weber, Ángel Goicoechea, Simón Bajour, Claudio González, Alfredo Pérez"
Carlos Di Sarli,Carlos Di Sarli y su Orquesta Típica,7/28/1955,Los Treinta Y Tres Orientales,Tango,Instrumental,Víctor,Tape,José Felipetti; Rosario Mazzeo,Arturo Rodríguez,,54-56 / Victor Tape,Carlos Di Sarli,Alfredo Sciarretta ,"Félix Verdi, Federico Scorticati, Ángel Ramos, Luis Masturini, Juan Carlos Matino","Roberto Guisado, Bernardo Weber, Ángel Goicoechea, Simón Bajour, Claudio González, Alfredo Pérez"
Carlos Di Sarli,Carlos Di Sarli y su Orquesta Típica,7/28/1955,Pato Alegre,Tango,Oscar Serpa,Víctor,Tape,Enrique Delfino,Alberto Ballesteros,,54-56 / Victor Tape,Carlos Di Sarli,Alfredo Sciarretta ,"Félix Verdi, Federico Scorticati, Ángel Ramos, Luis Masturini, Juan Carlos Matino","Roberto Guisado, Bernardo Weber, Ángel Goicoechea, Simón Bajour, Claudio González, Alfredo Pérez"
Carlos Di Sarli,Carlos Di Sarli y su Orquesta Típica,9/16/1955,Nido Gaucho,Tango,Mario Pomar,Víctor,Tape,Carlos Di Sarli,Héctor Marcó,,54-56 / Victor Tape,Carlos Di Sarli,Alfredo Sciarretta ,"Félix Verdi, Federico Scorticati, Ángel Ramos, Luis Masturini, Juan Carlos Matino","Roberto Guisado, Bernardo Weber, Ángel Goicoechea, Simón Bajour, Claudio González, Alfredo Pérez"
Carlos Di Sarli,Carlos Di Sarli y su Orquesta Típica,9/16/1955,Verdemar,Tango,Oscar Serpa,Víctor,Tape,Carlos Di Sarli,José Contursi,,54-56 / Victor Tape,Carlos Di Sarli,Alfredo Sciarretta ,"Félix Verdi, Federico Scorticati, Ángel Ramos, Luis Masturini, Juan Carlos Matino","Roberto Guisado, Bernardo Weber, Ángel Goicoechea, Simón Bajour, Claudio González, Alfredo Pérez"
Carlos Di Sarli,Carlos Di Sarli y su Orquesta Típica,2/3/1956,Fumando Espero,Tango,Argentino Ledesma,Víctor,Tape,Juan Masanas,Félix Garzo,,56-58 / New Orchestra ,Carlos Di Sarli,Alfredo Sciarretta ,"José Libertella, Julián Plaza, Alfredo Marcucci, Domingo Sánchez","Simón Bajour, Elvino Vardaro, Elías Slon, Alfredo Rouco, Antonio Rossi "
Carlos Di Sarli,Carlos Di Sarli y su Orquesta Típica,2/3/1956,Noche De Locura,Tango,Roberto Gale,Víctor,Tape,Manuel Sucher,Carlos Bahr,,56-58 / New Orchestra ,Carlos Di Sarli,Alfredo Sciarretta ,"José Libertella, Julián Plaza, Alfredo Marcucci, Domingo Sánchez","Simón Bajour, Elvino Vardaro, Elías Slon, Alfredo Rouco, Antonio Rossi "
Carlos Di Sarli,Carlos Di Sarli y su Orquesta Típica,2/23/1956,El Jaguel,Tango,Instrumental,Víctor,Tape,Carlos Posadas,José Fernández,,56-58 / New Orchestra ,Carlos Di Sarli,Alfredo Sciarretta ,"José Libertella, Julián Plaza, Alfredo Marcucci, Domingo Sánchez","Simón Bajour, Elvino Vardaro, Elías Slon, Alfredo Rouco, Antonio Rossi "
Carlos Di Sarli,Carlos Di Sarli y su Orquesta Típica,2/23/1956,Rodríguez Peña,Tango,Instrumental,Víctor,Tape,Vicente Greco,Ernesto Temes; Juan Velich; Rafael Velich,,56-58 / New Orchestra ,Carlos Di Sarli,Alfredo Sciarretta ,"José Libertella, Julián Plaza, Alfredo Marcucci, Domingo Sánchez","Simón Bajour, Elvino Vardaro, Elías Slon, Alfredo Rouco, Antonio Rossi "
Carlos Di Sarli,Carlos Di Sarli y su Orquesta Típica,2/29/1956,De Qué Podemos Hablar,Tango,Argentino Ledesma,Víctor,Tape,Carlos Di Sarli,Abel Aznar,,56-58 / New Orchestra ,Carlos Di Sarli,Alfredo Sciarretta ,"José Libertella, Julián Plaza, Alfredo Marcucci, Domingo Sánchez","Simón Bajour, Elvino Vardaro, Elías Slon, Alfredo Rouco, Antonio Rossi "
Carlos Di Sarli,Carlos Di Sarli y su Orquesta Típica,2/29/1956,Mala Yerba,Vals,Roberto Gale,Víctor,Tape,Arturo Gallucci,Abel Aznar,,56-58 / New Orchestra ,Carlos Di Sarli,Alfredo Sciarretta ,"José Libertella, Julián Plaza, Alfredo Marcucci, Domingo Sánchez","Simón Bajour, Elvino Vardaro, Elías Slon, Alfredo Rouco, Antonio Rossi "
Carlos Di Sarli,Carlos Di Sarli y su Orquesta Típica,2/3/1956,Fumando Espero,Tango,Roberto Florio,Víctor,Tape,Juan Masanas,Félix Garzo,,56-58 / New Orchestra ,Carlos Di Sarli,Alfredo Sciarretta ,"José Libertella, Julián Plaza, Alfredo Marcucci, Domingo Sánchez","Simón Bajour, Elvino Vardaro, Elías Slon, Alfredo Rouco, Antonio Rossi "
Carlos Di Sarli,Carlos Di Sarli y su Orquesta Típica,3/7/1956,Novia Provinciana,Tango,Argentino Ledesma,Víctor,Tape,Casimiro Dávila; Juan Pomati,Horacio Sanguinetti,,56-58 / New Orchestra ,Carlos Di Sarli,Alfredo Sciarretta ,"José Libertella, Julián Plaza, Alfredo Marcucci, Domingo Sánchez","Simón Bajour, Elvino Vardaro, Elías Slon, Alfredo Rouco, Antonio Rossi "
Carlos Di Sarli,Carlos Di Sarli y su Orquesta Típica,3/7/1956,Nueve Puntos,Tango,Instrumental,Víctor,Tape,Francisco Canaro,,,56-58 / New Orchestra ,Carlos Di Sarli,Alfredo Sciarretta ,"José Libertella, Julián Plaza, Alfredo Marcucci, Domingo Sánchez","Simón Bajour, Elvino Vardaro, Elías Slon, Alfredo Rouco, Antonio Rossi "
Carlos Di Sarli,Carlos Di Sarli y su Orquesta Típica,4/18/1956,Fogón De Huella,Tango,Roberto Florio,Víctor,Tape,Arturo Gallucci,Italo Gianetti,,56-58 / New Orchestra ,Carlos Di Sarli,Alfredo Sciarretta ,"José Libertella, Julián Plaza, Alfredo Marcucci, Domingo Sánchez","Simón Bajour, Elvino Vardaro, Elías Slon, Alfredo Rouco, Antonio Rossi "
Carlos Di Sarli,Carlos Di Sarli y su Orquesta Típica,4/18/1956,Por Qué Regresas Tu,Tango,Roberto Florio,Víctor,Tape,Andrés Falgás,Andrés Falgás,,56-58 / New Orchestra ,Carlos Di Sarli,Alfredo Sciarretta ,"José Libertella, Julián Plaza, Alfredo Marcucci, Domingo Sánchez","Simón Bajour, Elvino Vardaro, Elías Slon, Alfredo Rouco, Antonio Rossi "
Carlos Di Sarli,Carlos Di Sarli y su Orquesta Típica,4/26/1956,Buenos Aires,Tango,Roberto Florio,Víctor,Tape,Manuel Jovés,Manuel Romero,,56-58 / New Orchestra ,Carlos Di Sarli,Alfredo Sciarretta ,"José Libertella, Julián Plaza, Alfredo Marcucci, Domingo Sánchez","Simón Bajour, Elvino Vardaro, Elías Slon, Alfredo Rouco, Antonio Rossi "
Carlos Di Sarli,Carlos Di Sarli y su Orquesta Típica,4/26/1956,No Me Pregunten Por Qué,Tango,Jorge Durán,Víctor,Tape,Carlos Di Sarli,Reynaldo Pignataro,,56-58 / New Orchestra ,Carlos Di Sarli,Alfredo Sciarretta ,"José Libertella, Julián Plaza, Alfredo Marcucci, Domingo Sánchez","Simón Bajour, Elvino Vardaro, Elías Slon, Alfredo Rouco, Antonio Rossi "
Carlos Di Sarli,Carlos Di Sarli y su Orquesta Típica,9/27/1956,A La Luz Del Candil,Tango,Jorge Durán,Víctor,Tape,Carlos Flores,Julio Navarrine,,56-58 / New Orchestra ,Carlos Di Sarli,Alfredo Sciarretta ,"José Libertella, Julián Plaza, Alfredo Marcucci, Domingo Sánchez","Simón Bajour, Elvino Vardaro, Elías Slon, Alfredo Rouco, Antonio Rossi "
Carlos Di Sarli,Carlos Di Sarli y su Orquesta Típica,9/27/1956,Derrotado,Tango,Roberto Florio,Víctor,Tape,Antonio Arcieri,José Terragno; Antonio Bernárdez,,56-58 / New Orchestra ,Carlos Di Sarli,Alfredo Sciarretta ,"José Libertella, Julián Plaza, Alfredo Marcucci, Domingo Sánchez","Simón Bajour, Elvino Vardaro, Elías Slon, Alfredo Rouco, Antonio Rossi "
Carlos Di Sarli,Carlos Di Sarli y su Orquesta Típica,10/19/1956,Sonatina,Tango,Jorge Durán,Víctor,Tape,Marcelino Hernández; Abel Aznar,Marcelino Hernández; Abel Aznar,,56-58 / New Orchestra ,Carlos Di Sarli,Alfredo Sciarretta ,"José Libertella, Julián Plaza, Alfredo Marcucci, Domingo Sánchez","Simón Bajour, Elvino Vardaro, Elías Slon, Alfredo Rouco, Antonio Rossi "
Carlos Di Sarli,Carlos Di Sarli y su Orquesta Típica,10/19/1956,Y Todavía Te Quiero,Tango,Roberto Florio,Víctor,Tape,Luciano Leocata,Abel Aznar,,56-58 / New Orchestra ,Carlos Di Sarli,Alfredo Sciarretta ,"José Libertella, Julián Plaza, Alfredo Marcucci, Domingo Sánchez","Simón Bajour, Elvino Vardaro, Elías Slon, Alfredo Rouco, Antonio Rossi "
Carlos Di Sarli,Carlos Di Sarli y su Orquesta Típica,11/2/1956,Cantemos Corazón,Tango,Roberto Florio,Víctor,Tape,Enrique Alessio,Reinaldo Yiso,,56-58 / New Orchestra ,Carlos Di Sarli,Alfredo Sciarretta ,"José Libertella, Julián Plaza, Alfredo Marcucci, Domingo Sánchez","Simón Bajour, Elvino Vardaro, Elías Slon, Alfredo Rouco, Antonio Rossi "
Carlos Di Sarli,Carlos Di Sarli y su Orquesta Típica,11/2/1956,Cuando Muere Una Esperanza,Tango,Jorge Durán,Víctor,Tape,Arturo Gallucci,Julio Camilloni,,56-58 / New Orchestra ,Carlos Di Sarli,Alfredo Sciarretta ,"José Libertella, Julián Plaza, Alfredo Marcucci, Domingo Sánchez","Simón Bajour, Elvino Vardaro, Elías Slon, Alfredo Rouco, Antonio Rossi "
Carlos Di Sarli,Carlos Di Sarli y su Orquesta Típica,12/12/1956,Muriéndome De Amor,Tango,Jorge Durán,Víctor,Tape,Manuel Sucher,Carlos Bahr,,56-58 / New Orchestra ,Carlos Di Sarli,Alfredo Sciarretta ,"José Libertella, Julián Plaza, Alfredo Marcucci, Domingo Sánchez","Simón Bajour, Elvino Vardaro, Elías Slon, Alfredo Rouco, Antonio Rossi "
Carlos Di Sarli,Carlos Di Sarli y su Orquesta Típica,12/12/1956,Pobre Buzón,Tango,Roberto Florio,Víctor,Tape,Carlos Di Sarli,Fernando Caprio,,56-58 / New Orchestra ,Carlos Di Sarli,Alfredo Sciarretta ,"José Libertella, Julián Plaza, Alfredo Marcucci, Domingo Sánchez","Simón Bajour, Elvino Vardaro, Elías Slon, Alfredo Rouco, Antonio Rossi "
Carlos Di Sarli,Carlos Di Sarli y su Orquesta Típica,12/19/1956,Calla,Tango,Roberto Florio,Víctor,Tape,Roberto Rufino,Manuel Barros,,56-58 / New Orchestra ,Carlos Di Sarli,Alfredo Sciarretta ,"José Libertella, Julián Plaza, Alfredo Marcucci, Domingo Sánchez","Simón Bajour, Elvino Vardaro, Elías Slon, Alfredo Rouco, Antonio Rossi "
Carlos Di Sarli,Carlos Di Sarli y su Orquesta Típica,12/19/1956,Duele Más,Tango,Jorge Durán,Víctor,Tape,Simón Bajour; Rafael Torrado,Reinaldo Yiso,,56-58 / New Orchestra ,Carlos Di Sarli,Alfredo Sciarretta ,"José Libertella, Julián Plaza, Alfredo Marcucci, Domingo Sánchez","Simón Bajour, Elvino Vardaro, Elías Slon, Alfredo Rouco, Antonio Rossi "
Carlos Di Sarli,Carlos Di Sarli y su Orquesta Típica,12/19/1956,Quién Sino Tu,Tango,Durán / Florio,Víctor,Tape,Edmundo Rivero,Edmundo Rivero,,56-58 / New Orchestra ,Carlos Di Sarli,Alfredo Sciarretta ,"José Libertella, Julián Plaza, Alfredo Marcucci, Domingo Sánchez","Simón Bajour, Elvino Vardaro, Elías Slon, Alfredo Rouco, Antonio Rossi "
Carlos Di Sarli,Carlos Di Sarli y su Orquesta Típica,12/19/1956,Viviani,Tango,Instrumental,Víctor,Tape,Roberto Firpo,,,56-58 / New Orchestra ,Carlos Di Sarli,Alfredo Sciarretta ,"José Libertella, Julián Plaza, Alfredo Marcucci, Domingo Sánchez","Simón Bajour, Elvino Vardaro, Elías Slon, Alfredo Rouco, Antonio Rossi "
Carlos Di Sarli,Carlos Di Sarli y su Orquesta Típica,4/25/1957,De Qué Podemos Hablar,Tango,Jorge Durán,Víctor,Tape,Carlos Di Sarli,Abel Aznar,,56-58 / New Orchestra ,Carlos Di Sarli,Alfredo Sciarretta ,"José Libertella, Julián Plaza, Alfredo Marcucci, Domingo Sánchez","Simón Bajour, Elvino Vardaro, Elías Slon, Alfredo Rouco, Antonio Rossi "
Carlos Di Sarli,Carlos Di Sarli y su Orquesta Típica,4/25/1957,Lo Que Me Hablaron De Vos,Tango,Jorge Durán,Víctor,Tape,Leopoldo Federico,Raúl Gramajo,,56-58 / New Orchestra ,Carlos Di Sarli,Alfredo Sciarretta ,"José Libertella, Julián Plaza, Alfredo Marcucci, Domingo Sánchez","Simón Bajour, Elvino Vardaro, Elías Slon, Alfredo Rouco, Antonio Rossi "
Carlos Di Sarli,Carlos Di Sarli y su Orquesta Típica,4/25/1957,Nuestra Noche,Tango,Roberto Florio,Víctor,Tape,Carlos Viván,Italo Gianetti,,56-58 / New Orchestra ,Carlos Di Sarli,Alfredo Sciarretta ,"José Libertella, Julián Plaza, Alfredo Marcucci, Domingo Sánchez","Simón Bajour, Elvino Vardaro, Elías Slon, Alfredo Rouco, Antonio Rossi "
Carlos Di Sarli,Carlos Di Sarli y su Orquesta Típica,4/25/1957,Soñemos,Tango,Roberto Florio,Víctor,Tape,Roberto Caló; Roberto Rufino; Reinaldo Yiso,Roberto Caló; Roberto Rufino; Reinaldo Yiso,,56-58 / New Orchestra ,Carlos Di Sarli,Alfredo Sciarretta ,"José Libertella, Julián Plaza, Alfredo Marcucci, Domingo Sánchez","Simón Bajour, Elvino Vardaro, Elías Slon, Alfredo Rouco, Antonio Rossi "
Carlos Di Sarli,Carlos Di Sarli y su Orquesta Típica,7/12/1957,Cara Sucia,Tango,Instrumental,Víctor,Tape,Francisco Canaro,Juan Caruso,,56-58 / New Orchestra ,Carlos Di Sarli,Alfredo Sciarretta ,"José Libertella, Julián Plaza, Alfredo Marcucci, Domingo Sánchez","Simón Bajour, Elvino Vardaro, Elías Slon, Alfredo Rouco, Antonio Rossi "
Carlos Di Sarli,Carlos Di Sarli y su Orquesta Típica,7/12/1957,Destino De Flor,Tango,Roberto Florio,Víctor,Tape,Roberto Rufino,Alejandro Romay,,56-58 / New Orchestra ,Carlos Di Sarli,Alfredo Sciarretta ,"José Libertella, Julián Plaza, Alfredo Marcucci, Domingo Sánchez","Simón Bajour, Elvino Vardaro, Elías Slon, Alfredo Rouco, Antonio Rossi "
Carlos Di Sarli,Carlos Di Sarli y su Orquesta Típica,9/30/1957,Cuanta Angustia,Tango,Roberto Florio,Víctor,Tape,Julián Plaza,Manuel Barros,,56-58 / New Orchestra ,Carlos Di Sarli,Alfredo Sciarretta ,"José Libertella, Julián Plaza, Alfredo Marcucci, Domingo Sánchez","Simón Bajour, Elvino Vardaro, Elías Slon, Alfredo Rouco, Antonio Rossi "
Carlos Di Sarli,Carlos Di Sarli y su Orquesta Típica,9/30/1957,No Me Hablen De Ella,Tango,Jorge Durán,Víctor,Tape,Tití Rossi; Jorge Moreira,Tití Rossi; Jorge Moreira,,56-58 / New Orchestra ,Carlos Di Sarli,Alfredo Sciarretta ,"José Libertella, Julián Plaza, Alfredo Marcucci, Domingo Sánchez","Simón Bajour, Elvino Vardaro, Elías Slon, Alfredo Rouco, Antonio Rossi "
Carlos Di Sarli,Carlos Di Sarli y su Orquesta Típica,10/4/1957,Por Un Te Quiero,Tango,Roberto Florio,Víctor,Tape,Miguel Bonano,Alberto Martínez,,56-58 / New Orchestra ,Carlos Di Sarli,Alfredo Sciarretta ,"José Libertella, Julián Plaza, Alfredo Marcucci, Domingo Sánchez","Simón Bajour, Elvino Vardaro, Elías Slon, Alfredo Rouco, Antonio Rossi "
Carlos Di Sarli,Carlos Di Sarli y su Orquesta Típica,10/4/1957,Whisky,Tango,Jorge Durán,Víctor,Tape,Héctor Marcó,Héctor Marcó,,56-58 / New Orchestra ,Carlos Di Sarli,Alfredo Sciarretta ,"José Libertella, Julián Plaza, Alfredo Marcucci, Domingo Sánchez","Simón Bajour, Elvino Vardaro, Elías Slon, Alfredo Rouco, Antonio Rossi "
Carlos Di Sarli,Carlos Di Sarli y su Orquesta Típica,11/21/1957,Bahía Blanca,Tango,Instrumental,Víctor,Tape,Carlos Di Sarli,,,56-58 / New Orchestra ,Carlos Di Sarli,Alfredo Sciarretta ,"José Libertella, Julián Plaza, Alfredo Marcucci, Domingo Sánchez","Simón Bajour, Elvino Vardaro, Elías Slon, Alfredo Rouco, Antonio Rossi "
Carlos Di Sarli,Carlos Di Sarli y su Orquesta Típica,11/21/1957,Serenata Mía,Tango,Durán / Florio,Víctor,Tape,Juan Marín,Juan Marín,,56-58 / New Orchestra ,Carlos Di Sarli,Alfredo Sciarretta ,"José Libertella, Julián Plaza, Alfredo Marcucci, Domingo Sánchez","Simón Bajour, Elvino Vardaro, Elías Slon, Alfredo Rouco, Antonio Rossi "
Carlos Di Sarli,Carlos Di Sarli y su Orquesta Típica,1/16/1958,Adiós Corazón,Tango,Roberto Florio,Víctor,Tape,Lalo Etchegoncelay,Héctor Sapelli,,58-60 / Final Orchestra,Carlos Di Sarli,Alfredo Sciarretta ,"Félix Verdi, José Libertella, Julián Plaza, Alfredo Marcucci, Domingo Sánchez","Roberto Guisado, Elvino Vardaro, Alfredo Rouco, Simón Bajour, Carlos Arnaiz, Claudio González, Antonio Rossi, Juan Schiaffino"
Carlos Di Sarli,Carlos Di Sarli y su Orquesta Típica,1/16/1958,Buenas Noches Buenos Aires,Tango,Jorge Durán,Víctor,Tape,Sebastián Piana,Osvaldo Cordero,,58-60 / Final Orchestra,Carlos Di Sarli,Alfredo Sciarretta ,"Félix Verdi, José Libertella, Julián Plaza, Alfredo Marcucci, Domingo Sánchez","Roberto Guisado, Elvino Vardaro, Alfredo Rouco, Simón Bajour, Carlos Arnaiz, Claudio González, Antonio Rossi, Juan Schiaffino"
Carlos Di Sarli,Carlos Di Sarli y su Orquesta Típica,8/28/1958,Dónde Estás,Tango,Jorge Durán,Philips,Tape,Manuel Sucher,Carlos Bahr,,58-60 / Final Orchestra,Carlos Di Sarli,Alfredo Sciarretta ,"Félix Verdi, José Libertella, Julián Plaza, Alfredo Marcucci, Domingo Sánchez","Roberto Guisado, Elvino Vardaro, Alfredo Rouco, Simón Bajour, Carlos Arnaiz, Claudio González, Antonio Rossi, Juan Schiaffino"
Carlos Di Sarli,Carlos Di Sarli y su Orquesta Típica,11/12/1958,Hasta Siempre Amor,Tango,Horacio Casares,Philips,Tape,Donato Racciatti,Federico Silva,,58-60 / Final Orchestra,Carlos Di Sarli,Alfredo Sciarretta ,"Félix Verdi, José Libertella, Julián Plaza, Alfredo Marcucci, Domingo Sánchez","Roberto Guisado, Elvino Vardaro, Alfredo Rouco, Simón Bajour, Carlos Arnaiz, Claudio González, Antonio Rossi, Juan Schiaffino"
Carlos Di Sarli,Carlos Di Sarli y su Orquesta Típica,11/12/1958,Una Fija,Tango,Instrumental,Philips,Tape,Ángel Villoldo,Antonio Polito; Carlos Pesce,,58-60 / Final Orchestra,Carlos Di Sarli,Alfredo Sciarretta ,"Félix Verdi, José Libertella, Julián Plaza, Alfredo Marcucci, Domingo Sánchez","Roberto Guisado, Elvino Vardaro, Alfredo Rouco, Simón Bajour, Carlos Arnaiz, Claudio González, Antonio Rossi, Juan Schiaffino"
Carlos Di Sarli,Carlos Di Sarli y su Orquesta Típica,11/13/1958,Llamame Amor Mío,Tango,Horacio Casares,Philips,Tape,Mapera Ratto,Agustín Minotti,,58-60 / Final Orchestra,Carlos Di Sarli,Alfredo Sciarretta ,"Félix Verdi, José Libertella, Julián Plaza, Alfredo Marcucci, Domingo Sánchez","Roberto Guisado, Elvino Vardaro, Alfredo Rouco, Simón Bajour, Carlos Arnaiz, Claudio González, Antonio Rossi, Juan Schiaffino"
Carlos Di Sarli,Carlos Di Sarli y su Orquesta Típica,11/13/1958,Champagne Tango,Tango,Instrumental,Philips,Tape,Manuel Aróztegui,,,58-60 / Final Orchestra,Carlos Di Sarli,Alfredo Sciarretta ,"Félix Verdi, José Libertella, Julián Plaza, Alfredo Marcucci, Domingo Sánchez","Roberto Guisado, Elvino Vardaro, Alfredo Rouco, Simón Bajour, Carlos Arnaiz, Claudio González, Antonio Rossi, Juan Schiaffino"
Carlos Di Sarli,Carlos Di Sarli y su Orquesta Típica,11/13/1958,Indio Manso,Tango,Instrumental,Philips,Tape,Héctor Quesada,,,58-60 / Final Orchestra,Carlos Di Sarli,Alfredo Sciarretta ,"Félix Verdi, José Libertella, Julián Plaza, Alfredo Marcucci, Domingo Sánchez","Roberto Guisado, Elvino Vardaro, Alfredo Rouco, Simón Bajour, Carlos Arnaiz, Claudio González, Antonio Rossi, Juan Schiaffino"
Carlos Di Sarli,Carlos Di Sarli y su Orquesta Típica,11/13/1958,Nubes De Humo,Tango,Jorge Durán,Philips,Tape,Manuel Jovés,Manuel Romero,,58-60 / Final Orchestra,Carlos Di Sarli,Alfredo Sciarretta ,"Félix Verdi, José Libertella, Julián Plaza, Alfredo Marcucci, Domingo Sánchez","Roberto Guisado, Elvino Vardaro, Alfredo Rouco, Simón Bajour, Carlos Arnaiz, Claudio González, Antonio Rossi, Juan Schiaffino"
Carlos Di Sarli,Carlos Di Sarli y su Orquesta Típica,11/13/1958,Duerme Mi Amor,Tango,Horacio Casares,Philips,Tape,Hubert Giraud; Alberto Martínez,Hubert Giraud; Alberto Martínez; Jean Legrand,,58-60 / Final Orchestra,Carlos Di Sarli,Alfredo Sciarretta ,"Félix Verdi, José Libertella, Julián Plaza, Alfredo Marcucci, Domingo Sánchez","Roberto Guisado, Elvino Vardaro, Alfredo Rouco, Simón Bajour, Carlos Arnaiz, Claudio González, Antonio Rossi, Juan Schiaffino"
Carlos Di Sarli,Carlos Di Sarli y su Orquesta Típica,11/13/1958,El Abrojo,Tango,Instrumental,Philips,Tape,Agustín Bardi,,,58-60 / Final Orchestra,Carlos Di Sarli,Alfredo Sciarretta ,"Félix Verdi, José Libertella, Julián Plaza, Alfredo Marcucci, Domingo Sánchez","Roberto Guisado, Elvino Vardaro, Alfredo Rouco, Simón Bajour, Carlos Arnaiz, Claudio González, Antonio Rossi, Juan Schiaffino"
Carlos Di Sarli,Carlos Di Sarli y su Orquesta Típica,11/14/1958,Bahía Blanca,Tango,Instrumental,Philips,Tape,Carlos Di Sarli,,,58-60 / Final Orchestra,Carlos Di Sarli,Alfredo Sciarretta ,"Félix Verdi, José Libertella, Julián Plaza, Alfredo Marcucci, Domingo Sánchez","Roberto Guisado, Elvino Vardaro, Alfredo Rouco, Simón Bajour, Carlos Arnaiz, Claudio González, Antonio Rossi, Juan Schiaffino"
Carlos Di Sarli,Carlos Di Sarli y su Orquesta Típica,11/14/1958,No La Maldigas Por Dios,Tango,Jorge Durán,Philips,Tape,Tití Rossi,Jorge Moreira,,58-60 / Final Orchestra,Carlos Di Sarli,Alfredo Sciarretta ,"Félix Verdi, José Libertella, Julián Plaza, Alfredo Marcucci, Domingo Sánchez","Roberto Guisado, Elvino Vardaro, Alfredo Rouco, Simón Bajour, Carlos Arnaiz, Claudio González, Antonio Rossi, Juan Schiaffino"
Carlos Di Sarli,Carlos Di Sarli y su Orquesta Típica,11/20/1958,Dónde Estás,Tango,Jorge Durán,Philips,Tape,Carlos Di Sarli,,,58-60 / Final Orchestra,Carlos Di Sarli,Alfredo Sciarretta ,"Félix Verdi, José Libertella, Julián Plaza, Alfredo Marcucci, Domingo Sánchez","Roberto Guisado, Elvino Vardaro, Alfredo Rouco, Simón Bajour, Carlos Arnaiz, Claudio González, Antonio Rossi, Juan Schiaffino"
Carlos Di Sarli,Carlos Di Sarli y su Orquesta Típica,11/20/1958,Si Nos Queremos Todavía,Tango,Jorge Durán,Philips,Tape,Héctor Gentile,Ángel Rosa,,58-60 / Final Orchestra,Carlos Di Sarli,Alfredo Sciarretta ,"Félix Verdi, José Libertella, Julián Plaza, Alfredo Marcucci, Domingo Sánchez","Roberto Guisado, Elvino Vardaro, Alfredo Rouco, Simón Bajour, Carlos Arnaiz, Claudio González, Antonio Rossi, Juan Schiaffino"
Carlos Di Sarli,Carlos Di Sarli y su Orquesta Típica,11/27/1958,No Me Supiste Amar,Tango,Horacio Casares,Philips,Tape,Arturo Gallucci,Enrique Lary,,58-60 / Final Orchestra,Carlos Di Sarli,Alfredo Sciarretta ,"Félix Verdi, José Libertella, Julián Plaza, Alfredo Marcucci, Domingo Sánchez","Roberto Guisado, Elvino Vardaro, Alfredo Rouco, Simón Bajour, Carlos Arnaiz, Claudio González, Antonio Rossi, Juan Schiaffino"
Carlos Di Sarli,Carlos Di Sarli y su Orquesta Típica,11/27/1958,Por Quererla Así,Tango,Jorge Durán,Philips,Tape,Carlos Olmedo,Marcelino Hernández,,58-60 / Final Orchestra,Carlos Di Sarli,Alfredo Sciarretta ,"Félix Verdi, José Libertella, Julián Plaza, Alfredo Marcucci, Domingo Sánchez","Roberto Guisado, Elvino Vardaro, Alfredo Rouco, Simón Bajour, Carlos Arnaiz, Claudio González, Antonio Rossi, Juan Schiaffino"
Carlos Di Sarli,Carlos Di Sarli y su Orquesta Típica,1960-00-00,Nubes De Humo,Tango,Edmundo Rivero,Philips,Tape,Manuel Jovés,Manuel Romero,,58-60 / Final Orchestra,Carlos Di Sarli,Alfredo Sciarretta ,"Félix Verdi, José Libertella, Julián Plaza, Alfredo Marcucci, Domingo Sánchez","Roberto Guisado, Elvino Vardaro, Alfredo Rouco, Simón Bajour, Carlos Arnaiz, Claudio González, Antonio Rossi, Juan Schiaffino"
Carlos Di Sarli,Carlos Di Sarli y su Orquesta Típica,1960-00-00,Si Nos Queremos Todavía,Tango,Edmundo Rivero,Philips,Tape,Héctor Gentile,Ángel Di Rosa,,58-60 / Final Orchestra,Carlos Di Sarli,Alfredo Sciarretta ,"Félix Verdi, José Libertella, Julián Plaza, Alfredo Marcucci, Domingo Sánchez","Roberto Guisado, Elvino Vardaro, Alfredo Rouco, Simón Bajour, Carlos Arnaiz, Claudio González, Antonio Rossi, Juan Schiaffino"
Carlos Di Sarli,Carlos Di Sarli y su Orquesta Típica,1960-00-00,Por Quererla Así,Tango,Edmundo Rivero,Philips,Tape,Carlos Olmedo,Marcelino Hernández,,58-60 / Final Orchestra,Carlos Di Sarli,Alfredo Sciarretta ,"Félix Verdi, José Libertella, Julián Plaza, Alfredo Marcucci, Domingo Sánchez","Roberto Guisado, Elvino Vardaro, Alfredo Rouco, Simón Bajour, Carlos Arnaiz, Claudio González, Antonio Rossi, Juan Schiaffino"
Carlos Di Sarli,Carlos Di Sarli y su Orquesta Típica,1960-00-00,Dónde Estás,Tango,Edmundo Rivero,Philips,Tape,Manuel Sucher,Carlos Bahr,,58-60 / Final Orchestra,Carlos Di Sarli,Alfredo Sciarretta ,"Félix Verdi, José Libertella, Julián Plaza, Alfredo Marcucci, Domingo Sánchez","Roberto Guisado, Elvino Vardaro, Alfredo Rouco, Simón Bajour, Carlos Arnaiz, Claudio González, Antonio Rossi, Juan Schiaffino"
