Bandleader,Orchestra,,Title,Genre,Singer,Label,Master,Composer,Author,Arranger,Grouping,Pianist,Bassist,Bandoneon,Strings
Edgardo Donato,Donato-Zerrillo,8/2/1929,Amor Y Olvido,Tango,Instrumental,Brunswick,78rpm,Ángel Carreño,Ángel Carreño,,29-30 / Zerrillo ,Osvaldo Donato,José Campesi,"Juan Turturiello, Luis Vilardi, Luis Brizzi","Edgardo Donato, Roberto Zerrillo, Armando Piovani, Ascanio Donato (cello)"
Edgardo Donato,Donato-Zerrillo,8/2/1929,Luces De La Tarde (Primera Versión),Tango,Instrumental,Brunswick,78rpm,Osvaldo Donato,Berreta Galli,,29-30 / Zerrillo ,Osvaldo Donato,José Campesi,"Juan Turturiello, Luis Vilardi, Luis Brizzi","Edgardo Donato, Roberto Zerrillo, Armando Piovani, Ascanio Donato (cello)"
Edgardo Donato,Donato-Zerrillo,8/2/1929,"No Me Engañes, Por Favor",Tango,Instrumental,Brunswick,78rpm,José Turturiello,,,29-30 / Zerrillo ,Osvaldo Donato,José Campesi,"Juan Turturiello, Luis Vilardi, Luis Brizzi","Edgardo Donato, Roberto Zerrillo, Armando Piovani, Ascanio Donato (cello)"
Edgardo Donato,Donato-Zerrillo,8/2/1929,"Seguí, No Te Parés ",Tango,Luis Díaz Y Coro,Brunswick,78rpm,Edgardo Donato; Roberto Zerrillo,Luis Díaz,,29-30 / Zerrillo ,Osvaldo Donato,José Campesi,"Juan Turturiello, Luis Vilardi, Luis Brizzi","Edgardo Donato, Roberto Zerrillo, Armando Piovani, Ascanio Donato (cello)"
Edgardo Donato,Donato-Zerrillo,9/7/1929,Desencanto,Tango,Instrumental,Brunswick,78rpm,Antonio Polito,Antonio Polito; Luis Mario,,29-30 / Zerrillo ,Osvaldo Donato,José Campesi,"Juan Turturiello, Luis Vilardi, Luis Brizzi","Edgardo Donato, Roberto Zerrillo, Armando Piovani, Ascanio Donato (cello)"
Edgardo Donato,Donato-Zerrillo,9/7/1929,Dolores,Vals,Instrumental,Brunswick,78rpm,Alfredo Raúl Marengo,,,29-30 / Zerrillo ,Osvaldo Donato,José Campesi,"Juan Turturiello, Luis Vilardi, Luis Brizzi","Edgardo Donato, Roberto Zerrillo, Armando Piovani, Ascanio Donato (cello)"
Edgardo Donato,Donato-Zerrillo,9/19/1929,La Cumparsita,Tango,Agustín Magaldi,Brunswick,78rpm,Gerardo Hernán Matos Rodríguez,Pascual Contursi; Enrique Pedro Maroni,,29-30 / Zerrillo ,Osvaldo Donato,José Campesi,"Juan Turturiello, Luis Vilardi, Luis Brizzi","Edgardo Donato, Roberto Zerrillo, Armando Piovani, Ascanio Donato (cello)"
Edgardo Donato,Donato-Zerrillo,9/19/1929,Adiós Mujer,Tango,Instrumental,Brunswick,78rpm,Miguel Padula,,,29-30 / Zerrillo ,Osvaldo Donato,José Campesi,"Juan Turturiello, Luis Vilardi, Luis Brizzi","Edgardo Donato, Roberto Zerrillo, Armando Piovani, Ascanio Donato (cello)"
Edgardo Donato,Donato-Zerrillo,9/19/1929,Pulpero Sirva Otra Vuelta,Tango,Luis Díaz,Brunswick,78rpm,Man Kenn,Man Kenn,,29-30 / Zerrillo ,Osvaldo Donato,José Campesi,"Juan Turturiello, Luis Vilardi, Luis Brizzi","Edgardo Donato, Roberto Zerrillo, Armando Piovani, Ascanio Donato (cello)"
Edgardo Donato,Donato-Zerrillo,9/19/1929,Sirvame Caña,Tango,Instrumental,Brunswick,78rpm,Agustín Andrés Paredes,Gerónimo Gradito,,29-30 / Zerrillo ,Osvaldo Donato,José Campesi,"Juan Turturiello, Luis Vilardi, Luis Brizzi","Edgardo Donato, Roberto Zerrillo, Armando Piovani, Ascanio Donato (cello)"
Edgardo Donato,Donato-Zerrillo,11/8/1929,De Milonga Corrida,Tango,Instrumental,Brunswick,78rpm,Osvaldo Donato,,,29-30 / Zerrillo ,Osvaldo Donato,José Campesi,"Juan Turturiello, Luis Vilardi, Luis Brizzi","Edgardo Donato, Roberto Zerrillo, Armando Piovani, Ascanio Donato (cello)"
Edgardo Donato,Donato-Zerrillo,11/8/1929,Pega Pega,Tango,Estribillo,Brunswick,78rpm,Rafael Sánchez; Alberto Sánchez,Enrique Cadícamo,,29-30 / Zerrillo ,Osvaldo Donato,José Campesi,"Juan Turturiello, Luis Vilardi, Luis Brizzi","Edgardo Donato, Roberto Zerrillo, Armando Piovani, Ascanio Donato (cello)"
Edgardo Donato,Donato-Zerrillo,11/20/1929,Luces De La Tarde (Segunda Versión),Tango,Luis Díaz,Brunswick,78rpm,Osvaldo Donato,Berreta Galli,,29-30 / Zerrillo ,Osvaldo Donato,José Campesi,"Juan Turturiello, Luis Vilardi, Luis Brizzi","Edgardo Donato, Roberto Zerrillo, Armando Piovani, Ascanio Donato (cello)"
Edgardo Donato,Donato-Zerrillo,11/20/1929,"Seguí, No Te Parés ",Tango,Luis Díaz Y Coro,Brunswick,78rpm,Edgardo Donato; Roberto Zerrillo,Luis Díaz,,29-30 / Zerrillo ,Osvaldo Donato,José Campesi,"Juan Turturiello, Luis Vilardi, Luis Brizzi","Edgardo Donato, Roberto Zerrillo, Armando Piovani, Ascanio Donato (cello)"
Edgardo Donato,Donato-Zerrillo,11/20/1929,Siluetas De La Tarde,Tango,Instrumental,Brunswick,78rpm,Ángel Carreño,,,29-30 / Zerrillo ,Osvaldo Donato,José Campesi,"Juan Turturiello, Luis Vilardi, Luis Brizzi","Edgardo Donato, Roberto Zerrillo, Armando Piovani, Ascanio Donato (cello)"
Edgardo Donato,Donato-Zerrillo,11/20/1929,Vas A Soñar,Tango,Luis Díaz,Brunswick,78rpm,Antonio Scatasso,Francisco Antonio Bastardi,,29-30 / Zerrillo ,Osvaldo Donato,José Campesi,"Juan Turturiello, Luis Vilardi, Luis Brizzi","Edgardo Donato, Roberto Zerrillo, Armando Piovani, Ascanio Donato (cello)"
Edgardo Donato,Donato-Zerrillo,11/27/1929,La Cumparsita ,Tango,Agustín Magaldi,Brunswick,78rpm,Gerardo Hernán Matos Rodríguez,Pascual Contursi; Enrique Pedro Maroni,,29-30 / Zerrillo ,Osvaldo Donato,José Campesi,"Juan Turturiello, Luis Vilardi, Luis Brizzi","Edgardo Donato, Roberto Zerrillo, Armando Piovani, Ascanio Donato (cello)"
Edgardo Donato,Donato-Zerrillo,12/4/1929,Hasta Cuándo,Tango,Luis Díaz,Brunswick,78rpm,Edgardo Donato,Celedonio Esteban Flores,,29-30 / Zerrillo ,Osvaldo Donato,José Campesi,"Juan Turturiello, Luis Vilardi, Luis Brizzi","Edgardo Donato, Roberto Zerrillo, Armando Piovani, Ascanio Donato (cello)"
Edgardo Donato,Donato-Zerrillo,12/6/1929,Derrotado,Tango,Instrumental,Brunswick,78rpm,Roberto Zerrillo,Roberto Duque,,29-30 / Zerrillo ,Osvaldo Donato,José Campesi,"Juan Turturiello, Luis Vilardi, Luis Brizzi","Edgardo Donato, Roberto Zerrillo, Armando Piovani, Ascanio Donato (cello)"
Edgardo Donato,Donato-Zerrillo,12/6/1929,Venga Viejo,Tango,Instrumental,Brunswick,78rpm,Ricardo Luis Brignolo,,,29-30 / Zerrillo ,Osvaldo Donato,José Campesi,"Juan Turturiello, Luis Vilardi, Luis Brizzi","Edgardo Donato, Roberto Zerrillo, Armando Piovani, Ascanio Donato (cello)"
Edgardo Donato,Donato-Zerrillo,12/13/1929,Huerfanitos De La Vida,Tango,Luis Díaz,Brunswick,78rpm,Luis Martino,Andrés González Pulido,,29-30 / Zerrillo ,Osvaldo Donato,José Campesi,"Juan Turturiello, Luis Vilardi, Luis Brizzi","Edgardo Donato, Roberto Zerrillo, Armando Piovani, Ascanio Donato (cello)"
Edgardo Donato,Donato-Zerrillo,12/13/1929,Qué Querés Con Ese Loro,Tango,Luis Díaz,Brunswick,78rpm,Enrique Delfino,Manuel Romero,,29-30 / Zerrillo ,Osvaldo Donato,José Campesi,"Juan Turturiello, Luis Vilardi, Luis Brizzi","Edgardo Donato, Roberto Zerrillo, Armando Piovani, Ascanio Donato (cello)"
Edgardo Donato,Donato-Zerrillo,12/17/1929,Misterio,Tango,Instrumental,Brunswick,78rpm,Román Machado,,,29-30 / Zerrillo ,Osvaldo Donato,José Campesi,"Juan Turturiello, Luis Vilardi, Luis Brizzi","Edgardo Donato, Roberto Zerrillo, Armando Piovani, Ascanio Donato (cello)"
Edgardo Donato,Donato-Zerrillo,12/28/1929,Yo Quiero Casarme,Tango,Luis Díaz,Brunswick,78rpm,Edgardo Donato,Luis Díaz,,29-30 / Zerrillo ,Osvaldo Donato,José Campesi,"Juan Turturiello, Luis Vilardi, Luis Brizzi","Edgardo Donato, Roberto Zerrillo, Armando Piovani, Ascanio Donato (cello)"
Edgardo Donato,Donato-Zerrillo,12/28/1929,Zafá De L'amarrazón,Tango,Instrumental,Brunswick,78rpm,Luis Mainero,,,29-30 / Zerrillo ,Osvaldo Donato,José Campesi,"Juan Turturiello, Luis Vilardi, Luis Brizzi","Edgardo Donato, Roberto Zerrillo, Armando Piovani, Ascanio Donato (cello)"
Edgardo Donato,Donato-Zerrillo,12/30/1929,Garufa Corrida,Tango,Luis Díaz,Brunswick,78rpm,Bernardo Germino,Bernardo Germino,,29-30 / Zerrillo ,Osvaldo Donato,José Campesi,"Juan Turturiello, Luis Vilardi, Luis Brizzi","Edgardo Donato, Roberto Zerrillo, Armando Piovani, Ascanio Donato (cello)"
Edgardo Donato,Donato-Zerrillo,12/30/1929,Invierno,Tango,Luis Díaz,Brunswick,78rpm,Arturo Bettoni,Ramón Abellá,,29-30 / Zerrillo ,Osvaldo Donato,José Campesi,"Juan Turturiello, Luis Vilardi, Luis Brizzi","Edgardo Donato, Roberto Zerrillo, Armando Piovani, Ascanio Donato (cello)"
Edgardo Donato,Donato-Zerrillo,1/3/1930,En La Cortada,Tango,Luis Díaz,Brunswick,78rpm,Romeo Yorio,Aníbal Rodríguez; Pedro Rodríguez Riquero,,29-30 / Zerrillo ,Osvaldo Donato,José Campesi,"Juan Turturiello, Luis Vilardi, Luis Brizzi","Edgardo Donato, Roberto Zerrillo, Armando Piovani, Ascanio Donato (cello)"
Edgardo Donato,Donato-Zerrillo,1/3/1930,Huerfanita,Tango,Instrumental,Brunswick,78rpm,Roberto Luratti,,,29-30 / Zerrillo ,Osvaldo Donato,José Campesi,"Juan Turturiello, Luis Vilardi, Luis Brizzi","Edgardo Donato, Roberto Zerrillo, Armando Piovani, Ascanio Donato (cello)"
Edgardo Donato,Donato-Zerrillo,1/3/1930,Lisandro,Tango,Instrumental,Brunswick,78rpm,Roque D'Amico,,,29-30 / Zerrillo ,Osvaldo Donato,José Campesi,"Juan Turturiello, Luis Vilardi, Luis Brizzi","Edgardo Donato, Roberto Zerrillo, Armando Piovani, Ascanio Donato (cello)"
Edgardo Donato,Donato-Zerrillo,1/21/1930,De Madrugada,Tango,Instrumental,Brunswick,78rpm,A. Delfino,,,29-30 / Zerrillo ,Osvaldo Donato,José Campesi,"Juan Turturiello, Luis Vilardi, Luis Brizzi","Edgardo Donato, Roberto Zerrillo, Armando Piovani, Ascanio Donato (cello)"
Edgardo Donato,Donato-Zerrillo,1/21/1930,Don Esteban,Tango,Instrumental,Brunswick,78rpm,Augusto Pedro Berto,Carlos Keller Sarmiento,,29-30 / Zerrillo ,Osvaldo Donato,José Campesi,"Juan Turturiello, Luis Vilardi, Luis Brizzi","Edgardo Donato, Roberto Zerrillo, Armando Piovani, Ascanio Donato (cello)"
Edgardo Donato,Donato-Zerrillo,1/24/1930,Polilla,Tango,Canto,Brunswick,78rpm,Gerardo Hernán Matos Rodríguez,Pablo Marcelino Suero,,29-30 / Zerrillo ,Osvaldo Donato,José Campesi,"Juan Turturiello, Luis Vilardi, Luis Brizzi","Edgardo Donato, Roberto Zerrillo, Armando Piovani, Ascanio Donato (cello)"
Edgardo Donato,Donato-Zerrillo,1/24/1930,Porqué Se Fué,Tango,Instrumental,Brunswick,78rpm,Azucena Maizani,,,29-30 / Zerrillo ,Osvaldo Donato,José Campesi,"Juan Turturiello, Luis Vilardi, Luis Brizzi","Edgardo Donato, Roberto Zerrillo, Armando Piovani, Ascanio Donato (cello)"
Edgardo Donato,Donato-Zerrillo,1/24/1930,Triste Amanecer,Tango,Instrumental,Brunswick,78rpm,J. Veliozo ,,,29-30 / Zerrillo ,Osvaldo Donato,José Campesi,"Juan Turturiello, Luis Vilardi, Luis Brizzi","Edgardo Donato, Roberto Zerrillo, Armando Piovani, Ascanio Donato (cello)"
Edgardo Donato,Donato-Zerrillo,2/26/1930,Caradura,Tango,Instrumental,Brunswick,78rpm,Roberto Zerrillo,,,29-30 / Zerrillo ,Osvaldo Donato,José Campesi,"Juan Turturiello, Luis Vilardi, Luis Brizzi","Edgardo Donato, Roberto Zerrillo, Armando Piovani, Ascanio Donato (cello)"
Edgardo Donato,Donato-Zerrillo,2/26/1930,No Mires P'atrás,Tango,Instrumental,Brunswick,78rpm,José Turturiello,,,29-30 / Zerrillo ,Osvaldo Donato,José Campesi,"Juan Turturiello, Luis Vilardi, Luis Brizzi","Edgardo Donato, Roberto Zerrillo, Armando Piovani, Ascanio Donato (cello)"
Edgardo Donato,Donato-Zerrillo,2/28/1930,Lluvia De Flores,Vals,Instrumental,Brunswick,78rpm,G. Gatto,,,29-30 / Zerrillo ,Osvaldo Donato,José Campesi,"Juan Turturiello, Luis Vilardi, Luis Brizzi","Edgardo Donato, Roberto Zerrillo, Armando Piovani, Ascanio Donato (cello)"
Edgardo Donato,Donato-Zerrillo,2/28/1930,Mañana,Tango,Luis Díaz,Brunswick,78rpm,Anselmo Aieta,Francisco García Jiménez,,29-30 / Zerrillo ,Osvaldo Donato,José Campesi,"Juan Turturiello, Luis Vilardi, Luis Brizzi","Edgardo Donato, Roberto Zerrillo, Armando Piovani, Ascanio Donato (cello)"
Edgardo Donato,Donato-Zerrillo,3/11/1930,Baquiano Pa'elegir,Tango,Instrumental,Brunswick,78rpm,Enrique Saborido,Enrique Domingo Cadícamo,,29-30 / Zerrillo ,Osvaldo Donato,José Campesi,"Juan Turturiello, Luis Vilardi, Luis Brizzi","Edgardo Donato, Roberto Zerrillo, Armando Piovani, Ascanio Donato (cello)"
Edgardo Donato,Donato-Zerrillo,3/11/1930,Dolores,Vals,Instrumental,Brunswick,78rpm,Alfredo Raúl Marengo,,,29-30 / Zerrillo ,Osvaldo Donato,José Campesi,"Juan Turturiello, Luis Vilardi, Luis Brizzi","Edgardo Donato, Roberto Zerrillo, Armando Piovani, Ascanio Donato (cello)"
Edgardo Donato,Donato-Zerrillo,3/11/1930,Se Va La Vida,Tango,Luis Díaz,Brunswick,78rpm,Edgardo Donato; Roberto Zerrillo,Luis Mario,,29-30 / Zerrillo ,Osvaldo Donato,José Campesi,"Juan Turturiello, Luis Vilardi, Luis Brizzi","Edgardo Donato, Roberto Zerrillo, Armando Piovani, Ascanio Donato (cello)"
Edgardo Donato,Donato-Zerrillo,3/11/1930,Soledad,Tango,Luis Díaz,Brunswick,78rpm,B. Abatte; J. Leal,B. Abatte; J. Leal,,29-30 / Zerrillo ,Osvaldo Donato,José Campesi,"Juan Turturiello, Luis Vilardi, Luis Brizzi","Edgardo Donato, Roberto Zerrillo, Armando Piovani, Ascanio Donato (cello)"
Edgardo Donato,Donato-Zerrillo,4/5/1930,Deschavate,Tango,Instrumental,Brunswick,78rpm,Edmundo M. Wiurnos,,,29-30 / Zerrillo ,Osvaldo Donato,José Campesi,"Juan Turturiello, Luis Vilardi, Luis Brizzi","Edgardo Donato, Roberto Zerrillo, Armando Piovani, Ascanio Donato (cello)"
Edgardo Donato,Donato-Zerrillo,4/5/1930,Virgencita De Pompeya,Tango,Luis Díaz,Brunswick,78rpm,Juan Russo,Juan Russo,,29-30 / Zerrillo ,Osvaldo Donato,José Campesi,"Juan Turturiello, Luis Vilardi, Luis Brizzi","Edgardo Donato, Roberto Zerrillo, Armando Piovani, Ascanio Donato (cello)"
Edgardo Donato,Donato-Zerrillo,4/24/1930,Lamentos Del Alma,Tango,Luis Díaz,Brunswick,78rpm,Carlos Alberto Facal,Carlos Alberto Facal,,29-30 / Zerrillo ,Osvaldo Donato,José Campesi,"Juan Turturiello, Luis Vilardi, Luis Brizzi","Edgardo Donato, Roberto Zerrillo, Armando Piovani, Ascanio Donato (cello)"
Edgardo Donato,Donato-Zerrillo,4/25/1930,Musiquito,Tango,Luis Díaz,Brunswick,78rpm,P. Strazarino; H. Liacci; J. Tobía,Roberto Duque,,29-30 / Zerrillo ,Osvaldo Donato,José Campesi,"Juan Turturiello, Luis Vilardi, Luis Brizzi","Edgardo Donato, Roberto Zerrillo, Armando Piovani, Ascanio Donato (cello)"
Edgardo Donato,Edgardo Donato y sus Muchachos,5/5/1930,Como Lo Quiso Dios,Tango,Luis Díaz,Brunswick,78rpm,Domingo Pelle,Domingo Pelle,,30-33 / Sus Muchachos,Osvaldo Donato,José Campesi,"Juan Turturiello, Vicente Vilardi, Miguel Bonano","Edgardo Donato, Armando Piovani, Pascual Martínez,  Ascanio Donato (cello)"
Edgardo Donato,Edgardo Donato y sus Muchachos,5/5/1930,El Tejo,Tango,Instrumental,Brunswick,78rpm,Juan S. Labadia,,,30-33 / Sus Muchachos,Osvaldo Donato,José Campesi,"Juan Turturiello, Vicente Vilardi, Miguel Bonano","Edgardo Donato, Armando Piovani, Pascual Martínez,  Ascanio Donato (cello)"
Edgardo Donato,Edgardo Donato y sus Muchachos,5/15/1930,Adelina,Tango,Luis Díaz,Brunswick,78rpm,Antonio Moretti,J. Torales,,30-33 / Sus Muchachos,Osvaldo Donato,José Campesi,"Juan Turturiello, Vicente Vilardi, Miguel Bonano","Edgardo Donato, Armando Piovani, Pascual Martínez,  Ascanio Donato (cello)"
Edgardo Donato,Edgardo Donato y sus Muchachos,5/19/1930,Buena Yunta,Tango,Instrumental,Brunswick,78rpm,P. Romeo,,,30-33 / Sus Muchachos,Osvaldo Donato,José Campesi,"Juan Turturiello, Vicente Vilardi, Miguel Bonano","Edgardo Donato, Armando Piovani, Pascual Martínez,  Ascanio Donato (cello)"
Edgardo Donato,Edgardo Donato y sus Muchachos,5/23/1930,Te Conozco Mascarita,Tango,Luis Díaz,Brunswick,78rpm,Edgardo Donato,Román Machado,,30-33 / Sus Muchachos,Osvaldo Donato,José Campesi,"Juan Turturiello, Vicente Vilardi, Miguel Bonano","Edgardo Donato, Armando Piovani, Pascual Martínez,  Ascanio Donato (cello)"
Edgardo Donato,Edgardo Donato y sus Muchachos,5/30/1930,Lluvia De Colores,Vals,Instrumental,Brunswick,78rpm,Osvaldo Donato,,,30-33 / Sus Muchachos,Osvaldo Donato,José Campesi,"Juan Turturiello, Vicente Vilardi, Miguel Bonano","Edgardo Donato, Armando Piovani, Pascual Martínez,  Ascanio Donato (cello)"
Edgardo Donato,Edgardo Donato y sus Muchachos,6/13/1930,Severino,Tango,Luis Díaz Y Coro,Brunswick,78rpm,Arturo De Bassi; Antonio Botta; López,Antonio Botta; López,,30-33 / Sus Muchachos,Osvaldo Donato,José Campesi,"Juan Turturiello, Vicente Vilardi, Miguel Bonano","Edgardo Donato, Armando Piovani, Pascual Martínez,  Ascanio Donato (cello)"
Edgardo Donato,Edgardo Donato y sus Muchachos,6/19/1930,"Ché, Rodolfo",Tango,Luis Díaz,Brunswick,78rpm,Genaro Gatto,Ernesto Viegas,,30-33 / Sus Muchachos,Osvaldo Donato,José Campesi,"Juan Turturiello, Vicente Vilardi, Miguel Bonano","Edgardo Donato, Armando Piovani, Pascual Martínez,  Ascanio Donato (cello)"
Edgardo Donato,Edgardo Donato y sus Muchachos,6/27/1930,Desolación,Tango,Luis Díaz,Brunswick,78rpm,Pedro Diorio,Pedro Diorio,,30-33 / Sus Muchachos,Osvaldo Donato,José Campesi,"Juan Turturiello, Vicente Vilardi, Miguel Bonano","Edgardo Donato, Armando Piovani, Pascual Martínez,  Ascanio Donato (cello)"
Edgardo Donato,Edgardo Donato y sus Muchachos,6/27/1930,Pibe Palermo,Tango,Instrumental,Brunswick,78rpm,José Campesi,,,30-33 / Sus Muchachos,Osvaldo Donato,José Campesi,"Juan Turturiello, Vicente Vilardi, Miguel Bonano","Edgardo Donato, Armando Piovani, Pascual Martínez,  Ascanio Donato (cello)"
Edgardo Donato,Edgardo Donato y sus Muchachos,7/1/1930,Felicia,Tango,Instrumental,Brunswick,78rpm,Enrique Saborido,Carlos Mauricio Pacheco,,30-33 / Sus Muchachos,Osvaldo Donato,José Campesi,"Juan Turturiello, Vicente Vilardi, Miguel Bonano","Edgardo Donato, Armando Piovani, Pascual Martínez,  Ascanio Donato (cello)"
Edgardo Donato,Edgardo Donato y sus Muchachos,7/1/1930,Por Tu Culpa,Tango,Instrumental,Brunswick,78rpm,A. Moreno,,,30-33 / Sus Muchachos,Osvaldo Donato,José Campesi,"Juan Turturiello, Vicente Vilardi, Miguel Bonano","Edgardo Donato, Armando Piovani, Pascual Martínez,  Ascanio Donato (cello)"
Edgardo Donato,Edgardo Donato y sus Muchachos,7/10/1930,"Che, Fayuto",Tango,Luis Díaz,Brunswick,78rpm,J. De Ferraris,J. De Ferraris,,30-33 / Sus Muchachos,Osvaldo Donato,José Campesi,"Juan Turturiello, Vicente Vilardi, Miguel Bonano","Edgardo Donato, Armando Piovani, Pascual Martínez,  Ascanio Donato (cello)"
Edgardo Donato,Edgardo Donato y sus Muchachos,7/10/1930,Entre Penas Y Dolores,Tango,Instrumental,Brunswick,78rpm,A. Terrés,,,30-33 / Sus Muchachos,Osvaldo Donato,José Campesi,"Juan Turturiello, Vicente Vilardi, Miguel Bonano","Edgardo Donato, Armando Piovani, Pascual Martínez,  Ascanio Donato (cello)"
Edgardo Donato,Edgardo Donato y sus Muchachos,7/12/1930,Corazón Pa' Los Perros,Tango,Instrumental,Brunswick,78rpm,Osvaldo Donato,,,30-33 / Sus Muchachos,Osvaldo Donato,José Campesi,"Juan Turturiello, Vicente Vilardi, Miguel Bonano","Edgardo Donato, Armando Piovani, Pascual Martínez,  Ascanio Donato (cello)"
Edgardo Donato,Edgardo Donato y sus Muchachos,7/14/1930,Qué Querés Soy Así,Tango,Luis Díaz,Brunswick,78rpm,Ascanio Ernesto Donato,Francisco García Jiménez,,30-33 / Sus Muchachos,Osvaldo Donato,José Campesi,"Juan Turturiello, Vicente Vilardi, Miguel Bonano","Edgardo Donato, Armando Piovani, Pascual Martínez,  Ascanio Donato (cello)"
Edgardo Donato,Edgardo Donato y sus Muchachos,7/17/1930,Decile A Tu Vieja,Tango,Instrumental,Brunswick,78rpm,José Domingo Pécora,,,30-33 / Sus Muchachos,Osvaldo Donato,José Campesi,"Juan Turturiello, Vicente Vilardi, Miguel Bonano","Edgardo Donato, Armando Piovani, Pascual Martínez,  Ascanio Donato (cello)"
Edgardo Donato,Edgardo Donato y sus Muchachos,7/25/1930,Mi Sueño Dorado,Tango,Instrumental,Brunswick,78rpm,Vicente Vilardi,,,30-33 / Sus Muchachos,Osvaldo Donato,José Campesi,"Juan Turturiello, Vicente Vilardi, Miguel Bonano","Edgardo Donato, Armando Piovani, Pascual Martínez,  Ascanio Donato (cello)"
Edgardo Donato,Edgardo Donato y sus Muchachos,7/25/1930,Palabra De Honor,Tango,Instrumental,Brunswick,78rpm,Ascanio Ernesto Donato,,,30-33 / Sus Muchachos,Osvaldo Donato,José Campesi,"Juan Turturiello, Vicente Vilardi, Miguel Bonano","Edgardo Donato, Armando Piovani, Pascual Martínez,  Ascanio Donato (cello)"
Edgardo Donato,Edgardo Donato y sus Muchachos,8/27/1930,Frente A Frente,Tango,Instrumental,Brunswick,78rpm,R. Mann,,,30-33 / Sus Muchachos,Osvaldo Donato,José Campesi,"Juan Turturiello, Vicente Vilardi, Miguel Bonano","Edgardo Donato, Armando Piovani, Pascual Martínez,  Ascanio Donato (cello)"
Edgardo Donato,Edgardo Donato y sus Muchachos,8/27/1930,Viejo Palermo,Tango,Instrumental,Brunswick,78rpm,P. Buencristiano,,,30-33 / Sus Muchachos,Osvaldo Donato,José Campesi,"Juan Turturiello, Vicente Vilardi, Miguel Bonano","Edgardo Donato, Armando Piovani, Pascual Martínez,  Ascanio Donato (cello)"
Edgardo Donato,Edgardo Donato y sus Muchachos,8/28/1930,Palabras Falsas,Tango,Luis Díaz,Brunswick,78rpm,M. Aguilar; Luis Fernández,M. Aguilar; Luis de Sevilla ,,30-33 / Sus Muchachos,Osvaldo Donato,José Campesi,"Juan Turturiello, Vicente Vilardi, Miguel Bonano","Edgardo Donato, Armando Piovani, Pascual Martínez,  Ascanio Donato (cello)"
Edgardo Donato,Edgardo Donato y sus Muchachos,9/5/1930,Desertora,Tango,Luis Díaz,Brunswick,78rpm,Edgardo Donato,Roberto Aubriot Barboza,,30-33 / Sus Muchachos,Osvaldo Donato,José Campesi,"Juan Turturiello, Vicente Vilardi, Miguel Bonano","Edgardo Donato, Armando Piovani, Pascual Martínez,  Ascanio Donato (cello)"
Edgardo Donato,Edgardo Donato y sus Muchachos,9/10/1930,El Amor Hace Fruncir,Tango,Instrumental,Brunswick,78rpm,J. C. Cupeiro,,,30-33 / Sus Muchachos,Osvaldo Donato,José Campesi,"Juan Turturiello, Vicente Vilardi, Miguel Bonano","Edgardo Donato, Armando Piovani, Pascual Martínez,  Ascanio Donato (cello)"
Edgardo Donato,Edgardo Donato y sus Muchachos,9/17/1930,El Once Glorioso,Tango,Luis Díaz Y Coro,Brunswick,78rpm,Carlos Enrique,Luis César Amadori,,30-33 / Sus Muchachos,Osvaldo Donato,José Campesi,"Juan Turturiello, Vicente Vilardi, Miguel Bonano","Edgardo Donato, Armando Piovani, Pascual Martínez,  Ascanio Donato (cello)"
Edgardo Donato,Edgardo Donato y sus Muchachos,9/19/1930,Congoja,Tango,Luis Díaz,Brunswick,78rpm,Benjamín Tagle Lara,Alfonso Tagle Lara,,30-33 / Sus Muchachos,Osvaldo Donato,José Campesi,"Juan Turturiello, Vicente Vilardi, Miguel Bonano","Edgardo Donato, Armando Piovani, Pascual Martínez,  Ascanio Donato (cello)"
Edgardo Donato,Edgardo Donato y sus Muchachos,9/19/1930,"Mamita, Perdón",Tango,Instrumental,Brunswick,78rpm,Julio Villamonte,,,30-33 / Sus Muchachos,Osvaldo Donato,José Campesi,"Juan Turturiello, Vicente Vilardi, Miguel Bonano","Edgardo Donato, Armando Piovani, Pascual Martínez,  Ascanio Donato (cello)"
Edgardo Donato,Edgardo Donato y sus Muchachos,10/3/1930,Danza Maligna,Tango,Instrumental,Brunswick,78rpm,Fernando Randle,Claudio Frollo,,30-33 / Sus Muchachos,Osvaldo Donato,José Campesi,"Juan Turturiello, Vicente Vilardi, Miguel Bonano","Edgardo Donato, Armando Piovani, Pascual Martínez,  Ascanio Donato (cello)"
Edgardo Donato,Edgardo Donato y sus Muchachos,10/7/1930,Compadrito,Tango,Luis Díaz,Brunswick,78rpm,Edgardo Donato; Osvaldo Donato,Edgardo Donato; Osvaldo Donato,,30-33 / Sus Muchachos,Osvaldo Donato,José Campesi,"Juan Turturiello, Vicente Vilardi, Miguel Bonano","Edgardo Donato, Armando Piovani, Pascual Martínez,  Ascanio Donato (cello)"
Edgardo Donato,Edgardo Donato y sus Muchachos,10/8/1930,El Barrio Murmura,Tango,Luis Díaz,Brunswick,78rpm,Carlos Enrique ,Luis Díaz,,30-33 / Sus Muchachos,Osvaldo Donato,José Campesi,"Juan Turturiello, Vicente Vilardi, Miguel Bonano","Edgardo Donato, Armando Piovani, Pascual Martínez,  Ascanio Donato (cello)"
Edgardo Donato,Edgardo Donato y sus Muchachos,10/8/1930,La Guitarrita,Tango,Instrumental,Brunswick,78rpm,Eduardo Arolas,Gabriel Clausi,,30-33 / Sus Muchachos,Osvaldo Donato,José Campesi,"Juan Turturiello, Vicente Vilardi, Miguel Bonano","Edgardo Donato, Armando Piovani, Pascual Martínez,  Ascanio Donato (cello)"
Edgardo Donato,Edgardo Donato y sus Muchachos,10/17/1930,Juramento,Tango,Instrumental,Brunswick,78rpm,P. Conzitti,,,30-33 / Sus Muchachos,Osvaldo Donato,José Campesi,"Juan Turturiello, Vicente Vilardi, Miguel Bonano","Edgardo Donato, Armando Piovani, Pascual Martínez,  Ascanio Donato (cello)"
Edgardo Donato,Edgardo Donato y sus Muchachos,10/17/1930,Mocito Rana,Tango,Instrumental,Brunswick,78rpm,Manuel Parada,Enrique Cadícamo,,30-33 / Sus Muchachos,Osvaldo Donato,José Campesi,"Juan Turturiello, Vicente Vilardi, Miguel Bonano","Edgardo Donato, Armando Piovani, Pascual Martínez,  Ascanio Donato (cello)"
Edgardo Donato,Edgardo Donato y sus Muchachos,10/17/1930,Traición,Tango,Luis Díaz,Brunswick,78rpm,Miguel Cafre,Agapito Crespo,,30-33 / Sus Muchachos,Osvaldo Donato,José Campesi,"Juan Turturiello, Vicente Vilardi, Miguel Bonano","Edgardo Donato, Armando Piovani, Pascual Martínez,  Ascanio Donato (cello)"
Edgardo Donato,Edgardo Donato y sus Muchachos,10/31/1930,Agua Serena,Tango,Instrumental,Brunswick,78rpm,Enrique Carrera Sotelo,,,30-33 / Sus Muchachos,Osvaldo Donato,José Campesi,"Juan Turturiello, Vicente Vilardi, Miguel Bonano","Edgardo Donato, Armando Piovani, Pascual Martínez,  Ascanio Donato (cello)"
Edgardo Donato,Edgardo Donato y sus Muchachos,10/31/1930,La He Vuelto A Encontrar,Tango,Luis Díaz,Brunswick,78rpm,Miguel Dramacker,Francisco García Jiménez,,30-33 / Sus Muchachos,Osvaldo Donato,José Campesi,"Juan Turturiello, Vicente Vilardi, Miguel Bonano","Edgardo Donato, Armando Piovani, Pascual Martínez,  Ascanio Donato (cello)"
Edgardo Donato,Edgardo Donato y sus Muchachos,11/5/1930,Yerba Amarga,Tango,Instrumental,Brunswick,78rpm,Antonio Rodio,Benjamín Lara,,30-33 / Sus Muchachos,Osvaldo Donato,José Campesi,"Juan Turturiello, Vicente Vilardi, Miguel Bonano","Edgardo Donato, Armando Piovani, Pascual Martínez,  Ascanio Donato (cello)"
Edgardo Donato,Edgardo Donato y sus Muchachos,11/7/1930,No Es Pa'tanto,Tango,Luis Díaz,Brunswick,78rpm,Edgardo Donato,Máximo Vago,,30-33 / Sus Muchachos,Osvaldo Donato,José Campesi,"Juan Turturiello, Vicente Vilardi, Miguel Bonano","Edgardo Donato, Armando Piovani, Pascual Martínez,  Ascanio Donato (cello)"
Edgardo Donato,Edgardo Donato y sus Muchachos,11/5/1930,Madreselva,Tango,Instrumental,Brunswick,78rpm,Edgardo Donao; Osvaldo Donato,,,30-33 / Sus Muchachos,Osvaldo Donato,José Campesi,"Juan Turturiello, Vicente Vilardi, Miguel Bonano","Edgardo Donato, Armando Piovani, Pascual Martínez,  Ascanio Donato (cello)"
Edgardo Donato,Edgardo Donato y sus Muchachos,11/7/1930,Siempre Amigo,Tango,Instrumental,Brunswick,78rpm,Juan Carrasco,,,30-33 / Sus Muchachos,Osvaldo Donato,José Campesi,"Juan Turturiello, Vicente Vilardi, Miguel Bonano","Edgardo Donato, Armando Piovani, Pascual Martínez,  Ascanio Donato (cello)"
Edgardo Donato,Edgardo Donato y sus Muchachos,11/14/1930,Chau Chau,Tango,Luis Díaz Y Coro,Brunswick,78rpm,A. Piancino; N. Collia,A. Piancino; N. Collia,,30-33 / Sus Muchachos,Osvaldo Donato,José Campesi,"Juan Turturiello, Vicente Vilardi, Miguel Bonano","Edgardo Donato, Armando Piovani, Pascual Martínez,  Ascanio Donato (cello)"
Edgardo Donato,Edgardo Donato y sus Muchachos,11/15/1930,Algún Día,Tango,Instrumental,Brunswick,78rpm,A. Piovani,,,30-33 / Sus Muchachos,Osvaldo Donato,José Campesi,"Juan Turturiello, Vicente Vilardi, Miguel Bonano","Edgardo Donato, Armando Piovani, Pascual Martínez,  Ascanio Donato (cello)"
Edgardo Donato,Edgardo Donato y sus Muchachos,11/15/1930,Hacia La Cumbre,Vals,Instrumental,Brunswick,78rpm,Américo Bonanni,,,30-33 / Sus Muchachos,Osvaldo Donato,José Campesi,"Juan Turturiello, Vicente Vilardi, Miguel Bonano","Edgardo Donato, Armando Piovani, Pascual Martínez,  Ascanio Donato (cello)"
Edgardo Donato,Edgardo Donato y sus Muchachos,11/24/1930,Fascinación,Tango,Instrumental,Brunswick,78rpm,C. Bossola,,,30-33 / Sus Muchachos,Osvaldo Donato,José Campesi,"Juan Turturiello, Vicente Vilardi, Miguel Bonano","Edgardo Donato, Armando Piovani, Pascual Martínez,  Ascanio Donato (cello)"
Edgardo Donato,Edgardo Donato y sus Muchachos,11/24/1930,Noche Trágica,Tango,Luis Díaz,Brunswick,78rpm,Alberto Huergo; Sergio Sosa,Alberto J. D. Huergo; Sergio Sosa,,30-33 / Sus Muchachos,Osvaldo Donato,José Campesi,"Juan Turturiello, Vicente Vilardi, Miguel Bonano","Edgardo Donato, Armando Piovani, Pascual Martínez,  Ascanio Donato (cello)"
Edgardo Donato,Edgardo Donato y sus Muchachos,11/27/1930,Rosas Blancas,Tango,Luis Díaz,Brunswick,78rpm,Enrique G. Canosa,Juan Carlos Rivarola,,30-33 / Sus Muchachos,Osvaldo Donato,José Campesi,"Juan Turturiello, Vicente Vilardi, Miguel Bonano","Edgardo Donato, Armando Piovani, Pascual Martínez,  Ascanio Donato (cello)"
Edgardo Donato,Edgardo Donato y sus Muchachos,11/28/1930,La Que No Volvié,Tango,Luis Díaz,Brunswick,78rpm,?,?,,30-33 / Sus Muchachos,Osvaldo Donato,José Campesi,"Juan Turturiello, Vicente Vilardi, Miguel Bonano","Edgardo Donato, Armando Piovani, Pascual Martínez,  Ascanio Donato (cello)"
Edgardo Donato,Edgardo Donato y sus Muchachos,12/3/1930,La Pena De Un Desencanto,Vals,Instrumental,Brunswick,78rpm,J. Sarcione,,,30-33 / Sus Muchachos,Osvaldo Donato,José Campesi,"Juan Turturiello, Vicente Vilardi, Miguel Bonano","Edgardo Donato, Armando Piovani, Pascual Martínez,  Ascanio Donato (cello)"
Edgardo Donato,Edgardo Donato y sus Muchachos,12/3/1930,La Paisanita,Tango,Luis Díaz,Brunswick,78rpm,Domingo Pelle,Francisco Brancatti,,30-33 / Sus Muchachos,Osvaldo Donato,José Campesi,"Juan Turturiello, Vicente Vilardi, Miguel Bonano","Edgardo Donato, Armando Piovani, Pascual Martínez,  Ascanio Donato (cello)"
Edgardo Donato,Edgardo Donato y sus Muchachos,12/9/1930,Ni Te Perdono Ni Te Olvido,Tango,Luis Díaz,Brunswick,78rpm,Edgardo Donato,Edgardo Donato,,30-33 / Sus Muchachos,Osvaldo Donato,José Campesi,"Juan Turturiello, Vicente Vilardi, Miguel Bonano","Edgardo Donato, Armando Piovani, Pascual Martínez,  Ascanio Donato (cello)"
Edgardo Donato,Edgardo Donato y sus Muchachos,12/10/1930,Madrecita,Tango,Luis Díaz,Brunswick,78rpm,Genaro Gatto,Julio Cantuarias,,30-33 / Sus Muchachos,Osvaldo Donato,José Campesi,"Juan Turturiello, Vicente Vilardi, Miguel Bonano","Edgardo Donato, Armando Piovani, Pascual Martínez,  Ascanio Donato (cello)"
Edgardo Donato,Edgardo Donato y sus Muchachos,12/13/1930,Lo Que Yo Quiero,Tango,Instrumental,Brunswick,78rpm,Edgardo Donato; J. Turturielo,,,30-33 / Sus Muchachos,Osvaldo Donato,José Campesi,"Juan Turturiello, Vicente Vilardi, Miguel Bonano","Edgardo Donato, Armando Piovani, Pascual Martínez,  Ascanio Donato (cello)"
Edgardo Donato,Edgardo Donato y sus Muchachos,12/13/1930,Quejas De Acordeon,Tango,Luis Díaz,Brunswick,78rpm,R. Aieta,Jesús Blanco,,30-33 / Sus Muchachos,Osvaldo Donato,José Campesi,"Juan Turturiello, Vicente Vilardi, Miguel Bonano","Edgardo Donato, Armando Piovani, Pascual Martínez,  Ascanio Donato (cello)"
Edgardo Donato,Edgardo Donato y sus Muchachos,1/10/1931,Mi Ki,Vals,Luis Díaz,Brunswick,78rpm,Carlos Dix ,Carlos Dix,,30-33 / Sus Muchachos,Osvaldo Donato,José Campesi,"Juan Turturiello, Vicente Vilardi, Miguel Bonano","Edgardo Donato, Armando Piovani, Pascual Martínez,  Ascanio Donato (cello)"
Edgardo Donato,Edgardo Donato y sus Muchachos,1/15/1931,Vagabundo,Tango,Agustín Magaldi,Brunswick,78rpm,Agustín Magaldi; Pedro Noda,Emilio Magaldi,,30-33 / Sus Muchachos,Osvaldo Donato,José Campesi,"Juan Turturiello, Vicente Vilardi, Miguel Bonano","Edgardo Donato, Armando Piovani, Pascual Martínez,  Ascanio Donato (cello)"
Edgardo Donato,Edgardo Donato y sus Muchachos,2/2/1931,Amargura,Vals,Luis Díaz,Brunswick,78rpm,A. Chianni; Hernando Scapparone; Lipschips,A. Chianni; Hernando Scapparone; Lipschips,,30-33 / Sus Muchachos,Osvaldo Donato,José Campesi,"Juan Turturiello, Vicente Vilardi, Miguel Bonano","Edgardo Donato, Armando Piovani, Pascual Martínez,  Ascanio Donato (cello)"
Edgardo Donato,Edgardo Donato y sus Muchachos,2/2/1931,Felicitame Hermano,Tango,Luis Díaz Y Coro,Brunswick,78rpm,Edgardo Donato; Osavldo Donato,Héctor Gagliardi,,30-33 / Sus Muchachos,Osvaldo Donato,José Campesi,"Juan Turturiello, Vicente Vilardi, Miguel Bonano","Edgardo Donato, Armando Piovani, Pascual Martínez,  Ascanio Donato (cello)"
Edgardo Donato,Edgardo Donato y sus Muchachos,2/11/1931,A Garufiar,Tango,Luis Díaz,Brunswick,78rpm,Adolfo Talleda,N. Candeloro,,30-33 / Sus Muchachos,Osvaldo Donato,José Campesi,"Juan Turturiello, Vicente Vilardi, Miguel Bonano","Edgardo Donato, Armando Piovani, Pascual Martínez,  Ascanio Donato (cello)"
Edgardo Donato,Edgardo Donato y sus Muchachos,2/11/1931,Lunes Trece,Tango,Luis Díaz,Brunswick,78rpm,José Luis Padula,Francisco García Jiménez,,30-33 / Sus Muchachos,Osvaldo Donato,José Campesi,"Juan Turturiello, Vicente Vilardi, Miguel Bonano","Edgardo Donato, Armando Piovani, Pascual Martínez,  Ascanio Donato (cello)"
Edgardo Donato,Edgardo Donato y sus Muchachos,2/18/1931,Hollín,Tango,Luis Díaz,Brunswick,78rpm,José María Rizzuti,Amadeo Canale,,30-33 / Sus Muchachos,Osvaldo Donato,José Campesi,"Juan Turturiello, Vicente Vilardi, Miguel Bonano","Edgardo Donato, Armando Piovani, Pascual Martínez,  Ascanio Donato (cello)"
Edgardo Donato,Edgardo Donato y sus Muchachos,2/24/1931,Dulce Amiga,Tango,Antonio Rodríguez Lesende,Brunswick,78rpm,J. Criollo,Juan Sarcione (Juan Faustino Sarcione),,30-33 / Sus Muchachos,Osvaldo Donato,José Campesi,"Juan Turturiello, Vicente Vilardi, Miguel Bonano","Edgardo Donato, Armando Piovani, Pascual Martínez,  Ascanio Donato (cello)"
Edgardo Donato,Edgardo Donato y sus Muchachos,2/26/1931,Mano Brava,Tango,Antonio Rodríguez Lesende,Brunswick,78rpm,L. Lofiego; N. Yubone,L. Lofiego; N. Yubone,,30-33 / Sus Muchachos,Osvaldo Donato,José Campesi,"Juan Turturiello, Vicente Vilardi, Miguel Bonano","Edgardo Donato, Armando Piovani, Pascual Martínez,  Ascanio Donato (cello)"
Edgardo Donato,Edgardo Donato y sus Muchachos,3/20/1931,Amor Criollo,Vals,Instrumental,Brunswick,78rpm,P. Martínez,,,30-33 / Sus Muchachos,Osvaldo Donato,José Campesi,"Juan Turturiello, Vicente Vilardi, Miguel Bonano","Edgardo Donato, Armando Piovani, Pascual Martínez,  Ascanio Donato (cello)"
Edgardo Donato,Edgardo Donato y sus Muchachos,3/20/1931,Aventurera,Tango,Instrumental,Brunswick,78rpm,H. Zitelli,,,30-33 / Sus Muchachos,Osvaldo Donato,José Campesi,"Juan Turturiello, Vicente Vilardi, Miguel Bonano","Edgardo Donato, Armando Piovani, Pascual Martínez,  Ascanio Donato (cello)"
Edgardo Donato,Edgardo Donato y sus Muchachos,4/14/1931,El Viejo Cuco,Tango,Carlos Viván,Brunswick,78rpm,J. Grillo,J. Grillo,,30-33 / Sus Muchachos,Osvaldo Donato,José Campesi,"Juan Turturiello, Vicente Vilardi, Miguel Bonano","Edgardo Donato, Armando Piovani, Pascual Martínez,  Ascanio Donato (cello)"
Edgardo Donato,Edgardo Donato y sus Muchachos,5/13/1931,La Tapera,Vals,Carlos Viván,Brunswick,78rpm,Osvaldo Donato,Sergio Sosa,,30-33 / Sus Muchachos,Osvaldo Donato,José Campesi,"Juan Turturiello, Vicente Vilardi, Miguel Bonano","Edgardo Donato, Armando Piovani, Pascual Martínez,  Ascanio Donato (cello)"
Edgardo Donato,Edgardo Donato y sus Muchachos,5/13/1931,Viejo Belgrano,Tango,Carlos Viván,Brunswick,78rpm,José Felipe Pérez Roselli,José Felipe Pérez Roselli,,30-33 / Sus Muchachos,Osvaldo Donato,José Campesi,"Juan Turturiello, Vicente Vilardi, Miguel Bonano","Edgardo Donato, Armando Piovani, Pascual Martínez,  Ascanio Donato (cello)"
Edgardo Donato,Edgardo Donato y sus Muchachos,5/20/1931,Tus Horas Negras,Vals,Instrumental,Brunswick,78rpm,J. Castaño,,,30-33 / Sus Muchachos,Osvaldo Donato,José Campesi,"Juan Turturiello, Vicente Vilardi, Miguel Bonano","Edgardo Donato, Armando Piovani, Pascual Martínez,  Ascanio Donato (cello)"
Edgardo Donato,Edgardo Donato y sus Muchachos,6/3/1931,Cuarenta Entradas,Tango,Teófilo Ibáñez,Brunswick,78rpm,José López,Ares Nicolas Olivari,,30-33 / Sus Muchachos,Osvaldo Donato,José Campesi,"Juan Turturiello, Vicente Vilardi, Miguel Bonano","Edgardo Donato, Armando Piovani, Pascual Martínez,  Ascanio Donato (cello)"
Edgardo Donato,Edgardo Donato y sus Muchachos,6/3/1931,La Linda Pebeta,Tango,Carlos Viván,Brunswick,78rpm,Benito R. Atella,Benito R. Atella,,30-33 / Sus Muchachos,Osvaldo Donato,José Campesi,"Juan Turturiello, Vicente Vilardi, Miguel Bonano","Edgardo Donato, Armando Piovani, Pascual Martínez,  Ascanio Donato (cello)"
Edgardo Donato,Edgardo Donato y sus Muchachos,6/3/1931,Mamá,Tango,Carlos Viván Y Coro,Brunswick,78rpm,Edgardo Donato,Celedonio Esteban Flores,,30-33 / Sus Muchachos,Osvaldo Donato,José Campesi,"Juan Turturiello, Vicente Vilardi, Miguel Bonano","Edgardo Donato, Armando Piovani, Pascual Martínez,  Ascanio Donato (cello)"
Edgardo Donato,Edgardo Donato y sus Muchachos,7/8/1931,Pegó La Vuelta El Gaucho,Vals,Teófilo Ibáñez,Brunswick,78rpm,Edgardo Donato,Alfredo Bigeschi,,30-33 / Sus Muchachos,Osvaldo Donato,José Campesi,"Juan Turturiello, Vicente Vilardi, Miguel Bonano","Edgardo Donato, Armando Piovani, Pascual Martínez,  Ascanio Donato (cello)"
Edgardo Donato,Edgardo Donato y sus Muchachos,7/8/1931,Visión De Arrabal,Tango,Teófilo Ibáñez,Brunswick,78rpm,Luis Sebastian Addesso,César Garrigós,,30-33 / Sus Muchachos,Osvaldo Donato,José Campesi,"Juan Turturiello, Vicente Vilardi, Miguel Bonano","Edgardo Donato, Armando Piovani, Pascual Martínez,  Ascanio Donato (cello)"
Edgardo Donato,Edgardo Donato y sus Muchachos,7/16/1931,No Vuelvas Más,Tango,Instrumental,Brunswick,78rpm,Alfredo L. Palazzo,Alfredo L. Palazzo,,30-33 / Sus Muchachos,Osvaldo Donato,José Campesi,"Juan Turturiello, Vicente Vilardi, Miguel Bonano","Edgardo Donato, Armando Piovani, Pascual Martínez,  Ascanio Donato (cello)"
Edgardo Donato,Edgardo Donato y sus Muchachos,8/13/1931,Lágrimas,Vals,Teófilo Ibáñez,Brunswick,78rpm,Vicente Vilardi; J. Pastene,Juan De la Calle,,30-33 / Sus Muchachos,Osvaldo Donato,José Campesi,"Juan Turturiello, Vicente Vilardi, Miguel Bonano","Edgardo Donato, Armando Piovani, Pascual Martínez,  Ascanio Donato (cello)"
Edgardo Donato,Edgardo Donato y sus Muchachos,8/26/1931,Maldita,Tango,Teófilo Ibáñez,Brunswick,78rpm,Antonio Rodio,Celedonio Esteban Flores,,30-33 / Sus Muchachos,Osvaldo Donato,José Campesi,"Juan Turturiello, Vicente Vilardi, Miguel Bonano","Edgardo Donato, Armando Piovani, Pascual Martínez,  Ascanio Donato (cello)"
Edgardo Donato,Edgardo Donato y sus Muchachos,10/14/1931,Esquinita,Tango,Instrumental,Brunswick,78rpm,Edgardo Donato,Edmundo Bianchi,,30-33 / Sus Muchachos,Osvaldo Donato,José Campesi,"Juan Turturiello, Vicente Vilardi, Miguel Bonano","Edgardo Donato, Armando Piovani, Pascual Martínez,  Ascanio Donato (cello)"
Edgardo Donato,Edgardo Donato y sus Muchachos,10/27/1931,Bullicio Del Corso,Tango,Teófilo Ibáñez,Brunswick,78rpm,Carmelo Imperio (Carmelo Imperio Bove); Juan Carlos Martínez,Eliseo Guillón ,,30-33 / Sus Muchachos,Osvaldo Donato,José Campesi,"Juan Turturiello, Vicente Vilardi, Miguel Bonano","Edgardo Donato, Armando Piovani, Pascual Martínez,  Ascanio Donato (cello)"
Edgardo Donato,Edgardo Donato y sus Muchachos,10/27/1931,Los Piratas,Tango,Teófilo Ibáñez,Brunswick,78rpm,J. C. Bazán,J. C. Bazán,,30-33 / Sus Muchachos,Osvaldo Donato,José Campesi,"Juan Turturiello, Vicente Vilardi, Miguel Bonano","Edgardo Donato, Armando Piovani, Pascual Martínez,  Ascanio Donato (cello)"
Edgardo Donato,Edgardo Donato y sus Muchachos,11/21/1931,Volvé,Tango,Mercedes Carné,Brunswick,78rpm,Edgardo Donato,Luis Bayon Herrera,,30-33 / Sus Muchachos,Osvaldo Donato,José Campesi,"Juan Turturiello, Vicente Vilardi, Miguel Bonano","Edgardo Donato, Armando Piovani, Pascual Martínez,  Ascanio Donato (cello)"
Edgardo Donato,Edgardo Donato y sus Muchachos,11/23/1931,Milonga Querida,Tango,Teófilo Ibáñez,Brunswick,78rpm,Eduardo Pereyra,Eduardo Pereyra,,30-33 / Sus Muchachos,Osvaldo Donato,José Campesi,"Juan Turturiello, Vicente Vilardi, Miguel Bonano","Edgardo Donato, Armando Piovani, Pascual Martínez,  Ascanio Donato (cello)"
Edgardo Donato,Edgardo Donato y sus Muchachos,12/5/1931,Se Fue La Pobre Viejita,Tango,Instrumental,Brunswick,78rpm,Agustín Magaldi; Pedro Noda,Enrique Cadícamo,,30-33 / Sus Muchachos,Osvaldo Donato,José Campesi,"Juan Turturiello, Vicente Vilardi, Miguel Bonano","Edgardo Donato, Armando Piovani, Pascual Martínez,  Ascanio Donato (cello)"
Edgardo Donato,Edgardo Donato y sus Muchachos,12/5/1931,Yo Tan Sólo Veinte Años Tenía,Vals,Instrumental,Brunswick,78rpm,Julio César Alberto Sanders,Enrique Cadícamo,,30-33 / Sus Muchachos,Osvaldo Donato,José Campesi,"Juan Turturiello, Vicente Vilardi, Miguel Bonano","Edgardo Donato, Armando Piovani, Pascual Martínez,  Ascanio Donato (cello)"
Edgardo Donato,Edgardo Donato y sus Muchachos,12/24/1931,Sin Un Adiós,Tango,Teófilo Ibáñez,Brunswick,78rpm,J. Navarrete,Francisco Antonio Lio,,30-33 / Sus Muchachos,Osvaldo Donato,José Campesi,"Juan Turturiello, Vicente Vilardi, Miguel Bonano","Edgardo Donato, Armando Piovani, Pascual Martínez,  Ascanio Donato (cello)"
Edgardo Donato,Edgardo Donato y sus Muchachos,1/7/1932,Mil Novecientos,Tango,Teófilo Ibáñez,Brunswick,78rpm,Edgardo Donato,Luis César Amadori,,30-33 / Sus Muchachos,Osvaldo Donato,José Campesi,"Juan Turturiello, Vicente Vilardi, Miguel Bonano","Edgardo Donato, Armando Piovani, Pascual Martínez,  Ascanio Donato (cello)"
Edgardo Donato,Edgardo Donato y sus Muchachos,1/17/1932,Mariposita Inquieta,Vals,Teófilo Ibáñez,Brunswick,78rpm,A. Casas,Ismael Roberto Ricardo,,30-33 / Sus Muchachos,Osvaldo Donato,José Campesi,"Juan Turturiello, Vicente Vilardi, Miguel Bonano","Edgardo Donato, Armando Piovani, Pascual Martínez,  Ascanio Donato (cello)"
Edgardo Donato,Edgardo Donato y sus Muchachos,2/19/1932,Sin Cariño,Tango,Instrumental,Brunswick,78rpm,Francisco Cosco,,,30-33 / Sus Muchachos,Osvaldo Donato,José Campesi,"Juan Turturiello, Vicente Vilardi, Miguel Bonano","Edgardo Donato, Armando Piovani, Pascual Martínez,  Ascanio Donato (cello)"
Edgardo Donato,Edgardo Donato y sus Muchachos,2/20/1932,La Vuelta Del Malevo,Tango,Teófilo Ibáñez,Brunswick,78rpm,Felipe Mitre Navas,Felipe Mitre Navas,,30-33 / Sus Muchachos,Osvaldo Donato,José Campesi,"Juan Turturiello, Vicente Vilardi, Miguel Bonano","Edgardo Donato, Armando Piovani, Pascual Martínez,  Ascanio Donato (cello)"
Edgardo Donato,Edgardo Donato y sus Muchachos,3/4/1932,Pobre Yo,Tango,Teófilo Ibáñez,Brunswick,78rpm,César Petrone,César Petrone,,30-33 / Sus Muchachos,Osvaldo Donato,José Campesi,"Juan Turturiello, Vicente Vilardi, Miguel Bonano","Edgardo Donato, Armando Piovani, Pascual Martínez,  Ascanio Donato (cello)"
Edgardo Donato,Edgardo Donato y sus Muchachos,4/9/1932,Cenizas De Amor,Vals,Luis Díaz,Brunswick,78rpm,P. Vivone; T. Requena,P. Vivone; T. Requena,,30-33 / Sus Muchachos,Osvaldo Donato,José Campesi,"Juan Turturiello, Vicente Vilardi, Miguel Bonano","Edgardo Donato, Armando Piovani, Pascual Martínez,  Ascanio Donato (cello)"
Edgardo Donato,Edgardo Donato y sus Muchachos,3/4/1932,La muerte de Milonguita,Tango,Teófilo Ibáñez,Brunswick,78rpm,Francisco Canaro,Héctor Bonatti,,30-33 / Sus Muchachos,Osvaldo Donato,José Campesi,"Juan Turturiello, Vicente Vilardi, Miguel Bonano","Edgardo Donato, Armando Piovani, Pascual Martínez,  Ascanio Donato (cello)"
Edgardo Donato,Edgardo Donato y sus Muchachos,4/9/1932,Perdonalo Señor,Tango,Instrumental,Brunswick,78rpm,J. Pérez Ruíz,,,30-33 / Sus Muchachos,Osvaldo Donato,José Campesi,"Juan Turturiello, Vicente Vilardi, Miguel Bonano","Edgardo Donato, Armando Piovani, Pascual Martínez,  Ascanio Donato (cello)"
Edgardo Donato,Edgardo Donato y sus Muchachos,4/9/1932,Porqué Sos Así,Tango,Instrumental,Brunswick,78rpm,Edgardo Donato,Alfredo Bigeschi,,30-33 / Sus Muchachos,Osvaldo Donato,José Campesi,"Juan Turturiello, Vicente Vilardi, Miguel Bonano","Edgardo Donato, Armando Piovani, Pascual Martínez,  Ascanio Donato (cello)"
Edgardo Donato,Edgardo Donato y sus Muchachos,3/18/1932,Tardes Porteñas,Tango,Luis Díaz,Brunswick,78rpm,Miguel Bonano,Alfredo Bigeschi,,30-33 / Sus Muchachos,Osvaldo Donato,José Campesi,"Juan Turturiello, Vicente Vilardi, Miguel Bonano","Edgardo Donato, Armando Piovani, Pascual Martínez,  Ascanio Donato (cello)"
Edgardo Donato,Edgardo Donato y sus Muchachos,3/30/1932,Evocación,Tango,Instrumental,Brunswick,78rpm,Osvaldo Donato,,,30-33 / Sus Muchachos,Osvaldo Donato,José Campesi,"Juan Turturiello, Vicente Vilardi, Miguel Bonano","Edgardo Donato, Armando Piovani, Pascual Martínez,  Ascanio Donato (cello)"
Edgardo Donato,Edgardo Donato y sus Muchachos,4/9/1932,En Mi Jardín,Vals,Luis Díaz,Brunswick,78rpm,Juan Maglio,Alfredo Bigeschi,,30-33 / Sus Muchachos,Osvaldo Donato,José Campesi,"Juan Turturiello, Vicente Vilardi, Miguel Bonano","Edgardo Donato, Armando Piovani, Pascual Martínez,  Ascanio Donato (cello)"
Edgardo Donato,Edgardo Donato y sus Muchachos,4/9/1932,"Perdoénalo, Señor",Tango,Instrumental,Brunswick,78rpm,?,,,30-33 / Sus Muchachos,Osvaldo Donato,José Campesi,"Juan Turturiello, Vicente Vilardi, Miguel Bonano","Edgardo Donato, Armando Piovani, Pascual Martínez,  Ascanio Donato (cello)"
Edgardo Donato,Edgardo Donato y sus Muchachos,9/14/1932,Taco Largo,Tango,Teófilo Ibáñez,Brunswick,78rpm,Rafael Bulfy,Nicolás A. Trimani,,30-33 / Sus Muchachos,Osvaldo Donato,José Campesi,"Juan Turturiello, Vicente Vilardi, Miguel Bonano","Edgardo Donato, Armando Piovani, Pascual Martínez,  Ascanio Donato (cello)"
Edgardo Donato,Edgardo Donato y sus Muchachos,12/9/1932,El Huracán,Tango,Félix Gutiérrez,Victor,78rpm,Osvaldo Donato; Edgardo Donato,Manuel López,,30-33 / Sus Muchachos,Osvaldo Donato,José Campesi,"Juan Turturiello, Vicente Vilardi, Miguel Bonano","Edgardo Donato, Domingo Milillo, Armando Piovani, José Pollicita,  Ascanio Donato (cello)"
Edgardo Donato,Edgardo Donato y sus Muchachos,6/21/1933,Pobre Soñador,Tango,Félix Gutiérrez,Victor,78rpm,Edgardo Donato, Julio Romero,,30-33 / Sus Muchachos,Osvaldo Donato,José Campesi,"Juan Turturiello, Vicente Vilardi, Miguel Bonano","Edgardo Donato, Domingo Milillo, Armando Piovani, José Pollicita,  Ascanio Donato (cello)"
Edgardo Donato,Edgardo Donato y sus Muchachos,7/13/1933,La Novena,Tango,Félix Gutiérrez,Victor,78rpm,Miguel Bonano, A Bigeschi,,30-33 / Sus Muchachos,Osvaldo Donato,José Campesi,"Juan Turturiello, Vicente Vilardi, Miguel Bonano","Edgardo Donato, Domingo Milillo, Armando Piovani, José Pollicita,  Ascanio Donato (cello)"
Edgardo Donato,Edgardo Donato y sus Muchachos,7/13/1933,Veneración,Vals,Instrumental,Victor,78rpm,Edgardo Donato, A H Vedani,,30-33 / Sus Muchachos,Osvaldo Donato,José Campesi,"Juan Turturiello, Vicente Vilardi, Miguel Bonano","Edgardo Donato, Domingo Milillo, Armando Piovani, José Pollicita,  Ascanio Donato (cello)"
Edgardo Donato,Edgardo Donato y sus Muchachos,9/11/1933,El Acomodo,Tango,Instrumental,Victor,78rpm,Edgardo Donato,,,30-33 / Sus Muchachos,Osvaldo Donato,José Campesi,"Juan Turturiello, Vicente Vilardi, Miguel Bonano","Edgardo Donato, Domingo Milillo, Armando Piovani, José Pollicita,  Ascanio Donato (cello)"
Edgardo Donato,Edgardo Donato y sus Muchachos,10/31/1933,Santa Milonguita,Tango,Félix Gutiérrez,Victor,78rpm,E Delfino, E Cadícamo,,30-33 / Sus Muchachos,Osvaldo Donato,José Campesi,"Juan Turturiello, Vicente Vilardi, Miguel Bonano","Edgardo Donato, Domingo Milillo, Armando Piovani, José Pollicita,  Ascanio Donato (cello)"
Edgardo Donato,Edgardo Donato y sus Muchachos,11/29/1933,Penas,Vals,Félix Gutiérrez,Victor,78rpm,Edgardo Donato,Máximo Orsi,,30-33 / Sus Muchachos,Osvaldo Donato,José Campesi,"Juan Turturiello, Vicente Vilardi, Miguel Bonano","Edgardo Donato, Domingo Milillo, Armando Piovani, José Pollicita,  Ascanio Donato (cello)"
Edgardo Donato,Edgardo Donato y sus Muchachos,11/29/1933,Qué Hacés! Qué Hacés!,Tango,Félix Gutiérrez,Victor,78rpm,José Di Clemente,Jesús Blanco,,30-33 / Sus Muchachos,Osvaldo Donato,José Campesi,"Juan Turturiello, Vicente Vilardi, Miguel Bonano","Edgardo Donato, Domingo Milillo, Armando Piovani, José Pollicita,  Ascanio Donato (cello)"
Edgardo Donato,Edgardo Donato y sus Muchachos,1/9/1934,Ésto Es El Colmo,Tango,Antonio Maida,Victor,78rpm,Vicente Vilardi,Alberto Maraviglia; Leopoldo Amoroso,,34-42 / Bertolin Accordian ,Osvaldo Donato,José Campesi,"Juan Turturiello, Vicente Vilardi, Miguel Bonano, Osvaldo Bertolín (accordian)","Edgardo Donato, Domingo Milillo, Armando Piovani, José Pollicita,  Ascanio Donato (cello)"
Edgardo Donato,Edgardo Donato y sus Muchachos,2/9/1934,Ruego,Tango,Antonio Maida y Randona,Victor,78rpm,Ascanio Donato,Pascual Martínez,,34-42 / Bertolin Accordian ,Osvaldo Donato,José Campesi,"Juan Turturiello, Vicente Vilardi, Miguel Bonano, Osvaldo Bertolín (accordian)","Edgardo Donato, Domingo Milillo, Armando Piovani, José Pollicita,  Ascanio Donato (cello)"
Edgardo Donato,Edgardo Donato y sus Muchachos,3/12/1934,Risas,Tango,Antonio Maida,Victor,78rpm,Edgardo Donato,Maximo Orsi,,34-42 / Bertolin Accordian ,Osvaldo Donato,José Campesi,"Juan Turturiello, Vicente Vilardi, Miguel Bonano, Osvaldo Bertolín (accordian)","Edgardo Donato, Domingo Milillo, Armando Piovani, José Pollicita,  Ascanio Donato (cello)"
Edgardo Donato,Edgardo Donato y sus Muchachos,4/25/1934,Seguí La Caravana,Tango,Antonio Maida,Victor,78rpm,Osvaldo Donato,Celedonio Flores,,34-42 / Bertolin Accordian ,Osvaldo Donato,José Campesi,"Juan Turturiello, Vicente Vilardi, Miguel Bonano, Osvaldo Bertolín (accordian)","Edgardo Donato, Domingo Milillo, Armando Piovani, José Pollicita,  Ascanio Donato (cello)"
Edgardo Donato,Edgardo Donato y sus Muchachos,6/5/1934,Amores Viejos,Tango,Antonio Maida,Victor,78rpm,Edgardo Donato,Mario Battistella,,34-42 / Bertolin Accordian ,Osvaldo Donato,José Campesi,"Juan Turturiello, Vicente Vilardi, Miguel Bonano, Osvaldo Bertolín (accordian)","Edgardo Donato, Domingo Milillo, Armando Piovani, José Pollicita,  Ascanio Donato (cello)"
Edgardo Donato,Edgardo Donato y sus Muchachos,6/28/1934,Berretín,Tango,Antonio Maida,Victor,78rpm,Edgardo Donato,Máximo Orsi,,34-42 / Bertolin Accordian ,Osvaldo Donato,José Campesi,"Juan Turturiello, Vicente Vilardi, Miguel Bonano, Osvaldo Bertolín (accordian)","Edgardo Donato, Domingo Milillo, Armando Piovani, José Pollicita,  Ascanio Donato (cello)"
Edgardo Donato,Edgardo Donato y sus Muchachos,6/28/1934,Riachuelo,Tango,Antonio Maida y Randona,Victor,78rpm,Edgardo Donato,Máximo Orsi,,34-42 / Bertolin Accordian ,Osvaldo Donato,José Campesi,"Juan Turturiello, Vicente Vilardi, Miguel Bonano, Osvaldo Bertolín (accordian)","Edgardo Donato, Domingo Milillo, Armando Piovani, José Pollicita,  Ascanio Donato (cello)"
Edgardo Donato,Edgardo Donato y sus Muchachos,6/28/1934,Y Llegó El Amor,Vals,Antonio Maida,Victor,78rpm,Edgardo Donato,Máximo Orsi,,34-42 / Bertolin Accordian ,Osvaldo Donato,José Campesi,"Juan Turturiello, Vicente Vilardi, Miguel Bonano, Osvaldo Bertolín (accordian)","Edgardo Donato, Domingo Milillo, Armando Piovani, José Pollicita,  Ascanio Donato (cello)"
Edgardo Donato,Edgardo Donato y sus Muchachos,8/9/1934,Una Luz En Tus Ojos,Vals,Antonio Maida y Randona,Victor,78rpm,Edgardo Donato,César Vedani,,34-42 / Bertolin Accordian ,Osvaldo Donato,José Campesi,"Juan Turturiello, Vicente Vilardi, Miguel Bonano, Osvaldo Bertolín (accordian)","Edgardo Donato, Domingo Milillo, Armando Piovani, José Pollicita,  Ascanio Donato (cello)"
Edgardo Donato,Edgardo Donato y sus Muchachos,9/14/1934,Tierrita,Tango,Instrumental,Victor,78rpm,"Agustín Bardi, Jesús Blanco",,,34-42 / Bertolin Accordian ,Osvaldo Donato,José Campesi,"Juan Turturiello, Vicente Vilardi, Miguel Bonano, Osvaldo Bertolín (accordian)","Edgardo Donato, Domingo Milillo, Armando Piovani, José Pollicita,  Ascanio Donato (cello)"
Edgardo Donato,Edgardo Donato y sus Muchachos,10/5/1934,Corrales Viejos,Milonga,Antonio Maida,Victor,78rpm,Anselmo Alfredo Aieta,Francisco Laino; Antonio Radicci,,34-42 / Bertolin Accordian ,Osvaldo Donato,José Campesi,"Juan Turturiello, Vicente Vilardi, Miguel Bonano, Osvaldo Bertolín (accordian)","Edgardo Donato, Domingo Milillo, Armando Piovani, José Pollicita,  Ascanio Donato (cello)"
Edgardo Donato,Edgardo Donato y sus Muchachos,11/2/1934,"Quién Más, Quien Menos",Tango,Antonio Maida y Randona,Victor,78rpm,Enrique Discépolo,Enrique Discépolo,,34-42 / Bertolin Accordian ,Osvaldo Donato,José Campesi,"Juan Turturiello, Vicente Vilardi, Miguel Bonano, Osvaldo Bertolín (accordian)","Edgardo Donato, Domingo Milillo, Armando Piovani, José Pollicita,  Ascanio Donato (cello)"
Edgardo Donato,Edgardo Donato y sus Muchachos,11/2/1934,Rosiclor,Vals,Antonio Maida,Victor,78rpm,Alcides Ayala,Manuel Campos,,34-42 / Bertolin Accordian ,Osvaldo Donato,José Campesi,"Juan Turturiello, Vicente Vilardi, Miguel Bonano, Osvaldo Bertolín (accordian)","Edgardo Donato, Domingo Milillo, Armando Piovani, José Pollicita,  Ascanio Donato (cello)"
Edgardo Donato,Edgardo Donato y sus Muchachos,12/19/1934,"Si Te Perdés, Chiflame",Tango,Antonio Maida,Victor,78rpm,Osvaldo Donato,Sandalio Gómez,,34-42 / Bertolin Accordian ,Osvaldo Donato,José Campesi,"Juan Turturiello, Vicente Vilardi, Miguel Bonano, Osvaldo Bertolín (accordian)","Edgardo Donato, Domingo Milillo, Armando Piovani, José Pollicita,  Ascanio Donato (cello)"
Edgardo Donato,Edgardo Donato y sus Muchachos,2/5/1935,La Caída De La Estantería,Tango,Hugo Del Carril,Victor,78rpm,Edgardo Donato,Luis Rubistein,,34-42 / Bertolin Accordian ,Osvaldo Donato,José Campesi,"Juan Turturiello, Vicente Vilardi, Miguel Bonano, Osvaldo Bertolín (accordian)","Edgardo Donato, Domingo Milillo, Armando Piovani, José Pollicita,  Ascanio Donato (cello)"
Edgardo Donato,Edgardo Donato y sus Muchachos,2/8/1935,Congoja,Tango,Hugo Del Carril,Victor,78rpm,Edgardo Donato,Luis Rubistein,,34-42 / Bertolin Accordian ,Osvaldo Donato,José Campesi,"Juan Turturiello, Vicente Vilardi, Miguel Bonano, Osvaldo Bertolín (accordian)","Edgardo Donato, Domingo Milillo, Armando Piovani, José Pollicita,  Ascanio Donato (cello)"
Edgardo Donato,Edgardo Donato y sus Muchachos,2/20/1935,Déjate Querer,Vals,Instrumental,Victor,78rpm,A González Castro,,,34-42 / Bertolin Accordian ,Osvaldo Donato,José Campesi,"Juan Turturiello, Vicente Vilardi, Miguel Bonano, Osvaldo Bertolín (accordian)","Edgardo Donato, Domingo Milillo, Armando Piovani, José Pollicita,  Ascanio Donato (cello)"
Edgardo Donato,Edgardo Donato y sus Muchachos,2/20/1935,Madame Ivonne,Tango,Alberto Gómez y Hugo Del Carril,Victor,78rpm,Eduardo Pereyra,Enrique Domingo Cadícamo,,34-42 / Bertolin Accordian ,Osvaldo Donato,José Campesi,"Juan Turturiello, Vicente Vilardi, Miguel Bonano, Osvaldo Bertolín (accordian)","Edgardo Donato, Domingo Milillo, Armando Piovani, José Pollicita,  Ascanio Donato (cello)"
Edgardo Donato,Edgardo Donato y sus Muchachos,3/21/1935,Rosa Poneme Una Ventosa,Tango,Hugo Del Carril y Randona,Victor,78rpm,Enrique Delfino,Manuel Romero,,34-42 / Bertolin Accordian ,Osvaldo Donato,José Campesi,"Juan Turturiello, Vicente Vilardi, Miguel Bonano, Osvaldo Bertolín (accordian)","Edgardo Donato, Domingo Milillo, Armando Piovani, José Pollicita,  Ascanio Donato (cello)"
Edgardo Donato,Edgardo Donato y sus Muchachos,3/21/1935,Vos Y Yo,Vals,Hugo Del Carril,Victor,78rpm,Héctor Bates,Francisco García Jiménez,,34-42 / Bertolin Accordian ,Osvaldo Donato,José Campesi,"Juan Turturiello, Vicente Vilardi, Miguel Bonano, Osvaldo Bertolín (accordian)","Edgardo Donato, Domingo Milillo, Armando Piovani, José Pollicita,  Ascanio Donato (cello)"
Edgardo Donato,Edgardo Donato y sus Muchachos,4/4/1935,El Vals De Los Recuerdos,Vals,Hugo Del Carril,Victor,78rpm,Francisco Pracánico,Homero Manzi,,34-42 / Bertolin Accordian ,Osvaldo Donato,José Campesi,"Juan Turturiello, Vicente Vilardi, Miguel Bonano, Osvaldo Bertolín (accordian)","Edgardo Donato, Domingo Milillo, Armando Piovani, José Pollicita,  Ascanio Donato (cello)"
Edgardo Donato,Edgardo Donato y sus Muchachos,4/4/1935,Muchacho De Cafetín,Tango,Hugo Del Carril,Victor,78rpm,Francisco Pracánico,Homero Manzi,,34-42 / Bertolin Accordian ,Osvaldo Donato,José Campesi,"Juan Turturiello, Vicente Vilardi, Miguel Bonano, Osvaldo Bertolín (accordian)","Edgardo Donato, Domingo Milillo, Armando Piovani, José Pollicita,  Ascanio Donato (cello)"
Edgardo Donato,Edgardo Donato y sus Muchachos,5/6/1935,La Cumparsita,Tango,Instrumental,Victor,78rpm,Gerardo Rodriguez,Pascual Contursi; Enrique Maroni; Gerardo Rodríguez,,34-42 / Bertolin Accordian ,Osvaldo Donato,José Campesi,"Juan Turturiello, Vicente Vilardi, Miguel Bonano, Osvaldo Bertolín (accordian)","Edgardo Donato, Domingo Milillo, Armando Piovani, José Pollicita,  Ascanio Donato (cello)"
Edgardo Donato,Edgardo Donato y sus Muchachos,5/6/1935,Mi Tristeza,Tango,Hugo Del Carril,Victor,78rpm,Ángel Danesi,Ángel Danesi,,34-42 / Bertolin Accordian ,Osvaldo Donato,José Campesi,"Juan Turturiello, Vicente Vilardi, Miguel Bonano, Osvaldo Bertolín (accordian)","Edgardo Donato, Domingo Milillo, Armando Piovani, José Pollicita,  Ascanio Donato (cello)"
Edgardo Donato,Edgardo Donato y sus Muchachos,6/13/1935,Diós Lo Sabe,Tango,Juan Alessio,Victor,78rpm,Antonio Polito,,,34-42 / Bertolin Accordian ,Osvaldo Donato,José Campesi,"Juan Turturiello, Vicente Vilardi, Miguel Bonano, Osvaldo Bertolín (accordian)","Edgardo Donato, Domingo Milillo, Armando Piovani, José Pollicita,  Ascanio Donato (cello)"
Edgardo Donato,Edgardo Donato y sus Muchachos,6/13/1935,El Día Que Me Quieras,Tango,Juan Alessio,Victor,78rpm,Carlos Gardel,Alfredo Le Pera,,34-42 / Bertolin Accordian ,Osvaldo Donato,José Campesi,"Juan Turturiello, Vicente Vilardi, Miguel Bonano, Osvaldo Bertolín (accordian)","Edgardo Donato, Domingo Milillo, Armando Piovani, José Pollicita,  Ascanio Donato (cello)"
Edgardo Donato,Edgardo Donato y sus Muchachos,7/3/1935,Picaflor,Tango,Juan Alessio,Victor,78rpm,Edgardo Donato,Maximo José Orsi,,34-42 / Bertolin Accordian ,Osvaldo Donato,José Campesi,"Juan Turturiello, Vicente Vilardi, Miguel Bonano, Osvaldo Bertolín (accordian)","Edgardo Donato, Domingo Milillo, Armando Piovani, José Pollicita,  Ascanio Donato (cello)"
Edgardo Donato,Edgardo Donato y sus Muchachos,7/3/1935,Rosalinda,Vals,Juan Alessio,Victor,78rpm,Edgardo Donato,Maximo José Orsi,,34-42 / Bertolin Accordian ,Osvaldo Donato,José Campesi,"Juan Turturiello, Vicente Vilardi, Miguel Bonano, Osvaldo Bertolín (accordian)","Edgardo Donato, Domingo Milillo, Armando Piovani, José Pollicita,  Ascanio Donato (cello)"
Edgardo Donato,Edgardo Donato y sus Muchachos,7/17/1935,"Hola, Qué Tal",Tango,Horacio Lagos,Victor,78rpm,Osvaldo Donato,Sandalio Gómez,,34-42 / Bertolin Accordian ,Osvaldo Donato,José Campesi,"Juan Turturiello, Vicente Vilardi, Miguel Bonano, Osvaldo Bertolín (accordian)","Edgardo Donato, Domingo Milillo, Armando Piovani, José Pollicita,  Ascanio Donato (cello)"
Edgardo Donato,Edgardo Donato y sus Muchachos,8/9/1935,Lejana Tierra Mía,Tango,Horacio Lagos,Victor,78rpm,Carlos Gardel,Alfredo Le Pera,,34-42 / Bertolin Accordian ,Osvaldo Donato,José Campesi,"Juan Turturiello, Vicente Vilardi, Miguel Bonano, Osvaldo Bertolín (accordian)","Edgardo Donato, Domingo Milillo, Armando Piovani, José Pollicita,  Ascanio Donato (cello)"
Edgardo Donato,Edgardo Donato y sus Muchachos,8/28/1935,El Zorzal,Tango,Horacio Lagos,Victor,78rpm,Alberto Soifer,Manuel Romero,,34-42 / Bertolin Accordian ,Osvaldo Donato,José Campesi,"Juan Turturiello, Vicente Vilardi, Miguel Bonano, Osvaldo Bertolín (accordian)","Edgardo Donato, Domingo Milillo, Armando Piovani, José Pollicita,  Ascanio Donato (cello)"
Edgardo Donato,Edgardo Donato y sus Muchachos,10/11/1935,Hay Que Acomodarse,Tango,Horacio Lagos,Victor,78rpm,Edgardo Donato ,Antonio Botta,,34-42 / Bertolin Accordian ,Osvaldo Donato,José Campesi,"Juan Turturiello, Vicente Vilardi, Miguel Bonano, Osvaldo Bertolín (accordian)","Edgardo Donato, Domingo Milillo, Armando Piovani, José Pollicita,  Ascanio Donato (cello)"
Edgardo Donato,Edgardo Donato y sus Muchachos,11/20/1935,Elegante Papirusa,Tango,Instrumental,Victor,78rpm,David Roccatagliata,Sandalio Gómez,,34-42 / Bertolin Accordian ,Osvaldo Donato,José Campesi,"Juan Turturiello, Vicente Vilardi, Miguel Bonano, Osvaldo Bertolín (accordian)","Edgardo Donato, Domingo Milillo, Armando Piovani, José Pollicita,  Ascanio Donato (cello)"
Edgardo Donato,Edgardo Donato y sus Muchachos,1/17/1936,Chiqué,Tango,Instrumental,Victor,78rpm,Ricardo Brignolo,Ricardo Brignolo,,34-42 / Bertolin Accordian ,Osvaldo Donato,José Campesi,"Juan Turturiello, Vicente Vilardi, Miguel Bonano, Osvaldo Bertolín (accordian)","Edgardo Donato, Domingo Milillo, Armando Piovani, José Pollicita,  Ascanio Donato (cello)"
Edgardo Donato,Edgardo Donato y sus Muchachos,3/10/1936,La Tapera,Vals,Félix Gutiérrez,Victor,78rpm,Osvaldo Donato,Sergio Sosa,,34-42 / Bertolin Accordian ,Osvaldo Donato,José Campesi,"Juan Turturiello, Vicente Vilardi, Miguel Bonano, Osvaldo Bertolín (accordian)","Edgardo Donato, Domingo Milillo, Armando Piovani, José Pollicita,  Ascanio Donato (cello)"
Edgardo Donato,Edgardo Donato y sus Muchachos,3/10/1936,Mañana,Tango,Félix Gutiérrez,Victor,78rpm,Edgardo Donato,Ivo Pelay,,34-42 / Bertolin Accordian ,Osvaldo Donato,José Campesi,"Juan Turturiello, Vicente Vilardi, Miguel Bonano, Osvaldo Bertolín (accordian)","Edgardo Donato, Domingo Milillo, Armando Piovani, José Pollicita,  Ascanio Donato (cello)"
Edgardo Donato,Edgardo Donato y sus Muchachos,5/7/1936,Pura Chispa,Tango,Félix Gutiérrez,Victor,78rpm,Edgardo Donato,Ivan Diez,,34-42 / Bertolin Accordian ,Osvaldo Donato,José Campesi,"Juan Turturiello, Vicente Vilardi, Miguel Bonano, Osvaldo Bertolín (accordian)","Edgardo Donato, Domingo Milillo, Armando Piovani, José Pollicita,  Ascanio Donato (cello)"
Edgardo Donato,Edgardo Donato y sus Muchachos,5/7/1936,Secreto De Amor,Vals,Félix Gutiérrez,Victor,78rpm,Luis Ángel; José Vázquez,Luis César Amadori,,34-42 / Bertolin Accordian ,Osvaldo Donato,José Campesi,"Juan Turturiello, Vicente Vilardi, Miguel Bonano, Osvaldo Bertolín (accordian)","Edgardo Donato, Domingo Milillo, Armando Piovani, José Pollicita,  Ascanio Donato (cello)"
Edgardo Donato,Edgardo Donato y sus Muchachos,6/10/1936,Belén,Tango,Instrumental,Victor,78rpm,Augusto Berto,,,34-42 / Bertolin Accordian ,Osvaldo Donato,José Campesi,"Juan Turturiello, Vicente Vilardi, Miguel Bonano, Osvaldo Bertolín (accordian)","Edgardo Donato, Domingo Milillo, Armando Piovani, José Pollicita,  Ascanio Donato (cello)"
Edgardo Donato,Edgardo Donato y sus Muchachos,7/1/1936,Si Tú Supieras,Tango,Horacio Lagos y Randona,Victor,78rpm,Ascanio Donato,Sandalio Gómez,,34-42 / Bertolin Accordian ,Osvaldo Donato,José Campesi,"Juan Turturiello, Vicente Vilardi, Miguel Bonano, Osvaldo Bertolín (accordian)","Edgardo Donato, Domingo Milillo, Armando Piovani, José Pollicita,  Ascanio Donato (cello)"
Edgardo Donato,Edgardo Donato y sus Muchachos,7/1/1936,Solo Un Recuerdo,Vals,Horacio Lagos,Victor,78rpm,Salvador Basirico,José Timpone,,34-42 / Bertolin Accordian ,Osvaldo Donato,José Campesi,"Juan Turturiello, Vicente Vilardi, Miguel Bonano, Osvaldo Bertolín (accordian)","Edgardo Donato, Domingo Milillo, Armando Piovani, José Pollicita,  Ascanio Donato (cello)"
Edgardo Donato,Edgardo Donato y sus Muchachos,8/6/1936,La Tablada,Tango,Instrumental,Victor,78rpm,Francisco Canaro,,,34-42 / Bertolin Accordian ,Osvaldo Donato,José Campesi,"Juan Turturiello, Vicente Vilardi, Miguel Bonano, Osvaldo Bertolín (accordian)","Edgardo Donato, Domingo Milillo, Armando Piovani, José Pollicita,  Ascanio Donato (cello)"
Edgardo Donato,Edgardo Donato y sus Muchachos,9/10/1936,Me Voy A Baraja,Tango,Horacio Lagos,Victor,78rpm,José Testa; Eduardo Banti,Epifanio Orozco,,34-42 / Bertolin Accordian ,Osvaldo Donato,José Campesi,"Juan Turturiello, Vicente Vilardi, Miguel Bonano, Osvaldo Bertolín (accordian)","Edgardo Donato, Domingo Milillo, Armando Piovani, José Pollicita,  Ascanio Donato (cello)"
Edgardo Donato,Edgardo Donato y sus Muchachos,9/10/1936,Sombras Del Ayer,Vals,Horacio Lagos,Victor,78rpm,Emilio Brameri,Carlos Ortega (Manuel Martín Font),,34-42 / Bertolin Accordian ,Osvaldo Donato,José Campesi,"Juan Turturiello, Vicente Vilardi, Miguel Bonano, Osvaldo Bertolín (accordian)","Edgardo Donato, Domingo Milillo, Armando Piovani, José Pollicita,  Ascanio Donato (cello)"
Edgardo Donato,Edgardo Donato y sus Muchachos,10/7/1936,Se Va La Vida,Tango,Horacio Lagos,Victor,78rpm,Edgardo Donato; Roberto Zerrillo,Luis Mario (María Luisa Carnelli),,34-42 / Bertolin Accordian ,Osvaldo Donato,José Campesi,"Juan Turturiello, Vicente Vilardi, Miguel Bonano, Osvaldo Bertolín (accordian)","Edgardo Donato, Domingo Milillo, Armando Piovani, José Pollicita,  Ascanio Donato (cello)"
Edgardo Donato,Edgardo Donato y sus Muchachos,1/23/1937,No Te Cases,Tango,Horacio Lagos,Victor,78rpm,Edgardo Donato,Carlos Pesce,,34-42 / Bertolin Accordian ,Osvaldo Donato,José Campesi,"Juan Turturiello, Vicente Vilardi, Miguel Bonano, Osvaldo Bertolín (accordian)","Edgardo Donato, Domingo Milillo, Armando Piovani, José Pollicita,  Ascanio Donato (cello)"
Edgardo Donato,Edgardo Donato y sus Muchachos,2/12/1937,Así Es El Tango,Tango,Horacio Lagos,Victor,78rpm,Edgardo Donato,Homero Manzi,,34-42 / Bertolin Accordian ,Osvaldo Donato,José Campesi,"Juan Turturiello, Vicente Vilardi, Miguel Bonano, Osvaldo Bertolín (accordian)","Edgardo Donato, Domingo Milillo, Armando Piovani, José Pollicita,  Ascanio Donato (cello)"
Edgardo Donato,Edgardo Donato y sus Muchachos,2/12/1937,Gato,Tango,Horacio Lagos,Victor,78rpm,Edgardo Donato,Homero Manzi,,34-42 / Bertolin Accordian ,Osvaldo Donato,José Campesi,"Juan Turturiello, Vicente Vilardi, Miguel Bonano, Osvaldo Bertolín (accordian)","Edgardo Donato, Domingo Milillo, Armando Piovani, José Pollicita,  Ascanio Donato (cello)"
Edgardo Donato,Edgardo Donato y sus Muchachos,7/16/1937,Hacete Cartel,Tango,Horacio Lagos,Victor,78rpm,Edgardo Donato,Antonio Botta,,34-42 / Bertolin Accordian ,Osvaldo Donato,José Campesi,"Juan Turturiello, Vicente Vilardi, Miguel Bonano, Osvaldo Bertolín (accordian)","Edgardo Donato, Domingo Milillo, Armando Piovani, José Pollicita,  Ascanio Donato (cello)"
Edgardo Donato,Edgardo Donato y sus Muchachos,7/16/1937,María,Vals,Horacio Lagos,Victor,78rpm,Edgardo Donato,Carlos Pesce,,34-42 / Bertolin Accordian ,Osvaldo Donato,José Campesi,"Juan Turturiello, Vicente Vilardi, Miguel Bonano, Osvaldo Bertolín (accordian)","Edgardo Donato, Domingo Milillo, Armando Piovani, José Pollicita,  Ascanio Donato (cello)"
Edgardo Donato,Edgardo Donato y sus Muchachos,11/29/1937,Papas Calientes,Tango,Instrumental,Victor,78rpm,Eduardo Arolas,Héctor Polito,,34-42 / Bertolin Accordian ,Osvaldo Donato,José Campesi,"Juan Turturiello, Vicente Vilardi, Miguel Bonano, Osvaldo Bertolín (accordian)","Edgardo Donato, Domingo Milillo, Armando Piovani, José Pollicita,  Ascanio Donato (cello)"
Edgardo Donato,Edgardo Donato y sus Muchachos,11/29/1937,Virgencita,Vals,Horacio Lagos,Victor,78rpm,Federico Tolentino,Carmen Noriega,,34-42 / Bertolin Accordian ,Osvaldo Donato,José Campesi,"Juan Turturiello, Vicente Vilardi, Miguel Bonano, Osvaldo Bertolín (accordian)","Edgardo Donato, Domingo Milillo, Armando Piovani, José Pollicita,  Ascanio Donato (cello)"
Edgardo Donato,Edgardo Donato y sus Muchachos,2/5/1938,El Estagiario,Tango,Instrumental,Victor,78rpm,Martín Álvarez,Martín Álvarez,,34-42 / Bertolin Accordian ,Osvaldo Donato,José Campesi,"Juan Turturiello, Vicente Vilardi, Miguel Bonano, Osvaldo Bertolín (accordian)","Edgardo Donato, Domingo Milillo, Armando Piovani, José Pollicita,  Ascanio Donato (cello)"
Edgardo Donato,Edgardo Donato y sus Muchachos,2/5/1938,La Milonga Que Faltaba,Milonga,Horacio Lagos,Victor,78rpm,Edgardo Donato,Carlos Pesce,,34-42 / Bertolin Accordian ,Osvaldo Donato,José Campesi,"Juan Turturiello, Vicente Vilardi, Miguel Bonano, Osvaldo Bertolín (accordian)","Edgardo Donato, Domingo Milillo, Armando Piovani, José Pollicita,  Ascanio Donato (cello)"
Edgardo Donato,Edgardo Donato y sus Muchachos,3/9/1938,Qué Será,Vals,Horacio Lagos,Victor,78rpm,Pepe Guízar,Pepe Guízar,,34-42 / Bertolin Accordian ,Osvaldo Donato,José Campesi,"Juan Turturiello, Vicente Vilardi, Miguel Bonano, Osvaldo Bertolín (accordian)","Edgardo Donato, Domingo Milillo, Armando Piovani, José Pollicita,  Ascanio Donato (cello)"
Edgardo Donato,Edgardo Donato y sus Muchachos,3/9/1938,Sacale Punta,Milonga,Horacio Lagos,Victor,78rpm,Osvaldo Donato,Sandalio Gómez,,34-42 / Bertolin Accordian ,Osvaldo Donato,José Campesi,"Juan Turturiello, Vicente Vilardi, Miguel Bonano, Osvaldo Bertolín (accordian)","Edgardo Donato, Domingo Milillo, Armando Piovani, José Pollicita,  Ascanio Donato (cello)"
Edgardo Donato,Edgardo Donato y sus Muchachos,4/2/1938,Con Tus Besos,Vals,Horacio Lagos,Victor,78rpm,Santiago Ricci,Domingo Rosa,,34-42 / Bertolin Accordian ,Osvaldo Donato,José Campesi,"Juan Turturiello, Vicente Vilardi, Miguel Bonano, Osvaldo Bertolín (accordian)","Edgardo Donato, Domingo Milillo, Armando Piovani, José Pollicita,  Ascanio Donato (cello)"
Edgardo Donato,Edgardo Donato y sus Muchachos,4/2/1938,El Adiós,Tango,Horacio Lagos,Victor,78rpm,Maruja Huergo,Virgilio San Clemente,,34-42 / Bertolin Accordian ,Osvaldo Donato,José Campesi,"Juan Turturiello, Vicente Vilardi, Miguel Bonano, Osvaldo Bertolín (accordian)","Edgardo Donato, Domingo Milillo, Armando Piovani, José Pollicita,  Ascanio Donato (cello)"
Edgardo Donato,Edgardo Donato y sus Muchachos,7/6/1938,Te Gané De Mano,Tango,Horacio Lagos y Randona,Victor,78rpm,Edgardo Donato,Juan Reyes,,34-42 / Bertolin Accordian ,Osvaldo Donato,José Campesi,"Juan Turturiello, Vicente Vilardi, Miguel Bonano, Osvaldo Bertolín (accordian)","Edgardo Donato, Domingo Milillo, Armando Piovani, José Pollicita,  Ascanio Donato (cello)"
Edgardo Donato,Edgardo Donato y sus Muchachos,7/6/1938,Tiempos Bravos,Tango,Instrumental,Victor,78rpm,Salvador Grupillo,,,34-42 / Bertolin Accordian ,Osvaldo Donato,José Campesi,"Juan Turturiello, Vicente Vilardi, Miguel Bonano, Osvaldo Bertolín (accordian)","Edgardo Donato, Domingo Milillo, Armando Piovani, José Pollicita,  Ascanio Donato (cello)"
Edgardo Donato,Edgardo Donato y sus Muchachos,8/29/1938,Cantando Bajito,Tango,Horacio Lagos,Victor,78rpm,Alfonso Lacueva,,,34-42 / Bertolin Accordian ,Osvaldo Donato,José Campesi,"Juan Turturiello, Vicente Vilardi, Miguel Bonano, Osvaldo Bertolín (accordian)","Edgardo Donato, Domingo Milillo, Armando Piovani, José Pollicita,  Ascanio Donato (cello)"
Edgardo Donato,Edgardo Donato y sus Muchachos,8/29/1938,Vivo Sin Sombras Lejos De Tí,Vals,Horacio Lagos,Victor,78rpm,Edgardo Donato,Carlos Pesce,,34-42 / Bertolin Accordian ,Osvaldo Donato,José Campesi,"Juan Turturiello, Vicente Vilardi, Miguel Bonano, Osvaldo Bertolín (accordian)","Edgardo Donato, Domingo Milillo, Armando Piovani, José Pollicita,  Ascanio Donato (cello)"
Edgardo Donato,Edgardo Donato y sus Muchachos,10/10/1938,El Chamuyo,Tango,Instrumental,Victor,78rpm,Francisco Canaro,,,34-42 / Bertolin Accordian ,Osvaldo Donato,José Campesi,"Juan Turturiello, Vicente Vilardi, Miguel Bonano, Osvaldo Bertolín (accordian)","Edgardo Donato, Domingo Milillo, Armando Piovani, José Pollicita,  Ascanio Donato (cello)"
Edgardo Donato,Edgardo Donato y sus Muchachos,10/10/1938,Ella Es Así,Milonga,Horacio Lagos,Victor,78rpm,Luis Martino,Manuel Carretero,,34-42 / Bertolin Accordian ,Osvaldo Donato,José Campesi,"Juan Turturiello, Vicente Vilardi, Miguel Bonano, Osvaldo Bertolín (accordian)","Edgardo Donato, Domingo Milillo, Armando Piovani, José Pollicita,  Ascanio Donato (cello)"
Edgardo Donato,Edgardo Donato y sus Muchachos,12/9/1938,Alas Rotas,Tango,Horacio Lagos,Victor,78rpm,Edgardo Donato,Maruja Pacheco Huergo,,34-42 / Bertolin Accordian ,Osvaldo Donato,José Campesi,"Juan Turturiello, Vicente Vilardi, Miguel Bonano, Osvaldo Bertolín (accordian)","Edgardo Donato, Domingo Milillo, Armando Piovani, José Pollicita,  Ascanio Donato (cello)"
Edgardo Donato,Edgardo Donato y sus Muchachos,1/26/1939,La Mimada,Milonga,Horacio Lagos,Victor,78rpm,Miguel Andrés Fama,Miguel Andrés Fama,,34-42 / Bertolin Accordian ,Osvaldo Donato,José Campesi,"Juan Turturiello, Vicente Vilardi, Miguel Bonano, Osvaldo Bertolín (accordian)","Edgardo Donato, Domingo Milillo, Armando Piovani, José Pollicita,  Ascanio Donato (cello)"
Edgardo Donato,Edgardo Donato y sus Muchachos,1/26/1939,Para Qué,Tango,Horacio Lagos,Victor,78rpm,Edgardo Donato,Maruja Pacheco Huergo,,34-42 / Bertolin Accordian ,Osvaldo Donato,José Campesi,"Juan Turturiello, Vicente Vilardi, Miguel Bonano, Osvaldo Bertolín (accordian)","Edgardo Donato, Domingo Milillo, Armando Piovani, José Pollicita,  Ascanio Donato (cello)"
Edgardo Donato,Edgardo Donato y sus Muchachos,3/6/1939,De Punta A Punta,Milonga,Horacio Lagos,Victor,78rpm,Osvaldo Donato,Sandalio Gómez,,34-42 / Bertolin Accordian ,Osvaldo Donato,José Campesi,"Juan Turturiello, Vicente Vilardi, Miguel Bonano, Osvaldo Bertolín (accordian)","Edgardo Donato, Domingo Milillo, Armando Piovani, José Pollicita,  Ascanio Donato (cello)"
Edgardo Donato,Edgardo Donato y sus Muchachos,3/6/1939,Lágrimas,Tango,Horacio Lagos,Victor,78rpm,Edgardo Donato,Maruja Pacheco Huergo,,34-42 / Bertolin Accordian ,Osvaldo Donato,José Campesi,"Juan Turturiello, Vicente Vilardi, Miguel Bonano, Osvaldo Bertolín (accordian)","Edgardo Donato, Domingo Milillo, Armando Piovani, José Pollicita,  Ascanio Donato (cello)"
Edgardo Donato,Edgardo Donato y sus Muchachos,3/27/1939,Carnaval De Mi Barrio,Tango,Lita Morales y Horacio Lagos,Victor,78rpm,Luis Rubistein,Luis Rubistein,,34-42 / Bertolin Accordian ,Osvaldo Donato,José Campesi,"Juan Turturiello, Vicente Vilardi, Miguel Bonano, Osvaldo Bertolín (accordian)","Edgardo Donato, Domingo Milillo, Armando Piovani, José Pollicita,  Ascanio Donato (cello)"
Edgardo Donato,Edgardo Donato y sus Muchachos,3/27/1939,Sombra Gaucha,Tango,Horacio Lagos y Lita Morales,Victor,78rpm,Héctor Baldi,Alberto Pellegrini,,34-42 / Bertolin Accordian ,Osvaldo Donato,José Campesi,"Juan Turturiello, Vicente Vilardi, Miguel Bonano, Osvaldo Bertolín (accordian)","Edgardo Donato, Domingo Milillo, Armando Piovani, José Pollicita,  Ascanio Donato (cello)"
Edgardo Donato,Edgardo Donato y sus Muchachos,6/5/1939,Madrecita,Vals,Horacio Lagos,Victor,78rpm,José Pollicita; Alfonso Lacueva,José Pollicita; Alfonso Lacueva (Alfonso Ramiro Lacueva),,34-42 / Bertolin Accordian ,Osvaldo Donato,José Campesi,"Juan Turturiello, Vicente Vilardi, Miguel Bonano, Osvaldo Bertolín (accordian)","Edgardo Donato, Domingo Milillo, Armando Piovani, José Pollicita,  Ascanio Donato (cello)"
Edgardo Donato,Edgardo Donato y sus Muchachos,6/5/1939,Sinsabor,Tango,Lita Morales y Horacio Lagos,Victor,78rpm,Ascanio Ernesto Donato,Adolfo Antonio Vedani,,34-42 / Bertolin Accordian ,Osvaldo Donato,José Campesi,"Juan Turturiello, Vicente Vilardi, Miguel Bonano, Osvaldo Bertolín (accordian)","Edgardo Donato, Domingo Milillo, Armando Piovani, José Pollicita,  Ascanio Donato (cello)"
Edgardo Donato,Edgardo Donato y sus Muchachos,8/2/1939,Pasión Criolla,Tango,Instrumental,Victor,78rpm,Salvador Grupillo,Francisco Lio,,34-42 / Bertolin Accordian ,Osvaldo Donato,José Campesi,"Juan Turturiello, Vicente Vilardi, Miguel Bonano, Osvaldo Bertolín (accordian)","Edgardo Donato, Domingo Milillo, Armando Piovani, José Pollicita,  Ascanio Donato (cello)"
Edgardo Donato,Edgardo Donato y sus Muchachos,8/31/1939,Chapaleando Barro,Tango,Lita Morales y Horacio Lagos,Victor,78rpm,Arturo Castillo,Celedonio Flores,,34-42 / Bertolin Accordian ,Osvaldo Donato,José Campesi,"Juan Turturiello, Vicente Vilardi, Miguel Bonano, Osvaldo Bertolín (accordian)","Edgardo Donato, Domingo Milillo, Armando Piovani, José Pollicita,  Ascanio Donato (cello)"
Edgardo Donato,Edgardo Donato y sus Muchachos,8/31/1939,Soy Mendigo,Tango,Horacio Lagos,Victor,78rpm,Osvaldo Donato,Adolfo Vedani,,34-42 / Bertolin Accordian ,Osvaldo Donato,José Campesi,"Juan Turturiello, Vicente Vilardi, Miguel Bonano, Osvaldo Bertolín (accordian)","Edgardo Donato, Domingo Milillo, Armando Piovani, José Pollicita,  Ascanio Donato (cello)"
Edgardo Donato,Edgardo Donato y sus Muchachos,11/14/1939,El Torito,Tango,Instrumental,Victor,78rpm,Ángel Villoldo,Carlos Pesce; Antonio Polito,,34-42 / Bertolin Accordian ,Osvaldo Donato,José Campesi,"Juan Turturiello, Vicente Vilardi, Miguel Bonano, Osvaldo Bertolín (accordian)","Edgardo Donato, Domingo Milillo, Armando Piovani, José Pollicita,  Ascanio Donato (cello)"
Edgardo Donato,Edgardo Donato y sus Muchachos,11/14/1939,Noches Correntinas,Vals,Horacio Lagos y Romeo Gavioli,Victor,78rpm,Juan Giliberti,Juan Giliberti,,34-42 / Bertolin Accordian ,Osvaldo Donato,José Campesi,"Juan Turturiello, Vicente Vilardi, Miguel Bonano, Osvaldo Bertolín (accordian)","Edgardo Donato, Domingo Milillo, Armando Piovani, José Pollicita,  Ascanio Donato (cello)"
Edgardo Donato,Edgardo Donato y sus Muchachos,1/11/1940,Mi Serenata,Tango,Lita Morales y Romeo Gavioli,Victor,78rpm,Edgardo Donato,Juan Thorry,,34-42 / Bertolin Accordian ,Osvaldo Donato,José Campesi,"Juan Turturiello, Vicente Vilardi, Miguel Bonano, Osvaldo Bertolín (accordian)","Edgardo Donato, Domingo Milillo, Armando Piovani, José Pollicita,  Ascanio Donato (cello)"
Edgardo Donato,Edgardo Donato y sus Muchachos,1/11/1940,Volverás Pero Cuándo,Vals,"Lita Morales, Horacio Lagos y Romeo Gavioli",Victor,78rpm,Sebastián Piana,Homero Manzi,,34-42 / Bertolin Accordian ,Osvaldo Donato,José Campesi,"Juan Turturiello, Vicente Vilardi, Miguel Bonano, Osvaldo Bertolín (accordian)","Edgardo Donato, Domingo Milillo, Armando Piovani, José Pollicita,  Ascanio Donato (cello)"
Edgardo Donato,Edgardo Donato y sus Muchachos,1/24/1940,Luna,Vals,"Lita Morales, Horacio Lagos y Romeo Gavioli",Victor,78rpm,Osvaldo Donato,Sandalio Gómez,,34-42 / Bertolin Accordian ,Osvaldo Donato,José Campesi,"Juan Turturiello, Vicente Vilardi, Miguel Bonano, Osvaldo Bertolín (accordian)","Edgardo Donato, Domingo Milillo, Armando Piovani, José Pollicita,  Ascanio Donato (cello)"
Edgardo Donato,Edgardo Donato y sus Muchachos,1/24/1940,﻿Triqui-Trá,Tango,Lita Morales ,Victor,78rpm,Edgardo Donato,Maruja Huergo,,34-42 / Bertolin Accordian ,Osvaldo Donato,José Campesi,"Juan Turturiello, Vicente Vilardi, Miguel Bonano, Osvaldo Bertolín (accordian)","Edgardo Donato, Domingo Milillo, Armando Piovani, José Pollicita,  Ascanio Donato (cello)"
Edgardo Donato,Edgardo Donato y sus Muchachos,4/5/1940,Campo Afuera,Milonga,Horacio Lagos,Victor,78rpm,Rodolfo Biagi,Homero Manzi,,34-42 / Bertolin Accordian ,Osvaldo Donato,José Campesi,"Juan Turturiello, Vicente Vilardi, Miguel Bonano, Osvaldo Bertolín (accordian)","Edgardo Donato, Domingo Milillo, Armando Piovani, José Pollicita,  Ascanio Donato (cello)"
Edgardo Donato,Edgardo Donato y sus Muchachos,4/5/1940,Sinfonía De Arrabal,Tango,"Horacio Lagos, Lita Morales y Romeo Gavioli",Victor,78rpm,Maruja Huergo,Maruja Huergo,,34-42 / Bertolin Accordian ,Osvaldo Donato,José Campesi,"Juan Turturiello, Vicente Vilardi, Miguel Bonano, Osvaldo Bertolín (accordian)","Edgardo Donato, Domingo Milillo, Armando Piovani, José Pollicita,  Ascanio Donato (cello)"
Edgardo Donato,Edgardo Donato y sus Muchachos,4/30/1940,La Melodía Del Corazón,Tango,Romeo Gavioli,Victor,78rpm,"F Di Cicco, H M Artola, C Santiago",,,34-42 / Bertolin Accordian ,Osvaldo Donato,José Campesi,"Juan Turturiello, Vicente Vilardi, Miguel Bonano, Osvaldo Bertolín (accordian)","Edgardo Donato, Domingo Milillo, Armando Piovani, José Pollicita,  Ascanio Donato (cello)"
Edgardo Donato,Edgardo Donato y sus Muchachos,4/30/1940,Porteña Linda,Milonga,Horacio Lagos,Victor,78rpm,Edgardo Donato,Horacio Sanguinetti,,34-42 / Bertolin Accordian ,Osvaldo Donato,José Campesi,"Juan Turturiello, Vicente Vilardi, Miguel Bonano, Osvaldo Bertolín (accordian)","Edgardo Donato, Domingo Milillo, Armando Piovani, José Pollicita,  Ascanio Donato (cello)"
Edgardo Donato,Edgardo Donato y sus Muchachos,7/18/1940,Diablesa,Vals,Horacio Lagos,Victor,78rpm,"T Guizar, N Noriega",,,34-42 / Bertolin Accordian ,Osvaldo Donato,José Campesi,"Juan Turturiello, Vicente Vilardi, Miguel Bonano, Osvaldo Bertolín (accordian)","Edgardo Donato, Domingo Milillo, Armando Piovani, José Pollicita,  Ascanio Donato (cello)"
Edgardo Donato,Edgardo Donato y sus Muchachos,7/18/1940,El Distinguido Ciudadano,Tango,Instrumental,Victor,78rpm,P Paulos ,,,34-42 / Bertolin Accordian ,Osvaldo Donato,José Campesi,"Juan Turturiello, Vicente Vilardi, Miguel Bonano, Osvaldo Bertolín (accordian)","Edgardo Donato, Domingo Milillo, Armando Piovani, José Pollicita,  Ascanio Donato (cello)"
Edgardo Donato,Edgardo Donato y sus Muchachos,9/30/1940,Estrellita Mía,Vals,"Romeo Gavioli, Lita Morales y Horacio Lagos",Victor,78rpm,"A Soiffer, R Ratti",,,34-42 / Bertolin Accordian ,Osvaldo Donato,José Campesi,"Juan Turturiello, Vicente Vilardi, Miguel Bonano, Osvaldo Bertolín (accordian)","Edgardo Donato, Domingo Milillo, Armando Piovani, José Pollicita,  Ascanio Donato (cello)"
Edgardo Donato,Edgardo Donato y sus Muchachos,9/30/1940,Yo Te Amo,Tango,Lita Morales y Romeo Gavioli,Victor,78rpm,"Edgardo Donato, C Lenzi",,,34-42 / Bertolin Accordian ,Osvaldo Donato,José Campesi,"Juan Turturiello, Vicente Vilardi, Miguel Bonano, Osvaldo Bertolín (accordian)","Edgardo Donato, Domingo Milillo, Armando Piovani, José Pollicita,  Ascanio Donato (cello)"
Edgardo Donato,Edgardo Donato y sus Muchachos,11/22/1940,Fue Mi Salvación,Tango,Horacio Lagos,Victor,78rpm,Ascanio Donato ,A Cosentino,,34-42 / Bertolin Accordian ,Osvaldo Donato,José Campesi,"Juan Turturiello, Vicente Vilardi, Miguel Bonano, Osvaldo Bertolín (accordian)","Edgardo Donato, Domingo Milillo, Armando Piovani, José Pollicita,  Ascanio Donato (cello)"
Edgardo Donato,Edgardo Donato y sus Muchachos,12/13/1940,El Lengue,Tango,Instrumental,Victor,78rpm,Edgardo Donato,,,34-42 / Bertolin Accordian ,Osvaldo Donato,José Campesi,"Juan Turturiello, Vicente Vilardi, Miguel Bonano, Osvaldo Bertolín (accordian)","Edgardo Donato, Domingo Milillo, Armando Piovani, José Pollicita,  Ascanio Donato (cello)"
Edgardo Donato,Edgardo Donato y sus Muchachos,12/13/1940,Sentir Del Corazón,Milonga,Horacio Lagos y Romeo Gavioli,Victor,78rpm,B R Atella,,,34-42 / Bertolin Accordian ,Osvaldo Donato,José Campesi,"Juan Turturiello, Vicente Vilardi, Miguel Bonano, Osvaldo Bertolín (accordian)","Edgardo Donato, Domingo Milillo, Armando Piovani, José Pollicita,  Ascanio Donato (cello)"
Edgardo Donato,Edgardo Donato y sus Muchachos,1/21/1941,Deja El Mundo Como Está,Tango,Horacio Lagos,Victor,78rpm,Rodolfo Biagi,Rodolfo Sciammarella,,34-42 / Bertolin Accordian ,Osvaldo Donato,José Campesi,"Juan Turturiello, Vicente Vilardi, Miguel Bonano, Osvaldo Bertolín (accordian)","Edgardo Donato, Domingo Milillo, Armando Piovani, José Pollicita,  Ascanio Donato (cello)"
Edgardo Donato,Edgardo Donato y sus Muchachos,1/21/1941,La Shunca,Vals,"Romeo Gavioli, Lita Morales y Horacio Lagos",Victor,78rpm,Lorenzo Barcelata,Ernesto Cortázar,,34-42 / Bertolin Accordian ,Osvaldo Donato,José Campesi,"Juan Turturiello, Vicente Vilardi, Miguel Bonano, Osvaldo Bertolín (accordian)","Edgardo Donato, Domingo Milillo, Armando Piovani, José Pollicita,  Ascanio Donato (cello)"
Edgardo Donato,Edgardo Donato y sus Muchachos,2/5/1941,Amando En Silencio,Tango,Horacio Lagos y Romeo Gavioli,Victor,78rpm,José Pécora,Francisco Jiménez,,34-42 / Bertolin Accordian ,Osvaldo Donato,José Campesi,"Juan Turturiello, Vicente Vilardi, Miguel Bonano, Osvaldo Bertolín (accordian)","Edgardo Donato, Domingo Milillo, Armando Piovani, José Pollicita,  Ascanio Donato (cello)"
Edgardo Donato,Edgardo Donato y sus Muchachos,2/18/1941,Mis Pesares,Tango,Horacio Lagos,Victor,78rpm,Edgardo Donato ,Carlos Pesce ,,34-42 / Bertolin Accordian ,Osvaldo Donato,José Campesi,"Juan Turturiello, Vicente Vilardi, Miguel Bonano, Osvaldo Bertolín (accordian)","Edgardo Donato, Domingo Milillo, Armando Piovani, José Pollicita,  Ascanio Donato (cello)"
Edgardo Donato,Edgardo Donato y sus Muchachos,2/18/1941,Repique Del Corazón,Milonga,Horacio Lagos y Romeo Gavioli,Victor,78rpm,Osvaldo Donato,José Rótulo,,34-42 / Bertolin Accordian ,Osvaldo Donato,José Campesi,"Juan Turturiello, Vicente Vilardi, Miguel Bonano, Osvaldo Bertolín (accordian)","Edgardo Donato, Domingo Milillo, Armando Piovani, José Pollicita,  Ascanio Donato (cello)"
Edgardo Donato,Edgardo Donato y sus Muchachos,6/11/1941,A Oscuras,Tango,Horacio Lagos,Victor,78rpm,Ascanio Donato,Héctor Marcó,,34-42 / Bertolin Accordian ,Osvaldo Donato,José Campesi,"Juan Turturiello, Vicente Vilardi, Miguel Bonano, Osvaldo Bertolín (accordian)","Edgardo Donato, Domingo Milillo, Armando Piovani, José Pollicita,  Ascanio Donato (cello)"
Edgardo Donato,Edgardo Donato y sus Muchachos,7/21/1941,Te Busco,Tango,Horacio Lagos,Victor,78rpm,Edgardo Donato ,Héctor Marcó ,,34-42 / Bertolin Accordian ,Osvaldo Donato,José Campesi,"Juan Turturiello, Vicente Vilardi, Miguel Bonano, Osvaldo Bertolín (accordian)","Edgardo Donato, Domingo Milillo, Armando Piovani, José Pollicita,  Ascanio Donato (cello)"
Edgardo Donato,Edgardo Donato y sus Muchachos,8/6/1941,Mañana Será La Mía,Vals,Lita Morales y Horacio Lagos (con coro),Victor,78rpm,Egidio Pittaluga,Mario Battistella,,34-42 / Bertolin Accordian ,Osvaldo Donato,José Campesi,"Juan Turturiello, Vicente Vilardi, Miguel Bonano, Osvaldo Bertolín (accordian)","Edgardo Donato, Domingo Milillo, Armando Piovani, José Pollicita,  Ascanio Donato (cello)"
Edgardo Donato,Edgardo Donato y sus Muchachos,8/6/1941,Un Libro,Tango,Horacio Lagos,Victor,78rpm,Osvaldo Donato,Ricardo Olcese,,34-42 / Bertolin Accordian ,Osvaldo Donato,José Campesi,"Juan Turturiello, Vicente Vilardi, Miguel Bonano, Osvaldo Bertolín (accordian)","Edgardo Donato, Domingo Milillo, Armando Piovani, José Pollicita,  Ascanio Donato (cello)"
Edgardo Donato,Edgardo Donato y sus Muchachos,10/13/1941,A Media Luz,Tango,Horacio Lagos,Victor,78rpm,Edgardo Donato,Carlos Lenzi,,34-42 / Bertolin Accordian ,Osvaldo Donato,José Campesi,"Juan Turturiello, Vicente Vilardi, Miguel Bonano, Osvaldo Bertolín (accordian)","Edgardo Donato, Domingo Milillo, Armando Piovani, José Pollicita,  Ascanio Donato (cello)"
Edgardo Donato,Edgardo Donato y sus Muchachos,10/13/1941,Quién Será,Vals,Horacio Lagos,Victor,78rpm,Luis Rubistein,Luis Rubistein,,34-42 / Bertolin Accordian ,Osvaldo Donato,José Campesi,"Juan Turturiello, Vicente Vilardi, Miguel Bonano, Osvaldo Bertolín (accordian)","Edgardo Donato, Domingo Milillo, Armando Piovani, José Pollicita,  Ascanio Donato (cello)"
Edgardo Donato,Edgardo Donato y sus Muchachos,3/11/1942,Cara Negra,Milonga,Horacio Lagos,Victor,78rpm,José Rótulo,Edgardo Donato,,34-42 / Bertolin Accordian ,Osvaldo Donato,José Campesi,"Juan Turturiello, Vicente Vilardi, Miguel Bonano, Osvaldo Bertolín (accordian)","Edgardo Donato, Domingo Milillo, Armando Piovani, José Pollicita,  Ascanio Donato (cello)"
Edgardo Donato,Edgardo Donato y sus Muchachos,3/11/1942,Mishiadura,Tango,Instrumental,Victor,78rpm,Eduardo Arolas,Alfredo Bigeschi,,34-42 / Bertolin Accordian ,Osvaldo Donato,José Campesi,"Juan Turturiello, Vicente Vilardi, Miguel Bonano, Osvaldo Bertolín (accordian)","Edgardo Donato, Domingo Milillo, Armando Piovani, José Pollicita,  Ascanio Donato (cello)"
Edgardo Donato,Edgardo Donato y sus Muchachos,5/28/1942,Parece Ayer,Tango,Horacio Lagos,Victor,78rpm,Edgardo Donato,José María Contursi,,34-42 / Bertolin Accordian ,Osvaldo Donato,José Campesi,"Juan Turturiello, Vicente Vilardi, Miguel Bonano, Osvaldo Bertolín (accordian)","Edgardo Donato, Domingo Milillo, Armando Piovani, José Pollicita,  Ascanio Donato (cello)"
Edgardo Donato,Edgardo Donato y sus Muchachos,5/28/1942,Tu Confidencia,Tango,Romeo Gavioli,Victor,78rpm,Romeo Gavioli; Mauricio Miserizky,José Rótulo,,34-42 / Bertolin Accordian ,Osvaldo Donato,José Campesi,"Juan Turturiello, Vicente Vilardi, Miguel Bonano, Osvaldo Bertolín (accordian)","Edgardo Donato, Domingo Milillo, Armando Piovani, José Pollicita,  Ascanio Donato (cello)"
Edgardo Donato,Edgardo Donato y sus Muchachos,8/6/1942,Lonjazos ,Tango,Romeo Gavioli y Horacio Lagos,Victor,78rpm,Andrés Doménech,Jesús Blanco,,34-42 / Bertolin Accordian ,Osvaldo Donato,José Campesi,"Juan Turturiello, Vicente Vilardi, Miguel Bonano, Osvaldo Bertolín (accordian)","Edgardo Donato, Domingo Milillo, Armando Piovani, José Pollicita,  Ascanio Donato (cello)"
Edgardo Donato,Edgardo Donato y sus Muchachos,8/6/1942,Mendocina,Vals,Romeo Gavioli,Victor,78rpm,Miguel Bruno,Benigno Palmeiro,,34-42 / Bertolin Accordian ,Osvaldo Donato,José Campesi,"Juan Turturiello, Vicente Vilardi, Miguel Bonano, Osvaldo Bertolín (accordian)","Edgardo Donato, Domingo Milillo, Armando Piovani, José Pollicita,  Ascanio Donato (cello)"
Edgardo Donato,Edgardo Donato y sus Muchachos,3/23/1944,El Lecherito,Milonga,Jorge Denis y Daniel Adamo,Victor,78rpm,Edgardo Donato,Horacio Sanguinetti,,44-61 / Post breakup ,Bernardo Blas,?,"Ernesto Rossi, Julián Plaza, ???"," Rolando Curzel, ???"
Edgardo Donato,Edgardo Donato y sus Muchachos,3/23/1944,La Gran Aldea,Tango,Jorge Denis,Victor,78rpm,Edgardo Donato,Horacio Sanguinetti (Horacio Basterra),,44-61 / Post breakup ,Bernardo Blas,?,"Ernesto Rossi, Julián Plaza, ???"," Rolando Curzel, ???"
Edgardo Donato,Edgardo Donato y sus Muchachos,3/21/1945,Barrio Tranquilo,Tango,Pablo Lozano,Victor,78rpm,Arturo Gallucci,Victorino Velázquez,,44-61 / Post breakup ,Bernardo Blas,?,"Ernesto Rossi, Julián Plaza, ???"," Rolando Curzel, ???"
Edgardo Donato,Edgardo Donato y sus Muchachos,3/21/1945,La De Los Ojos Tristes,Tango,Pablo Lozano,Victor,78rpm,Edgardo Donato,Héctor Marcó,,44-61 / Post breakup ,Bernardo Blas,?,"Ernesto Rossi, Julián Plaza, ???"," Rolando Curzel, ???"
Edgardo Donato,Edgardo Donato y sus Muchachos,6/28/1945,"Portero, Suba Y Diga",Tango,Roberto Beltrán,Victor,78rpm,Eduardo De Labar,Luis Amadori,,44-61 / Post breakup ,Bernardo Blas,?,"Ernesto Rossi, Julián Plaza, ???"," Rolando Curzel, ???"
Edgardo Donato,Edgardo Donato y su Moderna Orquesta Típica,6/28/1945,Pregonera,Tango,Alberto Podestá,Victor,78rpm,Alfredo De Angelis,José Rótulo,,44-61 / Post breakup ,Bernardo Blas,?,"Ernesto Rossi, Julián Plaza, ???"," Rolando Curzel, ???"
Edgardo Donato,Edgardo Donato y su Moderna Orquesta Típica,1945,Demasiado Tarde,Tango,Roberto Beltrán,Victor,78rpm,Francisco Tróppoli,Agustín Horacio Delamónica,,44-61 / Post breakup ,Bernardo Blas,?,"Ernesto Rossi, Julián Plaza, ???"," Rolando Curzel, ???"
Edgardo Donato,Edgardo Donato y su Orquesta Típica,1945,Sin Palabras,Tango,Osvaldo Morel,Victor,78rpm,Mariano Mores,Enrique Santos Discépolo,,44-61 / Post breakup ,Bernardo Blas,?,"Ernesto Rossi, Julián Plaza, ???"," Rolando Curzel, ???"
Edgardo Donato,Edgardo Donato y su Orquesta Típica,1945,Una Vez,Tango,Osvaldo Morel,Victor,78rpm,Osvaldo Pugliese,Cátulo Castillo,,44-61 / Post breakup ,Bernardo Blas,?,"Ernesto Rossi, Julián Plaza, ???"," Rolando Curzel, ???"
Edgardo Donato,Edgardo Donato y su Orquesta Típica,4/14/1950,Che Bandoneón,Tango,Carlos Almada,Pampa,?,Aníbal Troilo,Homero Manzi,,44-61 / Post breakup ,,,,
Edgardo Donato,Edgardo Donato y su Orquesta Típica,4/14/1950,El Huracán,Tango,Carlos Almada,Pampa,?,Osvaldo Donato; Edgardo Donato,Manuel López,,44-61 / Post breakup ,,,,
Edgardo Donato,Edgardo Donato y su Orquesta Típica,7/7/1950,A Media Luz,Tango,Carlos Almada,Pampa,?,Edgardo Donato,Carlos Lenzi,,44-61 / Post breakup ,,,,
Edgardo Donato,Edgardo Donato y su Orquesta Típica,7/7/1950,Mamboretá,Tango,Carlos Almada,Pampa,?,María Godard,Francisco Jiménez,,44-61 / Post breakup ,,,,
Edgardo Donato,Edgardo Donato y su Orquesta Típica,8/14/1950,Jorge Duval,Tango,Instrumental,Pampa,?,Alfredo De Angelis,,,44-61 / Post breakup ,,,,
Edgardo Donato,Edgardo Donato y su Orquesta Típica,8/14/1950,Pituca,Tango,Carlos Almada,Pampa,?,Enrique Cadícamo,Rogelio Ferreyra,,44-61 / Post breakup ,,,,
Edgardo Donato,Edgardo Donato y su Orquesta Típica,10/16/1950,Por Qué No Me Besas,Vals,Adolfo Rivas,Pampa,?,Francisco Caso,Homero Manzi ,,44-61 / Post breakup ,,,,
Edgardo Donato,Edgardo Donato y su Orquesta Típica,10/16/1950,Se Va La Vida,Tango,Carlos Almada,Pampa,?,Edgardo Donato; Roberto Zerrillo,Luis Mario,,44-61 / Post breakup ,,,,
Edgardo Donato,Edgardo Donato y su Orquesta Típica,12/1/1950,Julián,Tango,Instrumental,Pampa,?,Edgardo Donato,José Panizza,,44-61 / Post breakup ,,,,
Edgardo Donato,Edgardo Donato y su Orquesta Típica,12/1/1950,Qué Fenómeno,Tango,Carlos Almada,Pampa,?,Anselmo Aieta,Enrique Dizeo,,44-61 / Post breakup ,,,,
Edgardo Donato,Edgardo Donato y su Orquesta Típica,12/26/1950,Cómo Se Pianta La Vida,Tango,Carlos Almada,Pampa,?,Carlos Viván,Carlos Viván,,44-61 / Post breakup ,,,,
Edgardo Donato,Edgardo Donato y su Orquesta Típica,12/26/1950,Tu Desprecio,Tango,Adolfo Rivas,Pampa,?,Edgardo Donato,Homero Manzi,,44-61 / Post breakup ,,,,
Edgardo Donato,Edgardo Donato y su Orquesta Típica,6/6/1951,El Patio De La Morocha,Tango,Carlos Almada,Pampa,?,Mariano Mores,Cátulo Castillo,,44-61 / Post breakup ,,,,
Edgardo Donato,Edgardo Donato y su Orquesta Típica,6/6/1951,Mi Virgencita De Luján,Vals,Hugo Roca,Pampa,?,Edgardo Donato,Horacio Sanguinetti,,44-61 / Post breakup ,,,,
Edgardo Donato,Edgardo Donato y su Orquesta Típica,9/17/1951,Cartón Ligador,Tango,Instrumental,Pampa,?,Edgardo Donato,Roberto Fontaina; Víctor Soliño,,44-61 / Post breakup ,,,,
Edgardo Donato,Edgardo Donato y su Orquesta Típica,9/17/1951,El Camión,Tango,Carlos Almada,Pampa,?,Ricardo Seritti; Alberto Basilio,,,44-61 / Post breakup ,,,,
Edgardo Donato,Edgardo Donato y su Orquesta Típica,9/17/1951,El Vinacho,Milonga,Carlos Almada,Pampa,?,José Razzano,Julio Navarrine,,44-61 / Post breakup ,,,,
Edgardo Donato,Edgardo Donato y su Orquesta Típica,9/17/1951,Por Qué Doblan Las Campanas,Tango,Carlos Almada,Pampa,?,Alfredo De Angelis,José Rótulo,,44-61 / Post breakup ,,,,
Edgardo Donato,Edgardo Donato y su Orquesta Típica,11/13/1951,Muchacho,Tango,Carlos Almada,Pampa,?,Edgardo Donato,Celedonio Flores,,44-61 / Post breakup ,,,,
Edgardo Donato,Edgardo Donato y su Orquesta Típica,11/13/1951,Un Mal Día,Tango,Carlos Almada,Pampa,?,Horacio Riente,Carlos Almada,,44-61 / Post breakup ,,,,
Edgardo Donato,Edgardo Donato y su Orquesta Típica,1/18/1952,El Acomodo,Tango,Instrumental,Pampa,?,Edgardo Donato,,,44-61 / Post breakup ,,,,
Edgardo Donato,Edgardo Donato y su Orquesta Típica,1/18/1952,Pensá Lo Que Has Hecho,Tango,Carlos Almada,Pampa,?,Osvaldo Donato,Julio Nelson,,44-61 / Post breakup ,,,,
Edgardo Donato,Edgardo Donato y su Orquesta Típica,1/18/1952,Por Una Mujer,Vals,Carlos Almada,Pampa,?,Enrique Maciel,Enrique Maroni,,44-61 / Post breakup ,,,,
Edgardo Donato,Edgardo Donato y su Orquesta Típica,1/18/1952,Preparate Pa´L Domingo,Tango,Carlos Almada,Pampa,?,Guillermo Barbieri,José Rial,,44-61 / Post breakup ,,,,
Edgardo Donato,Edgardo Donato y su Orquesta Típica,6/25/1952,Mi Serenata,Tango,Alberto Podestá y Carlos Almada,Pampa,?,Edgardo Donato,Juan Carlos Thorry ,,44-61 / Post breakup ,,,,
Edgardo Donato,Edgardo Donato y su Orquesta Típica,6/25/1952,Será Una Noche,Tango,Carlos Almada,Pampa,?,José Tinelli,Manuel Campos,,44-61 / Post breakup ,,,,
Edgardo Donato,Edgardo Donato y su Orquesta Típica,7/25/1952,Oyeme Mamá,Tango,Carlos Almada,Pampa,?,Armando Baliotti,Julio Nelson,,44-61 / Post breakup ,,,,
Edgardo Donato,Edgardo Donato y su Orquesta Típica,7/25/1952,Papas Calientes,Tango,Instrumental,Pampa,?,Eduardo Arolas,Héctor Polito,,44-61 / Post breakup ,,,,
Edgardo Donato,Edgardo Donato y su Orquesta Típica,11/4/1952,El Huracán,Tango,Instrumental,Pampa,?,"Edgardo Donato, Nolo López",,,44-61 / Post breakup ,,,,
Edgardo Donato,Edgardo Donato y su Orquesta Típica,11/4/1952,Para Qué,Tango,Instrumental,Pampa,?,"Osvaldo Borroni, Armando Tagini",,,44-61 / Post breakup ,,,,
Edgardo Donato,Edgardo Donato y su Orquesta Típica,1/2/1953,Apronte,Milonga,Roberto Morel,Pampa,?,José Anastasio,Celedonio Flores,,44-61 / Post breakup ,,,,
Edgardo Donato,Edgardo Donato y su Orquesta Típica,1/2/1953,Berretines De Bacana,Tango,Roberto Morel,Pampa,?,Carlos Mayel,Julio Budano,,44-61 / Post breakup ,,,,
Edgardo Donato,Edgardo Donato y su Orquesta Típica,4/24/1953,Sangre De Mi Sangre,Tango,Raúl Angeló,Pampa,?,Reinaldo Yiso,Juan Manuel Mañueco,,44-61 / Post breakup ,,,,
Edgardo Donato,Edgardo Donato y su Orquesta Típica,4/24/1953,Un Poco Tarde,Tango,Roberto Morel,Pampa,?,Edgardo Donato,Reinaldo Yiso,,44-61 / Post breakup ,,,,
Edgardo Donato,Edgardo Donato y su Orquesta Típica,7/25/1953,El Descolado,Milonga,Roberto Morel,Pampa,Tape,Roberto Morel; Carlos Mayel,Aldo Queirolo,,44-61 / Post breakup ,,,,
Edgardo Donato,Edgardo Donato y su Orquesta Típica,7/25/1953,Sábado Inglés,Tango,Instrumental,Pampa,Tape,"Juan Félix Maglio ""Pacho""",Eugenio Cárdenas,,44-61 / Post breakup ,,,,
Edgardo Donato,Edgardo Donato y su Orquesta Típica,8/11/1953,T.B.C.,Tango,Roberto Morel y Raúl Angeló,Pampa,Tape,Ascanio Donato,Roberto Fontaina; Víctor Soliño,,44-61 / Post breakup ,,,,
Edgardo Donato,Edgardo Donato y su Orquesta Típica,8/11/1953,Una Canción,Tango,Roberto Morel,Pampa,Tape,Aníbal Troilo,Cátulo Castillo,,44-61 / Post breakup ,,,,
Edgardo Donato,Edgardo Donato y su Orquesta Típica,11/27/1953,Pa'L Nene,Tango,Roberto Morel,Pampa,Tape,Edmundo Rivero,Mario Battistella,,44-61 / Post breakup ,,,,
Edgardo Donato,Edgardo Donato y su Orquesta Típica,11/27/1953,Por Eso Canto Así,Tango,Raúl Angeló,Pampa,Tape,Luis Pereyra,Antonio Cantó,,44-61 / Post breakup ,,,,
Edgardo Donato,Edgardo Donato y su Orquesta Típica,6/10/1954,El Pollito,Tango,Instrumental,Pampa,Tape,Francisco Canaro,,,44-61 / Post breakup ,,,,
Edgardo Donato,Edgardo Donato y su Orquesta Típica,6/10/1954,Qué Globera,Tango,Roberto Morel,Pampa,Tape,Edgardo Donato; Carlos Massetti; Octavio Martingano,Edgardo Donato; Carlos Massetti; Octavio Martingano,,44-61 / Post breakup ,,,,
Edgardo Donato,Edgardo Donato y su Orquesta Típica,12/17/1954,Fuegos Artificiales,Tango,Instrumental,Pampa,Tape,Roberto Firpo; Eduardo Arolas,,,44-61 / Post breakup ,,,,
Edgardo Donato,Edgardo Donato y su Orquesta Típica,12/17/1954,Yo Nací Para Palermo,Tango,Roberto Morel,Pampa,Tape,Roberto Morel; José Anastasio,Modesto Botti,,44-61 / Post breakup ,,,,
Edgardo Donato,Edgardo Donato y su Orquesta Típica,3/25/1955,Fue Mi Salvación,Tango,Roberto Morel,Pampa,Tape,Ascanio Donato,Alberto Cosentino,,44-61 / Post breakup ,,,,
Edgardo Donato,Edgardo Donato y su Orquesta Típica,3/25/1955,Has Llegado,Vals,Roberto Morel,Pampa,Tape,Edgardo Donato,Elizardo Vilas,,44-61 / Post breakup ,,,,
Edgardo Donato,Edgardo Donato y su Orquesta Típica,6/10/1955,El Disloque,Tango,Roberto Morel,Pampa,Tape,Edgardo Donato,Nolo López,,44-61 / Post breakup ,,,,
Edgardo Donato,Edgardo Donato y su Orquesta Típica,6/10/1955,Novia De Pueblo,Tango,Roberto Morel,Pampa,Tape,Orlando Colauti,Félix Mauré,,44-61 / Post breakup ,,,,
Edgardo Donato,Edgardo Donato y su Orquesta Típica,12/14/1955,Desorientado,Tango,Oscar Peralta,Pampa,Tape,Miguel Caló; Elizardo Vila; Oscar Rubens ,Miguel Caló; Elizardo Vila; Oscar Rubens ,,44-61 / Post breakup ,,,,
Edgardo Donato,Edgardo Donato y su Orquesta Típica,12/14/1955,Volvé,Tango,Nilda Marino,Pampa,Tape,Edgardo Donato,Luis Herrera,,44-61 / Post breakup ,,,,
Edgardo Donato,Edgardo Donato y su Orquesta Típica,4/16/1956,Historia De Un Amor,Tango,Oscar Peralta,Pampa,Tape,Carlos Almarán,Carlos Almarán,,44-61 / Post breakup ,,,,
Edgardo Donato,Edgardo Donato y su Orquesta Típica,4/16/1956,Sencillo Pero Vistoso,Tango,Instrumental,Pampa,Tape,Orlando Calautti,,,44-61 / Post breakup ,,,,
Edgardo Donato,Edgardo Donato y su Orquesta Típica,6/21/1956,El Chupete,Tango,Instrumental,Pampa,Tape,Carlos Ricardo Gaudencio,Ángel Timarni,,44-61 / Post breakup ,,,,
Edgardo Donato,Edgardo Donato y su Orquesta Típica,6/21/1956,Lágrimas,Tango,Oscar Peralta,Pampa,Tape,Edgardo Donato,Maruja Huergo,,44-61 / Post breakup ,,,,
Edgardo Donato,Edgardo Donato y su Orquesta Típica,8/24/1956,Doble Condena,Tango,Oscar Peralta,Pampa,Tape,Orlando Calautti,Félix Mauré,,44-61 / Post breakup ,,,,
Edgardo Donato,Edgardo Donato y su Orquesta Típica,8/24/1956,Naranjerita,Tango,Alberto Aguirre,Pampa,Tape,Osvaldo Cordero,,,44-61 / Post breakup ,,,,
Edgardo Donato,Edgardo Donato y su Orquesta Típica,10/2/1956,Cosita Linda,Tango,Alberto Aguirre,Pampa,Tape,Edgardo Donato,Alberto Aguirre,,44-61 / Post breakup ,,,,
Edgardo Donato,Edgardo Donato y su Orquesta Típica,10/2/1956,Manantial,Tango,Instrumental,Pampa,Tape,Luis Pereyra,,,44-61 / Post breakup ,,,,
Edgardo Donato,Edgardo Donato y su Orquesta Típica,3/19/1957,El Lengue,Tango,Instrumental,Pampa,Tape,Edgardo Donato,,,44-61 / Post breakup ,,,,
Edgardo Donato,Edgardo Donato y su Orquesta Típica,3/19/1957,Rosa De Fuego,Tango,Alberto Aguirre,Pampa,Tape,Manuel Jovés,Antonio Viergol,,44-61 / Post breakup ,,,,
Edgardo Donato,Edgardo Donato y su Orquesta Típica,8/8/1957,Levantate Y Andá,Tango,Oscar Peralta,Pampa,Tape,Osvaldo Donato,Alberto Maraviglia,,44-61 / Post breakup ,,,,
Edgardo Donato,Edgardo Donato y su Orquesta Típica,8/8/1957,Y Te Fuiste A Buenos Aires,Tango,Alberto Aguirre,Pampa,Tape,Emilio Brameri,Lito Bayardo,,44-61 / Post breakup ,,,,
Edgardo Donato,Edgardo Donato y su Orquesta Típica,11/1/1961,A Media Luz,Tango,Andrès Galarce,Victor,Tape,Edgardo Donato,Carlos Lenzi,,44-61 / Post breakup ,,,,
Edgardo Donato,Edgardo Donato y su Orquesta Típica,11/1/1961,El Huracán,Tango,Andrès Galarce,Victor,Tape,Osvaldo Donato; Edgardo Donato,Nolo López,,44-61 / Post breakup ,,,,
Edgardo Donato,Edgardo Donato y su Orquesta Típica,11/1/1961,Se Va La Vida,Tango,Andrès Galarce,Victor,Tape,Edgardo Donato; Roberto Zerrillo,Luis Mario,,44-61 / Post breakup ,,,,
Edgardo Donato,Edgardo Donato y su Orquesta Típica,11/1/1961,T.B.C.,Tango,Andrès Galarce,Victor,Tape,Ascanio Donato ,Roberto Fontaina; Víctor Soliño,,44-61 / Post breakup ,,,,
