Bandleader,Orchestra,Date,Title,Genre,Singer,Label,Master,Composer,Author,Arranger,Grouping,Pianist,Bassist,Bandoneons,Strings
Juan D'Arienzo,Sexteto Juan D'Arienzo,1/1/1928,Callejas Solo ,Tango,Carlos Dante,Electra,78rpm,Juan D'Arienzo,Luis Rubistein,,28-30 / Sextet ,Vicente Gorrese,Juan Puglisi,"Ciriaco Ortiz, Nicolás Primiani, Florentino Ottaviano","Alfredo Mazzeo, Luis Álvarez, Juan D'Arienzo"
Juan D'Arienzo,Sexteto Juan D'Arienzo,1/1/1928,Quejas del Suburbio,Tango,Carlos Dante,Electra,78rpm,Antonio Polito,Salvador Polito,,28-30 / Sextet ,Vicente Gorrese,Juan Puglisi,"Ciriaco Ortiz, Nicolás Primiani, Florentino Ottaviano","Alfredo Mazzeo, Luis Álvarez, Juan D'Arienzo"
Juan D'Arienzo,Sexteto Juan D'Arienzo,1/1/1928,Puro Grupo,Tango,Carlos Dante,Electra,78rpm,Ciriaco Ortiz,J. Garrón,,28-30 / Sextet ,Vicente Gorrese,Juan Puglisi,"Ciriaco Ortiz, Nicolás Primiani, Florentino Ottaviano","Alfredo Mazzeo, Luis Álvarez, Juan D'Arienzo"
Juan D'Arienzo,Sexteto Juan D'Arienzo,1/1/1928,Juguete,Tango,Carlos Dante,Electra,78rpm,Salvador Grupillo; Nicolás Primani,Luis Rubistein,,28-30 / Sextet ,Vicente Gorrese,Juan Puglisi,"Ciriaco Ortiz, Nicolás Primiani, Florentino Ottaviano","Alfredo Mazzeo, Luis Álvarez, Juan D'Arienzo"
Juan D'Arienzo,Sexteto Juan D'Arienzo,1/1/1928,Funyi claro,Tango,Carlos Dante,Electra,78rpm,Nicolás Vaccaro,Eduardo Méndez,,28-30 / Sextet ,Vicente Gorrese,Juan Puglisi,"Ciriaco Ortiz, Nicolás Primiani, Florentino Ottaviano","Alfredo Mazzeo, Luis Álvarez, Juan D'Arienzo"
Juan D'Arienzo,Sexteto Juan D'Arienzo,1/1/1928,Esta noche me emborracho,Tango,Carlos Dante,Electra,78rpm,Enrique Discépolo,Enrique Discépolo,,28-30 / Sextet ,Vicente Gorrese,Juan Puglisi,"Ciriaco Ortiz, Nicolás Primiani, Florentino Ottaviano","Alfredo Mazzeo, Luis Álvarez, Juan D'Arienzo"
Juan D'Arienzo,Sexteto Juan D'Arienzo,1/1/1928,Pebetita,Tango,Instrumental,Electra,78rpm,Salvador Polito,,,28-30 / Sextet ,Vicente Gorrese,Juan Puglisi,"Ciriaco Ortiz, Nicolás Primiani, Florentino Ottaviano","Alfredo Mazzeo, Luis Álvarez, Juan D'Arienzo"
Juan D'Arienzo,Sexteto Juan D'Arienzo,1/1/1928,La otra noche,Tango,Carlos Dante,Electra,78rpm,Antonio Romano; Alberto Celenza,José Grandis,,28-30 / Sextet ,Vicente Gorrese,Juan Puglisi,"Ciriaco Ortiz, Nicolás Primiani, Florentino Ottaviano","Alfredo Mazzeo, Luis Álvarez, Juan D'Arienzo"
Juan D'Arienzo,Sexteto Juan D'Arienzo,1/1/1928,Sandía Calada,Tango,Carlos Dante,Electra,78rpm,Arturo Aieta,Jorge Curi,,28-30 / Sextet ,Vicente Gorrese,Juan Puglisi,"Ciriaco Ortiz, Nicolás Primiani, Florentino Ottaviano","Alfredo Mazzeo, Luis Álvarez, Juan D'Arienzo"
Juan D'Arienzo,Sexteto Juan D'Arienzo,1/1/1928,Chorra,Tango,Carlos Dante,Electra,78rpm,Enrique Discépolo,Enrique Discépolo,,28-30 / Sextet ,Vicente Gorrese,Juan Puglisi,"Ciriaco Ortiz, Nicolás Primiani, Florentino Ottaviano","Alfredo Mazzeo, Luis Álvarez, Juan D'Arienzo"
Juan D'Arienzo,Sexteto Juan D'Arienzo,1/1/1928,Era un Rincón de alegría,Tango,Carlos Dante,Electra,78rpm,Luis Visca,Luis Visca,,28-30 / Sextet ,Vicente Gorrese,Juan Puglisi,"Ciriaco Ortiz, Nicolás Primiani, Florentino Ottaviano","Alfredo Mazzeo, Luis Álvarez, Juan D'Arienzo"
Juan D'Arienzo,Sexteto Juan D'Arienzo,1/1/1928,Siga la Farra,Tango,Carlos Dante,Electra,78rpm,Pascual Luca,Pascual Luca,,28-30 / Sextet ,Vicente Gorrese,Juan Puglisi,"Ciriaco Ortiz, Nicolás Primiani, Florentino Ottaviano","Alfredo Mazzeo, Luis Álvarez, Juan D'Arienzo"
Juan D'Arienzo,Sexteto Juan D'Arienzo,1/1/1928,Pobre Cieguita,Tango,Carlos Dante,Electra,78rpm,Julio Sanders,César Vedani,,28-30 / Sextet ,Vicente Gorrese,Juan Puglisi,"Ciriaco Ortiz, Nicolás Primiani, Florentino Ottaviano","Alfredo Mazzeo, Luis Álvarez, Juan D'Arienzo"
Juan D'Arienzo,Sexteto Juan D'Arienzo,1/1/1928,Por Ella ten Piedad,Tango,Carlos Dante,Electra,78rpm,Antonio Polito,Antonio Polito,,28-30 / Sextet ,Vicente Gorrese,Juan Puglisi,"Ciriaco Ortiz, Nicolás Primiani, Florentino Ottaviano","Alfredo Mazzeo, Luis Álvarez, Juan D'Arienzo"
Juan D'Arienzo,Sexteto Juan D'Arienzo,1/1/1928,La Muchacha del Circo,Tango,Carlos Dante,Electra,78rpm,Gerardo Rodríguez,Manuel Romero,,28-30 / Sextet ,Vicente Gorrese,Juan Puglisi,"Ciriaco Ortiz, Nicolás Primiani, Florentino Ottaviano","Alfredo Mazzeo, Luis Álvarez, Juan D'Arienzo"
Juan D'Arienzo,Sexteto Juan D'Arienzo,1/1/1928,Engominado,Tango,Carlos Dante,Electra,78rpm,Fernando Montoni,Máximo Orsi,,28-30 / Sextet ,Vicente Gorrese,Juan Puglisi,"Ciriaco Ortiz, Nicolás Primiani, Florentino Ottaviano","Alfredo Mazzeo, Luis Álvarez, Juan D'Arienzo"
Juan D'Arienzo,Sexteto Juan D'Arienzo,1/1/1928,Volvé al Cotorro,Tango,Carlos Dante,Electra,78rpm,Alejandro Scarpino,Guillermo Naccarelle,,28-30 / Sextet ,Vicente Gorrese,Juan Puglisi,"Ciriaco Ortiz, Nicolás Primiani, Florentino Ottaviano","Alfredo Mazzeo, Luis Álvarez, Juan D'Arienzo"
Juan D'Arienzo,Sexteto Juan D'Arienzo,1/1/1928,Medianoche,Tango,Carlos Dante,Electra,78rpm,Nicolás Tavarozzi,Eduardo Méndez,,28-30 / Sextet ,Vicente Gorrese,Juan Puglisi,"Ciriaco Ortiz, Nicolás Primiani, Florentino Ottaviano","Alfredo Mazzeo, Luis Álvarez, Juan D'Arienzo"
Juan D'Arienzo,Sexteto Juan D'Arienzo,1/1/1928,Acordate lo que Fuiste,Tango,Carlos Dante,Electra,78rpm,Pedro Toscano,José Guidi,,28-30 / Sextet ,Vicente Gorrese,Juan Puglisi,"Ciriaco Ortiz, Nicolás Primiani, Florentino Ottaviano","Alfredo Mazzeo, Luis Álvarez, Juan D'Arienzo"
Juan D'Arienzo,Sexteto Juan D'Arienzo,1/1/1928,Máscaras,Tango,Carlos Dante,Electra,78rpm,Pedro Villella,Luis Rubistein,,28-30 / Sextet ,Vicente Gorrese,Juan Puglisi,"Ciriaco Ortiz, Nicolás Primiani, Florentino Ottaviano","Alfredo Mazzeo, Luis Álvarez, Juan D'Arienzo"
Juan D'Arienzo,Sexteto Juan D'Arienzo,1/1/1928,Fueye querido,Tango,Carlos Dante,Electra,78rpm,Antonio Polito,Antonio Polito,,28-30 / Sextet ,Vicente Gorrese,Juan Puglisi,"Ciriaco Ortiz, Nicolás Primiani, Florentino Ottaviano","Alfredo Mazzeo, Luis Álvarez, Juan D'Arienzo"
Juan D'Arienzo,Sexteto Juan D'Arienzo,1/1/1928,"Muchachas, cuidado",Tango,Carlos Dante,Electra,78rpm,Antonio Polito,Luis Rubistein,,28-30 / Sextet ,Vicente Gorrese,Juan Puglisi,"Ciriaco Ortiz, Nicolás Primiani, Florentino Ottaviano","Alfredo Mazzeo, Luis Álvarez, Juan D'Arienzo"
Juan D'Arienzo,Sexteto Juan D'Arienzo,1/1/1928,Qué Vachaché,Tango,Carlos Dante,Electra,78rpm,Enrique Discépolo,Enrique Discépolo,,28-30 / Sextet ,Vicente Gorrese,Juan Puglisi,"Ciriaco Ortiz, Nicolás Primiani, Florentino Ottaviano","Alfredo Mazzeo, Luis Álvarez, Juan D'Arienzo"
Juan D'Arienzo,Sexteto Juan D'Arienzo,1/1/1928,Por Mishé,Tango,Carlos Dante,Electra,78rpm,Luis Moresco,Luis Rubistein,,28-30 / Sextet ,Vicente Gorrese,Juan Puglisi,"Ciriaco Ortiz, Nicolás Primiani, Florentino Ottaviano","Alfredo Mazzeo, Luis Álvarez, Juan D'Arienzo"
Juan D'Arienzo,Sexteto Juan D'Arienzo,1/1/1928,Ilusiones,Tango,Carlos Dante,Electra,78rpm,Gunderico Clemens,Osvaldo Cordero,,28-30 / Sextet ,Vicente Gorrese,Juan Puglisi,"Ciriaco Ortiz, Nicolás Primiani, Florentino Ottaviano","Alfredo Mazzeo, Luis Álvarez, Juan D'Arienzo"
Juan D'Arienzo,Sexteto Juan D'Arienzo,1/1/1928,Reite Mujercita,Tango,Carlos Dante,Electra,78rpm,Juan Rodríguez,Juan Rodríguez,,28-30 / Sextet ,Vicente Gorrese,Juan Puglisi,"Ciriaco Ortiz, Nicolás Primiani, Florentino Ottaviano","Alfredo Mazzeo, Luis Álvarez, Juan D'Arienzo"
Juan D'Arienzo,Sexteto Juan D'Arienzo,1/1/1928,La Cumparsita (La ApologÍa del Tango),Tango,Raquel Notar,Electra,78rpm,Gerardo Rodríguez,Pascual Contursi; Enrique Maroni,,28-30 / Sextet ,Vicente Gorrese,Juan Puglisi,"Ciriaco Ortiz, Nicolás Primiani, Florentino Ottaviano","Alfredo Mazzeo, Luis Álvarez, Juan D'Arienzo"
Juan D'Arienzo,Sexteto Juan D'Arienzo,1/1/1928,Pa' que Pensás,Tango,Carlos Dante,Electra,78rpm,Arturo González,Arturo González,,28-30 / Sextet ,Vicente Gorrese,Juan Puglisi,"Ciriaco Ortiz, Nicolás Primiani, Florentino Ottaviano","Alfredo Mazzeo, Luis Álvarez, Juan D'Arienzo"
Juan D'Arienzo,Sexteto Juan D'Arienzo,1/1/1928,La Cumparsita,Tango,Carlos Dante,Electra,78rpm,Gerardo Rodríguez,Enrique Maroni,,28-30 / Sextet ,Vicente Gorrese,Juan Puglisi,"Ciriaco Ortiz, Nicolás Primiani, Florentino Ottaviano","Alfredo Mazzeo, Luis Álvarez, Juan D'Arienzo"
Juan D'Arienzo,Sexteto Juan D'Arienzo,1/1/1928,Pálida Silueta,Tango,Carlos Dante,Electra,78rpm,Nicolás Primani,José Clemente,,28-30 / Sextet ,Vicente Gorrese,Juan Puglisi,"Ciriaco Ortiz, Nicolás Primiani, Florentino Ottaviano","Alfredo Mazzeo, Luis Álvarez, Juan D'Arienzo"
Juan D'Arienzo,Sexteto Juan D'Arienzo,1/1/1928,No te Engañes Corazón,Tango,Carlos Dante,Electra,78rpm,Rodolfo Sciammarella,Rodolfo Sciammarella,,28-30 / Sextet ,Vicente Gorrese,Juan Puglisi,"Ciriaco Ortiz, Nicolás Primiani, Florentino Ottaviano","Alfredo Mazzeo, Luis Álvarez, Juan D'Arienzo"
Juan D'Arienzo,Sexteto Juan D'Arienzo,1/1/1928,El Martillero,Tango,Instrumental,Electra,78rpm,Miguel Padula,,,28-30 / Sextet ,Vicente Gorrese,Juan Puglisi,"Ciriaco Ortiz, Nicolás Primiani, Florentino Ottaviano","Alfredo Mazzeo, Luis Álvarez, Juan D'Arienzo"
Juan D'Arienzo,Sexteto Juan D'Arienzo,1/1/1928,Chirusa,Tango,Carlos Dante,Electra,78rpm,Juan D'Arienzo,Manuel López,,28-30 / Sextet ,Vicente Gorrese,Juan Puglisi,"Ciriaco Ortiz, Nicolás Primiani, Florentino Ottaviano","Alfredo Mazzeo, Luis Álvarez, Juan D'Arienzo"
Juan D'Arienzo,Sexteto Juan D'Arienzo,1/1/1928,Amor pagano,Vals,Carlos Dante,Electra,78rpm,Nacio Brown,Edelmiro Garrido,,28-30 / Sextet ,Vicente Gorrese,Juan Puglisi,"Ciriaco Ortiz, Nicolás Primiani, Florentino Ottaviano","Alfredo Mazzeo, Luis Álvarez, Juan D'Arienzo"
Juan D'Arienzo,Sexteto Juan D'Arienzo,1/1/1929,Llevátelo Todo,Tango,Carlos Dante,Electra,78rpm,Rodolfo Sciammarella,Rodolfo Sciammarella,,28-30 / Sextet ,Vicente Gorrese,Juan Puglisi,"Ciriaco Ortiz, Nicolás Primiani, Florentino Ottaviano","Alfredo Mazzeo, Luis Álvarez, Juan D'Arienzo"
Juan D'Arienzo,Sexteto Juan D'Arienzo,1/1/1929,Victoria,Tango,Francisco Fiorentino,Electra,,Enrique Discépolo,Enrique Discépolo,,28-30 / Sextet ,Vicente Gorrese,Juan Puglisi,"Ciriaco Ortiz, Nicolás Primiani, Florentino Ottaviano","Alfredo Mazzeo, Luis Álvarez, Juan D'Arienzo"
Juan D'Arienzo,Sexteto Juan D'Arienzo,1/1/1929,Noche silenciosa,Tango,Francisco Fiorentino,Electra,78rpm,Francisco Lauro,Francisco Lauro,,28-30 / Sextet ,Vicente Gorrese,Juan Puglisi,"Ciriaco Ortiz, Nicolás Primiani, Florentino Ottaviano","Alfredo Mazzeo, Luis Álvarez, Juan D'Arienzo"
Juan D'Arienzo,Sexteto Juan D'Arienzo,1/1/1929,Pilchas fuleras,Tango,Francisco Fiorentino,Electra,78rpm,Alpidio Fernández,P. Gregorio,,28-30 / Sextet ,Vicente Gorrese,Juan Puglisi,"Ciriaco Ortiz, Nicolás Primiani, Florentino Ottaviano","Alfredo Mazzeo, Luis Álvarez, Juan D'Arienzo"
Juan D'Arienzo,Sexteto Juan D'Arienzo,1/1/1929,Soy un arlequín,Tango,Francisco Fiorentino,Electra,78rpm,Enrique Discépolo,Enrique Discépolo,,28-30 / Sextet ,Vicente Gorrese,Juan Puglisi,"Ciriaco Ortiz, Nicolás Primiani, Florentino Ottaviano","Alfredo Mazzeo, Luis Álvarez, Juan D'Arienzo"
Juan D'Arienzo,Sexteto Juan D'Arienzo,1/1/1930,Ché careta,Tango,Francisco Fiorentino,Electra,78rpm,Salvador Pulcio,Domingo Renis,,28-30 / Sextet ,Luis Visca,Roberto Duclós,"Domingo Moro, Juan José Visciglio, Faustino Toboada","Luis Álvarez, Juan D'Arienzo"
Juan D'Arienzo,Sexteto Juan D'Arienzo,1/1/1930,Mala,Tango,Francisco Fiorentino,Electra,78rpm,Juan Visciglio,Luis Rubistein,,28-30 / Sextet ,Luis Visca,Roberto Duclós,"Domingo Moro, Juan José Visciglio, Faustino Toboada","Luis Álvarez, Juan D'Arienzo"
Juan D'Arienzo,Orquesta Típica Juan D'Arienzo,7/2/1935,Desde El Alma,Vals,Instrumental,Víctor,78rpm,Rosita Melo,Víctor Vélez; Homero Manzi,,35 / Fasoli ,Lidio Fasoli,Rodolfo Duclós,"Domingo Moro, Juan José Visciglio, Faustino Toboada","Alfredo Mazzeo, Domingo Mancuso, Francisco Mancini"
Juan D'Arienzo,Orquesta Típica Juan D'Arienzo,7/2/1935,Hotel Victoria,Tango,Instrumental,Víctor,78rpm,Feliciano Latasa,Carlos Pesce,,35 / Fasoli ,Lidio Fasoli,Rodolfo Duclós,"Domingo Moro, Juan José Visciglio, Faustino Toboada","Alfredo Mazzeo, Domingo Mancuso, Francisco Mancini"
Juan D'Arienzo,Orquesta Típica Juan D'Arienzo,8/12/1935,Penas De Amor,Vals,Instrumental,Víctor,78rpm,Augusto Berto,Jesús Blanco,,35 / Fasoli ,Lidio Fasoli,Rodolfo Duclós,"Domingo Moro, Juan José Visciglio, Faustino Toboada","Alfredo Mazzeo, Domingo Mancuso, Francisco Mancini"
Juan D'Arienzo,Orquesta Típica Juan D'Arienzo,8/12/1935,Tinta Verde,Tango,Instrumental,Víctor,78rpm,Agustín Bardi,,,35 / Fasoli ,Lidio Fasoli,Rodolfo Duclós,"Domingo Moro, Juan José Visciglio, Faustino Toboada","Alfredo Mazzeo, Domingo Mancuso, Francisco Mancini"
Juan D'Arienzo,Orquesta Típica Juan D'Arienzo,10/3/1935,Francia,Vals,Instrumental,Víctor,78rpm,Octavio Barbero,Carlos Pesce,,35 / Fasoli ,Lidio Fasoli,Rodolfo Duclós,"Domingo Moro, Juan José Visciglio, Faustino Toboada","Alfredo Mazzeo, Domingo Mancuso, Francisco Mancini"
Juan D'Arienzo,Orquesta Típica Juan D'Arienzo,10/3/1935,Re Fa Si,Tango,Instrumental,Víctor,78rpm,Enrique Delfino,,,35 / Fasoli ,Lidio Fasoli,Rodolfo Duclós,"Domingo Moro, Juan José Visciglio, Faustino Toboada","Alfredo Mazzeo, Domingo Mancuso, Francisco Mancini"
Juan D'Arienzo,Orquesta Típica Juan D'Arienzo,11/18/1935,De Pura Cepa,Milonga,Instrumental,Víctor,78rpm,José Ceglie; Antonio Molina,Osvaldo Cordero,,35 / Fasoli ,Lidio Fasoli,Rodolfo Duclós,"Domingo Moro, Juan José Visciglio, Faustino Toboada,Ciriaco Ortiz, Aníbal Troilo","Alfredo Mazzeo, Domingo Mancuso, Francisco Mancini, Hugo Baralis"
Juan D'Arienzo,Orquesta Típica Juan D'Arienzo,11/18/1935,Sábado Inglés,Tango,Instrumental,Víctor,78rpm,Juan Maglio,Eugenio Cárdenas,,35 / Fasoli ,Lidio Fasoli,Rodolfo Duclós,"Domingo Moro, Juan José Visciglio, Faustino Toboada,Ciriaco Ortiz, Aníbal Troilo","Alfredo Mazzeo, Domingo Mancuso, Francisco Mancini, Hugo Baralis"
Juan D'Arienzo,Orquesta Típica Juan D'Arienzo,12/12/1935,Joaquina,Tango,Instrumental,Víctor,78rpm,Juan Bergamino,,,35 / Fasoli ,Lidio Fasoli,Rodolfo Duclós,"Domingo Moro, Juan José Visciglio, Faustino Toboada","Alfredo Mazzeo, Domingo Mancuso, Francisco Mancini"
Juan D'Arienzo,Orquesta Típica Juan D'Arienzo,12/12/1935,Pabellón De Las Rosas,Vals,Instrumental,Víctor,78rpm,José Felipetti,Antonio Catania; Ángela Felipetti,,35 / Fasoli ,Lidio Fasoli,Rodolfo Duclós,"Domingo Moro, Juan José Visciglio, Faustino Toboada","Alfredo Mazzeo, Domingo Mancuso, Francisco Mancini"
Juan D'Arienzo,Orquesta Típica Juan D'Arienzo,12/31/1935,Nueve De Julio,Tango,Instrumental,Víctor,78rpm,José Padula,Lito Bayardo,,35-38 / Biagi ,Rodolfo Biagi,Rodolfo Duclós,"Domingo Moro, Juan José Visciglio, Faustino Toboada","Alfredo Mazzeo, Domingo Mancuso, Francisco Mancini"
Juan D'Arienzo,Orquesta Típica Juan D'Arienzo,12/31/1935,Orillas Del Plata,Vals,Instrumental,Víctor,78rpm,Juan Maglio,,,35-38 / Biagi ,Rodolfo Biagi,Rodolfo Duclós,"Domingo Moro, Juan José Visciglio, Faustino Toboada","Alfredo Mazzeo, Domingo Mancuso, Francisco Mancini"
Juan D'Arienzo,Orquesta Típica Juan D'Arienzo,1/14/1936,La Guitarrita,Tango,Instrumental,Víctor,78rpm,Eduardo Arolas,Gabriel Clausi,,35-38 / Biagi ,Rodolfo Biagi,Rodolfo Duclós,"Domingo Moro, Juan José Visciglio, Faustino Toboada","Alfredo Mazzeo, Domingo Mancuso, Francisco Mancini"
Juan D'Arienzo,Orquesta Típica Juan D'Arienzo,1/14/1936,Silueta Porteña,Milonga,Walter Cabral,Víctor,78rpm,Nicolas Cuccaro; Juan Cuccaro,Orlando D'Aniello; Ernesto Noli,,35-38 / Biagi ,Rodolfo Biagi,Rodolfo Duclós,"Domingo Moro, Juan José Visciglio, Faustino Toboada","Alfredo Mazzeo, Domingo Mancuso, Francisco Mancini"
Juan D'Arienzo,Orquesta Típica Juan D'Arienzo,1/31/1936,Retintín,Tango,Instrumental,Víctor,78rpm,Eduardo Arolas,Gabriel Clausi,,35-38 / Biagi ,Rodolfo Biagi,Rodolfo Duclós,"Domingo Moro, Juan José Visciglio, Faustino Toboada","Alfredo Mazzeo, Domingo Mancuso, Francisco Mancini"
Juan D'Arienzo,Orquesta Típica Juan D'Arienzo,1/31/1936,Sueño Florido,Vals,Instrumental,Víctor,78rpm,Roberto Firpo,,,35-38 / Biagi ,Rodolfo Biagi,Rodolfo Duclós,"Domingo Moro, Juan José Visciglio, Faustino Toboada","Alfredo Mazzeo, Domingo Mancuso, Francisco Mancini"
Juan D'Arienzo,Orquesta Típica Juan D'Arienzo,4/3/1936,El Flete,Tango,Instrumental,Víctor,78rpm,Vicente Greco,Gerónimo Gradito,,35-38 / Biagi ,Rodolfo Biagi,Rodolfo Duclós,"Domingo Moro, Juan José Visciglio, Faustino Toboada","Alfredo Mazzeo, Domingo Mancuso, Francisco Mancini"
Juan D'Arienzo,Orquesta Típica Juan D'Arienzo,4/3/1936,Un Placer,Vals,Walter Cabral,Víctor,78rpm,Vicente Romeo,Juan Caruso,,35-38 / Biagi ,Rodolfo Biagi,Rodolfo Duclós,"Domingo Moro, Juan José Visciglio, Faustino Toboada","Alfredo Mazzeo, Domingo Mancuso, Francisco Mancini"
Juan D'Arienzo,Orquesta Típica Juan D'Arienzo,5/8/1936,Lorenzo,Tango,Instrumental,Víctor,78rpm,Agustín Bardi,Mario Pardo,,35-38 / Biagi ,Rodolfo Biagi,Rodolfo Duclós,"Domingo Moro, Juan José Visciglio, Faustino Toboada","Alfredo Mazzeo, Domingo Mancuso, Francisco Mancini"
Juan D'Arienzo,Orquesta Típica Juan D'Arienzo,5/8/1936,Tu Olvido,Vals,Walter Cabral,Víctor,78rpm,Vicente Spina,Vicente Spina,,35-38 / Biagi ,Rodolfo Biagi,Rodolfo Duclós,"Domingo Moro, Juan José Visciglio, Faustino Toboada","Alfredo Mazzeo, Domingo Mancuso, Francisco Mancini"
Juan D'Arienzo,Orquesta Típica Juan D'Arienzo,6/9/1936,Irene,Vals,Walter Cabral,Víctor,78rpm,Luis Servidio; José Servidio,Francisco Jiménez,,35-38 / Biagi ,Rodolfo Biagi,Rodolfo Duclós,"Domingo Moro, Juan José Visciglio, Faustino Toboada","Alfredo Mazzeo, Domingo Mancuso, Francisco Mancini"
Juan D'Arienzo,Orquesta Típica Juan D'Arienzo,6/9/1936,La Payanca,Tango,Instrumental,Víctor,78rpm,Augusto Berto,Jesús Blanco; Francisco Bianco,,35-38 / Biagi ,Rodolfo Biagi,Rodolfo Duclós,"Domingo Moro, Juan José Visciglio, Faustino Toboada","Alfredo Mazzeo, Domingo Mancuso, Francisco Mancini"
Juan D'Arienzo,Orquesta Típica Juan D'Arienzo,7/3/1936,Don Esteban,Tango,Instrumental,Víctor,78rpm,Augusto Berto,Carlos Sarmiento,,35-38 / Biagi ,Rodolfo Biagi,Rodolfo Duclós,"Domingo Moro, Juan José Visciglio, Faustino Toboada","Alfredo Mazzeo, Domingo Mancuso, Francisco Mancini"
Juan D'Arienzo,Orquesta Típica Juan D'Arienzo,7/3/1936,No Llores Madre,Vals,Instrumental,Víctor,78rpm,Francisco Lauro,Alfredo Roldán,,35-38 / Biagi ,Rodolfo Biagi,Rodolfo Duclós,"Domingo Moro, Juan José Visciglio, Faustino Toboada","Alfredo Mazzeo, Domingo Mancuso, Francisco Mancini"
Juan D'Arienzo,Orquesta Típica Juan D'Arienzo,8/5/1936,El Irresistible,Tango,Instrumental,Víctor,78rpm,Lorenzo Logatti,Carlos Pesce,,35-38 / Biagi ,Rodolfo Biagi,Rodolfo Duclós,"Domingo Moro, Juan José Visciglio, Faustino Toboada","Alfredo Mazzeo, Domingo Mancuso, Francisco Mancini"
Juan D'Arienzo,Orquesta Típica Juan D'Arienzo,8/5/1936,Inolvidable,Vals,Instrumental,Víctor,78rpm,Vicente Salerno; Héctor Demattei,,,35-38 / Biagi ,Rodolfo Biagi,Rodolfo Duclós,"Domingo Moro, Juan José Visciglio, Faustino Toboada","Alfredo Mazzeo, Domingo Mancuso, Francisco Mancini"
Juan D'Arienzo,Orquesta Típica Juan D'Arienzo,9/3/1936,Amor Y Celo,Vals,Instrumental,Víctor,78rpm,Miguel Padula,Alfredo Roldán,,35-38 / Biagi ,Rodolfo Biagi,Rodolfo Duclós,"Domingo Moro, Juan José Visciglio, Faustino Toboada","Alfredo Mazzeo, Domingo Mancuso, Francisco Mancini"
Juan D'Arienzo,Orquesta Típica Juan D'Arienzo,9/3/1936,Rawson,Tango,Instrumental,Víctor,78rpm,Eduardo Arolas,Gabriel Clausi,,35-38 / Biagi ,Rodolfo Biagi,Rodolfo Duclós,"Domingo Moro, Juan José Visciglio, Faustino Toboada","Alfredo Mazzeo, Domingo Mancuso, Francisco Mancini"
Juan D'Arienzo,Orquesta Típica Juan D'Arienzo,9/29/1936,Don Juan,Tango,Instrumental,Víctor,78rpm,Ernesto Ponzio,Ricardo Podestá,,35-38 / Biagi ,Rodolfo Biagi,Rodolfo Duclós,"Domingo Moro, Juan José Visciglio, Faustino Toboada","Alfredo Mazzeo, Domingo Mancuso, Francisco Mancini"
Juan D'Arienzo,Orquesta Típica Juan D'Arienzo,9/29/1936,Lágrimas Y Sonrisas,Vals,Instrumental,Víctor,78rpm,Pascual Gullo,Francisco Gullo,,35-38 / Biagi ,Rodolfo Biagi,Rodolfo Duclós,"Domingo Moro, Juan José Visciglio, Faustino Toboada","Alfredo Mazzeo, Domingo Mancuso, Francisco Mancini"
Juan D'Arienzo,Orquesta Típica Juan D'Arienzo,10/27/1936,Comme Il Faut,Tango,Instrumental,Víctor,78rpm,Eduardo Arolas,Gabriel Clausi,,35-38 / Biagi ,Rodolfo Biagi,Rodolfo Duclós,"Domingo Moro, Juan José Visciglio, Faustino Toboada","Alfredo Mazzeo, Domingo Mancuso, Francisco Mancini"
Juan D'Arienzo,Orquesta Típica Juan D'Arienzo,10/27/1936,Una Lágrima,Vals,Instrumental,Víctor,78rpm,José Rebolini,Juan Durante,,35-38 / Biagi ,Rodolfo Biagi,Rodolfo Duclós,"Domingo Moro, Juan José Visciglio, Faustino Toboada","Alfredo Mazzeo, Domingo Mancuso, Francisco Mancini"
Juan D'Arienzo,Orquesta Típica Juan D'Arienzo,11/27/1936,Ataniche,Tango,Instrumental,Víctor,78rpm,Ernesto Ponzio,,,35-38 / Biagi ,Rodolfo Biagi,Rodolfo Duclós,"Domingo Moro, Juan José Visciglio, Faustino Toboada","Alfredo Mazzeo, Domingo Mancuso, Francisco Mancini"
Juan D'Arienzo,Orquesta Típica Juan D'Arienzo,11/27/1936,Corazón De Artista,Vals,Instrumental,Víctor,78rpm,Francisco Gullo,Francisco Gullo,,35-38 / Biagi ,Rodolfo Biagi,Rodolfo Duclós,"Domingo Moro, Juan José Visciglio, Faustino Toboada","Alfredo Mazzeo, Domingo Mancuso, Francisco Mancini"
Juan D'Arienzo,Orquesta Típica Juan D'Arienzo,12/30/1936,La Viruta,Tango,Instrumental,Víctor,78rpm,Vicente Greco,,,35-38 / Biagi ,Rodolfo Biagi,Rodolfo Duclós,"Domingo Moro, Juan José Visciglio, Faustino Toboada, Haroldo Ferrero, José Della Rocca","Alfredo Mazzeo, Domingo Mancuso, Francisco Mancini, León Zibaico"
Juan D'Arienzo,Orquesta Típica Juan D'Arienzo,12/30/1936,Visión Celeste,Vals,Instrumental,Víctor,78rpm,Miguel Padula,Carlos Pesce,,35-38 / Biagi ,Rodolfo Biagi,Rodolfo Duclós,"Domingo Moro, Juan José Visciglio, Faustino Toboada, Haroldo Ferrero, José Della Rocca","Alfredo Mazzeo, Domingo Mancuso, Francisco Mancini, León Zibaico"
Juan D'Arienzo,Orquesta Típica Juan D'Arienzo,1/21/1937,El Baqueano,Tango,Instrumental,Víctor,78rpm,Agustín Bardi,,,35-38 / Biagi ,Rodolfo Biagi,Rodolfo Duclós,"Domingo Moro, Juan José Visciglio, Faustino Toboada, Haroldo Ferrero, José Della Rocca","Alfredo Mazzeo, Domingo Mancuso, Francisco Mancini, León Zibaico"
Juan D'Arienzo,Orquesta Típica Juan D'Arienzo,3/5/1937,Alma Dolorida,Vals,Instrumental,Víctor,78rpm,Pedro Datta,,,35-38 / Biagi ,Rodolfo Biagi,Rodolfo Duclós,"Domingo Moro, Juan José Visciglio, Faustino Toboada, Haroldo Ferrero, José Della Rocca","Alfredo Mazzeo, Domingo Mancuso, Francisco Mancini, León Zibaico"
Juan D'Arienzo,Orquesta Típica Juan D'Arienzo,3/5/1937,Qué Noche,Tango,Instrumental,Víctor,78rpm,Agustín Bardi,,,35-38 / Biagi ,Rodolfo Biagi,Rodolfo Duclós,"Domingo Moro, Juan José Visciglio, Faustino Toboada, Haroldo Ferrero, José Della Rocca","Alfredo Mazzeo, Domingo Mancuso, Francisco Mancini, León Zibaico"
Juan D'Arienzo,Orquesta Típica Juan D'Arienzo,4/1/1937,El Apronte,Tango,Instrumental,Víctor,78rpm,Roberto Firpo,,,35-38 / Biagi ,Rodolfo Biagi,Rodolfo Duclós,"Domingo Moro, Juan José Visciglio, Faustino Toboada, Haroldo Ferrero, José Della Rocca","Alfredo Mazzeo, Domingo Mancuso, Francisco Mancini, León Zibaico"
Juan D'Arienzo,Orquesta Típica Juan D'Arienzo,4/1/1937,Mentías,Vals,Instrumental,Víctor,78rpm,Juan Casaretto,Alfredo Navarrine,,35-38 / Biagi ,Rodolfo Biagi,Rodolfo Duclós,"Domingo Moro, Juan José Visciglio, Faustino Toboada, Haroldo Ferrero, José Della Rocca","Alfredo Mazzeo, Domingo Mancuso, Francisco Mancini, León Zibaico"
Juan D'Arienzo,Orquesta Típica Juan D'Arienzo,4/27/1937,Homero,Tango,Instrumental,Víctor,78rpm,Roberto Firpo,,,35-38 / Biagi ,Rodolfo Biagi,Rodolfo Duclós,"Domingo Moro, Juan José Visciglio, Faustino Toboada, Haroldo Ferrero, José Della Rocca","Alfredo Mazzeo, Domingo Mancuso, Francisco Mancini, León Zibaico"
Juan D'Arienzo,Orquesta Típica Juan D'Arienzo,4/27/1937,La Puñalda,Milonga,Instrumental,Víctor,78rpm,Pintín Castellanos,Celedonio Flores,,35-38 / Biagi ,Rodolfo Biagi,Rodolfo Duclós,"Domingo Moro, Juan José Visciglio, Faustino Toboada, Haroldo Ferrero, José Della Rocca","Alfredo Mazzeo, Domingo Mancuso, Francisco Mancini, León Zibaico"
Juan D'Arienzo,Orquesta Típica Juan D'Arienzo,6/2/1937,El Cachafaz,Tango,Instrumental,Víctor,78rpm,Manuel Aróstegui,,,35-38 / Biagi ,Rodolfo Biagi,Rodolfo Duclós,"Domingo Moro, Juan José Visciglio, Faustino Toboada, Haroldo Ferrero, José Della Rocca","Alfredo Mazzeo, Domingo Mancuso, Francisco Mancini, León Zibaico"
Juan D'Arienzo,Orquesta Típica Juan D'Arienzo,7/2/1937,La Rosarina,Tango,Instrumental,Víctor,78rpm,Ricardo Alfiletegaray,Antonio Polito,,35-38 / Biagi ,Rodolfo Biagi,Rodolfo Duclós,"Domingo Moro, Juan José Visciglio, Faustino Toboada, Haroldo Ferrero, José Della Rocca","Alfredo Mazzeo, Domingo Mancuso, Francisco Mancini, León Zibaico"
Juan D'Arienzo,Orquesta Típica Juan D'Arienzo,7/2/1937,Pasión,Vals,Instrumental,Víctor,78rpm,Alberto Cosentino,,,35-38 / Biagi ,Rodolfo Biagi,Rodolfo Duclós,"Domingo Moro, Juan José Visciglio, Faustino Toboada, Haroldo Ferrero, José Della Rocca","Alfredo Mazzeo, Domingo Mancuso, Francisco Mancini, León Zibaico"
Juan D'Arienzo,Orquesta Típica Juan D'Arienzo,7/26/1937,El Choclo,Tango,Instrumental,Víctor,78rpm,Ángel Villoldo,Juan Catán; Enrique Discépolo,,35-38 / Biagi ,Rodolfo Biagi,Rodolfo Duclós,"Domingo Moro, Juan José Visciglio, Faustino Toboada, Haroldo Ferrero, José Della Rocca","Alfredo Mazzeo, Domingo Mancuso, Francisco Mancini, León Zibaico"
Juan D'Arienzo,Orquesta Típica Juan D'Arienzo,7/26/1937,Valsecito Criollo,Vals,Instrumental,Víctor,78rpm,Lidio Fasoli,Francisco Jiménez,,35-38 / Biagi ,Rodolfo Biagi,Rodolfo Duclós,"Domingo Moro, Juan José Visciglio, Faustino Toboada, Haroldo Ferrero, José Della Rocca","Alfredo Mazzeo, Domingo Mancuso, Francisco Mancini, León Zibaico"
Juan D'Arienzo,Orquesta Típica Juan D'Arienzo,8/31/1937,El Porteñito,Tango,Instrumental,Víctor,78rpm,Ángel Villoldo,Ángel Villoldo,,35-38 / Biagi ,Rodolfo Biagi,Rodolfo Duclós,"Domingo Moro, Juan José Visciglio, Faustino Toboada, Haroldo Ferrero, José Della Rocca","Alfredo Mazzeo, Domingo Mancuso, Francisco Mancini, León Zibaico"
Juan D'Arienzo,Orquesta Típica Juan D'Arienzo,8/31/1937,Valsecito De Antes,Vals,Instrumental,Víctor,78rpm,Antonio Sureda,Homero Manzi,,35-38 / Biagi ,Rodolfo Biagi,Rodolfo Duclós,"Domingo Moro, Juan José Visciglio, Faustino Toboada, Haroldo Ferrero, José Della Rocca","Alfredo Mazzeo, Domingo Mancuso, Francisco Mancini, León Zibaico"
Juan D'Arienzo,Orquesta Típica Juan D'Arienzo,9/22/1937,El Caburé,Tango,Instrumental,Víctor,78rpm,Arturo Bassi,,,35-38 / Biagi ,Rodolfo Biagi,Rodolfo Duclós,"Domingo Moro, Juan José Visciglio, Faustino Toboada, Haroldo Ferrero, José Della Rocca","Alfredo Mazzeo, Domingo Mancuso, Francisco Mancini, León Zibaico"
Juan D'Arienzo,Orquesta Típica Juan D'Arienzo,9/22/1937,Milonga Vieja Milonga,Milonga,Instrumental,Víctor,78rpm,Francisco Aranaz,,,35-38 / Biagi ,Rodolfo Biagi,Rodolfo Duclós,"Domingo Moro, Juan José Visciglio, Faustino Toboada, Haroldo Ferrero, José Della Rocca","Alfredo Mazzeo, Domingo Mancuso, Francisco Mancini, León Zibaico"
Juan D'Arienzo,Orquesta Típica Juan D'Arienzo,10/29/1937,Jueves,Tango,Instrumental,Víctor,78rpm,Rafael Rossi; Udelino Toranzo,,,35-38 / Biagi ,Rodolfo Biagi,Rodolfo Duclós,"Domingo Moro, Juan José Visciglio, Faustino Toboada, Haroldo Ferrero, José Della Rocca","Alfredo Mazzeo, Domingo Mancuso, Francisco Mancini, León Zibaico"
Juan D'Arienzo,Orquesta Típica Juan D'Arienzo,10/29/1937,Paciencia,Tango,Enrique Carbel,Víctor,78rpm,Juan D'Arienzo,Francisco Gorrindo,,35-38 / Biagi ,Rodolfo Biagi,Rodolfo Duclós,"Domingo Moro, Juan José Visciglio, Faustino Toboada, Haroldo Ferrero, José Della Rocca","Alfredo Mazzeo, Domingo Mancuso, Francisco Mancini, León Zibaico"
Juan D'Arienzo,Orquesta Típica Juan D'Arienzo,12/9/1937,El Cencerro,Tango,Instrumental,Víctor,78rpm,José Martínez,Francisco Lio,,35-38 / Biagi ,Rodolfo Biagi,Rodolfo Duclós,"Domingo Moro, Juan José Visciglio, Faustino Toboada, Haroldo Ferrero, José Della Rocca","Alfredo Mazzeo, Domingo Mancuso, Francisco Mancini, León Zibaico"
Juan D'Arienzo,Orquesta Típica Juan D'Arienzo,12/9/1937,Gallo Ciego,Tango,Instrumental,Víctor,78rpm,Agustín Bardi,,,35-38 / Biagi ,Rodolfo Biagi,Rodolfo Duclós,"Domingo Moro, Juan José Visciglio, Faustino Toboada, Haroldo Ferrero, José Della Rocca","Alfredo Mazzeo, Domingo Mancuso, Francisco Mancini, León Zibaico"
Juan D'Arienzo,Orquesta Típica Juan D'Arienzo,12/14/1937,El Africano,Tango,Instrumental,Víctor,78rpm,Eduardo Pereyra,Francisco Lío,,35-38 / Biagi ,Rodolfo Biagi,Rodolfo Duclós,"Domingo Moro, Juan José Visciglio, Faustino Toboada, Haroldo Ferrero, José Della Rocca","Alfredo Mazzeo, Domingo Mancuso, Francisco Mancini, León Zibaico"
Juan D'Arienzo,Orquesta Típica Juan D'Arienzo,12/14/1937,La Cumparsita,Tango,Instrumental,Víctor,78rpm,Gerardo Rodríguez,Pascual Contursi; Enrique Maroni; Gerardo Rodríguez,,35-38 / Biagi ,Rodolfo Biagi,Rodolfo Duclós,"Domingo Moro, Juan José Visciglio, Faustino Toboada, Haroldo Ferrero, José Della Rocca","Alfredo Mazzeo, Domingo Mancuso, Francisco Mancini, León Zibaico"
Juan D'Arienzo,Orquesta Típica Juan D'Arienzo,12/21/1937,La Morocha,Tango,Instrumental,Víctor,78rpm,Enrique Saborido,Ángel Villoldo,,35-38 / Biagi ,Rodolfo Biagi,Rodolfo Duclós,"Domingo Moro, Juan José Visciglio, Faustino Toboada, Haroldo Ferrero, José Della Rocca","Alfredo Mazzeo, Domingo Mancuso, Francisco Mancini, León Zibaico"
Juan D'Arienzo,Orquesta Típica Juan D'Arienzo,12/21/1937,Melodía Porteña,Tango,Instrumental,Víctor,78rpm,Enrique Discépolo,Enrique Discépolo,,35-38 / Biagi ,Rodolfo Biagi,Rodolfo Duclós,"Domingo Moro, Juan José Visciglio, Faustino Toboada, Haroldo Ferrero, José Della Rocca","Alfredo Mazzeo, Domingo Mancuso, Francisco Mancini, León Zibaico"
Juan D'Arienzo,Orquesta Típica Juan D'Arienzo,1/4/1938,El Esquinazo,Milonga,Instrumental,Víctor,78rpm,Ángel Villoldo,Carlos Pesce; A. Timarni,,35-38 / Biagi ,Rodolfo Biagi,Rodolfo Duclós,"Domingo Moro, Juan José Visciglio, Faustino Toboada, Haroldo Ferrero, José Della Rocca","Alfredo Mazzeo, Domingo Mancuso, Francisco Mancini, León Zibaico"
Juan D'Arienzo,Orquesta Típica Juan D'Arienzo,1/4/1938,Indiferencia,Tango,Alberto Echagüe,Víctor,78rpm,Rodolfo Biagi,Juan Thorry,,35-38 / Biagi ,Rodolfo Biagi,Rodolfo Duclós,"Domingo Moro, Juan José Visciglio, Faustino Toboada, Haroldo Ferrero, José Della Rocca","Alfredo Mazzeo, Domingo Mancuso, Francisco Mancini, León Zibaico"
Juan D'Arienzo,Orquesta Típica Juan D'Arienzo,1/7/1938,Rodriguez Peña,Tango,Instrumental,Víctor,78rpm,Vicente Greco,Ernesto Temes; Juan Velich; Rafael Velich,,35-38 / Biagi ,Rodolfo Biagi,Rodolfo Duclós,"Domingo Moro, Juan José Visciglio, Faustino Toboada, Haroldo Ferrero, José Della Rocca","Alfredo Mazzeo, Domingo Mancuso, Francisco Mancini, León Zibaico"
Juan D'Arienzo,Orquesta Típica Juan D'Arienzo,1/7/1938,Unión Cívica,Tango,Instrumental,Víctor,78rpm,Domingo Cruz,,,35-38 / Biagi ,Rodolfo Biagi,Rodolfo Duclós,"Domingo Moro, Juan José Visciglio, Faustino Toboada, Haroldo Ferrero, José Della Rocca","Alfredo Mazzeo, Domingo Mancuso, Francisco Mancini, León Zibaico"
Juan D'Arienzo,Orquesta Típica Juan D'Arienzo,3/23/1938,El Triunfo,Tango,Instrumental,Víctor,78rpm,Francisco Canaro,,,35-38 / Biagi ,Rodolfo Biagi,Rodolfo Duclós,"Domingo Moro, Juan José Visciglio, Faustino Toboada, Haroldo Ferrero, José Della Rocca","Alfredo Mazzeo, Domingo Mancuso, Francisco Mancini, León Zibaico"
Juan D'Arienzo,Orquesta Típica Juan D'Arienzo,3/23/1938,La Mariposa,Tango,Instrumental,Víctor,78rpm,Pedro Maffia,Celedonio Flores,,35-38 / Biagi ,Rodolfo Biagi,Rodolfo Duclós,"Domingo Moro, Juan José Visciglio, Faustino Toboada, Haroldo Ferrero, José Della Rocca","Alfredo Mazzeo, Domingo Mancuso, Francisco Mancini, León Zibaico"
Juan D'Arienzo,Orquesta Típica Juan D'Arienzo,4/12/1938,El Aeroplano,Vals,Instrumental,Víctor,78rpm,Pedro Datta,,,35-38 / Biagi ,Rodolfo Biagi,Rodolfo Duclós,"Domingo Moro, Juan José Visciglio, Faustino Toboada, Haroldo Ferrero, José Della Rocca","Alfredo Mazzeo, Domingo Mancuso, Francisco Mancini, León Zibaico"
Juan D'Arienzo,Orquesta Típica Juan D'Arienzo,4/12/1938,El Horizonte,Tango,Instrumental,Víctor,78rpm,Roberto Firpo,,,35-38 / Biagi ,Rodolfo Biagi,Rodolfo Duclós,"Domingo Moro, Juan José Visciglio, Faustino Toboada, Haroldo Ferrero, José Della Rocca","Alfredo Mazzeo, Domingo Mancuso, Francisco Mancini, León Zibaico"
Juan D'Arienzo,Orquesta Típica Juan D'Arienzo,5/6/1938,El Cisne,Tango,Instrumental,Víctor,78rpm,José Rizzutti,,,35-38 / Biagi ,Rodolfo Biagi,Rodolfo Duclós,"Domingo Moro, Juan José Visciglio, Faustino Toboada, Haroldo Ferrero, José Della Rocca","Alfredo Mazzeo, Domingo Mancuso, Francisco Mancini, León Zibaico"
Juan D'Arienzo,Orquesta Típica Juan D'Arienzo,5/6/1938,Milonga Del Corazón,Milonga,Alberto Echagüe,Víctor,78rpm,Miguel Bucino,Miguel Bucino,,35-38 / Biagi ,Rodolfo Biagi,Rodolfo Duclós,"Domingo Moro, Juan José Visciglio, Faustino Toboada, Haroldo Ferrero, José Della Rocca","Alfredo Mazzeo, Domingo Mancuso, Francisco Mancini, León Zibaico"
Juan D'Arienzo,Orquesta Típica Juan D'Arienzo,6/8/1938,El Temblor,Milonga,Alberto Echagüe,Víctor,78rpm,Horacio Castellanos,Horacio Castellanos,,35-38 / Biagi ,Rodolfo Biagi,Rodolfo Duclós,"Domingo Moro, Juan José Visciglio, Faustino Toboada, Haroldo Ferrero, José Della Rocca","Alfredo Mazzeo, Domingo Mancuso, Francisco Mancini, León Zibaico"
Juan D'Arienzo,Orquesta Típica Juan D'Arienzo,6/8/1938,La Catrera,Tango,Instrumental,Víctor,78rpm,Arturo Bassi,,,35-38 / Biagi ,Rodolfo Biagi,Rodolfo Duclós,"Domingo Moro, Juan José Visciglio, Faustino Toboada, Haroldo Ferrero, José Della Rocca","Alfredo Mazzeo, Domingo Mancuso, Francisco Mancini, León Zibaico"
Juan D'Arienzo,Orquesta Típica Juan D'Arienzo,6/22/1938,Champagne Tango,Tango,Instrumental,Víctor,78rpm,Manuel Aróztegui,,,35-38 / Biagi ,Rodolfo Biagi,Rodolfo Duclós,"Domingo Moro, Juan José Visciglio, Faustino Toboada, Haroldo Ferrero, José Della Rocca","Alfredo Mazzeo, Domingo Mancuso, Francisco Mancini, León Zibaico"
Juan D'Arienzo,Orquesta Típica Juan D'Arienzo,6/22/1938,Pensalo Bien,Tango,Alberto Echagüe,Víctor,78rpm,Juan Visciglio,Nolo López; Julio Cantuarias,,35-38 / Biagi ,Rodolfo Biagi,Rodolfo Duclós,"Domingo Moro, Juan José Visciglio, Faustino Toboada, Haroldo Ferrero, José Della Rocca","Alfredo Mazzeo, Domingo Mancuso, Francisco Mancini, León Zibaico"
Juan D'Arienzo,Orquesta Típica Juan D'Arienzo,7/8/1938,El Internado,Tango,Instrumental,Víctor,78rpm,Francisco Canaro,,,38-40 / Polito ,Juan Polito,"Pedro Caracciolo, Rodolfo Duclós","Domingo Moro, Juan José Visciglio, Faustino Toboada, Haroldo Ferrero, José Della Rocca","Alfredo Mazzeo, Domingo Mancuso, Francisco Mancini, León Zibaico"
Juan D'Arienzo,Orquesta Típica Juan D'Arienzo,7/8/1938,Nada Más,Tango,Alberto Echagüe,Víctor,78rpm,Juan D'Arienzo; Luis Rubistein,Juan D'Arienzo; Luis Rubistein,,38-40 / Polito ,Juan Polito,"Pedro Caracciolo, Rodolfo Duclós","Domingo Moro, Juan José Visciglio, Faustino Toboada, Haroldo Ferrero, José Della Rocca","Alfredo Mazzeo, Domingo Mancuso, Francisco Mancini, León Zibaico"
Juan D'Arienzo,Orquesta Típica Juan D'Arienzo,8/5/1938,Estampa De Varón,Milonga,Alberto Echagüe,Víctor,78rpm,Mariano Mores,Américo Surde,,38-40 / Polito ,Juan Polito,"Pedro Caracciolo, Rodolfo Duclós","Domingo Moro, Juan José Visciglio, Faustino Toboada, Haroldo Ferrero, José Della Rocca","Alfredo Mazzeo, Domingo Mancuso, Francisco Mancini, León Zibaico"
Juan D'Arienzo,Orquesta Típica Juan D'Arienzo,8/5/1938,Florida,Tango,Instrumental,Víctor,78rpm,Raimundo Petillo,Antonio Polito,,38-40 / Polito ,Juan Polito,"Pedro Caracciolo, Rodolfo Duclós","Domingo Moro, Juan José Visciglio, Faustino Toboada, Haroldo Ferrero, José Della Rocca","Alfredo Mazzeo, Domingo Mancuso, Francisco Mancini, León Zibaico"
Juan D'Arienzo,Orquesta Típica Juan D'Arienzo,8/26/1938,La Bruja,Tango,Alberto Echagüe,Víctor,78rpm,Juan Polito,Francisco Gorrindo,,38-40 / Polito ,Juan Polito,"Pedro Caracciolo, Rodolfo Duclós","Domingo Moro, Juan José Visciglio, Faustino Toboada, Haroldo Ferrero, José Della Rocca","Alfredo Mazzeo, Domingo Mancuso, Francisco Mancini, León Zibaico"
Juan D'Arienzo,Orquesta Típica Juan D'Arienzo,8/26/1938,Lelia,Tango,Instrumental,Víctor,78rpm,Eduardo Arolas,Héctor Polito,,38-40 / Polito ,Juan Polito,"Pedro Caracciolo, Rodolfo Duclós","Domingo Moro, Juan José Visciglio, Faustino Toboada, Haroldo Ferrero, José Della Rocca","Alfredo Mazzeo, Domingo Mancuso, Francisco Mancini, León Zibaico"
Juan D'Arienzo,Orquesta Típica Juan D'Arienzo,9/30/1938,En Tu Corazón,Vals,Alberto Echagüe,Víctor,78rpm,Horacio Salgán,Carmelo Volpe,,38-40 / Polito ,Juan Polito,"Pedro Caracciolo, Rodolfo Duclós","Domingo Moro, Juan José Visciglio, Faustino Toboada, Haroldo Ferrero, José Della Rocca","Alfredo Mazzeo, Domingo Mancuso, Francisco Mancini, León Zibaico"
Juan D'Arienzo,Orquesta Típica Juan D'Arienzo,9/30/1938,Lunes,Tango,Instrumental,Víctor,78rpm,José Padula,Francisco Jiménez,,38-40 / Polito ,Juan Polito,"Pedro Caracciolo, Rodolfo Duclós","Domingo Moro, Juan José Visciglio, Faustino Toboada, Haroldo Ferrero, José Della Rocca","Alfredo Mazzeo, Domingo Mancuso, Francisco Mancini, León Zibaico"
Juan D'Arienzo,Orquesta Típica Juan D'Arienzo,11/3/1938,Cabeza De Novia,Vals,Alberto Echagüe,Víctor,78rpm,Anselmo Aieta,Nolo López,,38-40 / Polito ,Juan Polito,"Pedro Caracciolo, Rodolfo Duclós","Domingo Moro, Juan José Visciglio, Faustino Toboada, Haroldo Ferrero, José Della Rocca","Alfredo Mazzeo, Domingo Mancuso, Francisco Mancini, León Zibaico"
Juan D'Arienzo,Orquesta Típica Juan D'Arienzo,11/3/1938,De Mi Flor,Tango,Instrumental,Víctor,78rpm,Roberto Firpo,,,38-40 / Polito ,Juan Polito,"Pedro Caracciolo, Rodolfo Duclós","Domingo Moro, Juan José Visciglio, Faustino Toboada, Haroldo Ferrero, José Della Rocca","Alfredo Mazzeo, Domingo Mancuso, Francisco Mancini, León Zibaico"
Juan D'Arienzo,Orquesta Típica Juan D'Arienzo,11/9/1938,Ansiedad,Tango,Alberto Echagüe,Víctor,78rpm,Domingo Moro,Francisco Gorrindo,,38-40 / Polito ,Juan Polito,"Pedro Caracciolo, Rodolfo Duclós","Domingo Moro, Juan José Visciglio, Faustino Toboada, Haroldo Ferrero, José Della Rocca","Alfredo Mazzeo, Domingo Mancuso, Francisco Mancini, León Zibaico"
Juan D'Arienzo,Orquesta Típica Juan D'Arienzo,11/9/1938,Milonga Querida,Milonga,Alberto Echagüe,Víctor,78rpm,Juan Larenza,Lito Bayardo,,38-40 / Polito ,Juan Polito,"Pedro Caracciolo, Rodolfo Duclós","Domingo Moro, Juan José Visciglio, Faustino Toboada, Haroldo Ferrero, José Della Rocca","Alfredo Mazzeo, Domingo Mancuso, Francisco Mancini, León Zibaico"
Juan D'Arienzo,Orquesta Típica Juan D'Arienzo,12/28/1938,El Pollito,Tango,Instrumental,Víctor,78rpm,Francisco Canaro,,,38-40 / Polito ,Juan Polito,"Pedro Caracciolo, Rodolfo Duclós","Domingo Moro, Juan José Visciglio, Faustino Toboada, Haroldo Ferrero, José Della Rocca","Alfredo Mazzeo, Domingo Mancuso, Francisco Mancini, León Zibaico"
Juan D'Arienzo,Orquesta Típica Juan D'Arienzo,12/28/1938,No Mientas,Tango,Alberto Echagüe,Víctor,78rpm,Alfredo Lattero; Héctor Varela,Héctor Marcó,,38-40 / Polito ,Juan Polito,"Pedro Caracciolo, Rodolfo Duclós","Domingo Moro, Juan José Visciglio, Faustino Toboada, Haroldo Ferrero, José Della Rocca","Alfredo Mazzeo, Domingo Mancuso, Francisco Mancini, León Zibaico"
Juan D'Arienzo,Orquesta Típica Juan D'Arienzo,1/4/1939,Pico Blanco,Tango,Instrumental,Víctor,78rpm,Agustín Bardi,,,38-40 / Polito ,Juan Polito,"Pedro Caracciolo, Rodolfo Duclós","Domingo Moro, Juan José Visciglio, Faustino Toboada, Haroldo Ferrero, José Della Rocca","Alfredo Mazzeo, Domingo Mancuso, Francisco Mancini, León Zibaico"
Juan D'Arienzo,Orquesta Típica Juan D'Arienzo,1/4/1939,Yunta Brava,Tango,Instrumental,Víctor,78rpm,Ángel Villoldo,Carlos Pesce; Antonio Polito,,38-40 / Polito ,Juan Polito,"Pedro Caracciolo, Rodolfo Duclós","Domingo Moro, Juan José Visciglio, Faustino Toboada, Haroldo Ferrero, José Della Rocca","Alfredo Mazzeo, Domingo Mancuso, Francisco Mancini, León Zibaico"
Juan D'Arienzo,Orquesta Típica Juan D'Arienzo,3/3/1939,Dos Guitas,Tango,Alberto Echagüe,Víctor,78rpm,Juan D'Arienzo,Francisco Gorrindo,,38-40 / Polito ,Juan Polito,"Pedro Caracciolo, Rodolfo Duclós","Domingo Moro, Juan José Visciglio, Faustino Toboada, Haroldo Ferrero, José Della Rocca","Alfredo Mazzeo, Domingo Mancuso, Francisco Mancini, León Zibaico"
Juan D'Arienzo,Orquesta Típica Juan D'Arienzo,3/3/1939,Meta Fierro,Milonga,Alberto Echagüe,Víctor,78rpm,Horacio Alves,Horacio Alves,,38-40 / Polito ,Juan Polito,"Pedro Caracciolo, Rodolfo Duclós","Domingo Moro, Juan José Visciglio, Faustino Toboada, Haroldo Ferrero, José Della Rocca","Alfredo Mazzeo, Domingo Mancuso, Francisco Mancini, León Zibaico"
Juan D'Arienzo,Orquesta Típica Juan D'Arienzo,4/18/1939,Maipo,Tango,Instrumental,Víctor,78rpm,Eduardo Arolas,Gabriel Clausi,,38-40 / Polito ,Juan Polito,"Pedro Caracciolo, Rodolfo Duclós","Domingo Moro, Juan José Visciglio, Faustino Toboada, Haroldo Ferrero, José Della Rocca","Alfredo Mazzeo, Domingo Mancuso, Francisco Mancini, León Zibaico"
Juan D'Arienzo,Orquesta Típica Juan D'Arienzo,4/18/1939,No Me Lo Digas,Tango,Instrumental,Víctor,78rpm,Luis Visca,Luis Rubistein,,38-40 / Polito ,Juan Polito,"Pedro Caracciolo, Rodolfo Duclós","Domingo Moro, Juan José Visciglio, Faustino Toboada, Haroldo Ferrero, José Della Rocca","Alfredo Mazzeo, Domingo Mancuso, Francisco Mancini, León Zibaico"
Juan D'Arienzo,Orquesta Típica Juan D'Arienzo,5/30/1939,Charamusca,Tango,Instrumental,Víctor,78rpm,Francisco Canaro,,,38-40 / Polito ,Juan Polito,"Pedro Caracciolo, Rodolfo Duclós","Domingo Moro, Juan José Visciglio, Faustino Toboada, Haroldo Ferrero, José Della Rocca","Alfredo Mazzeo, Domingo Mancuso, Francisco Mancini, León Zibaico"
Juan D'Arienzo,Orquesta Típica Juan D'Arienzo,5/30/1939,Olvídame,Tango,Alberto Echagüe,Víctor,78rpm,Miguel Bucino,Miguel Bucino,,38-40 / Polito ,Juan Polito,"Pedro Caracciolo, Rodolfo Duclós","Domingo Moro, Juan José Visciglio, Faustino Toboada, Haroldo Ferrero, José Della Rocca","Alfredo Mazzeo, Domingo Mancuso, Francisco Mancini, León Zibaico"
Juan D'Arienzo,Orquesta Típica Juan D'Arienzo,5/4/1939,El Marne,Tango,Instrumental,Víctor,78rpm,Eduardo Arolas,Gabriel Clausi,,38-40 / Polito ,Juan Polito,"Pedro Caracciolo, Rodolfo Duclós","Domingo Moro, Juan José Visciglio, Faustino Toboada, Haroldo Ferrero, José Della Rocca","Alfredo Mazzeo, Domingo Mancuso, Francisco Mancini, León Zibaico"
Juan D'Arienzo,Orquesta Típica Juan D'Arienzo,5/4/1939,Recuerdos De La Pampa,Vals,Alberto Echagüe,Víctor,78rpm,Rodolfo Duclós,Rodolfo Duclós,,38-40 / Polito ,Juan Polito,"Pedro Caracciolo, Rodolfo Duclós","Domingo Moro, Juan José Visciglio, Faustino Toboada, Haroldo Ferrero, José Della Rocca","Alfredo Mazzeo, Domingo Mancuso, Francisco Mancini, León Zibaico"
Juan D'Arienzo,Orquesta Típica Juan D'Arienzo,7/17/1939,Derecho Viejo,Tango,Instrumental,Víctor,78rpm,Eduardo Arolas,Gabriel Clausi,,38-40 / Polito ,Juan Polito,"Pedro Caracciolo, Rodolfo Duclós","Domingo Moro, Juan José Visciglio, Faustino Toboada, Haroldo Ferrero, José Della Rocca","Alfredo Mazzeo, Domingo Mancuso, Francisco Mancini, León Zibaico"
Juan D'Arienzo,Orquesta Típica Juan D'Arienzo,7/17/1939,Milonga Del Recuerdo,Milonga,Alberto Echagüe,Víctor,78rpm,Alfonso Lacueva,José Pecora,,38-40 / Polito ,Juan Polito,"Pedro Caracciolo, Rodolfo Duclós","Domingo Moro, Juan José Visciglio, Faustino Toboada, Haroldo Ferrero, José Della Rocca","Alfredo Mazzeo, Domingo Mancuso, Francisco Mancini, León Zibaico"
Juan D'Arienzo,Orquesta Típica Juan D'Arienzo,8/9/1939,Castigo,Vals,Alberto Echagüe,Víctor,78rpm,Juan Polito,Luis Rubistein,,38-40 / Polito ,Juan Polito,"Pedro Caracciolo, Rodolfo Duclós","Domingo Moro, Juan José Visciglio, Faustino Toboada, Haroldo Ferrero, José Della Rocca","Alfredo Mazzeo, Domingo Mancuso, Francisco Mancini, León Zibaico"
Juan D'Arienzo,Orquesta Típica Juan D'Arienzo,8/9/1939,Mandria,Tango,Alberto Echagüe,Víctor,78rpm,Juan Rodríguez,Juan Velich; Francisco Brancatti,,38-40 / Polito ,Juan Polito,"Pedro Caracciolo, Rodolfo Duclós","Domingo Moro, Juan José Visciglio, Faustino Toboada, Haroldo Ferrero, José Della Rocca","Alfredo Mazzeo, Domingo Mancuso, Francisco Mancini, León Zibaico"
Juan D'Arienzo,Orquesta Típica Juan D'Arienzo,9/1/1939,El Vino Triste,Tango,Alberto Echagüe,Víctor,78rpm,Juan D'Arienzo,Manuel Romero,,38-40 / Polito ,Juan Polito,"Pedro Caracciolo, Rodolfo Duclós","Domingo Moro, Juan José Visciglio, Faustino Toboada, Haroldo Ferrero, José Della Rocca","Alfredo Mazzeo, Domingo Mancuso, Francisco Mancini, León Zibaico"
Juan D'Arienzo,Orquesta Típica Juan D'Arienzo,9/1/1939,Felicia,Tango,Instrumental,Víctor,78rpm,Enrique Saborido,Carlos Pacheco,,38-40 / Polito ,Juan Polito,"Pedro Caracciolo, Rodolfo Duclós","Domingo Moro, Juan José Visciglio, Faustino Toboada, Haroldo Ferrero, José Della Rocca","Alfredo Mazzeo, Domingo Mancuso, Francisco Mancini, León Zibaico"
Juan D'Arienzo,Orquesta Típica Juan D'Arienzo,9/27/1939,De Antaño,Milonga,Alberto Echagüe,Víctor,78rpm,Luis Rubistein,Luis Rubistein,,38-40 / Polito ,Juan Polito,"Pedro Caracciolo, Rodolfo Duclós","Domingo Moro, Juan José Visciglio, Faustino Toboada, Haroldo Ferrero, José Della Rocca","Alfredo Mazzeo, Domingo Mancuso, Francisco Mancini, León Zibaico"
Juan D'Arienzo,Orquesta Típica Juan D'Arienzo,9/27/1939,Don Pacífico,Tango,Instrumental,Víctor,78rpm,Arturo Bassi,,,38-40 / Polito ,Juan Polito,"Pedro Caracciolo, Rodolfo Duclós","Domingo Moro, Juan José Visciglio, Faustino Toboada, Haroldo Ferrero, José Della Rocca","Alfredo Mazzeo, Domingo Mancuso, Francisco Mancini, León Zibaico"
Juan D'Arienzo,Orquesta Típica Juan D'Arienzo,9/27/1939,Qué Importa,Tango,Alberto Echagüe,Víctor,78rpm,Ricardo Tanturi,Juan Thorry; José Torrontegui,,38-40 / Polito ,Juan Polito,"Pedro Caracciolo, Rodolfo Duclós","Domingo Moro, Juan José Visciglio, Faustino Toboada, Haroldo Ferrero, José Della Rocca","Alfredo Mazzeo, Domingo Mancuso, Francisco Mancini, León Zibaico"
Juan D'Arienzo,Orquesta Típica Juan D'Arienzo,9/27/1939,Santa Milonguita,Tango,Alberto Echagüe,Víctor,78rpm,Enrique Delfino,Enrique Cadícamo,,38-40 / Polito ,Juan Polito,"Pedro Caracciolo, Rodolfo Duclós","Domingo Moro, Juan José Visciglio, Faustino Toboada, Haroldo Ferrero, José Della Rocca","Alfredo Mazzeo, Domingo Mancuso, Francisco Mancini, León Zibaico"
Juan D'Arienzo,Orquesta Típica Juan D'Arienzo,10/31/1939,La Cicatriz,Milonga,Alberto Echagüe,Víctor,78rpm,Raúl Aguirrezabalaga,Raúl Aguirrezabalaga,,38-40 / Polito ,Juan Polito,"Pedro Caracciolo, Rodolfo Duclós","Domingo Moro, Juan José Visciglio, Faustino Toboada, Haroldo Ferrero, José Della Rocca","Alfredo Mazzeo, Domingo Mancuso, Francisco Mancini, León Zibaico"
Juan D'Arienzo,Orquesta Típica Juan D'Arienzo,10/31/1939,Pampa,Tango,Instrumental,Víctor,78rpm,Francisco Pracánico,,,38-40 / Polito ,Juan Polito,"Pedro Caracciolo, Rodolfo Duclós","Domingo Moro, Juan José Visciglio, Faustino Toboada, Haroldo Ferrero, José Della Rocca","Alfredo Mazzeo, Domingo Mancuso, Francisco Mancini, León Zibaico"
Juan D'Arienzo,Orquesta Típica Juan D'Arienzo,11/14/1939,"Ay, Aurora",Vals,Alberto Echagüe,Víctor,78rpm,Carlos Vázquez,Federico Bustíos,,38-40 / Polito ,Juan Polito,"Pedro Caracciolo, Rodolfo Duclós","Domingo Moro, Juan José Visciglio, Faustino Toboada, Haroldo Ferrero, José Della Rocca","Alfredo Mazzeo, Domingo Mancuso, Francisco Mancini, León Zibaico"
Juan D'Arienzo,Orquesta Típica Juan D'Arienzo,11/14/1939,Que Dios Te Ayude,Tango,Alberto Echagüe,Víctor,78rpm,Juan Visciglio,Antonio Mastronardi; Nolo López,,38-40 / Polito ,Juan Polito,"Pedro Caracciolo, Rodolfo Duclós","Domingo Moro, Juan José Visciglio, Faustino Toboada, Haroldo Ferrero, José Della Rocca","Alfredo Mazzeo, Domingo Mancuso, Francisco Mancini, León Zibaico"
Juan D'Arienzo,Orquesta Típica Juan D'Arienzo,12/22/1939,Por Qué Razón,Tango,Instrumental,Víctor,78rpm,Salvador Grupillo,,,38-40 / Polito ,Juan Polito,"Pedro Caracciolo, Rodolfo Duclós","Domingo Moro, Juan José Visciglio, Faustino Toboada, Haroldo Ferrero, José Della Rocca","Alfredo Mazzeo, Domingo Mancuso, Francisco Mancini, León Zibaico"
Juan D'Arienzo,Orquesta Típica Juan D'Arienzo,12/22/1939,Trago Amargo,Tango,Alberto Echagüe,Víctor,Víctor,Rafael Iriarte,Julio Navarrine,,38-40 / Polito ,Juan Polito,"Pedro Caracciolo, Rodolfo Duclós","Domingo Moro, Juan José Visciglio, Faustino Toboada, Haroldo Ferrero, José Della Rocca","Alfredo Mazzeo, Domingo Mancuso, Francisco Mancini, León Zibaico"
Juan D'Arienzo,Orquesta Típica Juan D'Arienzo,4/12/1940,Entre Dos Fuegos,Tango,Instrumental,Víctor,78rpm,Alberto Buchardo,,,40-45 / Salamanca ,Fulvio Salamanca,Olindo Sinibaldi,"Héctor Varela, Eladio Blanco, Alberto San Miguel, José Di Pilato, Jorge Ceriotti","Cayetano Puglisi, Blas Pensato, Jaime Ferrer, Clemente Arnáiz"
Juan D'Arienzo,Orquesta Típica Juan D'Arienzo,4/12/1940,Salí De Perdedor,Milonga,Alberto Reynal,Víctor,78rpm,Hector Varela,Alberto Nery,,40-45 / Salamanca ,Fulvio Salamanca,Olindo Sinibaldi,"Héctor Varela, Eladio Blanco, Alberto San Miguel, José Di Pilato, Jorge Ceriotti","Cayetano Puglisi, Blas Pensato, Jaime Ferrer, Clemente Arnáiz"
Juan D'Arienzo,Orquesta Típica Juan D'Arienzo,5/17/1940,A Una Mujer,Vals,Alberto Reynal,Víctor,78rpm,Horacio Salgán,Carmelo Volpe,,40-45 / Salamanca ,Fulvio Salamanca,Olindo Sinibaldi,"Héctor Varela, Eladio Blanco, Alberto San Miguel, José Di Pilato, Jorge Ceriotti","Cayetano Puglisi, Blas Pensato, Jaime Ferrer, Clemente Arnáiz"
Juan D'Arienzo,Orquesta Típica Juan D'Arienzo,5/17/1940,Chirusa,Tango,Alberto Reynal,Víctor,78rpm,Juan D'Arienzo,Nolo López,,40-45 / Salamanca ,Fulvio Salamanca,Olindo Sinibaldi,"Héctor Varela, Eladio Blanco, Alberto San Miguel, José Di Pilato, Jorge Ceriotti","Cayetano Puglisi, Blas Pensato, Jaime Ferrer, Clemente Arnáiz"
Juan D'Arienzo,Orquesta Típica Juan D'Arienzo,6/7/1940,Cajita De Música,Milonga,Alberto Reynal,Víctor,78rpm,Pintín Castellanos,,,40-45 / Salamanca ,Fulvio Salamanca,Olindo Sinibaldi,"Héctor Varela, Eladio Blanco, Alberto San Miguel, José Di Pilato, Jorge Ceriotti","Cayetano Puglisi, Blas Pensato, Jaime Ferrer, Clemente Arnáiz"
Juan D'Arienzo,Orquesta Típica Juan D'Arienzo,6/7/1940,El Pillín,Tango,Instrumental,Víctor,78rpm,Francisco Canaro,,,40-45 / Salamanca ,Fulvio Salamanca,Olindo Sinibaldi,"Héctor Varela, Eladio Blanco, Alberto San Miguel, José Di Pilato, Jorge Ceriotti","Cayetano Puglisi, Blas Pensato, Jaime Ferrer, Clemente Arnáiz"
Juan D'Arienzo,Orquesta Típica Juan D'Arienzo,6/27/1940,Fibras,Vals,Instrumental,Víctor,78rpm,Eduardo Bonessi,F. Sierra,,40-45 / Salamanca ,Fulvio Salamanca,Olindo Sinibaldi,"Héctor Varela, Eladio Blanco, Alberto San Miguel, José Di Pilato, Jorge Ceriotti","Cayetano Puglisi, Blas Pensato, Jaime Ferrer, Clemente Arnáiz"
Juan D'Arienzo,Orquesta Típica Juan D'Arienzo,6/27/1940,Tucumán,Tango,Instrumental,Víctor,78rpm,José Padula,,,40-45 / Salamanca ,Fulvio Salamanca,Olindo Sinibaldi,"Héctor Varela, Eladio Blanco, Alberto San Miguel, José Di Pilato, Jorge Ceriotti","Cayetano Puglisi, Blas Pensato, Jaime Ferrer, Clemente Arnáiz"
Juan D'Arienzo,Orquesta Típica Juan D'Arienzo,8/8/1940,Barracas Al Sud,Milonga,Carlos Casares,Víctor,78rpm,Fulvio Salamanca,Julio Alberto,,40-45 / Salamanca ,Fulvio Salamanca,Olindo Sinibaldi,"Héctor Varela, Eladio Blanco, Alberto San Miguel, José Di Pilato, Jorge Ceriotti","Cayetano Puglisi, Blas Pensato, Jaime Ferrer, Clemente Arnáiz"
Juan D'Arienzo,Orquesta Típica Juan D'Arienzo,8/8/1940,La Bicoca,Tango,Instrumental,Víctor,78rpm,Severino Severino,,,40-45 / Salamanca ,Fulvio Salamanca,Olindo Sinibaldi,"Héctor Varela, Eladio Blanco, Alberto San Miguel, José Di Pilato, Jorge Ceriotti","Cayetano Puglisi, Blas Pensato, Jaime Ferrer, Clemente Arnáiz"
Juan D'Arienzo,Orquesta Típica Juan D'Arienzo,8/22/1940,El Tigre Millán,Tango,Alberto Reynal,Víctor,78rpm,Francisco Canaro,,,40-45 / Salamanca ,Fulvio Salamanca,Olindo Sinibaldi,"Héctor Varela, Eladio Blanco, Alberto San Miguel, José Di Pilato, Jorge Ceriotti","Cayetano Puglisi, Blas Pensato, Jaime Ferrer, Clemente Arnáiz"
Juan D'Arienzo,Orquesta Típica Juan D'Arienzo,8/22/1940,Rie Payaso,Tango,Carlos Casares,Víctor,78rpm,Virgilio Carmona,Emilio Falero,,40-45 / Salamanca ,Fulvio Salamanca,Olindo Sinibaldi,"Héctor Varela, Eladio Blanco, Alberto San Miguel, José Di Pilato, Jorge Ceriotti","Cayetano Puglisi, Blas Pensato, Jaime Ferrer, Clemente Arnáiz"
Juan D'Arienzo,Orquesta Típica Juan D'Arienzo,10/9/1940,La Clavada,Tango,Instrumental,Víctor,78rpm,Ernesto Zambonini,,,40-45 / Salamanca ,Fulvio Salamanca,Olindo Sinibaldi,"Héctor Varela, Eladio Blanco, Alberto San Miguel, José Di Pilato, Jorge Ceriotti","Cayetano Puglisi, Blas Pensato, Jaime Ferrer, Clemente Arnáiz"
Juan D'Arienzo,Orquesta Típica Juan D'Arienzo,10/9/1940,Yo También,Tango,Carlos Casares,Víctor,78rpm,Luis Visca,Luis Rubistein,,40-45 / Salamanca ,Fulvio Salamanca,Olindo Sinibaldi,"Héctor Varela, Eladio Blanco, Alberto San Miguel, José Di Pilato, Jorge Ceriotti","Cayetano Puglisi, Blas Pensato, Jaime Ferrer, Clemente Arnáiz"
Juan D'Arienzo,Orquesta Típica Juan D'Arienzo,11/21/1940,Canaro En París,Tango,Instrumental,Víctor,78rpm,Alejandro Scarpino,Juan Caldarella,,40-45 / Salamanca ,Fulvio Salamanca,Olindo Sinibaldi,"Héctor Varela, Eladio Blanco, Alberto San Miguel, José Di Pilato, Jorge Ceriotti","Cayetano Puglisi, Blas Pensato, Jaime Ferrer, Clemente Arnáiz"
Juan D'Arienzo,Orquesta Típica Juan D'Arienzo,11/21/1940,El Corazón Me Engaño,Tango,Alberto Reynal,Víctor,78rpm,Miguel Bucino,,,40-45 / Salamanca ,Fulvio Salamanca,Olindo Sinibaldi,"Héctor Varela, Eladio Blanco, Alberto San Miguel, José Di Pilato, Jorge Ceriotti","Cayetano Puglisi, Blas Pensato, Jaime Ferrer, Clemente Arnáiz"
Juan D'Arienzo,Orquesta Típica Juan D'Arienzo,12/12/1940,Esclavas Blancas,Tango,Alberto Reynal,Víctor,78rpm,Miguel Bucino,,,40-45 / Salamanca ,Fulvio Salamanca,Olindo Sinibaldi,"Héctor Varela, Eladio Blanco, Alberto San Miguel, José Di Pilato, Jorge Ceriotti","Cayetano Puglisi, Blas Pensato, Jaime Ferrer, Clemente Arnáiz"
Juan D'Arienzo,Orquesta Típica Juan D'Arienzo,12/12/1940,Flor Del Mal,Vals,Héctor Mauré,Víctor,78rpm,Juan Graviz,,,40-45 / Salamanca ,Fulvio Salamanca,Olindo Sinibaldi,"Héctor Varela, Eladio Blanco, Alberto San Miguel, José Di Pilato, Jorge Ceriotti","Cayetano Puglisi, Blas Pensato, Jaime Ferrer, Clemente Arnáiz"
Juan D'Arienzo,Orquesta Típica Juan D'Arienzo,12/12/1940,Milonga Del Ochenta Y Tres,Milonga,Alberto Reynal,Víctor,78rpm,Jesus Pécora,Pedro Romano,,40-45 / Salamanca ,Fulvio Salamanca,Olindo Sinibaldi,"Héctor Varela, Eladio Blanco, Alberto San Miguel, José Di Pilato, Jorge Ceriotti","Cayetano Puglisi, Blas Pensato, Jaime Ferrer, Clemente Arnáiz"
Juan D'Arienzo,Orquesta Típica Juan D'Arienzo,12/12/1940,No Te Engañes Corazón,Tango,Alberto Reynal,Víctor,78rpm,Rodolfo Sciammarella,,,40-45 / Salamanca ,Fulvio Salamanca,Olindo Sinibaldi,"Héctor Varela, Eladio Blanco, Alberto San Miguel, José Di Pilato, Jorge Ceriotti","Cayetano Puglisi, Blas Pensato, Jaime Ferrer, Clemente Arnáiz"
Juan D'Arienzo,Orquesta Típica Juan D'Arienzo,12/31/1940,Miedo,Vals,Héctor Mauré,Víctor,78rpm,Eladio Blanco,Iván Casado,,40-45 / Salamanca ,Fulvio Salamanca,Olindo Sinibaldi,"Héctor Varela, Eladio Blanco, Alberto San Miguel, José Di Pilato, Jorge Ceriotti","Cayetano Puglisi, Blas Pensato, Jaime Ferrer, Clemente Arnáiz"
Juan D'Arienzo,Orquesta Típica Juan D'Arienzo,12/31/1940,Quasi Nada,Tango,Instrumental,Víctor,78rpm,Juan Maglio,Francisco Brancatti,,40-45 / Salamanca ,Fulvio Salamanca,Olindo Sinibaldi,"Héctor Varela, Eladio Blanco, Alberto San Miguel, José Di Pilato, Jorge Ceriotti","Cayetano Puglisi, Blas Pensato, Jaime Ferrer, Clemente Arnáiz"
Juan D'Arienzo,Orquesta Típica Juan D'Arienzo,2/26/1941,Almanaque De Ilusion,Tango,Alberto Reynal,Víctor,78rpm,Nicolás Tavarozzi,Héctor Marcó,,40-45 / Salamanca ,Fulvio Salamanca,Olindo Sinibaldi,"Héctor Varela, Eladio Blanco, Alberto San Miguel, José Di Pilato, Jorge Ceriotti","Cayetano Puglisi, Blas Pensato, Jaime Ferrer, Clemente Arnáiz"
Juan D'Arienzo,Orquesta Típica Juan D'Arienzo,2/26/1941,Fuegos Artificiales,Tango,Instrumental,Víctor,78rpm,Roberto Firpo; Eduardo Arolas,,,40-45 / Salamanca ,Fulvio Salamanca,Olindo Sinibaldi,"Héctor Varela, Eladio Blanco, Alberto San Miguel, José Di Pilato, Jorge Ceriotti","Cayetano Puglisi, Blas Pensato, Jaime Ferrer, Clemente Arnáiz"
Juan D'Arienzo,Orquesta Típica Juan D'Arienzo,4/28/1941,Candombe Oriental,Milonga,Alberto Reynal,Víctor,78rpm,Pintín Castellanos,Horacio Alves,,40-45 / Salamanca ,Fulvio Salamanca,Olindo Sinibaldi,"Héctor Varela, Eladio Blanco, Alberto San Miguel, José Di Pilato, Jorge Ceriotti","Cayetano Puglisi, Blas Pensato, Jaime Ferrer, Clemente Arnáiz"
Juan D'Arienzo,Orquesta Típica Juan D'Arienzo,4/28/1941,Ya Lo Ves,Tango,Héctor Mauré,Víctor,78rpm,Juan D'Arienzo,Luis Rubistein,,40-45 / Salamanca ,Fulvio Salamanca,Olindo Sinibaldi,"Héctor Varela, Eladio Blanco, Alberto San Miguel, José Di Pilato, Jorge Ceriotti","Cayetano Puglisi, Blas Pensato, Jaime Ferrer, Clemente Arnáiz"
Juan D'Arienzo,Orquesta Típica Juan D'Arienzo,5/25/1941,Dime Mi Amor,Tango,Héctor Mauré,Víctor,78rpm,Rodolfo Sciammarella,Manuel Romero,,40-45 / Salamanca ,Fulvio Salamanca,Olindo Sinibaldi,"Héctor Varela, Eladio Blanco, Alberto San Miguel, José Di Pilato, Jorge Ceriotti","Cayetano Puglisi, Blas Pensato, Jaime Ferrer, Clemente Arnáiz"
Juan D'Arienzo,Orquesta Típica Juan D'Arienzo,5/25/1941,Quién Te Iguala,Tango,Instrumental,Víctor,78rpm,Alejandro Michetti,Francisco Bohigas,,40-45 / Salamanca ,Fulvio Salamanca,Olindo Sinibaldi,"Héctor Varela, Eladio Blanco, Alberto San Miguel, José Di Pilato, Jorge Ceriotti","Cayetano Puglisi, Blas Pensato, Jaime Ferrer, Clemente Arnáiz"
Juan D'Arienzo,Orquesta Típica Juan D'Arienzo,6/9/1941,Tierrita,Tango,Héctor Mauré,Víctor,78rpm,Agustín Bardi,Jesús Blanco,,40-45 / Salamanca ,Fulvio Salamanca,Olindo Sinibaldi,"Héctor Varela, Eladio Blanco, Alberto San Miguel, José Di Pilato, Jorge Ceriotti","Cayetano Puglisi, Blas Pensato, Jaime Ferrer, Clemente Arnáiz"
Juan D'Arienzo,Orquesta Típica Juan D'Arienzo,6/9/1941,Adiós Querida,Vals,Héctor Mauré,Víctor,78rpm,Horacio Salgán,Carmelo Volpe,,40-45 / Salamanca ,Fulvio Salamanca,Olindo Sinibaldi,"Héctor Varela, Eladio Blanco, Alberto San Miguel, José Di Pilato, Jorge Ceriotti","Cayetano Puglisi, Blas Pensato, Jaime Ferrer, Clemente Arnáiz"
Juan D'Arienzo,Orquesta Típica Juan D'Arienzo,7/14/1941,Canaro,Tango,Instrumental,Víctor,78rpm,José Martínez,,,40-45 / Salamanca ,Fulvio Salamanca,Olindo Sinibaldi,"Héctor Varela, Eladio Blanco, Alberto San Miguel, José Di Pilato, Jorge Ceriotti","Cayetano Puglisi, Blas Pensato, Jaime Ferrer, Clemente Arnáiz"
Juan D'Arienzo,Orquesta Típica Juan D'Arienzo,7/14/1941,El Olivo,Tango,Héctor Mauré,Víctor,78rpm,Antonio Scatasso; Domingo Vivas,Carlos Cabral,,40-45 / Salamanca ,Fulvio Salamanca,Olindo Sinibaldi,"Héctor Varela, Eladio Blanco, Alberto San Miguel, José Di Pilato, Jorge Ceriotti","Cayetano Puglisi, Blas Pensato, Jaime Ferrer, Clemente Arnáiz"
Juan D'Arienzo,Orquesta Típica Juan D'Arienzo,7/14/1941,Humillación,Tango,Héctor Mauré,Víctor,78rpm,Rodolfo Biagi,Carlos Bahr,,40-45 / Salamanca ,Fulvio Salamanca,Olindo Sinibaldi,"Héctor Varela, Eladio Blanco, Alberto San Miguel, José Di Pilato, Jorge Ceriotti","Cayetano Puglisi, Blas Pensato, Jaime Ferrer, Clemente Arnáiz"
Juan D'Arienzo,Orquesta Típica Juan D'Arienzo,7/14/1941,Nunca Más,Tango,Héctor Mauré,Víctor,78rpm,Francisco Lomuto,Oscar Lomuto,,40-45 / Salamanca ,Fulvio Salamanca,Olindo Sinibaldi,"Héctor Varela, Eladio Blanco, Alberto San Miguel, José Di Pilato, Jorge Ceriotti","Cayetano Puglisi, Blas Pensato, Jaime Ferrer, Clemente Arnáiz"
Juan D'Arienzo,Orquesta Típica Juan D'Arienzo,7/29/1941,Bolada De Aficionado,Milonga,Instrumental,Víctor,78rpm,Ángel Villoldo,,,40-45 / Salamanca ,Fulvio Salamanca,Olindo Sinibaldi,"Héctor Varela, Eladio Blanco, Alberto San Miguel, José Di Pilato, Jorge Ceriotti","Cayetano Puglisi, Blas Pensato, Jaime Ferrer, Clemente Arnáiz"
Juan D'Arienzo,Orquesta Típica Juan D'Arienzo,7/29/1941,Olvidao,Tango,Alberto Reynal,Víctor,78rpm,Guillermo Barbieri,Enrique Cadícamo,,40-45 / Salamanca ,Fulvio Salamanca,Olindo Sinibaldi,"Héctor Varela, Eladio Blanco, Alberto San Miguel, José Di Pilato, Jorge Ceriotti","Cayetano Puglisi, Blas Pensato, Jaime Ferrer, Clemente Arnáiz"
Juan D'Arienzo,Orquesta Típica Juan D'Arienzo,9/12/1941,El Rey Del Compás,Tango,Instrumental,Víctor,78rpm,Príncipe Cubano,,,40-45 / Salamanca ,Fulvio Salamanca,Olindo Sinibaldi,"Héctor Varela, Eladio Blanco, Alberto San Miguel, José Di Pilato, Jorge Ceriotti","Cayetano Puglisi, Blas Pensato, Jaime Ferrer, Clemente Arnáiz"
Juan D'Arienzo,Orquesta Típica Juan D'Arienzo,9/12/1941,Hernani,Tango,Instrumental,Víctor,78rpm,Domingo Cruz,,,40-45 / Salamanca ,Fulvio Salamanca,Olindo Sinibaldi,"Héctor Varela, Eladio Blanco, Alberto San Miguel, José Di Pilato, Jorge Ceriotti","Cayetano Puglisi, Blas Pensato, Jaime Ferrer, Clemente Arnáiz"
Juan D'Arienzo,Orquesta Típica Juan D'Arienzo,9/12/1941,La Serenta De Ayer,Vals,Héctor Mauré,Víctor,78rpm,Manuel Buzón,Ismael Aguilar,,40-45 / Salamanca ,Fulvio Salamanca,Olindo Sinibaldi,"Héctor Varela, Eladio Blanco, Alberto San Miguel, José Di Pilato, Jorge Ceriotti","Cayetano Puglisi, Blas Pensato, Jaime Ferrer, Clemente Arnáiz"
Juan D'Arienzo,Orquesta Típica Juan D'Arienzo,9/12/1941,Sobre El Pucho,Tango,Héctor Mauré,Víctor,78rpm,Sebastián Piana,José Castillo,,40-45 / Salamanca ,Fulvio Salamanca,Olindo Sinibaldi,"Héctor Varela, Eladio Blanco, Alberto San Miguel, José Di Pilato, Jorge Ceriotti","Cayetano Puglisi, Blas Pensato, Jaime Ferrer, Clemente Arnáiz"
Juan D'Arienzo,Orquesta Típica Juan D'Arienzo,10/24/1941,Orquesta Típica,Tango,Alberto Reynal,Víctor,78rpm,Enrique Cadícamo,Enrique Cadícamo,,40-45 / Salamanca ,Fulvio Salamanca,Olindo Sinibaldi,"Héctor Varela, Eladio Blanco, Alberto San Miguel, José Di Pilato, Jorge Ceriotti","Cayetano Puglisi, Blas Pensato, Jaime Ferrer, Clemente Arnáiz"
Juan D'Arienzo,Orquesta Típica Juan D'Arienzo,10/29/1941,Carnavalera,Milonga,Héctor Mauré,Víctor,78rpm,Sebastián Piana,Homero Manzi,,40-45 / Salamanca ,Fulvio Salamanca,Olindo Sinibaldi,"Héctor Varela, Eladio Blanco, Alberto San Miguel, José Di Pilato, Jorge Ceriotti","Cayetano Puglisi, Blas Pensato, Jaime Ferrer, Clemente Arnáiz"
Juan D'Arienzo,Orquesta Típica Juan D'Arienzo,11/12/1941,Cuatro Palabras,Vals,Héctor Mauré,Víctor,78rpm,Miguel Bucino,Miguel Bucino,,40-45 / Salamanca ,Fulvio Salamanca,Olindo Sinibaldi,"Héctor Varela, Eladio Blanco, Alberto San Miguel, José Di Pilato, Jorge Ceriotti","Cayetano Puglisi, Blas Pensato, Jaime Ferrer, Clemente Arnáiz"
Juan D'Arienzo,Orquesta Típica Juan D'Arienzo,11/12/1941,El Resero,Tango,Instrumental,Víctor,78rpm,Raimundo Petillo,,,40-45 / Salamanca ,Fulvio Salamanca,Olindo Sinibaldi,"Héctor Varela, Eladio Blanco, Alberto San Miguel, José Di Pilato, Jorge Ceriotti","Cayetano Puglisi, Blas Pensato, Jaime Ferrer, Clemente Arnáiz"
Juan D'Arienzo,Orquesta Típica Juan D'Arienzo,12/15/1941,El Calabozo,Tango,Instrumental,Víctor,78rpm,Augusto Gentile,,,40-45 / Salamanca ,Fulvio Salamanca,Olindo Sinibaldi,"Héctor Varela, Eladio Blanco, Alberto San Miguel, José Di Pilato, Jorge Ceriotti","Cayetano Puglisi, Blas Pensato, Jaime Ferrer, Clemente Arnáiz"
Juan D'Arienzo,Orquesta Típica Juan D'Arienzo,12/15/1941,El Porteño,Milonga,Héctor Mauré,Víctor,78rpm,Juan Caló; Roberto Caló,Héctor Tallón,,40-45 / Salamanca ,Fulvio Salamanca,Olindo Sinibaldi,"Héctor Varela, Eladio Blanco, Alberto San Miguel, José Di Pilato, Jorge Ceriotti","Cayetano Puglisi, Blas Pensato, Jaime Ferrer, Clemente Arnáiz"
Juan D'Arienzo,Orquesta Típica Juan D'Arienzo,12/15/1941,El Vals De Los Abuelos,Vals,Héctor Mauré,Víctor,78rpm,Luis Rubistein,Luis Rubistein,,40-45 / Salamanca ,Fulvio Salamanca,Olindo Sinibaldi,"Héctor Varela, Eladio Blanco, Alberto San Miguel, José Di Pilato, Jorge Ceriotti","Cayetano Puglisi, Blas Pensato, Jaime Ferrer, Clemente Arnáiz"
Juan D'Arienzo,Orquesta Típica Juan D'Arienzo,12/15/1941,Infamia,Tango,Héctor Mauré,Víctor,78rpm,Enrique Discépolo,Enrique Discépolo,,40-45 / Salamanca ,Fulvio Salamanca,Olindo Sinibaldi,"Héctor Varela, Eladio Blanco, Alberto San Miguel, José Di Pilato, Jorge Ceriotti","Cayetano Puglisi, Blas Pensato, Jaime Ferrer, Clemente Arnáiz"
Juan D'Arienzo,Orquesta Típica Juan D'Arienzo,3/25/1942,Culpas Ajenas,Tango,Alberto Reynal,Víctor,78rpm,Ernesto Ponzio,Jorge Curi,,40-45 / Salamanca ,Fulvio Salamanca,Olindo Sinibaldi,"Héctor Varela, Eladio Blanco, Alberto San Miguel, José Di Pilato, Jorge Ceriotti","Cayetano Puglisi, Blas Pensato, Jaime Ferrer, Clemente Arnáiz"
Juan D'Arienzo,Orquesta Típica Juan D'Arienzo,3/25/1942,El Naranjerito,Milonga,Héctor Mauré,Víctor,78rpm,Alberto Nery; Héctor Varela,Homero Expósito,,40-45 / Salamanca ,Fulvio Salamanca,Olindo Sinibaldi,"Héctor Varela, Eladio Blanco, Alberto San Miguel, José Di Pilato, Jorge Ceriotti","Cayetano Puglisi, Blas Pensato, Jaime Ferrer, Clemente Arnáiz"
Juan D'Arienzo,Orquesta Típica Juan D'Arienzo,3/25/1942,Garronero,Tango,Héctor Mauré,Víctor,78rpm,Juan D'Arienzo,J. Caride,,40-45 / Salamanca ,Fulvio Salamanca,Olindo Sinibaldi,"Héctor Varela, Eladio Blanco, Alberto San Miguel, José Di Pilato, Jorge Ceriotti","Cayetano Puglisi, Blas Pensato, Jaime Ferrer, Clemente Arnáiz"
Juan D'Arienzo,Orquesta Típica Juan D'Arienzo,4/22/1942,Barranca Abajo,Tango,Héctor Mauré,Víctor,78rpm,Manuel Servetto,José Vigo,,40-45 / Salamanca ,Fulvio Salamanca,Olindo Sinibaldi,"Héctor Varela, Eladio Blanco, Alberto San Miguel, José Di Pilato, Jorge Ceriotti","Cayetano Puglisi, Blas Pensato, Jaime Ferrer, Clemente Arnáiz"
Juan D'Arienzo,Orquesta Típica Juan D'Arienzo,4/22/1942,Consejos,Tango,Alberto Reynal,Víctor,78rpm,Juan D'Arienzo,Nolo López,,40-45 / Salamanca ,Fulvio Salamanca,Olindo Sinibaldi,"Héctor Varela, Eladio Blanco, Alberto San Miguel, José Di Pilato, Jorge Ceriotti","Cayetano Puglisi, Blas Pensato, Jaime Ferrer, Clemente Arnáiz"
Juan D'Arienzo,Orquesta Típica Juan D'Arienzo,4/22/1942,Loca,Tango,Instrumental,Víctor,78rpm,Manuel Jovés,Antonio Viergol,,40-45 / Salamanca ,Fulvio Salamanca,Olindo Sinibaldi,"Héctor Varela, Eladio Blanco, Alberto San Miguel, José Di Pilato, Jorge Ceriotti","Cayetano Puglisi, Blas Pensato, Jaime Ferrer, Clemente Arnáiz"
Juan D'Arienzo,Orquesta Típica Juan D'Arienzo,4/22/1942,Muchachita Porteña,Vals,Héctor Mauré,Víctor,78rpm,Mariano Mores,Alberto Vacarezza,,40-45 / Salamanca ,Fulvio Salamanca,Olindo Sinibaldi,"Héctor Varela, Eladio Blanco, Alberto San Miguel, José Di Pilato, Jorge Ceriotti","Cayetano Puglisi, Blas Pensato, Jaime Ferrer, Clemente Arnáiz"
Juan D'Arienzo,Orquesta Típica Juan D'Arienzo,4/29/1942,Vidas Marcadas,Tango,Alberto Reynal,Víctor,78rpm,Rodolfo Sciammarella,Rodolfo Sciammarella,,40-45 / Salamanca ,Fulvio Salamanca,Olindo Sinibaldi,"Héctor Varela, Eladio Blanco, Alberto San Miguel, José Di Pilato, Jorge Ceriotti","Cayetano Puglisi, Blas Pensato, Jaime Ferrer, Clemente Arnáiz"
Juan D'Arienzo,Orquesta Típica Juan D'Arienzo,6/18/1942,El Amasijo,Tango,Instrumental,Víctor,78rpm,Adolfo Avilés,,,40-45 / Salamanca ,Fulvio Salamanca,Olindo Sinibaldi,"Héctor Varela, Eladio Blanco, Alberto San Miguel, José Di Pilato, Jorge Ceriotti","Cayetano Puglisi, Blas Pensato, Jaime Ferrer, Clemente Arnáiz"
Juan D'Arienzo,Orquesta Típica Juan D'Arienzo,6/18/1942,Mirame En La Cara,Tango,Héctor Mauré,Víctor,78rpm,Héctor Varela,Luis Castiñeira,,40-45 / Salamanca ,Fulvio Salamanca,Olindo Sinibaldi,"Héctor Varela, Eladio Blanco, Alberto San Miguel, José Di Pilato, Jorge Ceriotti","Cayetano Puglisi, Blas Pensato, Jaime Ferrer, Clemente Arnáiz"
Juan D'Arienzo,Orquesta Típica Juan D'Arienzo,6/18/1942,Tierra Negra,Tango,Instrumental,Víctor,78rpm,Graciano Leone; Juan Noli,Francisco Bastardi,,40-45 / Salamanca ,Fulvio Salamanca,Olindo Sinibaldi,"Héctor Varela, Eladio Blanco, Alberto San Miguel, José Di Pilato, Jorge Ceriotti","Cayetano Puglisi, Blas Pensato, Jaime Ferrer, Clemente Arnáiz"
Juan D'Arienzo,Orquesta Típica Juan D'Arienzo,7/21/1942,El Retobao,Tango,Héctor Mauré,Víctor,78rpm,Juan Rezzano,Francisco Lio,,40-45 / Salamanca ,Fulvio Salamanca,Olindo Sinibaldi,"Héctor Varela, Eladio Blanco, Alberto San Miguel, José Di Pilato, Jorge Ceriotti","Cayetano Puglisi, Blas Pensato, Jaime Ferrer, Clemente Arnáiz"
Juan D'Arienzo,Orquesta Típica Juan D'Arienzo,7/21/1942,Tu Pañuelo,Vals,Héctor Mauré,Víctor,78rpm,Antonio Polito,Iván Diez,,40-45 / Salamanca ,Fulvio Salamanca,Olindo Sinibaldi,"Héctor Varela, Eladio Blanco, Alberto San Miguel, José Di Pilato, Jorge Ceriotti","Cayetano Puglisi, Blas Pensato, Jaime Ferrer, Clemente Arnáiz"
Juan D'Arienzo,Orquesta Típica Juan D'Arienzo,7/21/1942,Y Se Van Los Años,Tango,Héctor Mauré,Víctor,78rpm,Cayetano Puglisi,Luis Castiñeira,,40-45 / Salamanca ,Fulvio Salamanca,Olindo Sinibaldi,"Héctor Varela, Eladio Blanco, Alberto San Miguel, José Di Pilato, Jorge Ceriotti","Cayetano Puglisi, Blas Pensato, Jaime Ferrer, Clemente Arnáiz"
Juan D'Arienzo,Orquesta Típica Juan D'Arienzo,8/12/1942,Claudinette,Tango,Héctor Mauré,Víctor,78rpm,Enrique Delfino,Julián Centeya,,40-45 / Salamanca ,Fulvio Salamanca,Olindo Sinibaldi,"Héctor Varela, Eladio Blanco, Alberto San Miguel, José Di Pilato, Jorge Ceriotti","Cayetano Puglisi, Blas Pensato, Jaime Ferrer, Clemente Arnáiz"
Juan D'Arienzo,Orquesta Típica Juan D'Arienzo,8/12/1942,Tirando A Matar,Milonga,Héctor Mauré,Víctor,78rpm,Pintín Castellanos,Pintín Alves,,40-45 / Salamanca ,Fulvio Salamanca,Olindo Sinibaldi,"Héctor Varela, Eladio Blanco, Alberto San Miguel, José Di Pilato, Jorge Ceriotti","Cayetano Puglisi, Blas Pensato, Jaime Ferrer, Clemente Arnáiz"
Juan D'Arienzo,Orquesta Típica Juan D'Arienzo,9/24/1942,Cortada De San Ignacio,Milonga,Héctor Mauré,Víctor,78rpm,Horacio Salgán,Carmelo Volpe,,40-45 / Salamanca ,Fulvio Salamanca,Olindo Sinibaldi,"Héctor Varela, Eladio Blanco, Alberto San Miguel, José Di Pilato, Jorge Ceriotti","Cayetano Puglisi, Blas Pensato, Jaime Ferrer, Clemente Arnáiz"
Juan D'Arienzo,Orquesta Típica Juan D'Arienzo,9/24/1942,Pompas De Jabón,Tango,Juan Carlos Lamas,Víctor,78rpm,Roberto Goyeneche,Enrique Cadícamo,,40-45 / Salamanca ,Fulvio Salamanca,Olindo Sinibaldi,"Héctor Varela, Eladio Blanco, Alberto San Miguel, José Di Pilato, Jorge Ceriotti","Cayetano Puglisi, Blas Pensato, Jaime Ferrer, Clemente Arnáiz"
Juan D'Arienzo,Orquesta Típica Juan D'Arienzo,9/24/1942,Sans Souci,Tango,Instrumental,Víctor,78rpm,Enrique Delfino,,,40-45 / Salamanca ,Fulvio Salamanca,Olindo Sinibaldi,"Héctor Varela, Eladio Blanco, Alberto San Miguel, José Di Pilato, Jorge Ceriotti","Cayetano Puglisi, Blas Pensato, Jaime Ferrer, Clemente Arnáiz"
Juan D'Arienzo,Orquesta Típica Juan D'Arienzo,9/24/1942,Vieja Recova,Tango,Juan Carlos Lamas,Víctor,78rpm,Rodolfo Sciammarella,Enrique Cadícamo,,40-45 / Salamanca ,Fulvio Salamanca,Olindo Sinibaldi,"Héctor Varela, Eladio Blanco, Alberto San Miguel, José Di Pilato, Jorge Ceriotti","Cayetano Puglisi, Blas Pensato, Jaime Ferrer, Clemente Arnáiz"
Juan D'Arienzo,Orquesta Típica Juan D'Arienzo,9/24/1942,Embrujamiento,Tango,Juan Carlos Lamas,Víctor,78rpm,Ricardo Malerba; Dante Smurra,Manuel Campos,,40-45 / Salamanca ,Fulvio Salamanca,Olindo Sinibaldi,"Héctor Varela, Eladio Blanco, Alberto San Miguel, José Di Pilato, Jorge Ceriotti","Cayetano Puglisi, Blas Pensato, Jaime Ferrer, Clemente Arnáiz"
Juan D'Arienzo,Orquesta Típica Juan D'Arienzo,10/27/1942,Carancho,Tango,Juan Carlos Lamas,Víctor,78rpm,Fulvio Salamanca,Héctor Marcó,,40-45 / Salamanca ,Fulvio Salamanca,Olindo Sinibaldi,"Héctor Varela, Eladio Blanco, Alberto San Miguel, José Di Pilato, Jorge Ceriotti","Cayetano Puglisi, Blas Pensato, Jaime Ferrer, Clemente Arnáiz"
Juan D'Arienzo,Orquesta Típica Juan D'Arienzo,10/27/1942,Criollita Linda,Vals,Héctor Mauré,Víctor,78rpm,Jose Clemente,,,40-45 / Salamanca ,Fulvio Salamanca,Olindo Sinibaldi,"Héctor Varela, Eladio Blanco, Alberto San Miguel, José Di Pilato, Jorge Ceriotti","Cayetano Puglisi, Blas Pensato, Jaime Ferrer, Clemente Arnáiz"
Juan D'Arienzo,Orquesta Típica Juan D'Arienzo,10/27/1942,El Lazo,Tango,Instrumental,Víctor,78rpm,Esca Caccavaio,Eugenio Cardenas,,40-45 / Salamanca ,Fulvio Salamanca,Olindo Sinibaldi,"Héctor Varela, Eladio Blanco, Alberto San Miguel, José Di Pilato, Jorge Ceriotti","Cayetano Puglisi, Blas Pensato, Jaime Ferrer, Clemente Arnáiz"
Juan D'Arienzo,Orquesta Típica Juan D'Arienzo,10/27/1942,Seguime Corazón,Tango,Juan Carlos Lamas,Víctor,78rpm,Baldomero Suárez,Jesús Blanco,,40-45 / Salamanca ,Fulvio Salamanca,Olindo Sinibaldi,"Héctor Varela, Eladio Blanco, Alberto San Miguel, José Di Pilato, Jorge Ceriotti","Cayetano Puglisi, Blas Pensato, Jaime Ferrer, Clemente Arnáiz"
Juan D'Arienzo,Orquesta Típica Juan D'Arienzo,12/22/1942,Chique,Tango,Instrumental,Víctor,78rpm,Ricardo Brignolo,Ricardo Brignolo,,40-45 / Salamanca ,Fulvio Salamanca,Olindo Sinibaldi,"Héctor Varela, Eladio Blanco, Alberto San Miguel, José Di Pilato, Jorge Ceriotti","Cayetano Puglisi, Blas Pensato, Jaime Ferrer, Clemente Arnáiz"
Juan D'Arienzo,Orquesta Típica Juan D'Arienzo,12/22/1942,Cicatrices,Tango,Héctor Mauré,Víctor,78rpm,Adolfo Avilés,Enrique Maroni,,40-45 / Salamanca ,Fulvio Salamanca,Olindo Sinibaldi,"Héctor Varela, Eladio Blanco, Alberto San Miguel, José Di Pilato, Jorge Ceriotti","Cayetano Puglisi, Blas Pensato, Jaime Ferrer, Clemente Arnáiz"
Juan D'Arienzo,Orquesta Típica Juan D'Arienzo,12/22/1942,Compadrón,Tango,Héctor Mauré,Víctor,78rpm,Luis Visca,Enrique Cadícamo,,40-45 / Salamanca ,Fulvio Salamanca,Olindo Sinibaldi,"Héctor Varela, Eladio Blanco, Alberto San Miguel, José Di Pilato, Jorge Ceriotti","Cayetano Puglisi, Blas Pensato, Jaime Ferrer, Clemente Arnáiz"
Juan D'Arienzo,Orquesta Típica Juan D'Arienzo,12/22/1942,Independencia,Tango,Instrumental,Víctor,78rpm,Alfredo Bevilacqua,Antonio Polito,,40-45 / Salamanca ,Fulvio Salamanca,Olindo Sinibaldi,"Héctor Varela, Eladio Blanco, Alberto San Miguel, José Di Pilato, Jorge Ceriotti","Cayetano Puglisi, Blas Pensato, Jaime Ferrer, Clemente Arnáiz"
Juan D'Arienzo,Orquesta Típica Juan D'Arienzo,12/22/1942,Tan Solo Tu,Vals,Héctor Mauré,Víctor,78rpm,Servando Domínguez,Héctor Marcó,,40-45 / Salamanca ,Fulvio Salamanca,Olindo Sinibaldi,"Héctor Varela, Eladio Blanco, Alberto San Miguel, José Di Pilato, Jorge Ceriotti","Cayetano Puglisi, Blas Pensato, Jaime Ferrer, Clemente Arnáiz"
Juan D'Arienzo,Orquesta Típica Juan D'Arienzo,12/29/1942,Judas,Tango,Héctor Mauré,Víctor,78rpm,Carlos Marchisio,Carmelo Santiago,,40-45 / Salamanca ,Fulvio Salamanca,Olindo Sinibaldi,"Héctor Varela, Eladio Blanco, Alberto San Miguel, José Di Pilato, Jorge Ceriotti","Cayetano Puglisi, Blas Pensato, Jaime Ferrer, Clemente Arnáiz"
Juan D'Arienzo,Orquesta Típica Juan D'Arienzo,12/29/1942,La Rumbita Candombé,Milonga,Héctor Mauré,Víctor,78rpm,Osvaldo Novarro; Raúl Fortunato,Mario Battistella,,40-45 / Salamanca ,Fulvio Salamanca,Olindo Sinibaldi,"Héctor Varela, Eladio Blanco, Alberto San Miguel, José Di Pilato, Jorge Ceriotti","Cayetano Puglisi, Blas Pensato, Jaime Ferrer, Clemente Arnáiz"
Juan D'Arienzo,Orquesta Típica Juan D'Arienzo,12/29/1942,Pobre Mascarita,Tango,Juan Carlos Lamas,Víctor,78rpm,Orlando Romanelli; Salvador Granata,Orlando Romanelli; Salvador Granata,,40-45 / Salamanca ,Fulvio Salamanca,Olindo Sinibaldi,"Héctor Varela, Eladio Blanco, Alberto San Miguel, José Di Pilato, Jorge Ceriotti","Cayetano Puglisi, Blas Pensato, Jaime Ferrer, Clemente Arnáiz"
Juan D'Arienzo,Orquesta Típica Juan D'Arienzo,6/23/1943,Arlette,Tango,Héctor Mauré,Víctor,78rpm,Antonio Bonavena,Horacio Sanguinetti,,40-45 / Salamanca ,Fulvio Salamanca,Olindo Sinibaldi,"Héctor Varela, Eladio Blanco, Alberto San Miguel, José Di Pilato, Jorge Ceriotti","Cayetano Puglisi, Blas Pensato, Jaime Ferrer, Clemente Arnáiz"
Juan D'Arienzo,Orquesta Típica Juan D'Arienzo,6/23/1943,Enamorado (Metido),Tango,Héctor Mauré,Víctor,78rpm,Príncipe Cubano,Príncipe Cubano,,40-45 / Salamanca ,Fulvio Salamanca,Olindo Sinibaldi,"Héctor Varela, Eladio Blanco, Alberto San Miguel, José Di Pilato, Jorge Ceriotti","Cayetano Puglisi, Blas Pensato, Jaime Ferrer, Clemente Arnáiz"
Juan D'Arienzo,Orquesta Típica Juan D'Arienzo,6/23/1943,Música De Mi Argentina,Milonga,Juan Carlos Lamas,Víctor,78rpm,Miguel Bucino,Miguel Bucino,,40-45 / Salamanca ,Fulvio Salamanca,Olindo Sinibaldi,"Héctor Varela, Eladio Blanco, Alberto San Miguel, José Di Pilato, Jorge Ceriotti","Cayetano Puglisi, Blas Pensato, Jaime Ferrer, Clemente Arnáiz"
Juan D'Arienzo,Orquesta Típica Juan D'Arienzo,6/23/1943,Se Fue,Vals,Héctor Mauré,Víctor,78rpm,Horacion Salgán,P. Valdez,,40-45 / Salamanca ,Fulvio Salamanca,Olindo Sinibaldi,"Héctor Varela, Eladio Blanco, Alberto San Miguel, José Di Pilato, Jorge Ceriotti","Cayetano Puglisi, Blas Pensato, Jaime Ferrer, Clemente Arnáiz"
Juan D'Arienzo,Orquesta Típica Juan D'Arienzo,6/23/1943,Tres Horas,Tango,Héctor Mauré,Víctor,78rpm,Héctor Varela,Alberto Neary,,40-45 / Salamanca ,Fulvio Salamanca,Olindo Sinibaldi,"Héctor Varela, Eladio Blanco, Alberto San Miguel, José Di Pilato, Jorge Ceriotti","Cayetano Puglisi, Blas Pensato, Jaime Ferrer, Clemente Arnáiz"
Juan D'Arienzo,Orquesta Típica Juan D'Arienzo,7/13/1943,Tabú,Milonga,Héctor Mauré,Víctor,78rpm,Tití Rossi,Ricardo Thompson,,40-45 / Salamanca ,Fulvio Salamanca,Olindo Sinibaldi,"Héctor Varela, Eladio Blanco, Alberto San Miguel, José Di Pilato, Jorge Ceriotti","Cayetano Puglisi, Blas Pensato, Jaime Ferrer, Clemente Arnáiz"
Juan D'Arienzo,Orquesta Típica Juan D'Arienzo,7/13/1943,Tango Brujo,Tango,Héctor Mauré,Víctor,78rpm,Francisco Canaro,Francisco Canaro,,40-45 / Salamanca ,Fulvio Salamanca,Olindo Sinibaldi,"Héctor Varela, Eladio Blanco, Alberto San Miguel, José Di Pilato, Jorge Ceriotti","Cayetano Puglisi, Blas Pensato, Jaime Ferrer, Clemente Arnáiz"
Juan D'Arienzo,Orquesta Típica Juan D'Arienzo,7/13/1943,Vea Vea,Tango,Instrumental,Víctor,78rpm,Roberto Firpo,Alberto Lago,,40-45 / Salamanca ,Fulvio Salamanca,Olindo Sinibaldi,"Héctor Varela, Eladio Blanco, Alberto San Miguel, José Di Pilato, Jorge Ceriotti","Cayetano Puglisi, Blas Pensato, Jaime Ferrer, Clemente Arnáiz"
Juan D'Arienzo,Orquesta Típica Juan D'Arienzo,9/28/1943,Aguilucho,Tango,Héctor Mauré,Víctor,78rpm,Helena Leporace,Alfredo Roldán,,40-45 / Salamanca ,Fulvio Salamanca,Olindo Sinibaldi,"Héctor Varela, Eladio Blanco, Alberto San Miguel, José Di Pilato, Jorge Ceriotti","Cayetano Puglisi, Blas Pensato, Jaime Ferrer, Clemente Arnáiz"
Juan D'Arienzo,Orquesta Típica Juan D'Arienzo,9/28/1943,Aquel Muchacho De La Orquesta,Tango,Juan Carlos Lamas,Víctor,78rpm,Luis Caruso,Luis Caruso,,40-45 / Salamanca ,Fulvio Salamanca,Olindo Sinibaldi,"Héctor Varela, Eladio Blanco, Alberto San Miguel, José Di Pilato, Jorge Ceriotti","Cayetano Puglisi, Blas Pensato, Jaime Ferrer, Clemente Arnáiz"
Juan D'Arienzo,Orquesta Típica Juan D'Arienzo,9/28/1943,Aunque Vivas En El Cielo,Vals,Héctor Mauré,Víctor,78rpm,Fulvio Salamanca,Héctor Marco,,40-45 / Salamanca ,Fulvio Salamanca,Olindo Sinibaldi,"Héctor Varela, Eladio Blanco, Alberto San Miguel, José Di Pilato, Jorge Ceriotti","Cayetano Puglisi, Blas Pensato, Jaime Ferrer, Clemente Arnáiz"
Juan D'Arienzo,Orquesta Típica Juan D'Arienzo,9/28/1943,Corrales Viejos,Milonga,Instrumental,Víctor,78rpm,Anselmo Aieta,Francisco Laino; Antonio Radicci,,40-45 / Salamanca ,Fulvio Salamanca,Olindo Sinibaldi,"Héctor Varela, Eladio Blanco, Alberto San Miguel, José Di Pilato, Jorge Ceriotti","Cayetano Puglisi, Blas Pensato, Jaime Ferrer, Clemente Arnáiz"
Juan D'Arienzo,Orquesta Típica Juan D'Arienzo,9/28/1943,Si La Llegaran A Ver,Tango,Héctor Mauré,Víctor,78rpm,Juan D'Arienzo,Enrique Cadícamo,,40-45 / Salamanca ,Fulvio Salamanca,Olindo Sinibaldi,"Héctor Varela, Eladio Blanco, Alberto San Miguel, José Di Pilato, Jorge Ceriotti","Cayetano Puglisi, Blas Pensato, Jaime Ferrer, Clemente Arnáiz"
Juan D'Arienzo,Orquesta Típica Juan D'Arienzo,9/28/1943,Yo Quiero Cantar Un Tango,Tango,Héctor Mauré,Víctor,78rpm,Miguel Nijensohn; José Nieso,José Suñe,,40-45 / Salamanca ,Fulvio Salamanca,Olindo Sinibaldi,"Héctor Varela, Eladio Blanco, Alberto San Miguel, José Di Pilato, Jorge Ceriotti","Cayetano Puglisi, Blas Pensato, Jaime Ferrer, Clemente Arnáiz"
Juan D'Arienzo,Orquesta Típica Juan D'Arienzo,11/23/1943,Joaquina,Tango,Instrumental,Víctor,78rpm,Juan Bergamino,,,40-45 / Salamanca ,Fulvio Salamanca,Olindo Sinibaldi,"Héctor Varela, Eladio Blanco, Alberto San Miguel, José Di Pilato, Jorge Ceriotti","Cayetano Puglisi, Blas Pensato, Jaime Ferrer, Clemente Arnáiz"
Juan D'Arienzo,Orquesta Típica Juan D'Arienzo,11/23/1943,La Cumparsita,Tango,Instrumental,Víctor,78rpm,Gerardo Rodríguez,Pascual Contursi; Enrique Maroni; Gerardo Rodríguez,,40-45 / Salamanca ,Fulvio Salamanca,Olindo Sinibaldi,"Héctor Varela, Eladio Blanco, Alberto San Miguel, José Di Pilato, Jorge Ceriotti","Cayetano Puglisi, Blas Pensato, Jaime Ferrer, Clemente Arnáiz"
Juan D'Arienzo,Orquesta Típica Juan D'Arienzo,11/23/1943,La Puñalada,Milonga,Instrumental,Víctor,78rpm,Pintín Alves),Celedonio Flores,,40-45 / Salamanca ,Fulvio Salamanca,Olindo Sinibaldi,"Héctor Varela, Eladio Blanco, Alberto San Miguel, José Di Pilato, Jorge Ceriotti","Cayetano Puglisi, Blas Pensato, Jaime Ferrer, Clemente Arnáiz"
Juan D'Arienzo,Orquesta Típica Juan D'Arienzo,11/23/1943,Uno,Tango,Héctor Mauré,Víctor,78rpm,Mariano Mores,Enrique Discépolo,,40-45 / Salamanca ,Fulvio Salamanca,Olindo Sinibaldi,"Héctor Varela, Eladio Blanco, Alberto San Miguel, José Di Pilato, Jorge Ceriotti","Cayetano Puglisi, Blas Pensato, Jaime Ferrer, Clemente Arnáiz"
Juan D'Arienzo,Orquesta Típica Juan D'Arienzo,12/27/1943,A Mercedes,Vals,Héctor Mauré,Víctor,78rpm,Hugo Gutiérrez,Juan Clauso,,40-45 / Salamanca ,Fulvio Salamanca,Olindo Sinibaldi,"Héctor Varela, Eladio Blanco, Alberto San Miguel, José Di Pilato, Jorge Ceriotti","Cayetano Puglisi, Blas Pensato, Jaime Ferrer, Clemente Arnáiz"
Juan D'Arienzo,Orquesta Típica Juan D'Arienzo,12/27/1943,Candombe Rioplatense,Milonga,Juan Carlos Lamas,Víctor,78rpm,Carmelo Santiago; Pintín Castellanos,Carmelo Santiago; Pintín Castellanos,,40-45 / Salamanca ,Fulvio Salamanca,Olindo Sinibaldi,"Héctor Varela, Eladio Blanco, Alberto San Miguel, José Di Pilato, Jorge Ceriotti","Cayetano Puglisi, Blas Pensato, Jaime Ferrer, Clemente Arnáiz"
Juan D'Arienzo,Orquesta Típica Juan D'Arienzo,12/27/1943,Es Inútil Que La Llores,Tango,Juan Carlos Lamas,Víctor,78rpm,Salvador Grupillo,Luis Caruso,,40-45 / Salamanca ,Fulvio Salamanca,Olindo Sinibaldi,"Héctor Varela, Eladio Blanco, Alberto San Miguel, José Di Pilato, Jorge Ceriotti","Cayetano Puglisi, Blas Pensato, Jaime Ferrer, Clemente Arnáiz"
Juan D'Arienzo,Orquesta Típica Juan D'Arienzo,12/27/1943,Prisionero,Vals,Héctor Mauré,Víctor,78rpm,Julio Carresons,Carlos Bahr,,40-45 / Salamanca ,Fulvio Salamanca,Olindo Sinibaldi,"Héctor Varela, Eladio Blanco, Alberto San Miguel, José Di Pilato, Jorge Ceriotti","Cayetano Puglisi, Blas Pensato, Jaime Ferrer, Clemente Arnáiz"
Juan D'Arienzo,Orquesta Típica Juan D'Arienzo,12/27/1943,Viejo Tintero,Tango,Juan Carlos Lamas,Víctor,78rpm,Graciano Leone,Estrella Mamán,,40-45 / Salamanca ,Fulvio Salamanca,Olindo Sinibaldi,"Héctor Varela, Eladio Blanco, Alberto San Miguel, José Di Pilato, Jorge Ceriotti","Cayetano Puglisi, Blas Pensato, Jaime Ferrer, Clemente Arnáiz"
Juan D'Arienzo,Orquesta Típica Juan D'Arienzo,5/17/1944,Ana María,Milonga,Héctor Mauré,Víctor,78rpm,Fulvio Salamanca,Nolo López,,40-45 / Salamanca ,Fulvio Salamanca,Olindo Sinibaldi,"Héctor Varela, Eladio Blanco, Alberto San Miguel, José Di Pilato, Jorge Ceriotti","Cayetano Puglisi, Blas Pensato, Jaime Ferrer, Clemente Arnáiz"
Juan D'Arienzo,Orquesta Típica Juan D'Arienzo,5/17/1944,El Apache Argentino,Tango,Instrumental,Víctor,78rpm,Manuel Aróztegui,,,40-45 / Salamanca ,Fulvio Salamanca,Olindo Sinibaldi,"Héctor Varela, Eladio Blanco, Alberto San Miguel, José Di Pilato, Jorge Ceriotti","Cayetano Puglisi, Blas Pensato, Jaime Ferrer, Clemente Arnáiz"
Juan D'Arienzo,Orquesta Típica Juan D'Arienzo,5/17/1944,Las Doce,Tango,Héctor Mauré,Víctor,78rpm,Juan D'Arienzo,Nolo López,,40-45 / Salamanca ,Fulvio Salamanca,Olindo Sinibaldi,"Héctor Varela, Eladio Blanco, Alberto San Miguel, José Di Pilato, Jorge Ceriotti","Cayetano Puglisi, Blas Pensato, Jaime Ferrer, Clemente Arnáiz"
Juan D'Arienzo,Orquesta Típica Juan D'Arienzo,5/17/1944,Lilián,Tango,Héctor Mauré,Víctor,78rpm,Héctor Varela,Manuel López,,40-45 / Salamanca ,Fulvio Salamanca,Olindo Sinibaldi,"Héctor Varela, Eladio Blanco, Alberto San Miguel, José Di Pilato, Jorge Ceriotti","Cayetano Puglisi, Blas Pensato, Jaime Ferrer, Clemente Arnáiz"
Juan D'Arienzo,Orquesta Típica Juan D'Arienzo,6/9/1944,La Mentirosa,Tango,Instrumental,Víctor,78rpm,Anselmo Aieta,Francisco Jiménez,,40-45 / Salamanca ,Fulvio Salamanca,Olindo Sinibaldi,"Héctor Varela, Eladio Blanco, Alberto San Miguel, José Di Pilato, Jorge Ceriotti","Cayetano Puglisi, Blas Pensato, Jaime Ferrer, Clemente Arnáiz"
Juan D'Arienzo,Orquesta Típica Juan D'Arienzo,7/7/1944,Después,Tango,Alberto Echagüe,Víctor,78rpm,Hugo Gutiérrez,Homero Manzi,,40-45 / Salamanca ,Fulvio Salamanca,Olindo Sinibaldi,"Héctor Varela, Eladio Blanco, Alberto San Miguel, José Di Pilato, Jorge Ceriotti","Cayetano Puglisi, Blas Pensato, Jaime Ferrer, Clemente Arnáiz"
Juan D'Arienzo,Orquesta Típica Juan D'Arienzo,7/7/1944,El Huracán,Tango,Instrumental,Víctor,78rpm,Osvaldo Donato; Edgardo Donato,Manuel López,,40-45 / Salamanca ,Fulvio Salamanca,Olindo Sinibaldi,"Héctor Varela, Eladio Blanco, Alberto San Miguel, José Di Pilato, Jorge Ceriotti","Cayetano Puglisi, Blas Pensato, Jaime Ferrer, Clemente Arnáiz"
Juan D'Arienzo,Orquesta Típica Juan D'Arienzo,7/21/1944,Amarras,Tango,Héctor Mauré,Víctor,78rpm,Carlos Marchisio,Carmelo Santiago,,40-45 / Salamanca ,Fulvio Salamanca,Olindo Sinibaldi,"Héctor Varela, Eladio Blanco, Alberto San Miguel, José Di Pilato, Jorge Ceriotti","Cayetano Puglisi, Blas Pensato, Jaime Ferrer, Clemente Arnáiz"
Juan D'Arienzo,Orquesta Típica Juan D'Arienzo,8/28/1944,No Nos Veremos Nunca Más,Tango,Alberto Echagüe,Víctor,78rpm,Juan D'Arienzo,Carlos Waiss,,40-45 / Salamanca ,Fulvio Salamanca,Olindo Sinibaldi,"Héctor Varela, Eladio Blanco, Alberto San Miguel, José Di Pilato, Jorge Ceriotti","Cayetano Puglisi, Blas Pensato, Jaime Ferrer, Clemente Arnáiz"
Juan D'Arienzo,Orquesta Típica Juan D'Arienzo,8/28/1944,Yo Me Llamo Eloy Peralta,Milonga,Alberto Echagüe,Víctor,78rpm,Arturo Bassi,Jacinto Font,,40-45 / Salamanca ,Fulvio Salamanca,Olindo Sinibaldi,"Héctor Varela, Eladio Blanco, Alberto San Miguel, José Di Pilato, Jorge Ceriotti","Cayetano Puglisi, Blas Pensato, Jaime Ferrer, Clemente Arnáiz"
Juan D'Arienzo,Orquesta Típica Juan D'Arienzo,9/21/1944,El Romántico,Tango,Instrumental,Víctor,78rpm,Arturo Bassi,,,40-45 / Salamanca ,Fulvio Salamanca,Olindo Sinibaldi,"Héctor Varela, Eladio Blanco, Alberto San Miguel, José Di Pilato, Jorge Ceriotti","Cayetano Puglisi, Blas Pensato, Jaime Ferrer, Clemente Arnáiz"
Juan D'Arienzo,Orquesta Típica Juan D'Arienzo,9/21/1944,La Madrugada,Tango,Alberto Echagüe,Víctor,78rpm,Ángel Maffia,Cátulo Castillo,,40-45 / Salamanca ,Fulvio Salamanca,Olindo Sinibaldi,"Héctor Varela, Eladio Blanco, Alberto San Miguel, José Di Pilato, Jorge Ceriotti","Cayetano Puglisi, Blas Pensato, Jaime Ferrer, Clemente Arnáiz"
Juan D'Arienzo,Orquesta Típica Juan D'Arienzo,10/20/1944,El Rezongón,Tango,Instrumental,Víctor,78rpm,Rafael Natta,,,40-45 / Salamanca ,Fulvio Salamanca,Olindo Sinibaldi,"Héctor Varela, Eladio Blanco, Alberto San Miguel, José Di Pilato, Jorge Ceriotti","Cayetano Puglisi, Blas Pensato, Jaime Ferrer, Clemente Arnáiz"
Juan D'Arienzo,Orquesta Típica Juan D'Arienzo,10/24/1944,A Suerte Y Verdad,Tango,Alberto Echagüe,Víctor,78rpm,Carlos Parodi,Carlos Waiss,,40-45 / Salamanca ,Fulvio Salamanca,Olindo Sinibaldi,"Héctor Varela, Eladio Blanco, Alberto San Miguel, José Di Pilato, Jorge Ceriotti","Cayetano Puglisi, Blas Pensato, Jaime Ferrer, Clemente Arnáiz"
Juan D'Arienzo,Orquesta Típica Juan D'Arienzo,10/24/1944,La Mañana,Milonga,Alberto Echagüe,Víctor,78rpm,Miguel Bucino,Miguel Bucino,,40-45 / Salamanca ,Fulvio Salamanca,Olindo Sinibaldi,"Héctor Varela, Eladio Blanco, Alberto San Miguel, José Di Pilato, Jorge Ceriotti","Cayetano Puglisi, Blas Pensato, Jaime Ferrer, Clemente Arnáiz"
Juan D'Arienzo,Orquesta Típica Juan D'Arienzo,10/24/1944,Venus,Tango,Instrumental,Víctor,78rpm,Alfredo Bevilacqua,Antonio Polito,,40-45 / Salamanca ,Fulvio Salamanca,Olindo Sinibaldi,"Héctor Varela, Eladio Blanco, Alberto San Miguel, José Di Pilato, Jorge Ceriotti","Cayetano Puglisi, Blas Pensato, Jaime Ferrer, Clemente Arnáiz"
Juan D'Arienzo,Orquesta Típica Juan D'Arienzo,12/15/1944,Clavel,Milonga,Alberto Echagüe,Víctor,78rpm,José Cordero,José Cordero,,40-45 / Salamanca ,Fulvio Salamanca,Olindo Sinibaldi,"Héctor Varela, Eladio Blanco, Alberto San Miguel, José Di Pilato, Jorge Ceriotti","Cayetano Puglisi, Blas Pensato, Jaime Ferrer, Clemente Arnáiz"
Juan D'Arienzo,Orquesta Típica Juan D'Arienzo,12/15/1944,El Paisanito,Milonga,Alberto Echagüe,Víctor,78rpm,Pascual Clausi,Melecio Pérez,,40-45 / Salamanca ,Fulvio Salamanca,Olindo Sinibaldi,"Héctor Varela, Eladio Blanco, Alberto San Miguel, José Di Pilato, Jorge Ceriotti","Cayetano Puglisi, Blas Pensato, Jaime Ferrer, Clemente Arnáiz"
Juan D'Arienzo,Orquesta Típica Juan D'Arienzo,12/15/1944,Oro De Ley,Milonga,Alberto Echagüe,Víctor,78rpm,Román Juri,Carlos Waiss,,40-45 / Salamanca ,Fulvio Salamanca,Olindo Sinibaldi,"Héctor Varela, Eladio Blanco, Alberto San Miguel, José Di Pilato, Jorge Ceriotti","Cayetano Puglisi, Blas Pensato, Jaime Ferrer, Clemente Arnáiz"
Juan D'Arienzo,Orquesta Típica Juan D'Arienzo,12/15/1944,Seamos Amigos,Tango,Alberto Echagüe,Víctor,78rpm,Domingo Rullo,Príncipe Cubano,,40-45 / Salamanca ,Fulvio Salamanca,Olindo Sinibaldi,"Héctor Varela, Eladio Blanco, Alberto San Miguel, José Di Pilato, Jorge Ceriotti","Cayetano Puglisi, Blas Pensato, Jaime Ferrer, Clemente Arnáiz"
Juan D'Arienzo,Orquesta Típica Juan D'Arienzo,12/26/1944,Color Cielo,Tango,Armando Laborde,Víctor,78rpm,Antonio Bonavena,Antonio Bonavena,,40-45 / Salamanca ,Fulvio Salamanca,Olindo Sinibaldi,"Héctor Varela, Eladio Blanco, Alberto San Miguel, José Di Pilato, Jorge Ceriotti","Cayetano Puglisi, Blas Pensato, Jaime Ferrer, Clemente Arnáiz"
Juan D'Arienzo,Orquesta Típica Juan D'Arienzo,12/26/1944,Magdala,Tango,Armando Laborde,Víctor,78rpm,Rodolfo Biagi,Francisco Gorrindo,,40-45 / Salamanca ,Fulvio Salamanca,Olindo Sinibaldi,"Héctor Varela, Eladio Blanco, Alberto San Miguel, José Di Pilato, Jorge Ceriotti","Cayetano Puglisi, Blas Pensato, Jaime Ferrer, Clemente Arnáiz"
Juan D'Arienzo,Orquesta Típica Juan D'Arienzo,12/26/1944,Me Gusta Bailar La Milonga,Milonga,Alberto Echagüe,Víctor,78rpm,Pintín Castellanos ,Pintín Alves,,40-45 / Salamanca ,Fulvio Salamanca,Olindo Sinibaldi,"Héctor Varela, Eladio Blanco, Alberto San Miguel, José Di Pilato, Jorge Ceriotti","Cayetano Puglisi, Blas Pensato, Jaime Ferrer, Clemente Arnáiz"
Juan D'Arienzo,Orquesta Típica Juan D'Arienzo,12/26/1944,Vieja Volanta,Tango,Alberto Echagüe,Víctor,78rpm,Ernesto Cruz,Francisco Marino,,40-45 / Salamanca ,Fulvio Salamanca,Olindo Sinibaldi,"Héctor Varela, Eladio Blanco, Alberto San Miguel, José Di Pilato, Jorge Ceriotti","Cayetano Puglisi, Blas Pensato, Jaime Ferrer, Clemente Arnáiz"
Juan D'Arienzo,Orquesta Típica Juan D'Arienzo,4/17/1945,Aparcero,Tango,Echagüe / Laborde,Víctor,78rpm,Anselmo Aieta,Antonio Radicci,,40-45 / Salamanca ,Fulvio Salamanca,Olindo Sinibaldi,"Héctor Varela, Eladio Blanco, Alberto San Miguel, José Di Pilato, Jorge Ceriotti","Cayetano Puglisi, Blas Pensato, Jaime Ferrer, Clemente Arnáiz"
Juan D'Arienzo,Orquesta Típica Juan D'Arienzo,4/17/1945,Pájaro Sin Luz,Tango,Armando Laborde,Víctor,78rpm,Carlos Marchisio,Carmelo Santiago,,40-45 / Salamanca ,Fulvio Salamanca,Olindo Sinibaldi,"Héctor Varela, Eladio Blanco, Alberto San Miguel, José Di Pilato, Jorge Ceriotti","Cayetano Puglisi, Blas Pensato, Jaime Ferrer, Clemente Arnáiz"
Juan D'Arienzo,Orquesta Típica Juan D'Arienzo,4/17/1945,"Sígueme, Si Puedes",Tango,Instrumental,Víctor,78rpm,Alejandro Scarpino; Juan Caldarella,Antonio Anselmi,,40-45 / Salamanca ,Fulvio Salamanca,Olindo Sinibaldi,"Héctor Varela, Eladio Blanco, Alberto San Miguel, José Di Pilato, Jorge Ceriotti","Cayetano Puglisi, Blas Pensato, Jaime Ferrer, Clemente Arnáiz"
Juan D'Arienzo,Orquesta Típica Juan D'Arienzo,5/4/1945,Corrientes Y Esmeralda,Tango,Alberto Echagüe,Víctor,78rpm,Francisco Pracánico,Celedonio Flores,,40-45 / Salamanca ,Fulvio Salamanca,Olindo Sinibaldi,"Héctor Varela, Eladio Blanco, Alberto San Miguel, José Di Pilato, Jorge Ceriotti","Cayetano Puglisi, Blas Pensato, Jaime Ferrer, Clemente Arnáiz"
Juan D'Arienzo,Orquesta Típica Juan D'Arienzo,5/4/1945,La Pena Del Payador,Vals,Armando Laborde,Víctor,78rpm,José Servidio; Luis Servidio,Eduardo Méndez,,40-45 / Salamanca ,Fulvio Salamanca,Olindo Sinibaldi,"Héctor Varela, Eladio Blanco, Alberto San Miguel, José Di Pilato, Jorge Ceriotti","Cayetano Puglisi, Blas Pensato, Jaime Ferrer, Clemente Arnáiz"
Juan D'Arienzo,Orquesta Típica Juan D'Arienzo,5/4/1945,Si Supieras Que La Extraño,Tango,Armando Laborde,Víctor,78rpm,Héctor Varela,Carlos Waiss,,40-45 / Salamanca ,Fulvio Salamanca,Olindo Sinibaldi,"Héctor Varela, Eladio Blanco, Alberto San Miguel, José Di Pilato, Jorge Ceriotti","Cayetano Puglisi, Blas Pensato, Jaime Ferrer, Clemente Arnáiz"
Juan D'Arienzo,Orquesta Típica Juan D'Arienzo,6/25/1945,El Tren De Las Once,Tango,Armando Laborde,Víctor,78rpm,Horacio Susena,Horacio Susena,,45-50 / Salamanca + 6B,Fulvio Salamanca,Olindo Sinibaldi,"Héctor Varela, Eladio Blanco, Alberto San Miguel, José Di Pilato, Jorge Ceriotti, Salvador Alonso","Cayetano Puglisi, Blas Pensato, Jaime Ferrer, Clemente Arnáiz"
Juan D'Arienzo,Orquesta Típica Juan D'Arienzo,6/25/1945,Ya Estamos Iguales,Tango,Alberto Echagüe,Víctor,78rpm,Anselmo Aieta,Francisco Jiménez,,45-50 / Salamanca + 6B,Fulvio Salamanca,Olindo Sinibaldi,"Héctor Varela, Eladio Blanco, Alberto San Miguel, José Di Pilato, Jorge Ceriotti, Salvador Alonso","Cayetano Puglisi, Blas Pensato, Jaime Ferrer, Clemente Arnáiz"
Juan D'Arienzo,Orquesta Típica Juan D'Arienzo,7/26/1945,Andanzas,Tango,Alberto Echagüe,Víctor,78rpm,Eladio Blanco,Carlos Waiss,,45-50 / Salamanca + 6B,Fulvio Salamanca,Olindo Sinibaldi,"Héctor Varela, Eladio Blanco, Alberto San Miguel, José Di Pilato, Jorge Ceriotti, Salvador Alonso","Cayetano Puglisi, Blas Pensato, Jaime Ferrer, Clemente Arnáiz"
Juan D'Arienzo,Orquesta Típica Juan D'Arienzo,7/26/1945,El Pensamiento,Tango,Instrumental,Víctor,78rpm,José Martínez,Francisco Jiménez,,45-50 / Salamanca + 6B,Fulvio Salamanca,Olindo Sinibaldi,"Héctor Varela, Eladio Blanco, Alberto San Miguel, José Di Pilato, Jorge Ceriotti, Salvador Alonso","Cayetano Puglisi, Blas Pensato, Jaime Ferrer, Clemente Arnáiz"
Juan D'Arienzo,Orquesta Típica Juan D'Arienzo,7/26/1945,Me Duele El Corazón,Vals,Armando Laborde,Víctor,78rpm,C. Yeguit; Luis Mendoza,C. Yeguit; Luis Mendoza,Osmar Maderna,45-50 / Salamanca + 6B,Fulvio Salamanca,Olindo Sinibaldi,"Héctor Varela, Eladio Blanco, Alberto San Miguel, José Di Pilato, Jorge Ceriotti, Salvador Alonso","Cayetano Puglisi, Blas Pensato, Jaime Ferrer, Clemente Arnáiz"
Juan D'Arienzo,Orquesta Típica Juan D'Arienzo,8/28/1945,Aquí He Venido A Cantar,Tango,Armando Laborde,Víctor,78rpm,Fulvio Salamanca,Carlos Bahr,,45-50 / Salamanca + 6B,Fulvio Salamanca,Olindo Sinibaldi,"Héctor Varela, Eladio Blanco, Alberto San Miguel, José Di Pilato, Jorge Ceriotti, Salvador Alonso","Cayetano Puglisi, Blas Pensato, Jaime Ferrer, Clemente Arnáiz"
Juan D'Arienzo,Orquesta Típica Juan D'Arienzo,8/28/1945,Azul Y Oro,Tango,Instrumental,Víctor,78rpm,Emilio Querejeta,,,45-50 / Salamanca + 6B,Fulvio Salamanca,Olindo Sinibaldi,"Héctor Varela, Eladio Blanco, Alberto San Miguel, José Di Pilato, Jorge Ceriotti, Salvador Alonso","Cayetano Puglisi, Blas Pensato, Jaime Ferrer, Clemente Arnáiz"
Juan D'Arienzo,Orquesta Típica Juan D'Arienzo,8/28/1945,Pregonera,Tango,Armando Laborde,Víctor,78rpm,Alfredo Angelis,José Rótulo,,45-50 / Salamanca + 6B,Fulvio Salamanca,Olindo Sinibaldi,"Héctor Varela, Eladio Blanco, Alberto San Miguel, José Di Pilato, Jorge Ceriotti, Salvador Alonso","Cayetano Puglisi, Blas Pensato, Jaime Ferrer, Clemente Arnáiz"
Juan D'Arienzo,Orquesta Típica Juan D'Arienzo,10/3/1945,Canchero,Tango,Alberto Echagüe,Víctor,78rpm,Arturo Bassi,Celedonio Flores,,45-50 / Salamanca + 6B,Fulvio Salamanca,Olindo Sinibaldi,"Héctor Varela, Eladio Blanco, Alberto San Miguel, José Di Pilato, Jorge Ceriotti, Salvador Alonso","Cayetano Puglisi, Blas Pensato, Jaime Ferrer, Clemente Arnáiz"
Juan D'Arienzo,Orquesta Típica Juan D'Arienzo,10/3/1945,Vamos Zaino,Tango,Armando Laborde,Víctor,78rpm,Rosendo Luna,Enrique Cadícamo,,45-50 / Salamanca + 6B,Fulvio Salamanca,Olindo Sinibaldi,"Héctor Varela, Eladio Blanco, Alberto San Miguel, José Di Pilato, Jorge Ceriotti, Salvador Alonso","Cayetano Puglisi, Blas Pensato, Jaime Ferrer, Clemente Arnáiz"
Juan D'Arienzo,Orquesta Típica Juan D'Arienzo,10/26/1945,Don Alfonso,Tango,Instrumental,Víctor,78rpm,Héctor Varela; Eladio Blanco,,,45-50 / Salamanca + 6B,Fulvio Salamanca,Olindo Sinibaldi,"Héctor Varela, Eladio Blanco, Alberto San Miguel, José Di Pilato, Jorge Ceriotti, Salvador Alonso","Cayetano Puglisi, Blas Pensato, Jaime Ferrer, Clemente Arnáiz"
Juan D'Arienzo,Orquesta Típica Juan D'Arienzo,10/26/1945,Leguisamo Solo,Tango,Alberto Echagüe,Víctor,78rpm,Modesto Papávero,Modesto Papávero,,45-50 / Salamanca + 6B,Fulvio Salamanca,Olindo Sinibaldi,"Héctor Varela, Eladio Blanco, Alberto San Miguel, José Di Pilato, Jorge Ceriotti, Salvador Alonso","Cayetano Puglisi, Blas Pensato, Jaime Ferrer, Clemente Arnáiz"
Juan D'Arienzo,Orquesta Típica Juan D'Arienzo,12/24/1945,Del Pasado,Milonga,Echagüe / Laborde,Víctor,78rpm,Francisco Marino,Francisco Marino,,45-50 / Salamanca + 6B,Fulvio Salamanca,Olindo Sinibaldi,"Héctor Varela, Eladio Blanco, Alberto San Miguel, José Di Pilato, Jorge Ceriotti, Salvador Alonso","Cayetano Puglisi, Blas Pensato, Jaime Ferrer, Clemente Arnáiz"
Juan D'Arienzo,Orquesta Típica Juan D'Arienzo,12/24/1945,La Galarcita,Tango,Instrumental,Víctor,78rpm,Mauricio Guariglia,Antonio Polito,,45-50 / Salamanca + 6B,Fulvio Salamanca,Olindo Sinibaldi,"Héctor Varela, Eladio Blanco, Alberto San Miguel, José Di Pilato, Jorge Ceriotti, Salvador Alonso","Cayetano Puglisi, Blas Pensato, Jaime Ferrer, Clemente Arnáiz"
Juan D'Arienzo,Orquesta Típica Juan D'Arienzo,12/24/1945,Siempre Amigos (Pa' Mi Es Igual),Tango,Alberto Echagüe,Víctor,78rpm,Lucio Demare; Santiago Fugazot,Domingo Cadícamo,,45-50 / Salamanca + 6B,Fulvio Salamanca,Olindo Sinibaldi,"Héctor Varela, Eladio Blanco, Alberto San Miguel, José Di Pilato, Jorge Ceriotti, Salvador Alonso","Cayetano Puglisi, Blas Pensato, Jaime Ferrer, Clemente Arnáiz"
Juan D'Arienzo,Orquesta Típica Juan D'Arienzo,12/24/1945,Yo No Espero Nada,Tango,Alberto Echagüe,Víctor,78rpm,Salvador Alonso,Julio Alberto,,45-50 / Salamanca + 6B,Fulvio Salamanca,Olindo Sinibaldi,"Héctor Varela, Eladio Blanco, Alberto San Miguel, José Di Pilato, Jorge Ceriotti, Salvador Alonso","Cayetano Puglisi, Blas Pensato, Jaime Ferrer, Clemente Arnáiz"
Juan D'Arienzo,Orquesta Típica Juan D'Arienzo,1/1/1946,Fuegos artificiales,Tango,Instrumental,Víctor,78rpm,Roberto Firpo; Eduardo Arolas,,,45-50 / Salamanca + 6B,Fulvio Salamanca,Olindo Sinibaldi,"Héctor Varela, Eladio Blanco, Alberto San Miguel, José Di Pilato, Jorge Ceriotti, Salvador Alonso","Cayetano Puglisi, Blas Pensato, Jaime Ferrer, Clemente Arnáiz"
Juan D'Arienzo,Orquesta Típica Juan D'Arienzo,3/6/1946,Con Alma De Tango,Tango,Armando Laborde,Víctor,78rpm,Juan D'Arienzo,Carlos Waiss,,45-50 / Salamanca + 6B,Fulvio Salamanca,Olindo Sinibaldi,"Héctor Varela, Eladio Blanco, Alberto San Miguel, José Di Pilato, Jorge Ceriotti, Salvador Alonso","Cayetano Puglisi, Blas Pensato, Jaime Ferrer, Clemente Arnáiz"
Juan D'Arienzo,Orquesta Típica Juan D'Arienzo,3/6/1946,Don Goyo,Tango,Instrumental,Víctor,78rpm,Luis Bernstein,,,45-50 / Salamanca + 6B,Fulvio Salamanca,Olindo Sinibaldi,"Héctor Varela, Eladio Blanco, Alberto San Miguel, José Di Pilato, Jorge Ceriotti, Salvador Alonso","Cayetano Puglisi, Blas Pensato, Jaime Ferrer, Clemente Arnáiz"
Juan D'Arienzo,Orquesta Típica Juan D'Arienzo,3/6/1946,La Espuela,Milonga,Instrumental,Víctor,78rpm,Elsa Guidini,,,45-50 / Salamanca + 6B,Fulvio Salamanca,Olindo Sinibaldi,"Héctor Varela, Eladio Blanco, Alberto San Miguel, José Di Pilato, Jorge Ceriotti, Salvador Alonso","Cayetano Puglisi, Blas Pensato, Jaime Ferrer, Clemente Arnáiz"
Juan D'Arienzo,Orquesta Típica Juan D'Arienzo,3/6/1946,Te Espero En Rodriguez Peña,Tango,Alberto Echagüe,Víctor,78rpm,Héctor Varela,Carlos Waiss,,45-50 / Salamanca + 6B,Fulvio Salamanca,Olindo Sinibaldi,"Héctor Varela, Eladio Blanco, Alberto San Miguel, José Di Pilato, Jorge Ceriotti, Salvador Alonso","Cayetano Puglisi, Blas Pensato, Jaime Ferrer, Clemente Arnáiz"
Juan D'Arienzo,Orquesta Típica Juan D'Arienzo,3/6/1946,Tendrás Que Llorar,Vals,Echagüe / Laborde,Víctor,78rpm,Cristino Tapia,Cristino Tapia,,45-50 / Salamanca + 6B,Fulvio Salamanca,Olindo Sinibaldi,"Héctor Varela, Eladio Blanco, Alberto San Miguel, José Di Pilato, Jorge Ceriotti, Salvador Alonso","Cayetano Puglisi, Blas Pensato, Jaime Ferrer, Clemente Arnáiz"
Juan D'Arienzo,Orquesta Típica Juan D'Arienzo,5/3/1946,Lo Mismo Que Ayer,Vals,Echagüe / Laborde,Víctor,78rpm,Juan D'Arienzo; Héctor Varela,Juan D'Arienzo; Héctor Varela,,45-50 / Salamanca + 6B,Fulvio Salamanca,Olindo Sinibaldi,"Héctor Varela, Eladio Blanco, Alberto San Miguel, José Di Pilato, Jorge Ceriotti, Salvador Alonso","Cayetano Puglisi, Blas Pensato, Jaime Ferrer, Clemente Arnáiz"
Juan D'Arienzo,Orquesta Típica Juan D'Arienzo,5/3/1946,Pan Comido,Tango,Alberto Echagüe,Víctor,78rpm,Ismael Gómez,Enrique Dizeo,,45-50 / Salamanca + 6B,Fulvio Salamanca,Olindo Sinibaldi,"Héctor Varela, Eladio Blanco, Alberto San Miguel, José Di Pilato, Jorge Ceriotti, Salvador Alonso","Cayetano Puglisi, Blas Pensato, Jaime Ferrer, Clemente Arnáiz"
Juan D'Arienzo,Orquesta Típica Juan D'Arienzo,5/3/1946,Siete Leguas,Tango,Armando Laborde,Víctor,78rpm,Teófilo Lespés,Carlos Waiss,,45-50 / Salamanca + 6B,Fulvio Salamanca,Olindo Sinibaldi,"Héctor Varela, Eladio Blanco, Alberto San Miguel, José Di Pilato, Jorge Ceriotti, Salvador Alonso","Cayetano Puglisi, Blas Pensato, Jaime Ferrer, Clemente Arnáiz"
Juan D'Arienzo,Orquesta Típica Juan D'Arienzo,8/26/1946,Chaparrón,Milonga,Alberto Echagüe,Víctor,78rpm,Pintín Castellanos,Francisco Jiménez,,45-50 / Salamanca + 6B,Fulvio Salamanca,Olindo Sinibaldi,"Héctor Varela, Eladio Blanco, Alberto San Miguel, José Di Pilato, Jorge Ceriotti, Salvador Alonso","Cayetano Puglisi, Blas Pensato, Jaime Ferrer, Clemente Arnáiz"
Juan D'Arienzo,Orquesta Típica Juan D'Arienzo,8/26/1946,Condesita,Tango,Armando Laborde,Víctor,78rpm,Onofrio Venditti,Mario Battistella,,45-50 / Salamanca + 6B,Fulvio Salamanca,Olindo Sinibaldi,"Héctor Varela, Eladio Blanco, Alberto San Miguel, José Di Pilato, Jorge Ceriotti, Salvador Alonso","Cayetano Puglisi, Blas Pensato, Jaime Ferrer, Clemente Arnáiz"
Juan D'Arienzo,Orquesta Típica Juan D'Arienzo,8/26/1946,Desde Aquella Noche,Tango,Armando Laborde,Víctor,78rpm,Fulvio Salamanca,Carlos Bahr,,45-50 / Salamanca + 6B,Fulvio Salamanca,Olindo Sinibaldi,"Héctor Varela, Eladio Blanco, Alberto San Miguel, José Di Pilato, Jorge Ceriotti, Salvador Alonso","Cayetano Puglisi, Blas Pensato, Jaime Ferrer, Clemente Arnáiz"
Juan D'Arienzo,Orquesta Típica Juan D'Arienzo,8/26/1946,El Entrerriano,Tango,Instrumental,Víctor,78rpm,Anselmo Mendizábal,Ernesto Temes,,45-50 / Salamanca + 6B,Fulvio Salamanca,Olindo Sinibaldi,"Héctor Varela, Eladio Blanco, Alberto San Miguel, José Di Pilato, Jorge Ceriotti, Salvador Alonso","Cayetano Puglisi, Blas Pensato, Jaime Ferrer, Clemente Arnáiz"
Juan D'Arienzo,Orquesta Típica Juan D'Arienzo,8/26/1946,Me Grita El Corazón,Tango,Armando Laborde,Víctor,78rpm,Miguel Bonano; Mario Landi,Roberto Miró,,45-50 / Salamanca + 6B,Fulvio Salamanca,Olindo Sinibaldi,"Héctor Varela, Eladio Blanco, Alberto San Miguel, José Di Pilato, Jorge Ceriotti, Salvador Alonso","Cayetano Puglisi, Blas Pensato, Jaime Ferrer, Clemente Arnáiz"
Juan D'Arienzo,Orquesta Típica Juan D'Arienzo,8/26/1946,No Tienes Corazón,Vals,Armando Laborde,Víctor,78rpm,Alberto Tavarozzi; Nicolás Vaccaro,Santiago Adamini,,45-50 / Salamanca + 6B,Fulvio Salamanca,Olindo Sinibaldi,"Héctor Varela, Eladio Blanco, Alberto San Miguel, José Di Pilato, Jorge Ceriotti, Salvador Alonso","Cayetano Puglisi, Blas Pensato, Jaime Ferrer, Clemente Arnáiz"
Juan D'Arienzo,Orquesta Típica Juan D'Arienzo,10/18/1946,Con Todo Mi Corazón,Tango,Alberto Echagüe,Víctor,78rpm,Ángel Condercuri,Reinaldo Yiso,,45-50 / Salamanca + 6B,Fulvio Salamanca,Olindo Sinibaldi,"Héctor Varela, Eladio Blanco, Alberto San Miguel, José Di Pilato, Jorge Ceriotti, Salvador Alonso","Cayetano Puglisi, Blas Pensato, Jaime Ferrer, Clemente Arnáiz"
Juan D'Arienzo,Orquesta Típica Juan D'Arienzo,10/18/1946,Loca,Tango,Instrumental,Víctor,78rpm,Manuel Jovés,Antonio Viergol,,45-50 / Salamanca + 6B,Fulvio Salamanca,Olindo Sinibaldi,"Héctor Varela, Eladio Blanco, Alberto San Miguel, José Di Pilato, Jorge Ceriotti, Salvador Alonso","Cayetano Puglisi, Blas Pensato, Jaime Ferrer, Clemente Arnáiz"
Juan D'Arienzo,Orquesta Típica Juan D'Arienzo,10/18/1946,Sabado Ingles,Tango,Instrumental,Víctor,78rpm,Lalo Echegoncelay ,Héctor Sapelli,,45-50 / Salamanca + 6B,Fulvio Salamanca,Olindo Sinibaldi,"Héctor Varela, Eladio Blanco, Alberto San Miguel, José Di Pilato, Jorge Ceriotti, Salvador Alonso","Cayetano Puglisi, Blas Pensato, Jaime Ferrer, Clemente Arnáiz"
Juan D'Arienzo,Orquesta Típica Juan D'Arienzo,10/18/1946,Sin Amor,Tango,Armando Laborde,Víctor,78rpm,Juan Maglio,Eugenio Cárdenas,,45-50 / Salamanca + 6B,Fulvio Salamanca,Olindo Sinibaldi,"Héctor Varela, Eladio Blanco, Alberto San Miguel, José Di Pilato, Jorge Ceriotti, Salvador Alonso","Cayetano Puglisi, Blas Pensato, Jaime Ferrer, Clemente Arnáiz"
Juan D'Arienzo,Orquesta Típica Juan D'Arienzo,10/30/1946,La Canción De Mis Tristeza,Tango,Armando Laborde,Víctor,78rpm,Juan Gorio,Horacio Sanguinetti,,45-50 / Salamanca + 6B,Fulvio Salamanca,Olindo Sinibaldi,"Héctor Varela, Eladio Blanco, Alberto San Miguel, José Di Pilato, Jorge Ceriotti, Salvador Alonso","Cayetano Puglisi, Blas Pensato, Jaime Ferrer, Clemente Arnáiz"
Juan D'Arienzo,Orquesta Típica Juan D'Arienzo,10/30/1946,Tiene Razón Amigazo,Tango,Alberto Echagüe,Víctor,78rpm,Alfredo Calabró,Enrique Dizeo,,45-50 / Salamanca + 6B,Fulvio Salamanca,Olindo Sinibaldi,"Héctor Varela, Eladio Blanco, Alberto San Miguel, José Di Pilato, Jorge Ceriotti, Salvador Alonso","Cayetano Puglisi, Blas Pensato, Jaime Ferrer, Clemente Arnáiz"
Juan D'Arienzo,Orquesta Típica Juan D'Arienzo,12/6/1946,Calandria Pampa,Milonga,Alberto Echagüe,Víctor,78rpm,Miguel Famá,Guillermo Medina,,45-50 / Salamanca + 6B,Fulvio Salamanca,Olindo Sinibaldi,"Héctor Varela, Eladio Blanco, Alberto San Miguel, José Di Pilato, Jorge Ceriotti, Salvador Alonso","Cayetano Puglisi, Blas Pensato, Jaime Ferrer, Clemente Arnáiz"
Juan D'Arienzo,Orquesta Típica Juan D'Arienzo,12/6/1946,Esta Noche Me Emborracho,Tango,Alberto Echagüe,Víctor,78rpm,Enrique Discépolo,Enrique Discépolo,,45-50 / Salamanca + 6B,Fulvio Salamanca,Olindo Sinibaldi,"Héctor Varela, Eladio Blanco, Alberto San Miguel, José Di Pilato, Jorge Ceriotti, Salvador Alonso","Cayetano Puglisi, Blas Pensato, Jaime Ferrer, Clemente Arnáiz"
Juan D'Arienzo,Orquesta Típica Juan D'Arienzo,12/6/1946,Yo No Sé Llorar,Tango,Echagüe / Laborde,Víctor,78rpm,Joaquín Reyes,Celedonio Flores,,45-50 / Salamanca + 6B,Fulvio Salamanca,Olindo Sinibaldi,"Héctor Varela, Eladio Blanco, Alberto San Miguel, José Di Pilato, Jorge Ceriotti, Salvador Alonso","Cayetano Puglisi, Blas Pensato, Jaime Ferrer, Clemente Arnáiz"
Juan D'Arienzo,Orquesta Típica Juan D'Arienzo,12/23/1946,El Tarta,Tango,Alberto Echagüe,Víctor,78rpm,José Rizzuti,Emilio Fresedo,,45-50 / Salamanca + 6B,Fulvio Salamanca,Olindo Sinibaldi,"Héctor Varela, Eladio Blanco, Alberto San Miguel, José Di Pilato, Jorge Ceriotti, Salvador Alonso","Cayetano Puglisi, Blas Pensato, Jaime Ferrer, Clemente Arnáiz"
Juan D'Arienzo,Orquesta Típica Juan D'Arienzo,12/23/1946,Se Apagó Una Estrella,Vals,Armando Laborde,Víctor,78rpm,Guillermo Yorio; Emilio Pellejero; José Santanero,Guillermo Yorio; Emilio Pellejero; José Santanero,,45-50 / Salamanca + 6B,Fulvio Salamanca,Olindo Sinibaldi,"Héctor Varela, Eladio Blanco, Alberto San Miguel, José Di Pilato, Jorge Ceriotti, Salvador Alonso","Cayetano Puglisi, Blas Pensato, Jaime Ferrer, Clemente Arnáiz"
Juan D'Arienzo,Orquesta Típica Juan D'Arienzo,2/27/1947,Triste Soledad,Tango,Armando Laborde,Víctor,78rpm,Fernando Fernández,Roberto Caldas,,45-50 / Salamanca + 6B,Fulvio Salamanca,Olindo Sinibaldi,"Héctor Varela, Eladio Blanco, Alberto San Miguel, José Di Pilato, Jorge Ceriotti, Salvador Alonso","Cayetano Puglisi, Blas Pensato, Jaime Ferrer, Clemente Arnáiz"
Juan D'Arienzo,Orquesta Típica Juan D'Arienzo,4/30/1947,Lágrimas,Tango,Instrumental,Víctor,78rpm,Eduardo Arolas,Héctor Polito,,45-50 / Salamanca + 6B,Fulvio Salamanca,Olindo Sinibaldi,"Héctor Varela, Eladio Blanco, Alberto San Miguel, José Di Pilato, Jorge Ceriotti, Salvador Alonso","Cayetano Puglisi, Blas Pensato, Jaime Ferrer, Clemente Arnáiz"
Juan D'Arienzo,Orquesta Típica Juan D'Arienzo,4/30/1947,Y Entonces Lloraras,Tango,Armando Laborde,Víctor,78rpm,Héctor Varela,Carlos Waiss,,45-50 / Salamanca + 6B,Fulvio Salamanca,Olindo Sinibaldi,"Héctor Varela, Eladio Blanco, Alberto San Miguel, José Di Pilato, Jorge Ceriotti, Salvador Alonso","Cayetano Puglisi, Blas Pensato, Jaime Ferrer, Clemente Arnáiz"
Juan D'Arienzo,Orquesta Típica Juan D'Arienzo,5/13/1947,Dos Amores,Tango,Armando Laborde,Víctor,78rpm,Antonio Sureda,Gerónimo Sureda,,45-50 / Salamanca + 6B,Fulvio Salamanca,Olindo Sinibaldi,"Héctor Varela, Eladio Blanco, Alberto San Miguel, José Di Pilato, Jorge Ceriotti, Salvador Alonso","Cayetano Puglisi, Blas Pensato, Jaime Ferrer, Clemente Arnáiz"
Juan D'Arienzo,Orquesta Típica Juan D'Arienzo,5/13/1947,La Guitarrita,Tango,Instrumental,Víctor,78rpm,Eduardo Arolas,Gabriel Clausi,,45-50 / Salamanca + 6B,Fulvio Salamanca,Olindo Sinibaldi,"Héctor Varela, Eladio Blanco, Alberto San Miguel, José Di Pilato, Jorge Ceriotti, Salvador Alonso","Cayetano Puglisi, Blas Pensato, Jaime Ferrer, Clemente Arnáiz"
Juan D'Arienzo,Orquesta Típica Juan D'Arienzo,5/20/1947,El Penado Catorce,Tango,Alberto Echagüe,Víctor,78rpm,Agustín Magaldi; Pedro Noda,Carlos Pesce,,45-50 / Salamanca + 6B,Fulvio Salamanca,Olindo Sinibaldi,"Héctor Varela, Eladio Blanco, Alberto San Miguel, José Di Pilato, Jorge Ceriotti, Salvador Alonso","Cayetano Puglisi, Blas Pensato, Jaime Ferrer, Clemente Arnáiz"
Juan D'Arienzo,Orquesta Típica Juan D'Arienzo,5/20/1947,El Pollo Ricardo,Tango,Instrumental,Víctor,78rpm,Luis Fernández,Luis Fernández,,45-50 / Salamanca + 6B,Fulvio Salamanca,Olindo Sinibaldi,"Héctor Varela, Eladio Blanco, Alberto San Miguel, José Di Pilato, Jorge Ceriotti, Salvador Alonso","Cayetano Puglisi, Blas Pensato, Jaime Ferrer, Clemente Arnáiz"
Juan D'Arienzo,Orquesta Típica Juan D'Arienzo,6/19/1947,Cambalache,Tango,Alberto Echagüe,Víctor,78rpm,Enrique Discépolo,Enrique Discépolo,,45-50 / Salamanca + 6B,Fulvio Salamanca,Olindo Sinibaldi,"Héctor Varela, Eladio Blanco, Alberto San Miguel, José Di Pilato, Jorge Ceriotti, Salvador Alonso","Cayetano Puglisi, Blas Pensato, Jaime Ferrer, Clemente Arnáiz"
Juan D'Arienzo,Orquesta Típica Juan D'Arienzo,6/19/1947,Por Dos Caminos,Milonga,Echagüe / Laborde,Víctor,78rpm,Antonio Lista; Carlos Waiss,Antonio Lista; Carlos Waiss,,45-50 / Salamanca + 6B,Fulvio Salamanca,Olindo Sinibaldi,"Héctor Varela, Eladio Blanco, Alberto San Miguel, José Di Pilato, Jorge Ceriotti, Salvador Alonso","Cayetano Puglisi, Blas Pensato, Jaime Ferrer, Clemente Arnáiz"
Juan D'Arienzo,Orquesta Típica Juan D'Arienzo,8/8/1947,Cartón Junao,Tango,Alberto Echagüe,Víctor,78rpm,Juan D'Arienzo; Héctor Varela,Carlos Waiss,,45-50 / Salamanca + 6B,Fulvio Salamanca,Olindo Sinibaldi,"Héctor Varela, Eladio Blanco, Alberto San Miguel, José Di Pilato, Jorge Ceriotti, Salvador Alonso","Cayetano Puglisi, Blas Pensato, Jaime Ferrer, Clemente Arnáiz"
Juan D'Arienzo,Orquesta Típica Juan D'Arienzo,8/8/1947,Rawson,Tango,Instrumental,Víctor,78rpm,Eduardo Arolas,Gabriel Clausi,,45-50 / Salamanca + 6B,Fulvio Salamanca,Olindo Sinibaldi,"Héctor Varela, Eladio Blanco, Alberto San Miguel, José Di Pilato, Jorge Ceriotti, Salvador Alonso","Cayetano Puglisi, Blas Pensato, Jaime Ferrer, Clemente Arnáiz"
Juan D'Arienzo,Orquesta Típica Juan D'Arienzo,9/17/1947,Dios Te Salve M' Hijo,Tango,Armando Laborde,Víctor,78rpm,Agustín Magaldi; Pedro Noda,Luis García,,45-50 / Salamanca + 6B,Fulvio Salamanca,Olindo Sinibaldi,"Héctor Varela, Eladio Blanco, Alberto San Miguel, José Di Pilato, Jorge Ceriotti, Salvador Alonso","Cayetano Puglisi, Blas Pensato, Jaime Ferrer, Clemente Arnáiz"
Juan D'Arienzo,Orquesta Típica Juan D'Arienzo,9/17/1947,Muchachita Del Recuerdo,Tango,Armando Laborde,Víctor,78rpm,Cayetano Puglisi; Ernesto de la Cruz,Carlos Marín,,45-50 / Salamanca + 6B,Fulvio Salamanca,Olindo Sinibaldi,"Héctor Varela, Eladio Blanco, Alberto San Miguel, José Di Pilato, Jorge Ceriotti, Salvador Alonso","Cayetano Puglisi, Blas Pensato, Jaime Ferrer, Clemente Arnáiz"
Juan D'Arienzo,Orquesta Típica Juan D'Arienzo,12/17/1947,Campeona,Milonga,Instrumental,Víctor,78rpm,Josefina Caprario,,,45-50 / Salamanca + 6B,Fulvio Salamanca,Olindo Sinibaldi,"Héctor Varela, Eladio Blanco, Alberto San Miguel, José Di Pilato, Jorge Ceriotti, Salvador Alonso","Cayetano Puglisi, Blas Pensato, Jaime Ferrer, Clemente Arnáiz"
Juan D'Arienzo,Orquesta Típica Juan D'Arienzo,12/17/1947,Contraluz,Tango,Instrumental,Víctor,78rpm,Horacio Susena,,,45-50 / Salamanca + 6B,Fulvio Salamanca,Olindo Sinibaldi,"Héctor Varela, Eladio Blanco, Alberto San Miguel, José Di Pilato, Jorge Ceriotti, Salvador Alonso","Cayetano Puglisi, Blas Pensato, Jaime Ferrer, Clemente Arnáiz"
Juan D'Arienzo,Orquesta Típica Juan D'Arienzo,12/17/1947,"Dale, Dale Caballito",Milonga,Armando Laborde,Víctor,78rpm,Fulvio Salamanca,Carlos Bahr,,45-50 / Salamanca + 6B,Fulvio Salamanca,Olindo Sinibaldi,"Héctor Varela, Eladio Blanco, Alberto San Miguel, José Di Pilato, Jorge Ceriotti, Salvador Alonso","Cayetano Puglisi, Blas Pensato, Jaime Ferrer, Clemente Arnáiz"
Juan D'Arienzo,Orquesta Típica Juan D'Arienzo,12/17/1947,Don Horacio,Tango,Instrumental,Víctor,78rpm,Pintín Castellanos,,,45-50 / Salamanca + 6B,Fulvio Salamanca,Olindo Sinibaldi,"Héctor Varela, Eladio Blanco, Alberto San Miguel, José Di Pilato, Jorge Ceriotti, Salvador Alonso","Cayetano Puglisi, Blas Pensato, Jaime Ferrer, Clemente Arnáiz"
Juan D'Arienzo,Orquesta Típica Juan D'Arienzo,12/17/1947,El Viento Me Cuenta Cosas,Milonga,Echagüe / Laborde,Víctor,78rpm,Miguel Bucino),Miguel Bucino,,45-50 / Salamanca + 6B,Fulvio Salamanca,Olindo Sinibaldi,"Héctor Varela, Eladio Blanco, Alberto San Miguel, José Di Pilato, Jorge Ceriotti, Salvador Alonso","Cayetano Puglisi, Blas Pensato, Jaime Ferrer, Clemente Arnáiz"
Juan D'Arienzo,Orquesta Típica Juan D'Arienzo,12/17/1947,Lenguas De Fuego,Tango,Armando Laborde,Víctor,78rpm,Juan D'Arienzo; Héctor Varela,Carlos Waiss,,45-50 / Salamanca + 6B,Fulvio Salamanca,Olindo Sinibaldi,"Héctor Varela, Eladio Blanco, Alberto San Miguel, José Di Pilato, Jorge Ceriotti, Salvador Alonso","Cayetano Puglisi, Blas Pensato, Jaime Ferrer, Clemente Arnáiz"
Juan D'Arienzo,Orquesta Típica Juan D'Arienzo,12/23/1947,Felicia,Tango,Instrumental,Víctor,78rpm,Enrique Saborido,Carlos Pacheco,,45-50 / Salamanca + 6B,Fulvio Salamanca,Olindo Sinibaldi,"Héctor Varela, Eladio Blanco, Alberto San Miguel, José Di Pilato, Jorge Ceriotti, Salvador Alonso","Cayetano Puglisi, Blas Pensato, Jaime Ferrer, Clemente Arnáiz"
Juan D'Arienzo,Orquesta Típica Juan D'Arienzo,12/23/1947,Ladron De Sueños,Tango,Armando Laborde,Víctor,78rpm,Juancito Díaz),Héctor Marcó,,45-50 / Salamanca + 6B,Fulvio Salamanca,Olindo Sinibaldi,"Héctor Varela, Eladio Blanco, Alberto San Miguel, José Di Pilato, Jorge Ceriotti, Salvador Alonso","Cayetano Puglisi, Blas Pensato, Jaime Ferrer, Clemente Arnáiz"
Juan D'Arienzo,Orquesta Típica Juan D'Arienzo,2/18/1948,Hotel Victoria,Tango,Instrumental,Víctor,78rpm,Feliciano Latasa,Carlos Pesce,,45-50 / Salamanca + 6B,Fulvio Salamanca,Olindo Sinibaldi,"Héctor Varela, Eladio Blanco, Alberto San Miguel, José Di Pilato, Jorge Ceriotti, Salvador Alonso","Cayetano Puglisi, Blas Pensato, Jaime Ferrer, Clemente Arnáiz"
Juan D'Arienzo,Orquesta Típica Juan D'Arienzo,2/18/1948,Olga,Vals,Instrumental,Víctor,78rpm,Francisco Peña,,,45-50 / Salamanca + 6B,Fulvio Salamanca,Olindo Sinibaldi,"Héctor Varela, Eladio Blanco, Alberto San Miguel, José Di Pilato, Jorge Ceriotti, Salvador Alonso","Cayetano Puglisi, Blas Pensato, Jaime Ferrer, Clemente Arnáiz"
Juan D'Arienzo,Orquesta Típica Juan D'Arienzo,5/7/1948,El Choclo,Tango,Instrumental,Víctor,78rpm,Ángel Villoldo,Juan Catán; Enrique Discépolo,,45-50 / Salamanca + 6B,Fulvio Salamanca,Olindo Sinibaldi,"Héctor Varela, Eladio Blanco, Alberto San Miguel, José Di Pilato, Jorge Ceriotti, Salvador Alonso","Cayetano Puglisi, Blas Pensato, Jaime Ferrer, Clemente Arnáiz"
Juan D'Arienzo,Orquesta Típica Juan D'Arienzo,5/7/1948,El Raje,Milonga,Alberto Echagüe,Víctor,78rpm,Juan D'Arienzo; Héctor Varela,Carlos Waiss,,45-50 / Salamanca + 6B,Fulvio Salamanca,Olindo Sinibaldi,"Héctor Varela, Eladio Blanco, Alberto San Miguel, José Di Pilato, Jorge Ceriotti, Salvador Alonso","Cayetano Puglisi, Blas Pensato, Jaime Ferrer, Clemente Arnáiz"
Juan D'Arienzo,Orquesta Típica Juan D'Arienzo,5/7/1948,Una Y Mil Noches,Tango,Armando Laborde,Víctor,78rpm,Alberto Miguel; Orestes Cúfaro,Carlos Bahr,,45-50 / Salamanca + 6B,Fulvio Salamanca,Olindo Sinibaldi,"Héctor Varela, Eladio Blanco, Alberto San Miguel, José Di Pilato, Jorge Ceriotti, Salvador Alonso","Cayetano Puglisi, Blas Pensato, Jaime Ferrer, Clemente Arnáiz"
Juan D'Arienzo,Orquesta Típica Juan D'Arienzo,6/15/1948,Barajando,Tango,Alberto Echagüe,Víctor,78rpm,Nicolás Vaccaro,Eduardo Méndez,,45-50 / Salamanca + 6B,Fulvio Salamanca,Olindo Sinibaldi,"Héctor Varela, Eladio Blanco, Alberto San Miguel, José Di Pilato, Jorge Ceriotti, Salvador Alonso","Cayetano Puglisi, Blas Pensato, Jaime Ferrer, Clemente Arnáiz"
Juan D'Arienzo,Orquesta Típica Juan D'Arienzo,6/15/1948,Don Juan,Tango,Instrumental,Víctor,78rpm,Ernesto Ponzio,Ricardo Podestá,,45-50 / Salamanca + 6B,Fulvio Salamanca,Olindo Sinibaldi,"Héctor Varela, Eladio Blanco, Alberto San Miguel, José Di Pilato, Jorge Ceriotti, Salvador Alonso","Cayetano Puglisi, Blas Pensato, Jaime Ferrer, Clemente Arnáiz"
Juan D'Arienzo,Orquesta Típica Juan D'Arienzo,6/15/1948,Qué Apuro Tengo,Tango,Alberto Echagüe,Víctor,78rpm,Eladio Blanco,Carlos Bahr,,45-50 / Salamanca + 6B,Fulvio Salamanca,Olindo Sinibaldi,"Héctor Varela, Eladio Blanco, Alberto San Miguel, José Di Pilato, Jorge Ceriotti, Salvador Alonso","Cayetano Puglisi, Blas Pensato, Jaime Ferrer, Clemente Arnáiz"
Juan D'Arienzo,Orquesta Típica Juan D'Arienzo,9/23/1948,Derecho Viejo,Tango,Instrumental,Víctor,78rpm,Eduardo Arolas,Gabriel Clausi,,45-50 / Salamanca + 6B,Fulvio Salamanca,Olindo Sinibaldi,"Héctor Varela, Eladio Blanco, Alberto San Miguel, José Di Pilato, Jorge Ceriotti, Salvador Alonso","Cayetano Puglisi, Blas Pensato, Jaime Ferrer, Clemente Arnáiz"
Juan D'Arienzo,Orquesta Típica Juan D'Arienzo,9/23/1948,Eterna,Vals,Alberto Echagüe,Víctor,78rpm,Fulvio Salamanca,Carlos Bahr,,45-50 / Salamanca + 6B,Fulvio Salamanca,Olindo Sinibaldi,"Héctor Varela, Eladio Blanco, Alberto San Miguel, José Di Pilato, Jorge Ceriotti, Salvador Alonso","Cayetano Puglisi, Blas Pensato, Jaime Ferrer, Clemente Arnáiz"
Juan D'Arienzo,Orquesta Típica Juan D'Arienzo,9/23/1948,Pampa Y Huella,Tango,Echagüe / Laborde,Víctor,78rpm,Juan Díaz,Héctor Marcó,,45-50 / Salamanca + 6B,Fulvio Salamanca,Olindo Sinibaldi,"Héctor Varela, Eladio Blanco, Alberto San Miguel, José Di Pilato, Jorge Ceriotti, Salvador Alonso","Cayetano Puglisi, Blas Pensato, Jaime Ferrer, Clemente Arnáiz"
Juan D'Arienzo,Orquesta Típica Juan D'Arienzo,9/23/1948,Pof Pof,Tango,Instrumental,Víctor,78rpm,Vicente Greco,,,45-50 / Salamanca + 6B,Fulvio Salamanca,Olindo Sinibaldi,"Héctor Varela, Eladio Blanco, Alberto San Miguel, José Di Pilato, Jorge Ceriotti, Salvador Alonso","Cayetano Puglisi, Blas Pensato, Jaime Ferrer, Clemente Arnáiz"
Juan D'Arienzo,Orquesta Típica Juan D'Arienzo,4/6/1949,Caña,Tango,Armando Laborde,Víctor,78rpm,Enrique Mónaco,Julián Araujo; Enrique Esviza,,45-50 / Salamanca + 6B,Fulvio Salamanca,Olindo Sinibaldi,"Héctor Varela, Eladio Blanco, Alberto San Miguel, José Di Pilato, Jorge Ceriotti, Salvador Alonso","Cayetano Puglisi, Blas Pensato, Jaime Ferrer, Clemente Arnáiz"
Juan D'Arienzo,Orquesta Típica Juan D'Arienzo,4/6/1949,Chichipía,Tango,Alberto Echagüe,Víctor,78rpm,Juan D'Arienzo; Héctor Varela,Carlos Waiss,,45-50 / Salamanca + 6B,Fulvio Salamanca,Olindo Sinibaldi,"Héctor Varela, Eladio Blanco, Alberto San Miguel, José Di Pilato, Jorge Ceriotti, Salvador Alonso","Cayetano Puglisi, Blas Pensato, Jaime Ferrer, Clemente Arnáiz"
Juan D'Arienzo,Orquesta Típica Juan D'Arienzo,4/6/1949,Delfino,Tango,Instrumental,Víctor,78rpm,Raúl Peralta,,,45-50 / Salamanca + 6B,Fulvio Salamanca,Olindo Sinibaldi,"Héctor Varela, Eladio Blanco, Alberto San Miguel, José Di Pilato, Jorge Ceriotti, Salvador Alonso","Cayetano Puglisi, Blas Pensato, Jaime Ferrer, Clemente Arnáiz"
Juan D'Arienzo,Orquesta Típica Juan D'Arienzo,4/6/1949,La Morocha,Tango,Instrumental,Víctor,78rpm,Enrique Saborido,Ángel Villoldo,,45-50 / Salamanca + 6B,Fulvio Salamanca,Olindo Sinibaldi,"Héctor Varela, Eladio Blanco, Alberto San Miguel, José Di Pilato, Jorge Ceriotti, Salvador Alonso","Cayetano Puglisi, Blas Pensato, Jaime Ferrer, Clemente Arnáiz"
Juan D'Arienzo,Orquesta Típica Juan D'Arienzo,4/6/1949,La Payanca,Tango,Instrumental,Víctor,78rpm,Augusto Berto,Jesús Bianco,,45-50 / Salamanca + 6B,Fulvio Salamanca,Olindo Sinibaldi,"Héctor Varela, Eladio Blanco, Alberto San Miguel, José Di Pilato, Jorge Ceriotti, Salvador Alonso","Cayetano Puglisi, Blas Pensato, Jaime Ferrer, Clemente Arnáiz"
Juan D'Arienzo,Orquesta Típica Juan D'Arienzo,4/6/1949,Pampa,Tango,Instrumental,Víctor,78rpm,Francisco Pracánico,,,45-50 / Salamanca + 6B,Fulvio Salamanca,Olindo Sinibaldi,"Héctor Varela, Eladio Blanco, Alberto San Miguel, José Di Pilato, Jorge Ceriotti, Salvador Alonso","Cayetano Puglisi, Blas Pensato, Jaime Ferrer, Clemente Arnáiz"
Juan D'Arienzo,Orquesta Típica Juan D'Arienzo,4/6/1949,Santa Madrecita,Tango,Armando Laborde,Víctor,78rpm,Juan D´Arienzo; Héctor Varela,Carlos Waiss,,45-50 / Salamanca + 6B,Fulvio Salamanca,Olindo Sinibaldi,"Héctor Varela, Eladio Blanco, Alberto San Miguel, José Di Pilato, Jorge Ceriotti, Salvador Alonso","Cayetano Puglisi, Blas Pensato, Jaime Ferrer, Clemente Arnáiz"
Juan D'Arienzo,Orquesta Típica Juan D'Arienzo,4/6/1949,Vencido,Tango,Alberto Echagüe,Víctor,Micro,Orestes Cúfaro,Héctor Gagliardi,,45-50 / Salamanca + 6B,Fulvio Salamanca,Olindo Sinibaldi,"Héctor Varela, Eladio Blanco, Alberto San Miguel, José Di Pilato, Jorge Ceriotti, Salvador Alonso","Cayetano Puglisi, Blas Pensato, Jaime Ferrer, Clemente Arnáiz"
Juan D'Arienzo,Orquesta Típica Juan D'Arienzo,7/26/1949,Farabute,Tango,Alberto Echagüe,Víctor,Micro,Joaquín Barreiro,Antonio Casciani,,45-50 / Salamanca + 6B,Fulvio Salamanca,Olindo Sinibaldi,"Héctor Varela, Eladio Blanco, Alberto San Miguel, José Di Pilato, Jorge Ceriotti, Salvador Alonso","Cayetano Puglisi, Blas Pensato, Jaime Ferrer, Clemente Arnáiz"
Juan D'Arienzo,Orquesta Típica Juan D'Arienzo,7/26/1949,La Maleva,Tango,Instrumental,Víctor,Micro,Antonio Buglione,Mario Pardo,,45-50 / Salamanca + 6B,Fulvio Salamanca,Olindo Sinibaldi,"Héctor Varela, Eladio Blanco, Alberto San Miguel, José Di Pilato, Jorge Ceriotti, Salvador Alonso","Cayetano Puglisi, Blas Pensato, Jaime Ferrer, Clemente Arnáiz"
Juan D'Arienzo,Orquesta Típica Juan D'Arienzo,11/24/1949,Amarga Sospecha,Tango,Armando Laborde,Víctor,Micro,Fulvio Salamanca,Carlos Bahr,,45-50 / Salamanca + 6B,Fulvio Salamanca,Olindo Sinibaldi,"Héctor Varela, Eladio Blanco, Alberto San Miguel, José Di Pilato, Jorge Ceriotti, Salvador Alonso","Cayetano Puglisi, Blas Pensato, Jaime Ferrer, Clemente Arnáiz"
Juan D'Arienzo,Orquesta Típica Juan D'Arienzo,11/24/1949,As De Bastos,Tango,Instrumental,Víctor,Micro,Luis Caruso,,,45-50 / Salamanca + 6B,Fulvio Salamanca,Olindo Sinibaldi,"Héctor Varela, Eladio Blanco, Alberto San Miguel, José Di Pilato, Jorge Ceriotti, Salvador Alonso","Cayetano Puglisi, Blas Pensato, Jaime Ferrer, Clemente Arnáiz"
Juan D'Arienzo,Orquesta Típica Juan D'Arienzo,11/24/1949,Don Pacífico,Tango,Instrumental,Víctor,Micro,Arturo Bassi,,,45-50 / Salamanca + 6B,Fulvio Salamanca,Olindo Sinibaldi,"Héctor Varela, Eladio Blanco, Alberto San Miguel, José Di Pilato, Jorge Ceriotti, Salvador Alonso","Cayetano Puglisi, Blas Pensato, Jaime Ferrer, Clemente Arnáiz"
Juan D'Arienzo,Orquesta Típica Juan D'Arienzo,11/24/1949,La Catrera,Tango,Instrumental,Víctor,Micro,Arturo Bassi,,,45-50 / Salamanca + 6B,Fulvio Salamanca,Olindo Sinibaldi,"Héctor Varela, Eladio Blanco, Alberto San Miguel, José Di Pilato, Jorge Ceriotti, Salvador Alonso","Cayetano Puglisi, Blas Pensato, Jaime Ferrer, Clemente Arnáiz"
Juan D'Arienzo,Orquesta Típica Juan D'Arienzo,11/24/1949,Si Yo La Quiero,Tango,Armando Laborde,Víctor,Micro,José Pilato,Carlos Bahr,,45-50 / Salamanca + 6B,Fulvio Salamanca,Olindo Sinibaldi,"Héctor Varela, Eladio Blanco, Alberto San Miguel, José Di Pilato, Jorge Ceriotti, Salvador Alonso","Cayetano Puglisi, Blas Pensato, Jaime Ferrer, Clemente Arnáiz"
Juan D'Arienzo,Orquesta Típica Juan D'Arienzo,11/24/1949,Yuyo Brujo,Tango,Armando Laborde,Víctor,Micro,Benjamín García,Sos Waiss,,45-50 / Salamanca + 6B,Fulvio Salamanca,Olindo Sinibaldi,"Héctor Varela, Eladio Blanco, Alberto San Miguel, José Di Pilato, Jorge Ceriotti, Salvador Alonso","Cayetano Puglisi, Blas Pensato, Jaime Ferrer, Clemente Arnáiz"
Juan D'Arienzo,Orquesta Típica Juan D'Arienzo,12/19/1949,El Potro,Milonga,Instrumental,Víctor,Micro,Pintín Castellanos,,,45-50 / Salamanca + 6B,Fulvio Salamanca,Olindo Sinibaldi,"Héctor Varela, Eladio Blanco, Alberto San Miguel, José Di Pilato, Jorge Ceriotti, Salvador Alonso","Cayetano Puglisi, Blas Pensato, Jaime Ferrer, Clemente Arnáiz"
Juan D'Arienzo,Orquesta Típica Juan D'Arienzo,12/19/1949,El Rey Del Compás,Tango,Instrumental,Víctor,Micro,Príncipe Cubano,,,45-50 / Salamanca + 6B,Fulvio Salamanca,Olindo Sinibaldi,"Héctor Varela, Eladio Blanco, Alberto San Miguel, José Di Pilato, Jorge Ceriotti, Salvador Alonso","Cayetano Puglisi, Blas Pensato, Jaime Ferrer, Clemente Arnáiz"
Juan D'Arienzo,Orquesta Típica Juan D'Arienzo,12/19/1949,Mi Cariñito,Vals,Echagüe / Laborde,Víctor,Micro,Alfredo Angelis,José Rótulo,,45-50 / Salamanca + 6B,Fulvio Salamanca,Olindo Sinibaldi,"Héctor Varela, Eladio Blanco, Alberto San Miguel, José Di Pilato, Jorge Ceriotti, Salvador Alonso","Cayetano Puglisi, Blas Pensato, Jaime Ferrer, Clemente Arnáiz"
Juan D'Arienzo,Orquesta Típica Juan D'Arienzo,12/19/1949,Nací En Pompeya,Tango,Alberto Echagüe,Víctor,Micro,Natty Paredes,José Rótulo,,45-50 / Salamanca + 6B,Fulvio Salamanca,Olindo Sinibaldi,"Héctor Varela, Eladio Blanco, Alberto San Miguel, José Di Pilato, Jorge Ceriotti, Salvador Alonso","Cayetano Puglisi, Blas Pensato, Jaime Ferrer, Clemente Arnáiz"
Juan D'Arienzo,Orquesta Típica Juan D'Arienzo,12/19/1949,Un Cambio Te Viene Bién,Milonga,Alberto Echagüe,Víctor,Micro,Eladio Blanco,Francisco Marino,,45-50 / Salamanca + 6B,Fulvio Salamanca,Olindo Sinibaldi,"Héctor Varela, Eladio Blanco, Alberto San Miguel, José Di Pilato, Jorge Ceriotti, Salvador Alonso","Cayetano Puglisi, Blas Pensato, Jaime Ferrer, Clemente Arnáiz"
Juan D'Arienzo,Orquesta Típica Juan D'Arienzo,12/19/1949,Unión Cívica,Tango,Instrumental,Víctor,Micro,Domingo Cruz,,,45-50 / Salamanca + 6B,Fulvio Salamanca,Olindo Sinibaldi,"Héctor Varela, Eladio Blanco, Alberto San Miguel, José Di Pilato, Jorge Ceriotti, Salvador Alonso","Cayetano Puglisi, Blas Pensato, Jaime Ferrer, Clemente Arnáiz"
Juan D'Arienzo,Orquesta Típica Juan D'Arienzo,5/5/1950,Bandera Baja,Milonga,Alberto Echagüe,Víctor,Micro,Juan D'Arienzo; Héctor Varela,Carlos Waiss,,45-50 / Salamanca + 6B,Fulvio Salamanca,Olindo Sinibaldi,"Héctor Varela, Eladio Blanco, Alberto San Miguel, José Di Pilato, Jorge Ceriotti, Salvador Alonso","Cayetano Puglisi, Blas Pensato, Jaime Ferrer, Clemente Arnáiz"
Juan D'Arienzo,Orquesta Típica Juan D'Arienzo,5/5/1950,Bien Pulenta,Tango,Alberto Echagüe,Víctor,Micro,Juan D'Arienzo; Héctor Varela,Carlos Waiss,,45-50 / Salamanca + 6B,Fulvio Salamanca,Olindo Sinibaldi,"Héctor Varela, Eladio Blanco, Alberto San Miguel, José Di Pilato, Jorge Ceriotti, Salvador Alonso","Cayetano Puglisi, Blas Pensato, Jaime Ferrer, Clemente Arnáiz"
Juan D'Arienzo,Orquesta Típica Juan D'Arienzo,5/5/1950,Canaro En París,Tango,Instrumental,Víctor,Micro,Alejandro Scarpino; Juan Caldarella,José Scarpino,,45-50 / Salamanca + 6B,Fulvio Salamanca,Olindo Sinibaldi,"Héctor Varela, Eladio Blanco, Alberto San Miguel, José Di Pilato, Jorge Ceriotti, Salvador Alonso","Cayetano Puglisi, Blas Pensato, Jaime Ferrer, Clemente Arnáiz"
Juan D'Arienzo,Orquesta Típica Juan D'Arienzo,5/5/1950,Cruz Maidana,Tango,Armando Laborde,Víctor,Micro,Juan D'Arienzo; Héctor Varela,Carlos Waiss,,45-50 / Salamanca + 6B,Fulvio Salamanca,Olindo Sinibaldi,"Héctor Varela, Eladio Blanco, Alberto San Miguel, José Di Pilato, Jorge Ceriotti, Salvador Alonso","Cayetano Puglisi, Blas Pensato, Jaime Ferrer, Clemente Arnáiz"
Juan D'Arienzo,Orquesta Típica Juan D'Arienzo,5/5/1950,El Internado,Tango,Instrumental,Víctor,Micro,Francisco Canaro,,,45-50 / Salamanca + 6B,Fulvio Salamanca,Olindo Sinibaldi,"Héctor Varela, Eladio Blanco, Alberto San Miguel, José Di Pilato, Jorge Ceriotti, Salvador Alonso","Cayetano Puglisi, Blas Pensato, Jaime Ferrer, Clemente Arnáiz"
Juan D'Arienzo,Orquesta Típica Juan D'Arienzo,5/5/1950,"Sígueme, Si Puedes",Tango,Instrumental,Víctor,Micro,Alejandro Scarpino; Juan Caldarella,Antonio Anselmi,,45-50 / Salamanca + 6B,Fulvio Salamanca,Olindo Sinibaldi,"Héctor Varela, Eladio Blanco, Alberto San Miguel, José Di Pilato, Jorge Ceriotti, Salvador Alonso","Cayetano Puglisi, Blas Pensato, Jaime Ferrer, Clemente Arnáiz"
Juan D'Arienzo,Orquesta Típica Juan D'Arienzo,5/15/1950,El Cisne,Vals,Instrumental,Víctor,Micro,Antonio Anselmi,Antonio Anselmi,,45-50 / Salamanca + 6B,Fulvio Salamanca,Olindo Sinibaldi,"Héctor Varela, Eladio Blanco, Alberto San Miguel, José Di Pilato, Jorge Ceriotti, Salvador Alonso","Cayetano Puglisi, Blas Pensato, Jaime Ferrer, Clemente Arnáiz"
Juan D'Arienzo,Orquesta Típica Juan D'Arienzo,5/15/1950,Homero,Tango,Instrumental,Víctor,Micro,Roberto Firpo,,,45-50 / Salamanca + 6B,Fulvio Salamanca,Olindo Sinibaldi,"Héctor Varela, Eladio Blanco, Alberto San Miguel, José Di Pilato, Jorge Ceriotti, Salvador Alonso","Cayetano Puglisi, Blas Pensato, Jaime Ferrer, Clemente Arnáiz"
Juan D'Arienzo,Orquesta Típica Juan D'Arienzo,5/15/1950,La Parrillada,Milonga,Instrumental,Víctor,Micro,María Guidini; Nobile Talvo,Elsa Guidini; Juan Talvo,,45-50 / Salamanca + 6B,Fulvio Salamanca,Olindo Sinibaldi,"Héctor Varela, Eladio Blanco, Alberto San Miguel, José Di Pilato, Jorge Ceriotti, Salvador Alonso","Cayetano Puglisi, Blas Pensato, Jaime Ferrer, Clemente Arnáiz"
Juan D'Arienzo,Orquesta Típica Juan D'Arienzo,5/15/1950,Me Llamo Como Me Llamo,Milonga,Armando Laborde,Víctor,Micro,Miguel Bucino),Miguel Bucino,,45-50 / Salamanca + 6B,Fulvio Salamanca,Olindo Sinibaldi,"Héctor Varela, Eladio Blanco, Alberto San Miguel, José Di Pilato, Jorge Ceriotti, Salvador Alonso","Cayetano Puglisi, Blas Pensato, Jaime Ferrer, Clemente Arnáiz"
Juan D'Arienzo,Orquesta Típica Juan D'Arienzo,5/15/1950,Nueve De Julio,Tango,Instrumental,Víctor,Micro,José Padula,Lito Ferrari,,45-50 / Salamanca + 6B,Fulvio Salamanca,Olindo Sinibaldi,"Héctor Varela, Eladio Blanco, Alberto San Miguel, José Di Pilato, Jorge Ceriotti, Salvador Alonso","Cayetano Puglisi, Blas Pensato, Jaime Ferrer, Clemente Arnáiz"
Juan D'Arienzo,Orquesta Típica Juan D'Arienzo,5/15/1950,Pituca,Tango,Alberto Echagüe,Víctor,Micro,Enrique Cadícamo,Rogelio Ferreyra,,45-50 / Salamanca + 6B,Fulvio Salamanca,Olindo Sinibaldi,"Héctor Varela, Eladio Blanco, Alberto San Miguel, José Di Pilato, Jorge Ceriotti, Salvador Alonso","Cayetano Puglisi, Blas Pensato, Jaime Ferrer, Clemente Arnáiz"
Juan D'Arienzo,Orquesta Típica Juan D'Arienzo,9/28/1950,Don Juan Mondiola,Tango,Alberto Echagüe,Víctor,Micro,Antonio Arona,Antonio Arona,,50-53 / Slamanca + New Bandoneons,Fulvio Salamanca,Victorio Virgilito,"Enrique Alessio, Eladio Blanco, Carlos Lázzari, Felipe Riccardo, Aldo Junnissi","Cayetano Puglisi, Blas Pensato, Jaime Ferrer, Pablo Hechím"
Juan D'Arienzo,Orquesta Típica Juan D'Arienzo,9/28/1950,Precio,Tango,Roberto Lemos,Víctor,Micro,Manuel Sucher,Carlos Bahr,,50-53 / Slamanca + New Bandoneons,Fulvio Salamanca,Victorio Virgilito,"Enrique Alessio, Eladio Blanco, Carlos Lázzari, Felipe Riccardo, Aldo Junnissi","Cayetano Puglisi, Blas Pensato, Jaime Ferrer, Pablo Hechím"
Juan D'Arienzo,Orquesta Típica Juan D'Arienzo,9/28/1950,Sin Balurdo,Tango,Alberto Echagüe,Víctor,Micro,Juan D'Arienzo; Fulvio Salamanca; Carlos Bahr,Juan D'Arienzo; Fulvio Salamanca; Carlos Bahr,,50-53 / Slamanca + New Bandoneons,Fulvio Salamanca,Victorio Virgilito,"Enrique Alessio, Eladio Blanco, Carlos Lázzari, Felipe Riccardo, Aldo Junnissi","Cayetano Puglisi, Blas Pensato, Jaime Ferrer, Pablo Hechím"
Juan D'Arienzo,Orquesta Típica Juan D'Arienzo,9/28/1950,Tucumán,Tango,Instrumental,Víctor,Micro,José Padula,,,50-53 / Slamanca + New Bandoneons,Fulvio Salamanca,Victorio Virgilito,"Enrique Alessio, Eladio Blanco, Carlos Lázzari, Felipe Riccardo, Aldo Junnissi","Cayetano Puglisi, Blas Pensato, Jaime Ferrer, Pablo Hechím"
Juan D'Arienzo,Orquesta Típica Juan D'Arienzo,9/28/1950,Un Tango Para Mi Vieja,Tango,Alberto Echagüe,Víctor,Micro,Enrique Alessio,Reinaldo Ghiso,,50-53 / Slamanca + New Bandoneons,Fulvio Salamanca,Victorio Virgilito,"Enrique Alessio, Eladio Blanco, Carlos Lázzari, Felipe Riccardo, Aldo Junnissi","Cayetano Puglisi, Blas Pensato, Jaime Ferrer, Pablo Hechím"
Juan D'Arienzo,Orquesta Típica Juan D'Arienzo,12/27/1950,A Puño Limpio,Milonga,Alberto Echagüe,Víctor,Micro,Pintín Castellanos,Pintín Castellanos,,50-53 / Slamanca + New Bandoneons,Fulvio Salamanca,Victorio Virgilito,"Enrique Alessio, Eladio Blanco, Carlos Lázzari, Felipe Riccardo, Aldo Junnissi","Cayetano Puglisi, Blas Pensato, Jaime Ferrer, Pablo Hechím"
Juan D'Arienzo,Orquesta Típica Juan D'Arienzo,12/27/1950,Desencanto,Vals,Roberto Lemos,Víctor,Micro,Mario Marinelli,Mario Marinelli,,50-53 / Slamanca + New Bandoneons,Fulvio Salamanca,Victorio Virgilito,"Enrique Alessio, Eladio Blanco, Carlos Lázzari, Felipe Riccardo, Aldo Junnissi","Cayetano Puglisi, Blas Pensato, Jaime Ferrer, Pablo Hechím"
Juan D'Arienzo,Orquesta Típica Juan D'Arienzo,12/27/1950,Quisieran Verme Llorar,Tango,Roberto Lemos,Víctor,Micro,Francisco Mosca,J. Zas; Francisco García,,50-53 / Slamanca + New Bandoneons,Fulvio Salamanca,Victorio Virgilito,"Enrique Alessio, Eladio Blanco, Carlos Lázzari, Felipe Riccardo, Aldo Junnissi","Cayetano Puglisi, Blas Pensato, Jaime Ferrer, Pablo Hechím"
Juan D'Arienzo,Orquesta Típica Juan D'Arienzo,12/28/1950,Don Juan,Tango,Instrumental,Víctor,Micro,Ernesto Ponzio,Ricardo Podestá,,50-53 / Slamanca + New Bandoneons,Fulvio Salamanca,Victorio Virgilito,"Enrique Alessio, Eladio Blanco, Carlos Lázzari, Felipe Riccardo, Aldo Junnissi","Cayetano Puglisi, Blas Pensato, Jaime Ferrer, Pablo Hechím"
Juan D'Arienzo,Orquesta Típica Juan D'Arienzo,12/28/1950,El Marne,Tango,Instrumental,Víctor,Micro,Eduardo Arolas,Gabriel Clausi,,50-53 / Slamanca + New Bandoneons,Fulvio Salamanca,Victorio Virgilito,"Enrique Alessio, Eladio Blanco, Carlos Lázzari, Felipe Riccardo, Aldo Junnissi","Cayetano Puglisi, Blas Pensato, Jaime Ferrer, Pablo Hechím"
Juan D'Arienzo,Orquesta Típica Juan D'Arienzo,12/28/1950,La Bicoca,Tango,Instrumental,Víctor,Micro,José Severino,,,50-53 / Slamanca + New Bandoneons,Fulvio Salamanca,Victorio Virgilito,"Enrique Alessio, Eladio Blanco, Carlos Lázzari, Felipe Riccardo, Aldo Junnissi","Cayetano Puglisi, Blas Pensato, Jaime Ferrer, Pablo Hechím"
Juan D'Arienzo,Orquesta Típica Juan D'Arienzo,12/28/1950,No Vas Más,Tango,Alberto Echagüe,Víctor,Micro,Jorge Cardozo,Gerardo Adroher,,50-53 / Slamanca + New Bandoneons,Fulvio Salamanca,Victorio Virgilito,"Enrique Alessio, Eladio Blanco, Carlos Lázzari, Felipe Riccardo, Aldo Junnissi","Cayetano Puglisi, Blas Pensato, Jaime Ferrer, Pablo Hechím"
Juan D'Arienzo,Orquesta Típica Juan D'Arienzo,9/12/1951,Amarroto,Tango,Alberto Echagüe,Víctor,Micro,Juan Cao,Miguel Bucino,,50-53 / Slamanca + New Bandoneons,Fulvio Salamanca,Victorio Virgilito,"Enrique Alessio, Eladio Blanco, Carlos Lázzari, Felipe Riccardo, Aldo Junnissi","Cayetano Puglisi, Blas Pensato, Jaime Ferrer, Pablo Hechím"
Juan D'Arienzo,Orquesta Típica Juan D'Arienzo,9/12/1951,El Nene Del Abasto,Tango,Alberto Echagüe,Víctor,Micro,Eladio Blanco,Raúl Hormaza,,50-53 / Slamanca + New Bandoneons,Fulvio Salamanca,Victorio Virgilito,"Enrique Alessio, Eladio Blanco, Carlos Lázzari, Felipe Riccardo, Aldo Junnissi","Cayetano Puglisi, Blas Pensato, Jaime Ferrer, Pablo Hechím"
Juan D'Arienzo,Orquesta Típica Juan D'Arienzo,9/12/1951,Ganzúa,Milonga,Alberto Echagüe,Víctor,Micro,Juan D'Arienzo; Fulvio Salamanca; Carlos Bahr,Juan D'Arienzo; Fulvio Salamanca; Carlos Bahr,,50-53 / Slamanca + New Bandoneons,Fulvio Salamanca,Victorio Virgilito,"Enrique Alessio, Eladio Blanco, Carlos Lázzari, Felipe Riccardo, Aldo Junnissi","Cayetano Puglisi, Blas Pensato, Jaime Ferrer, Pablo Hechím"
Juan D'Arienzo,Orquesta Típica Juan D'Arienzo,9/12/1951,La Cumparsita,Tango,Instrumental,Víctor,Micro,Gerardo Rodríguez,Pascual Contursi; Enrique Maroni; Gerardo Rodríguez,,50-53 / Slamanca + New Bandoneons,Fulvio Salamanca,Victorio Virgilito,"Enrique Alessio, Eladio Blanco, Carlos Lázzari, Felipe Riccardo, Aldo Junnissi","Cayetano Puglisi, Blas Pensato, Jaime Ferrer, Pablo Hechím"
Juan D'Arienzo,Orquesta Típica Juan D'Arienzo,9/12/1951,La Puñalada,Milonga,Instrumental,Víctor,Micro,Pintín Alves),Celedonio Flores,,50-53 / Slamanca + New Bandoneons,Fulvio Salamanca,Victorio Virgilito,"Enrique Alessio, Eladio Blanco, Carlos Lázzari, Felipe Riccardo, Aldo Junnissi","Cayetano Puglisi, Blas Pensato, Jaime Ferrer, Pablo Hechím"
Juan D'Arienzo,Orquesta Típica Juan D'Arienzo,9/12/1951,Se Pe Ño Po Ri Pi Ta Pa,Tango,Alberto Echagüe,Víctor,Micro,Juan D´Arienzo; Fulvio Salamanca,Carlos Bahr,,50-53 / Slamanca + New Bandoneons,Fulvio Salamanca,Victorio Virgilito,"Enrique Alessio, Eladio Blanco, Carlos Lázzari, Felipe Riccardo, Aldo Junnissi","Cayetano Puglisi, Blas Pensato, Jaime Ferrer, Pablo Hechím"
Juan D'Arienzo,Orquesta Típica Juan D'Arienzo,9/14/1951,El Irresistible,Tango,Instrumental,Víctor,Micro,Lorenzo Logatti,Carlos Pesce,,50-53 / Slamanca + New Bandoneons,Fulvio Salamanca,Victorio Virgilito,"Enrique Alessio, Eladio Blanco, Carlos Lázzari, Felipe Riccardo, Aldo Junnissi","Cayetano Puglisi, Blas Pensato, Jaime Ferrer, Pablo Hechím"
Juan D'Arienzo,Orquesta Típica Juan D'Arienzo,9/14/1951,Este Carnaval,Tango,Alberto Echagüe,Víctor,Micro,Miguel Caruso,Luis Caruso,,50-53 / Slamanca + New Bandoneons,Fulvio Salamanca,Victorio Virgilito,"Enrique Alessio, Eladio Blanco, Carlos Lázzari, Felipe Riccardo, Aldo Junnissi","Cayetano Puglisi, Blas Pensato, Jaime Ferrer, Pablo Hechím"
Juan D'Arienzo,Orquesta Típica Juan D'Arienzo,9/14/1951,Paciencia,Tango,Alberto Echagüe,Víctor,Micro,Juan D'Arienzo,Francisco Gorrindo,,50-53 / Slamanca + New Bandoneons,Fulvio Salamanca,Victorio Virgilito,"Enrique Alessio, Eladio Blanco, Carlos Lázzari, Felipe Riccardo, Aldo Junnissi","Cayetano Puglisi, Blas Pensato, Jaime Ferrer, Pablo Hechím"
Juan D'Arienzo,Orquesta Típica Juan D'Arienzo,9/14/1951,Pampa,Tango,Instrumental,Víctor,Micro,Francisco Pracánico,,,50-53 / Slamanca + New Bandoneons,Fulvio Salamanca,Victorio Virgilito,"Enrique Alessio, Eladio Blanco, Carlos Lázzari, Felipe Riccardo, Aldo Junnissi","Cayetano Puglisi, Blas Pensato, Jaime Ferrer, Pablo Hechím"
Juan D'Arienzo,Orquesta Típica Juan D'Arienzo,9/14/1951,Tu Boca Mintió,Tango,Roberto Lemos,Víctor,Micro,Armando Ángeletti; Alberto Longo,Armando Ángeletti; Alberto Longo,,50-53 / Slamanca + New Bandoneons,Fulvio Salamanca,Victorio Virgilito,"Enrique Alessio, Eladio Blanco, Carlos Lázzari, Felipe Riccardo, Aldo Junnissi","Cayetano Puglisi, Blas Pensato, Jaime Ferrer, Pablo Hechím"
Juan D'Arienzo,Orquesta Típica Juan D'Arienzo,12/19/1951,El Hipo,Tango,Alberto Echagüe,Víctor,Micro,Enrique Alessio,Reinaldo Yiso,,50-53 / Slamanca + New Bandoneons,Fulvio Salamanca,Victorio Virgilito,"Enrique Alessio, Eladio Blanco, Carlos Lázzari, Felipe Riccardo, Aldo Junnissi","Cayetano Puglisi, Blas Pensato, Jaime Ferrer, Pablo Hechím"
Juan D'Arienzo,Orquesta Típica Juan D'Arienzo,12/19/1951,El Simpático,Tango,Instrumental,Víctor,Micro,Juan Santini,,,50-53 / Slamanca + New Bandoneons,Fulvio Salamanca,Victorio Virgilito,"Enrique Alessio, Eladio Blanco, Carlos Lázzari, Felipe Riccardo, Aldo Junnissi","Cayetano Puglisi, Blas Pensato, Jaime Ferrer, Pablo Hechím"
Juan D'Arienzo,Orquesta Típica Juan D'Arienzo,12/19/1951,N.P.,Tango,Alberto Echagüe,Víctor,Micro,Juan Riverol,Francisco Loiácono,,50-53 / Slamanca + New Bandoneons,Fulvio Salamanca,Victorio Virgilito,"Enrique Alessio, Eladio Blanco, Carlos Lázzari, Felipe Riccardo, Aldo Junnissi","Cayetano Puglisi, Blas Pensato, Jaime Ferrer, Pablo Hechím"
Juan D'Arienzo,Orquesta Típica Juan D'Arienzo,12/19/1951,No Llores Madre,Vals,Roberto Lemos,Víctor,Micro,Francisco Lauro,Alfredo Roldán,,50-53 / Slamanca + New Bandoneons,Fulvio Salamanca,Victorio Virgilito,"Enrique Alessio, Eladio Blanco, Carlos Lázzari, Felipe Riccardo, Aldo Junnissi","Cayetano Puglisi, Blas Pensato, Jaime Ferrer, Pablo Hechím"
Juan D'Arienzo,Orquesta Típica Juan D'Arienzo,12/19/1951,Penumbras,Vals,Roberto Lemos,Víctor,Micro,Pedro Toscano,Alfredo Roldán,,50-53 / Slamanca + New Bandoneons,Fulvio Salamanca,Victorio Virgilito,"Enrique Alessio, Eladio Blanco, Carlos Lázzari, Felipe Riccardo, Aldo Junnissi","Cayetano Puglisi, Blas Pensato, Jaime Ferrer, Pablo Hechím"
Juan D'Arienzo,Orquesta Típica Juan D'Arienzo,12/19/1951,Viva Mi Tierra Argentina,Milonga,Alberto Echagüe,Víctor,Micro,Encarnación Gordillo,Agustín Boedo,,50-53 / Slamanca + New Bandoneons,Fulvio Salamanca,Victorio Virgilito,"Enrique Alessio, Eladio Blanco, Carlos Lázzari, Felipe Riccardo, Aldo Junnissi","Cayetano Puglisi, Blas Pensato, Jaime Ferrer, Pablo Hechím"
Juan D'Arienzo,Orquesta Típica Juan D'Arienzo,12/27/1951,De Vuelta,Vals,Alberto Echagüe,Víctor,Micro,Carlos Lázzari,Carlos Bahr,,50-53 / Slamanca + New Bandoneons,Fulvio Salamanca,Victorio Virgilito,"Enrique Alessio, Eladio Blanco, Carlos Lázzari, Felipe Riccardo, Aldo Junnissi","Cayetano Puglisi, Blas Pensato, Jaime Ferrer, Pablo Hechím"
Juan D'Arienzo,Orquesta Típica Juan D'Arienzo,12/27/1951,Todo Varón,Tango,Roberto Lemos,Víctor,Micro,Elmo Debassi,Elmo Debassi,,50-53 / Slamanca + New Bandoneons,Fulvio Salamanca,Victorio Virgilito,"Enrique Alessio, Eladio Blanco, Carlos Lázzari, Felipe Riccardo, Aldo Junnissi","Cayetano Puglisi, Blas Pensato, Jaime Ferrer, Pablo Hechím"
Juan D'Arienzo,Orquesta Típica Juan D'Arienzo,12/27/1951,Yapeyú,Tango,Instrumental,Víctor,Micro,José Fuster,,,50-53 / Slamanca + New Bandoneons,Fulvio Salamanca,Victorio Virgilito,"Enrique Alessio, Eladio Blanco, Carlos Lázzari, Felipe Riccardo, Aldo Junnissi","Cayetano Puglisi, Blas Pensato, Jaime Ferrer, Pablo Hechím"
Juan D'Arienzo,Orquesta Típica Juan D'Arienzo,8/13/1952,De Corazón A Corazón,Tango,Armando Laborde,Víctor,Micro,Enrique Carmelo,Alessio Yiso,,50-53 / Slamanca + New Bandoneons,Fulvio Salamanca,Victorio Virgilito,"Enrique Alessio, Eladio Blanco, Carlos Lázzari, Felipe Riccardo, Aldo Junnissi","Cayetano Puglisi, Blas Pensato, Jaime Ferrer, Pablo Hechím"
Juan D'Arienzo,Orquesta Típica Juan D'Arienzo,8/13/1952,El Agente De La Esquina,Tango,Armando Laborde,Víctor,Micro,Raúl Peralta,Julio Buron,,50-53 / Slamanca + New Bandoneons,Fulvio Salamanca,Victorio Virgilito,"Enrique Alessio, Eladio Blanco, Carlos Lázzari, Felipe Riccardo, Aldo Junnissi","Cayetano Puglisi, Blas Pensato, Jaime Ferrer, Pablo Hechím"
Juan D'Arienzo,Orquesta Típica Juan D'Arienzo,8/13/1952,El Puntazo,Tango,Instrumental,Víctor,Micro,Alejandro Junnissi,,,50-53 / Slamanca + New Bandoneons,Fulvio Salamanca,Victorio Virgilito,"Enrique Alessio, Eladio Blanco, Carlos Lázzari, Felipe Riccardo, Aldo Junnissi","Cayetano Puglisi, Blas Pensato, Jaime Ferrer, Pablo Hechím"
Juan D'Arienzo,Orquesta Típica Juan D'Arienzo,8/13/1952,Estás Conmigo,Tango,Armando Laborde,Víctor,Micro,Carlos Lázzari,Carlos Bahr,,50-53 / Slamanca + New Bandoneons,Fulvio Salamanca,Victorio Virgilito,"Enrique Alessio, Eladio Blanco, Carlos Lázzari, Felipe Riccardo, Aldo Junnissi","Cayetano Puglisi, Blas Pensato, Jaime Ferrer, Pablo Hechím"
Juan D'Arienzo,Orquesta Típica Juan D'Arienzo,8/13/1952,Luis Alberto,Tango,Instrumental,Víctor,Micro,Anselmo Aieta,,,50-53 / Slamanca + New Bandoneons,Fulvio Salamanca,Victorio Virgilito,"Enrique Alessio, Eladio Blanco, Carlos Lázzari, Felipe Riccardo, Aldo Junnissi","Cayetano Puglisi, Blas Pensato, Jaime Ferrer, Pablo Hechím"
Juan D'Arienzo,Orquesta Típica Juan D'Arienzo,8/13/1952,Milonga Que Peina Canas,Milonga,Armando Laborde,Víctor,Micro,Alberto Adducci),Alberto Adducci,,50-53 / Slamanca + New Bandoneons,Fulvio Salamanca,Victorio Virgilito,"Enrique Alessio, Eladio Blanco, Carlos Lázzari, Felipe Riccardo, Aldo Junnissi","Cayetano Puglisi, Blas Pensato, Jaime Ferrer, Pablo Hechím"
Juan D'Arienzo,Orquesta Típica Juan D'Arienzo,8/13/1952,Sarampión,Tango,Alberto Echagüe,Víctor,Micro,Eladio Blanco,Raúl Hormaza,,50-53 / Slamanca + New Bandoneons,Fulvio Salamanca,Victorio Virgilito,"Enrique Alessio, Eladio Blanco, Carlos Lázzari, Felipe Riccardo, Aldo Junnissi","Cayetano Puglisi, Blas Pensato, Jaime Ferrer, Pablo Hechím"
Juan D'Arienzo,Orquesta Típica Juan D'Arienzo,8/13/1952,Se Acabaron Los Guapos,Milonga,Armando Laborde,Víctor,Micro,Rafael Tuegols,Alfredo Tropiani,,50-53 / Slamanca + New Bandoneons,Fulvio Salamanca,Victorio Virgilito,"Enrique Alessio, Eladio Blanco, Carlos Lázzari, Felipe Riccardo, Aldo Junnissi","Cayetano Puglisi, Blas Pensato, Jaime Ferrer, Pablo Hechím"
Juan D'Arienzo,Orquesta Típica Juan D'Arienzo,8/13/1952,Trampa,Milonga,Armando Laborde,Víctor,Micro,Juan D'Arienzo; Fulvio Salamanca; Carlos Bahr,Juan D'Arienzo; Fulvio Salamanca; Carlos Bahr,,50-53 / Slamanca + New Bandoneons,Fulvio Salamanca,Victorio Virgilito,"Enrique Alessio, Eladio Blanco, Carlos Lázzari, Felipe Riccardo, Aldo Junnissi","Cayetano Puglisi, Blas Pensato, Jaime Ferrer, Pablo Hechím"
Juan D'Arienzo,Orquesta Típica Juan D'Arienzo,8/13/1952,Y Siempre La Misma Historia,Tango,Alberto Echagüe,Víctor,Micro,Miguel Bucino),Miguel Bucino,,50-53 / Slamanca + New Bandoneons,Fulvio Salamanca,Victorio Virgilito,"Enrique Alessio, Eladio Blanco, Carlos Lázzari, Felipe Riccardo, Aldo Junnissi","Cayetano Puglisi, Blas Pensato, Jaime Ferrer, Pablo Hechím"
Juan D'Arienzo,Orquesta Típica Juan D'Arienzo,8/13/1952,Y Suma Y Sigue,Tango,Alberto Echagüe,Víctor,Micro,Juan D'Arienzo; Fulvio Salamanca; Carlos Bahr,Juan D'Arienzo; Fulvio Salamanca; Carlos Bahr,,50-53 / Slamanca + New Bandoneons,Fulvio Salamanca,Victorio Virgilito,"Enrique Alessio, Eladio Blanco, Carlos Lázzari, Felipe Riccardo, Aldo Junnissi","Cayetano Puglisi, Blas Pensato, Jaime Ferrer, Pablo Hechím"
Juan D'Arienzo,Orquesta Típica Juan D'Arienzo,11/12/1952,El Comandante,Milonga,Armando Laborde,Víctor,Micro,Roberto Mercardo; Domingo Pisera,Domingo Basso,,50-53 / Slamanca + New Bandoneons,Fulvio Salamanca,Victorio Virgilito,"Enrique Alessio, Eladio Blanco, Carlos Lázzari, Felipe Riccardo, Aldo Junnissi","Cayetano Puglisi, Blas Pensato, Jaime Ferrer, Pablo Hechím"
Juan D'Arienzo,Orquesta Típica Juan D'Arienzo,11/12/1952,El Pollo Ricardo,Tango,Instrumental,Víctor,Micro,Luis Fernández,Luis Fernández,,50-53 / Slamanca + New Bandoneons,Fulvio Salamanca,Victorio Virgilito,"Enrique Alessio, Eladio Blanco, Carlos Lázzari, Felipe Riccardo, Aldo Junnissi","Cayetano Puglisi, Blas Pensato, Jaime Ferrer, Pablo Hechím"
Juan D'Arienzo,Orquesta Típica Juan D'Arienzo,11/12/1952,El Romántico,Tango,Instrumental,Víctor,Micro,Arturo Bassi,,,50-53 / Slamanca + New Bandoneons,Fulvio Salamanca,Victorio Virgilito,"Enrique Alessio, Eladio Blanco, Carlos Lázzari, Felipe Riccardo, Aldo Junnissi","Cayetano Puglisi, Blas Pensato, Jaime Ferrer, Pablo Hechím"
Juan D'Arienzo,Orquesta Típica Juan D'Arienzo,11/12/1952,El Tigre Millán,Tango,Alberto Echagüe,Víctor,Micro,Francisco Canaro,Francisco Canaro,,50-53 / Slamanca + New Bandoneons,Fulvio Salamanca,Victorio Virgilito,"Enrique Alessio, Eladio Blanco, Carlos Lázzari, Felipe Riccardo, Aldo Junnissi","Cayetano Puglisi, Blas Pensato, Jaime Ferrer, Pablo Hechím"
Juan D'Arienzo,Orquesta Típica Juan D'Arienzo,11/12/1952,Florida,Tango,Instrumental,Víctor,Micro,Raimundo Petillo,Antonio Polito,,50-53 / Slamanca + New Bandoneons,Fulvio Salamanca,Victorio Virgilito,"Enrique Alessio, Eladio Blanco, Carlos Lázzari, Felipe Riccardo, Aldo Junnissi","Cayetano Puglisi, Blas Pensato, Jaime Ferrer, Pablo Hechím"
Juan D'Arienzo,Orquesta Típica Juan D'Arienzo,11/12/1952,Siempre Tú En Mi Corazón,Vals,Armando Laborde,Víctor,Micro,María Giovini,Carlos Bahr,,50-53 / Slamanca + New Bandoneons,Fulvio Salamanca,Victorio Virgilito,"Enrique Alessio, Eladio Blanco, Carlos Lázzari, Felipe Riccardo, Aldo Junnissi","Cayetano Puglisi, Blas Pensato, Jaime Ferrer, Pablo Hechím"
Juan D'Arienzo,Orquesta Típica Juan D'Arienzo,11/12/1952,Un Alma Buena,Tango,Armando Laborde,Víctor,Micro,Aquiles Aguilar,José Contursi,,50-53 / Slamanca + New Bandoneons,Fulvio Salamanca,Victorio Virgilito,"Enrique Alessio, Eladio Blanco, Carlos Lázzari, Felipe Riccardo, Aldo Junnissi","Cayetano Puglisi, Blas Pensato, Jaime Ferrer, Pablo Hechím"
Juan D'Arienzo,Orquesta Típica Juan D'Arienzo,11/12/1952,Viejo Smoking,Tango,Armando Laborde,Víctor,Micro,Guillermo Barbieri,Celedonio Flores,,50-53 / Slamanca + New Bandoneons,Fulvio Salamanca,Victorio Virgilito,"Enrique Alessio, Eladio Blanco, Carlos Lázzari, Felipe Riccardo, Aldo Junnissi","Cayetano Puglisi, Blas Pensato, Jaime Ferrer, Pablo Hechím"
Juan D'Arienzo,Orquesta Típica Juan D'Arienzo,8/13/1953,Giusesepe El Crooner,Tango,Alberto Echagüe,Víctor,Micro,Enrique Rodríguez,Domingo Sciaraffía,,50-53 / Slamanca + New Bandoneons,Fulvio Salamanca,Victorio Virgilito,"Enrique Alessio, Eladio Blanco, Carlos Lázzari, Felipe Riccardo, Aldo Junnissi","Cayetano Puglisi, Blas Pensato, Jaime Ferrer, Pablo Hechím"
Juan D'Arienzo,Orquesta Típica Juan D'Arienzo,8/13/1953,Gladiolo,Tango,Alberto Echagüe,Víctor,Micro,Alberto Bonfanti,Alberto Bonfanti,,50-53 / Slamanca + New Bandoneons,Fulvio Salamanca,Victorio Virgilito,"Enrique Alessio, Eladio Blanco, Carlos Lázzari, Felipe Riccardo, Aldo Junnissi","Cayetano Puglisi, Blas Pensato, Jaime Ferrer, Pablo Hechím"
Juan D'Arienzo,Orquesta Típica Juan D'Arienzo,8/13/1953,"Mucho, Mucho",Milonga,Armando Laborde,Víctor,Micro,Juan Cao,Miguel Bucino,,50-53 / Slamanca + New Bandoneons,Fulvio Salamanca,Victorio Virgilito,"Enrique Alessio, Eladio Blanco, Carlos Lázzari, Felipe Riccardo, Aldo Junnissi","Cayetano Puglisi, Blas Pensato, Jaime Ferrer, Pablo Hechím"
Juan D'Arienzo,Orquesta Típica Juan D'Arienzo,8/13/1953,Necesito Tu Cariño,Tango,Armando Laborde,Víctor,Micro,Juan D'Arienzo; Fulvio Salamanca,Carlos Bahr,,50-53 / Slamanca + New Bandoneons,Fulvio Salamanca,Victorio Virgilito,"Enrique Alessio, Eladio Blanco, Carlos Lázzari, Felipe Riccardo, Aldo Junnissi","Cayetano Puglisi, Blas Pensato, Jaime Ferrer, Pablo Hechím"
Juan D'Arienzo,Orquesta Típica Juan D'Arienzo,8/13/1953,Tomá Estas Monedas,Tango,Alberto Echagüe,Víctor,Micro,Juan D'Arienzo; Fulvio Salamanca; Carlos Bahr,Juan D'Arienzo; Fulvio Salamanca; Carlos Bahr,,50-53 / Slamanca + New Bandoneons,Fulvio Salamanca,Victorio Virgilito,"Enrique Alessio, Eladio Blanco, Carlos Lázzari, Felipe Riccardo, Aldo Junnissi","Cayetano Puglisi, Blas Pensato, Jaime Ferrer, Pablo Hechím"
Juan D'Arienzo,Orquesta Típica Juan D'Arienzo,9/18/1953,Ché Negrito,Tango,Alberto Echagüe,Víctor,Micro,Roberto Pedretti; Delia Leguisamo,Delia Leguisamo,,50-53 / Slamanca + New Bandoneons,Fulvio Salamanca,Victorio Virgilito,"Enrique Alessio, Eladio Blanco, Carlos Lázzari, Felipe Riccardo, Aldo Junnissi","Cayetano Puglisi, Blas Pensato, Jaime Ferrer, Pablo Hechím"
Juan D'Arienzo,Orquesta Típica Juan D'Arienzo,9/18/1953,El Curda,Tango,Armando Laborde,Víctor,Micro,F. García; Francisco Mosca; J. Zas,Francisco García; Pantaleón Mosca; José Zas,,50-53 / Slamanca + New Bandoneons,Fulvio Salamanca,Victorio Virgilito,"Enrique Alessio, Eladio Blanco, Carlos Lázzari, Felipe Riccardo, Aldo Junnissi","Cayetano Puglisi, Blas Pensato, Jaime Ferrer, Pablo Hechím"
Juan D'Arienzo,Orquesta Típica Juan D'Arienzo,9/18/1953,El Purrete,Tango,Armando Laborde,Víctor,Micro,Eladio Blanco,Raúl Hormaza,,50-53 / Slamanca + New Bandoneons,Fulvio Salamanca,Victorio Virgilito,"Enrique Alessio, Eladio Blanco, Carlos Lázzari, Felipe Riccardo, Aldo Junnissi","Cayetano Puglisi, Blas Pensato, Jaime Ferrer, Pablo Hechím"
Juan D'Arienzo,Orquesta Típica Juan D'Arienzo,9/18/1953,Mi Parejero,Tango,Instrumental,Víctor,Micro,Ataliva Montenegro,,,50-53 / Slamanca + New Bandoneons,Fulvio Salamanca,Victorio Virgilito,"Enrique Alessio, Eladio Blanco, Carlos Lázzari, Felipe Riccardo, Aldo Junnissi","Cayetano Puglisi, Blas Pensato, Jaime Ferrer, Pablo Hechím"
Juan D'Arienzo,Orquesta Típica Juan D'Arienzo,9/18/1953,Piringundín,Milonga,Alberto Echagüe,Víctor,Tape,Pintín Castellanos,Pintín Castellanos,,53-57 / Tape (Salamanca) ,Fulvio Salamanca,Victorio Virgilito,"Enrique Alessio, Eladio Blanco, Carlos Lázzari, Felipe Riccardo, Aldo Junnissi","Cayetano Puglisi, Blas Pensato, Jaime Ferrer, Pablo Hechím"
Juan D'Arienzo,Orquesta Típica Juan D'Arienzo,9/18/1953,Vas Muerto En La Parada,Tango,Alberto Echagüe,Víctor,Tape,Mortimer Rodríguez,Antonio Casciani,,53-57 / Tape (Salamanca) ,Fulvio Salamanca,Victorio Virgilito,"Enrique Alessio, Eladio Blanco, Carlos Lázzari, Felipe Riccardo, Aldo Junnissi","Cayetano Puglisi, Blas Pensato, Jaime Ferrer, Pablo Hechím"
Juan D'Arienzo,Orquesta Típica Juan D'Arienzo,12/28/1953,Independencia,Tango,Instrumental,Víctor,Tape,Alfredo Bevilacqua,Antonio Polito,,53-57 / Tape (Salamanca) ,Fulvio Salamanca,Victorio Virgilito,"Enrique Alessio, Eladio Blanco, Carlos Lázzari, Felipe Riccardo, Aldo Junnissi","Cayetano Puglisi, Blas Pensato, Jaime Ferrer, Pablo Hechím"
Juan D'Arienzo,Orquesta Típica Juan D'Arienzo,12/28/1953,Joaquina,Tango,Instrumental,Víctor,Tape,Juan Bergamino,,,53-57 / Tape (Salamanca) ,Fulvio Salamanca,Victorio Virgilito,"Enrique Alessio, Eladio Blanco, Carlos Lázzari, Felipe Riccardo, Aldo Junnissi","Cayetano Puglisi, Blas Pensato, Jaime Ferrer, Pablo Hechím"
Juan D'Arienzo,Orquesta Típica Juan D'Arienzo,12/28/1953,Mirando Al Cielo,Tango,Armando Laborde,Víctor,Tape,Cayetano Puglisi,Poncel Cantore,,53-57 / Tape (Salamanca) ,Fulvio Salamanca,Victorio Virgilito,"Enrique Alessio, Eladio Blanco, Carlos Lázzari, Felipe Riccardo, Aldo Junnissi","Cayetano Puglisi, Blas Pensato, Jaime Ferrer, Pablo Hechím"
Juan D'Arienzo,Orquesta Típica Juan D'Arienzo,12/28/1953,Tango De La Media Noche,Tango,Armando Laborde,Víctor,Tape,Armando Venanzi,Héctor Marcó,,53-57 / Tape (Salamanca) ,Fulvio Salamanca,Victorio Virgilito,"Enrique Alessio, Eladio Blanco, Carlos Lázzari, Felipe Riccardo, Aldo Junnissi","Cayetano Puglisi, Blas Pensato, Jaime Ferrer, Pablo Hechím"
Juan D'Arienzo,Orquesta Típica Juan D'Arienzo,4/29/1954,Ahí Está,Tango,Armando Laborde,Víctor,Tape,Miguel Brunetti,Gastón Borderia,,53-57 / Tape (Salamanca) ,Fulvio Salamanca,Victorio Virgilito,"Enrique Alessio, Eladio Blanco, Carlos Lázzari, Felipe Riccardo, Aldo Junnissi","Cayetano Puglisi, Blas Pensato, Jaime Ferrer, Pablo Hechím"
Juan D'Arienzo,Orquesta Típica Juan D'Arienzo,4/29/1954,El Entrerriano,Tango,Instrumental,Víctor,Tape,Anselmo Mendizábal,Ernesto Amor,,53-57 / Tape (Salamanca) ,Fulvio Salamanca,Victorio Virgilito,"Enrique Alessio, Eladio Blanco, Carlos Lázzari, Felipe Riccardo, Aldo Junnissi","Cayetano Puglisi, Blas Pensato, Jaime Ferrer, Pablo Hechím"
Juan D'Arienzo,Orquesta Típica Juan D'Arienzo,4/29/1954,El Torito,Milonga,Instrumental,Víctor,Tape,Ángel Villoldo,Carlos Pesce; Antonio Polito,,53-57 / Tape (Salamanca) ,Fulvio Salamanca,Victorio Virgilito,"Enrique Alessio, Eladio Blanco, Carlos Lázzari, Felipe Riccardo, Aldo Junnissi","Cayetano Puglisi, Blas Pensato, Jaime Ferrer, Pablo Hechím"
Juan D'Arienzo,Orquesta Típica Juan D'Arienzo,4/29/1954,Felicia,Tango,Instrumental,Víctor,Tape,Enrique Saborido,Carlos Pacheco,,53-57 / Tape (Salamanca) ,Fulvio Salamanca,Victorio Virgilito,"Enrique Alessio, Eladio Blanco, Carlos Lázzari, Felipe Riccardo, Aldo Junnissi","Cayetano Puglisi, Blas Pensato, Jaime Ferrer, Pablo Hechím"
Juan D'Arienzo,Orquesta Típica Juan D'Arienzo,4/29/1954,Te Odio Y Te Quiero,Tango,Alberto Echagüe,Víctor,Tape,Enrique Alessio,Reinaldo Yiso,,53-57 / Tape (Salamanca) ,Fulvio Salamanca,Victorio Virgilito,"Enrique Alessio, Eladio Blanco, Carlos Lázzari, Felipe Riccardo, Aldo Junnissi","Cayetano Puglisi, Blas Pensato, Jaime Ferrer, Pablo Hechím"
Juan D'Arienzo,Orquesta Típica Juan D'Arienzo,4/29/1954,Tu Boca Mintió,Tango,Armando Laborde,Víctor,Tape,Armando Ángeletti; Alberto Longo,Armando Ángeletti; Alberto Longo,,53-57 / Tape (Salamanca) ,Fulvio Salamanca,Victorio Virgilito,"Enrique Alessio, Eladio Blanco, Carlos Lázzari, Felipe Riccardo, Aldo Junnissi","Cayetano Puglisi, Blas Pensato, Jaime Ferrer, Pablo Hechím"
Juan D'Arienzo,Orquesta Típica Juan D'Arienzo,8/13/1954,Canzoneta,Tango,Armando Laborde,Víctor,Tape,Erma Casa,Enrique Storch,,53-57 / Tape (Salamanca) ,Fulvio Salamanca,Victorio Virgilito,"Enrique Alessio, Eladio Blanco, Carlos Lázzari, Felipe Riccardo, Aldo Junnissi","Cayetano Puglisi, Blas Pensato, Jaime Ferrer, Pablo Hechím"
Juan D'Arienzo,Orquesta Típica Juan D'Arienzo,8/13/1954,El Choclo,Tango,Instrumental,Víctor,Tape,Ángel Arroyo,Juan Catán; Enrique Discépolo,,53-57 / Tape (Salamanca) ,Fulvio Salamanca,Victorio Virgilito,"Enrique Alessio, Eladio Blanco, Carlos Lázzari, Felipe Riccardo, Aldo Junnissi","Cayetano Puglisi, Blas Pensato, Jaime Ferrer, Pablo Hechím"
Juan D'Arienzo,Orquesta Típica Juan D'Arienzo,9/1/1954,Ché Existencialista,Tango,Alberto Echagüe,Víctor,Tape,Mario Villa,Rodolfo Martínez,,53-57 / Tape (Salamanca) ,Fulvio Salamanca,Victorio Virgilito,"Enrique Alessio, Eladio Blanco, Carlos Lázzari, Felipe Riccardo, Aldo Junnissi","Cayetano Puglisi, Blas Pensato, Jaime Ferrer, Pablo Hechím"
Juan D'Arienzo,Orquesta Típica Juan D'Arienzo,9/1/1954,El Vino Triste,Tango,Armando Laborde,Víctor,Tape,Juan D'Arienzo,Manuel Romero,,53-57 / Tape (Salamanca) ,Fulvio Salamanca,Victorio Virgilito,"Enrique Alessio, Eladio Blanco, Carlos Lázzari, Felipe Riccardo, Aldo Junnissi","Cayetano Puglisi, Blas Pensato, Jaime Ferrer, Pablo Hechím"
Juan D'Arienzo,Orquesta Típica Juan D'Arienzo,9/1/1954,La Sonrisa De Mamá,Vals,Armando Laborde,Víctor,Tape,Carlos Bahr; Juan D'Arienzo; Fulvio Salamanca,Carlos Bahr; Juan D'Arienzo; Fulvio Salamanca,,53-57 / Tape (Salamanca) ,Fulvio Salamanca,Victorio Virgilito,"Enrique Alessio, Eladio Blanco, Carlos Lázzari, Felipe Riccardo, Aldo Junnissi","Cayetano Puglisi, Blas Pensato, Jaime Ferrer, Pablo Hechím"
Juan D'Arienzo,Orquesta Típica Juan D'Arienzo,9/1/1954,Sentimiento De Calavera,Tango,Alberto Echagüe,Víctor,Tape,Miguel Bucino,Miguel Bucino,,53-57 / Tape (Salamanca) ,Fulvio Salamanca,Victorio Virgilito,"Enrique Alessio, Eladio Blanco, Carlos Lázzari, Felipe Riccardo, Aldo Junnissi","Cayetano Puglisi, Blas Pensato, Jaime Ferrer, Pablo Hechím"
Juan D'Arienzo,Orquesta Típica Juan D'Arienzo,11/2/1954,Don Orlando,Tango,Instrumental,Víctor,Tape,Héctor Varela,Alberto Nery,,53-57 / Tape (Salamanca) ,Fulvio Salamanca,Victorio Virgilito,"Enrique Alessio, Eladio Blanco, Carlos Lázzari, Felipe Riccardo, Aldo Junnissi","Cayetano Puglisi, Blas Pensato, Jaime Ferrer, Pablo Hechím"
Juan D'Arienzo,Orquesta Típica Juan D'Arienzo,11/2/1954,Dos Guitas,Tango,Alberto Echagüe,Víctor,Tape,Juan D'Arienzo,Francisco Gorrindo,,53-57 / Tape (Salamanca) ,Fulvio Salamanca,Victorio Virgilito,"Enrique Alessio, Eladio Blanco, Carlos Lázzari, Felipe Riccardo, Aldo Junnissi","Cayetano Puglisi, Blas Pensato, Jaime Ferrer, Pablo Hechím"
Juan D'Arienzo,Orquesta Típica Juan D'Arienzo,11/2/1954,Fatal Y Tanguera,Tango,Armando Laborde,Víctor,Tape,Ángel Domínguez,Aldo Queirolo,,53-57 / Tape (Salamanca) ,Fulvio Salamanca,Victorio Virgilito,"Enrique Alessio, Eladio Blanco, Carlos Lázzari, Felipe Riccardo, Aldo Junnissi","Cayetano Puglisi, Blas Pensato, Jaime Ferrer, Pablo Hechím"
Juan D'Arienzo,Orquesta Típica Juan D'Arienzo,11/2/1954,Guapo Y Querendón,Tango,Armando Laborde,Víctor,Tape,Ernesto Cruz,José Bazán,,53-57 / Tape (Salamanca) ,Fulvio Salamanca,Victorio Virgilito,"Enrique Alessio, Eladio Blanco, Carlos Lázzari, Felipe Riccardo, Aldo Junnissi","Cayetano Puglisi, Blas Pensato, Jaime Ferrer, Pablo Hechím"
Juan D'Arienzo,Orquesta Típica Juan D'Arienzo,11/2/1954,Muchachos Arranquemos Para El Centro,Tango,Alberto Echagüe,Víctor,Tape,Francisco Martínez; Roberto Rufino,Francisco Martínez; Roberto Rufino,,53-57 / Tape (Salamanca) ,Fulvio Salamanca,Victorio Virgilito,"Enrique Alessio, Eladio Blanco, Carlos Lázzari, Felipe Riccardo, Aldo Junnissi","Cayetano Puglisi, Blas Pensato, Jaime Ferrer, Pablo Hechím"
Juan D'Arienzo,Orquesta Típica Juan D'Arienzo,11/2/1954,Tristeza Criolla,Vals,Armando Laborde,Víctor,Tape,Ignacio Corsini,Julián Charras,,53-57 / Tape (Salamanca) ,Fulvio Salamanca,Victorio Virgilito,"Enrique Alessio, Eladio Blanco, Carlos Lázzari, Felipe Riccardo, Aldo Junnissi","Cayetano Puglisi, Blas Pensato, Jaime Ferrer, Pablo Hechím"
Juan D'Arienzo,Orquesta Típica Juan D'Arienzo,11/10/1954,El Tarta,Tango,Alberto Echagüe,Víctor,Tape,José Rizzuti,Emilio Fresedo,,53-57 / Tape (Salamanca) ,Fulvio Salamanca,Victorio Virgilito,"Enrique Alessio, Eladio Blanco, Carlos Lázzari, Felipe Riccardo, Aldo Junnissi","Cayetano Puglisi, Blas Pensato, Jaime Ferrer, Pablo Hechím"
Juan D'Arienzo,Orquesta Típica Juan D'Arienzo,11/10/1954,Esta Noche Me Emborracho,Tango,Alberto Echagüe,Víctor,Tape,Enrique Discépolo,Enrique Discépolo,,53-57 / Tape (Salamanca) ,Fulvio Salamanca,Victorio Virgilito,"Enrique Alessio, Eladio Blanco, Carlos Lázzari, Felipe Riccardo, Aldo Junnissi","Cayetano Puglisi, Blas Pensato, Jaime Ferrer, Pablo Hechím"
Juan D'Arienzo,Orquesta Típica Juan D'Arienzo,11/10/1954,La Payanca,Tango,Instrumental,Víctor,Tape,Augusto Berto,Jesús Blanco,,53-57 / Tape (Salamanca) ,Fulvio Salamanca,Victorio Virgilito,"Enrique Alessio, Eladio Blanco, Carlos Lázzari, Felipe Riccardo, Aldo Junnissi","Cayetano Puglisi, Blas Pensato, Jaime Ferrer, Pablo Hechím"
Juan D'Arienzo,Orquesta Típica Juan D'Arienzo,11/10/1954,Pero Pobre De Ellos,Tango,Alberto Echagüe,Víctor,Tape,Carlos Leguisamo,Carlosdel Pueblo,,53-57 / Tape (Salamanca) ,Fulvio Salamanca,Victorio Virgilito,"Enrique Alessio, Eladio Blanco, Carlos Lázzari, Felipe Riccardo, Aldo Junnissi","Cayetano Puglisi, Blas Pensato, Jaime Ferrer, Pablo Hechím"
Juan D'Arienzo,Orquesta Típica Juan D'Arienzo,12/10/1954,Don Pacífico,Tango,Instrumental,Víctor,Tape,Arturo Bassi,,,53-57 / Tape (Salamanca) ,Fulvio Salamanca,Victorio Virgilito,"Enrique Alessio, Eladio Blanco, Carlos Lázzari, Felipe Riccardo, Aldo Junnissi","Cayetano Puglisi, Blas Pensato, Jaime Ferrer, Pablo Hechím"
Juan D'Arienzo,Orquesta Típica Juan D'Arienzo,12/10/1954,El Internado,Tango,Instrumental,Víctor,Tape,Francisco Canaro,,,53-57 / Tape (Salamanca) ,Fulvio Salamanca,Victorio Virgilito,"Enrique Alessio, Eladio Blanco, Carlos Lázzari, Felipe Riccardo, Aldo Junnissi","Cayetano Puglisi, Blas Pensato, Jaime Ferrer, Pablo Hechím"
Juan D'Arienzo,Orquesta Típica Juan D'Arienzo,12/10/1954,El Irresistible,Tango,Instrumental,Víctor,Tape,Lorenzo Logatti,Carlos Pesce,,53-57 / Tape (Salamanca) ,Fulvio Salamanca,Victorio Virgilito,"Enrique Alessio, Eladio Blanco, Carlos Lázzari, Felipe Riccardo, Aldo Junnissi","Cayetano Puglisi, Blas Pensato, Jaime Ferrer, Pablo Hechím"
Juan D'Arienzo,Orquesta Típica Juan D'Arienzo,12/10/1954,El Marne,Tango,Instrumental,Víctor,Tape,Eduardo Arolas,Gabriel Clausi,,53-57 / Tape (Salamanca) ,Fulvio Salamanca,Victorio Virgilito,"Enrique Alessio, Eladio Blanco, Carlos Lázzari, Felipe Riccardo, Aldo Junnissi","Cayetano Puglisi, Blas Pensato, Jaime Ferrer, Pablo Hechím"
Juan D'Arienzo,Orquesta Típica Juan D'Arienzo,12/10/1954,Homero,Tango,Instrumental,Víctor,Tape,Roberto Firpo,,,53-57 / Tape (Salamanca) ,Fulvio Salamanca,Victorio Virgilito,"Enrique Alessio, Eladio Blanco, Carlos Lázzari, Felipe Riccardo, Aldo Junnissi","Cayetano Puglisi, Blas Pensato, Jaime Ferrer, Pablo Hechím"
Juan D'Arienzo,Orquesta Típica Juan D'Arienzo,12/10/1954,No Te Vayas Mi Bien,Tango,Armando Laborde,Víctor,Tape,Miguel Bucino; Vito Citta,Miguel Bucino; Vito Cejas,,53-57 / Tape (Salamanca) ,Fulvio Salamanca,Victorio Virgilito,"Enrique Alessio, Eladio Blanco, Carlos Lázzari, Felipe Riccardo, Aldo Junnissi","Cayetano Puglisi, Blas Pensato, Jaime Ferrer, Pablo Hechím"
Juan D'Arienzo,Orquesta Típica Juan D'Arienzo,12/10/1954,Pampa,Tango,Instrumental,Víctor,Tape,Francisco Pracánico,,,53-57 / Tape (Salamanca) ,Fulvio Salamanca,Victorio Virgilito,"Enrique Alessio, Eladio Blanco, Carlos Lázzari, Felipe Riccardo, Aldo Junnissi","Cayetano Puglisi, Blas Pensato, Jaime Ferrer, Pablo Hechím"
Juan D'Arienzo,Orquesta Típica Juan D'Arienzo,12/28/1954,Viento Sur,Tango,Instrumental,Víctor,Tape,Fulvio Salamanca,,,53-57 / Tape (Salamanca) ,Fulvio Salamanca,Victorio Virgilito,"Enrique Alessio, Eladio Blanco, Carlos Lázzari, Felipe Riccardo, Aldo Junnissi","Cayetano Puglisi, Blas Pensato, Jaime Ferrer, Pablo Hechím"
Juan D'Arienzo,Orquesta Típica Juan D'Arienzo,6/10/1955,Como Una De Tantas,Tango,Alberto Echagüe,Víctor,Tape,Carlos Lázzari,Carlos Bahr,,53-57 / Tape (Salamanca) ,Fulvio Salamanca,Victorio Virgilito,"Enrique Alessio, Eladio Blanco, Carlos Lázzari, Felipe Riccardo, Aldo Junnissi","Cayetano Puglisi, Blas Pensato, Jaime Ferrer, Pablo Hechím"
Juan D'Arienzo,Orquesta Típica Juan D'Arienzo,6/10/1955,De Abolengo,Tango,Alberto Echagüe,Víctor,Tape,Eladio Blanco,Raúl Hormaza,,53-57 / Tape (Salamanca) ,Fulvio Salamanca,Victorio Virgilito,"Enrique Alessio, Eladio Blanco, Carlos Lázzari, Felipe Riccardo, Aldo Junnissi","Cayetano Puglisi, Blas Pensato, Jaime Ferrer, Pablo Hechím"
Juan D'Arienzo,Orquesta Típica Juan D'Arienzo,6/10/1955,Hoy Me Vas A Escuchar,Tango,Armando Laborde,Víctor,Tape,Juan D'Arienzo; Fulvio Salamanca,Carlos Bahr,,53-57 / Tape (Salamanca) ,Fulvio Salamanca,Victorio Virgilito,"Enrique Alessio, Eladio Blanco, Carlos Lázzari, Felipe Riccardo, Aldo Junnissi","Cayetano Puglisi, Blas Pensato, Jaime Ferrer, Pablo Hechím"
Juan D'Arienzo,Orquesta Típica Juan D'Arienzo,6/10/1955,Jueves,Tango,Instrumental,Víctor,Tape,Rafael Rossi; Udelino Toranzo,,,53-57 / Tape (Salamanca) ,Fulvio Salamanca,Victorio Virgilito,"Enrique Alessio, Eladio Blanco, Carlos Lázzari, Felipe Riccardo, Aldo Junnissi","Cayetano Puglisi, Blas Pensato, Jaime Ferrer, Pablo Hechím"
Juan D'Arienzo,Orquesta Típica Juan D'Arienzo,6/10/1955,La Endiablada,Milonga,Instrumental,Víctor,Tape,Pintín Castellanos,,,53-57 / Tape (Salamanca) ,Fulvio Salamanca,Victorio Virgilito,"Enrique Alessio, Eladio Blanco, Carlos Lázzari, Felipe Riccardo, Aldo Junnissi","Cayetano Puglisi, Blas Pensato, Jaime Ferrer, Pablo Hechím"
Juan D'Arienzo,Orquesta Típica Juan D'Arienzo,6/10/1955,Malas Mañas,Tango,Alberto Echagüe,Víctor,Tape,Alfonso Marchiolo,Alberto Akerman,,53-57 / Tape (Salamanca) ,Fulvio Salamanca,Victorio Virgilito,"Enrique Alessio, Eladio Blanco, Carlos Lázzari, Felipe Riccardo, Aldo Junnissi","Cayetano Puglisi, Blas Pensato, Jaime Ferrer, Pablo Hechím"
Juan D'Arienzo,Orquesta Típica Juan D'Arienzo,6/10/1955,Matrimonio,Tango,Alberto Echagüe,Víctor,Tape,Roberto Losi),Héctor Gagliardi,,53-57 / Tape (Salamanca) ,Fulvio Salamanca,Victorio Virgilito,"Enrique Alessio, Eladio Blanco, Carlos Lázzari, Felipe Riccardo, Aldo Junnissi","Cayetano Puglisi, Blas Pensato, Jaime Ferrer, Pablo Hechím"
Juan D'Arienzo,Orquesta Típica Juan D'Arienzo,6/10/1955,Pero Te Sigo Queriendo,Tango,Armando Laborde,Víctor,Tape,Enrique Alessio),Reinaldo Ghiso,,53-57 / Tape (Salamanca) ,Fulvio Salamanca,Victorio Virgilito,"Enrique Alessio, Eladio Blanco, Carlos Lázzari, Felipe Riccardo, Aldo Junnissi","Cayetano Puglisi, Blas Pensato, Jaime Ferrer, Pablo Hechím"
Juan D'Arienzo,Orquesta Típica Juan D'Arienzo,6/10/1955,Viento Sur,Tango,Instrumental,Víctor,Tape,Fulvio Salamanca,,,53-57 / Tape (Salamanca) ,Fulvio Salamanca,Victorio Virgilito,"Enrique Alessio, Eladio Blanco, Carlos Lázzari, Felipe Riccardo, Aldo Junnissi","Cayetano Puglisi, Blas Pensato, Jaime Ferrer, Pablo Hechím"
Juan D'Arienzo,Orquesta Típica Juan D'Arienzo,6/10/1955,Ya Lo Ves,Tango,Armando Laborde,Víctor,Tape,Juan D'Arienzo,Luis Rubistein,,53-57 / Tape (Salamanca) ,Fulvio Salamanca,Victorio Virgilito,"Enrique Alessio, Eladio Blanco, Carlos Lázzari, Felipe Riccardo, Aldo Junnissi","Cayetano Puglisi, Blas Pensato, Jaime Ferrer, Pablo Hechím"
Juan D'Arienzo,Orquesta Típica Juan D'Arienzo,6/24/1955,Mala Pasión,Tango,Armando Laborde,Víctor,Tape,Clemente Arnaiz,Carlos Bahr,,53-57 / Tape (Salamanca) ,Fulvio Salamanca,Victorio Virgilito,"Enrique Alessio, Eladio Blanco, Carlos Lázzari, Felipe Riccardo, Aldo Junnissi","Cayetano Puglisi, Blas Pensato, Jaime Ferrer, Pablo Hechím"
Juan D'Arienzo,Orquesta Típica Juan D'Arienzo,6/24/1955,Trago Amargo,Tango,Alberto Echagüe,Víctor,Tape,Rafael Iriarte,Julio Navarrine,,53-57 / Tape (Salamanca) ,Fulvio Salamanca,Victorio Virgilito,"Enrique Alessio, Eladio Blanco, Carlos Lázzari, Felipe Riccardo, Aldo Junnissi","Cayetano Puglisi, Blas Pensato, Jaime Ferrer, Pablo Hechím"
Juan D'Arienzo,Orquesta Típica Juan D'Arienzo,7/1/1955,El Rezongón,Tango,Instrumental,Víctor,Tape,Rafael Natta,,,53-57 / Tape (Salamanca) ,Fulvio Salamanca,Victorio Virgilito,"Enrique Alessio, Eladio Blanco, Carlos Lázzari, Felipe Riccardo, Aldo Junnissi","Cayetano Puglisi, Blas Pensato, Jaime Ferrer, Pablo Hechím"
Juan D'Arienzo,Orquesta Típica Juan D'Arienzo,7/1/1955,Guapo Y Querendón,Tango,Armando Laborde,Víctor,Tape,Ernesto Cruz,José Bazán,,53-57 / Tape (Salamanca) ,Fulvio Salamanca,Victorio Virgilito,"Enrique Alessio, Eladio Blanco, Carlos Lázzari, Felipe Riccardo, Aldo Junnissi","Cayetano Puglisi, Blas Pensato, Jaime Ferrer, Pablo Hechím"
Juan D'Arienzo,Orquesta Típica Juan D'Arienzo,8/9/1955,El Chupete,Tango,Instrumental,Víctor,Tape,Carlos Gaudencio,Ángel Polito,,53-57 / Tape (Salamanca) ,Fulvio Salamanca,Victorio Virgilito,"Enrique Alessio, Eladio Blanco, Carlos Lázzari, Felipe Riccardo, Aldo Junnissi","Cayetano Puglisi, Blas Pensato, Jaime Ferrer, Pablo Hechím"
Juan D'Arienzo,Orquesta Típica Juan D'Arienzo,8/9/1955,La Catrera,Tango,Instrumental,Víctor,Tape,Arturo Bassi,,,53-57 / Tape (Salamanca) ,Fulvio Salamanca,Victorio Virgilito,"Enrique Alessio, Eladio Blanco, Carlos Lázzari, Felipe Riccardo, Aldo Junnissi","Cayetano Puglisi, Blas Pensato, Jaime Ferrer, Pablo Hechím"
Juan D'Arienzo,Orquesta Típica Juan D'Arienzo,8/9/1955,Porque tú me lo pides,Vals,Alberto Echagüe,Víctor,Tape,Alberto Echagüe; Enrique Alessio; Fulvio Salamanca,Alberto Echagüe; Enrique Alessio; Fulvio Salamanca,,53-57 / Tape (Salamanca) ,Fulvio Salamanca,Victorio Virgilito,"Enrique Alessio, Eladio Blanco, Carlos Lázzari, Felipe Riccardo, Aldo Junnissi","Cayetano Puglisi, Blas Pensato, Jaime Ferrer, Pablo Hechím"
Juan D'Arienzo,Orquesta Típica Juan D'Arienzo,8/9/1955,Suavemente,Tango,Alberto Echagüe,Víctor,Tape,Miguel Bucino,Miguel Bucino,,53-57 / Tape (Salamanca) ,Fulvio Salamanca,Victorio Virgilito,"Enrique Alessio, Eladio Blanco, Carlos Lázzari, Felipe Riccardo, Aldo Junnissi","Cayetano Puglisi, Blas Pensato, Jaime Ferrer, Pablo Hechím"
Juan D'Arienzo,Orquesta Típica Juan D'Arienzo,12/22/1955,Avivate Pipistrelo,Tango,Alberto Echagüe,Víctor,Tape,Josefina Fuente,Antonio Marra; Diego Marra,,53-57 / Tape (Salamanca) ,Fulvio Salamanca,Victorio Virgilito,"Enrique Alessio, Eladio Blanco, Carlos Lázzari, Felipe Riccardo, Aldo Junnissi","Cayetano Puglisi, Blas Pensato, Jaime Ferrer, Pablo Hechím"
Juan D'Arienzo,Orquesta Típica Juan D'Arienzo,12/22/1955,Bien Jaileife,Tango,Alberto Echagüe,Víctor,Tape,Vicente Demarco,Silvio Marinucci; Oscar Lucchesi,,53-57 / Tape (Salamanca) ,Fulvio Salamanca,Victorio Virgilito,"Enrique Alessio, Eladio Blanco, Carlos Lázzari, Felipe Riccardo, Aldo Junnissi","Cayetano Puglisi, Blas Pensato, Jaime Ferrer, Pablo Hechím"
Juan D'Arienzo,Orquesta Típica Juan D'Arienzo,12/22/1955,Eras Como La Flor,Tango,Armando Laborde,Víctor,Tape,Roberto Rufino,Mario Arrieta,,53-57 / Tape (Salamanca) ,Fulvio Salamanca,Victorio Virgilito,"Enrique Alessio, Eladio Blanco, Carlos Lázzari, Felipe Riccardo, Aldo Junnissi","Cayetano Puglisi, Blas Pensato, Jaime Ferrer, Pablo Hechím"
Juan D'Arienzo,Orquesta Típica Juan D'Arienzo,12/22/1955,Loca,Tango,Instrumental,Víctor,Tape,Manuel Jovés,Antonio Viergol,,53-57 / Tape (Salamanca) ,Fulvio Salamanca,Victorio Virgilito,"Enrique Alessio, Eladio Blanco, Carlos Lázzari, Felipe Riccardo, Aldo Junnissi","Cayetano Puglisi, Blas Pensato, Jaime Ferrer, Pablo Hechím"
Juan D'Arienzo,Orquesta Típica Juan D'Arienzo,5/17/1956,Chamusquina,Tango,Alberto Echagüe,Víctor,Tape,Juan D'Arienzo; Fulvio Salamanca,Carlos Waiss,,53-57 / Tape (Salamanca) ,Fulvio Salamanca,Victorio Virgilito,"Enrique Alessio, Eladio Blanco, Carlos Lázzari, Felipe Riccardo, Aldo Junnissi","Cayetano Puglisi, Blas Pensato, Jaime Ferrer, Pablo Hechím"
Juan D'Arienzo,Orquesta Típica Juan D'Arienzo,5/17/1956,La Tango,Tango,Alberto Echagüe,Víctor,Tape,Irazal Lázzari),Alberto Bonfanti,,53-57 / Tape (Salamanca) ,Fulvio Salamanca,Victorio Virgilito,"Enrique Alessio, Eladio Blanco, Carlos Lázzari, Felipe Riccardo, Aldo Junnissi","Cayetano Puglisi, Blas Pensato, Jaime Ferrer, Pablo Hechím"
Juan D'Arienzo,Orquesta Típica Juan D'Arienzo,5/17/1956,Me Quieres Y Te Quiero,Vals,Armando Laborde,Víctor,Tape,Virgilio Virgilito,Antonio Cantó,,53-57 / Tape (Salamanca) ,Fulvio Salamanca,Victorio Virgilito,"Enrique Alessio, Eladio Blanco, Carlos Lázzari, Felipe Riccardo, Aldo Junnissi","Cayetano Puglisi, Blas Pensato, Jaime Ferrer, Pablo Hechím"
Juan D'Arienzo,Orquesta Típica Juan D'Arienzo,5/17/1956,Palabras Amargas,Tango,Armando Laborde,Víctor,Tape,Enrique Alessio,Reinaldo Ghiso,,53-57 / Tape (Salamanca) ,Fulvio Salamanca,Victorio Virgilito,"Enrique Alessio, Eladio Blanco, Carlos Lázzari, Felipe Riccardo, Aldo Junnissi","Cayetano Puglisi, Blas Pensato, Jaime Ferrer, Pablo Hechím"
Juan D'Arienzo,Orquesta Típica Juan D'Arienzo,5/23/1956,Carpeta,Tango,Alberto Echagüe,Víctor,Tape,Roberto Rufino,Enrique Cadícamo,,53-57 / Tape (Salamanca) ,Fulvio Salamanca,Victorio Virgilito,"Enrique Alessio, Eladio Blanco, Carlos Lázzari, Felipe Riccardo, Aldo Junnissi","Cayetano Puglisi, Blas Pensato, Jaime Ferrer, Pablo Hechím"
Juan D'Arienzo,Orquesta Típica Juan D'Arienzo,5/23/1956,Sin Barco Y Sin Amor,Tango,Armando Laborde,Víctor,Tape,Erma Casa),Enrique Lary,,53-57 / Tape (Salamanca) ,Fulvio Salamanca,Victorio Virgilito,"Enrique Alessio, Eladio Blanco, Carlos Lázzari, Felipe Riccardo, Aldo Junnissi","Cayetano Puglisi, Blas Pensato, Jaime Ferrer, Pablo Hechím"
Juan D'Arienzo,Orquesta Típica Juan D'Arienzo,7/19/1956,Ay Mimosa,Tango,Armando Laborde,Víctor,Tape,Juan D'Arienzo; Fulvio Salamanca,Carlos Waiss,,53-57 / Tape (Salamanca) ,Fulvio Salamanca,Victorio Virgilito,"Enrique Alessio, Eladio Blanco, Carlos Lázzari, Felipe Riccardo, Aldo Junnissi","Cayetano Puglisi, Blas Pensato, Jaime Ferrer, Pablo Hechím"
Juan D'Arienzo,Orquesta Típica Juan D'Arienzo,7/19/1956,Petitero,Tango,Alberto Echagüe,Víctor,Tape,Santos Lipesker,Aldo Cammarota; Armando Libreto,,53-57 / Tape (Salamanca) ,Fulvio Salamanca,Victorio Virgilito,"Enrique Alessio, Eladio Blanco, Carlos Lázzari, Felipe Riccardo, Aldo Junnissi","Cayetano Puglisi, Blas Pensato, Jaime Ferrer, Pablo Hechím"
Juan D'Arienzo,Orquesta Típica Juan D'Arienzo,8/23/1956,Aclaremos,Tango,Alberto Echagüe,Víctor,Tape,José Iglesias,José Iglesias,,53-57 / Tape (Salamanca) ,Fulvio Salamanca,Victorio Virgilito,"Enrique Alessio, Eladio Blanco, Carlos Lázzari, Felipe Riccardo, Aldo Junnissi","Cayetano Puglisi, Blas Pensato, Jaime Ferrer, Pablo Hechím"
Juan D'Arienzo,Orquesta Típica Juan D'Arienzo,8/23/1956,Calla Bandoneón,Tango,Armando Laborde,Víctor,Tape,Carlos Lázzari,Oscar Rubens,,53-57 / Tape (Salamanca) ,Fulvio Salamanca,Victorio Virgilito,"Enrique Alessio, Eladio Blanco, Carlos Lázzari, Felipe Riccardo, Aldo Junnissi","Cayetano Puglisi, Blas Pensato, Jaime Ferrer, Pablo Hechím"
Juan D'Arienzo,Orquesta Típica Juan D'Arienzo,8/23/1956,Cantemos Corazón,Tango,Armando Laborde,Víctor,Tape,Enrique Alessio,Reinaldo Yiso,,53-57 / Tape (Salamanca) ,Fulvio Salamanca,Victorio Virgilito,"Enrique Alessio, Eladio Blanco, Carlos Lázzari, Felipe Riccardo, Aldo Junnissi","Cayetano Puglisi, Blas Pensato, Jaime Ferrer, Pablo Hechím"
Juan D'Arienzo,Orquesta Típica Juan D'Arienzo,8/23/1956,Lloremos,Tango,Armando Laborde,Víctor,Tape,Alberto Núñez,Lorenzo Spanu,,53-57 / Tape (Salamanca) ,Fulvio Salamanca,Victorio Virgilito,"Enrique Alessio, Eladio Blanco, Carlos Lázzari, Felipe Riccardo, Aldo Junnissi","Cayetano Puglisi, Blas Pensato, Jaime Ferrer, Pablo Hechím"
Juan D'Arienzo,Orquesta Típica Juan D'Arienzo,9/20/1956,Criticona,Milonga,Alberto Echagüe,Víctor,Tape,Eladio Blanco,Raúl Hormaza,,53-57 / Tape (Salamanca) ,Fulvio Salamanca,Victorio Virgilito,"Enrique Alessio, Eladio Blanco, Carlos Lázzari, Felipe Riccardo, Aldo Junnissi","Cayetano Puglisi, Blas Pensato, Jaime Ferrer, Pablo Hechím"
Juan D'Arienzo,Orquesta Típica Juan D'Arienzo,9/20/1956,Esta Vida Es Puro Grupo,Tango,Alberto Echagüe,Víctor,Tape,Nicolás Tavarozzi,Enrique Sotelo,,53-57 / Tape (Salamanca) ,Fulvio Salamanca,Victorio Virgilito,"Enrique Alessio, Eladio Blanco, Carlos Lázzari, Felipe Riccardo, Aldo Junnissi","Cayetano Puglisi, Blas Pensato, Jaime Ferrer, Pablo Hechím"
Juan D'Arienzo,Orquesta Típica Juan D'Arienzo,9/20/1956,Llore Por Los Dos,Vals,Armando Laborde,Víctor,Tape,Juancito Díaz,Osvaldo Campagnale,,53-57 / Tape (Salamanca) ,Fulvio Salamanca,Victorio Virgilito,"Enrique Alessio, Eladio Blanco, Carlos Lázzari, Felipe Riccardo, Aldo Junnissi","Cayetano Puglisi, Blas Pensato, Jaime Ferrer, Pablo Hechím"
Juan D'Arienzo,Orquesta Típica Juan D'Arienzo,9/20/1956,Olga,Vals,Instrumental,Víctor,Tape,Francisco Peña,,,53-57 / Tape (Salamanca) ,Fulvio Salamanca,Victorio Virgilito,"Enrique Alessio, Eladio Blanco, Carlos Lázzari, Felipe Riccardo, Aldo Junnissi","Cayetano Puglisi, Blas Pensato, Jaime Ferrer, Pablo Hechím"
Juan D'Arienzo,Orquesta Típica Juan D'Arienzo,9/20/1956,Pampeana,Milonga,Instrumental,Víctor,Tape,Pedro Laurenz,,,53-57 / Tape (Salamanca) ,Fulvio Salamanca,Victorio Virgilito,"Enrique Alessio, Eladio Blanco, Carlos Lázzari, Felipe Riccardo, Aldo Junnissi","Cayetano Puglisi, Blas Pensato, Jaime Ferrer, Pablo Hechím"
Juan D'Arienzo,Orquesta Típica Juan D'Arienzo,9/20/1956,Que Me Quiten Lo Bailao,Tango,Armando Laborde,Víctor,Tape,Miguel Bucino,Miguel Bucino,,53-57 / Tape (Salamanca) ,Fulvio Salamanca,Victorio Virgilito,"Enrique Alessio, Eladio Blanco, Carlos Lázzari, Felipe Riccardo, Aldo Junnissi","Cayetano Puglisi, Blas Pensato, Jaime Ferrer, Pablo Hechím"
Juan D'Arienzo,Orquesta Típica Juan D'Arienzo,12/12/1956,Cantemos Corazón,Tango,Libertad Lamarque,Víctor,Tape,Enrique Alessio,Reinaldo Yiso,,53-57 / Tape (Salamanca) ,Fulvio Salamanca,Victorio Virgilito,"Enrique Alessio, Eladio Blanco, Carlos Lázzari, Felipe Riccardo, Aldo Junnissi","Cayetano Puglisi, Blas Pensato, Jaime Ferrer, Pablo Hechím"
Juan D'Arienzo,Orquesta Típica Juan D'Arienzo,12/12/1956,Y Todavia Te Quiero,Tango,Libertad Lamarque,Víctor,Tape,Luciano Leocata,Abel Aznar,,53-57 / Tape (Salamanca) ,Fulvio Salamanca,Victorio Virgilito,"Enrique Alessio, Eladio Blanco, Carlos Lázzari, Felipe Riccardo, Aldo Junnissi","Cayetano Puglisi, Blas Pensato, Jaime Ferrer, Pablo Hechím"
Juan D'Arienzo,Orquesta Típica Juan D'Arienzo,3/13/1957,El Puazo,Tango,Instrumental,Víctor,Tape,Alberto Casablanca; Dante Vignoli,Alberto Casablanca; Dante Vignoli,,53-57 / Tape (Salamanca) ,Fulvio Salamanca,Victorio Virgilito,"Enrique Alessio, Eladio Blanco, Carlos Lázzari, Felipe Riccardo, Aldo Junnissi","Cayetano Puglisi, Blas Pensato, Jaime Ferrer, Pablo Hechím"
Juan D'Arienzo,Orquesta Típica Juan D'Arienzo,3/13/1957,Yo Me Quedo Con El Tango,Tango,Alberto Echagüe,Víctor,Tape,Enrique Alessio,Reinaldo Yiso,,53-57 / Tape (Salamanca) ,Fulvio Salamanca,Victorio Virgilito,"Enrique Alessio, Eladio Blanco, Carlos Lázzari, Felipe Riccardo, Aldo Junnissi","Cayetano Puglisi, Blas Pensato, Jaime Ferrer, Pablo Hechím"
Juan D'Arienzo,Orquesta Típica Juan D'Arienzo,3/13/1957,Yo Soy Repique De Tango,Tango,Armando Laborde,Víctor,Tape,Ramón Rodríguez; Ascencio Rodríguez,Celedonio Flores,,53-57 / Tape (Salamanca) ,Fulvio Salamanca,Victorio Virgilito,"Enrique Alessio, Eladio Blanco, Carlos Lázzari, Felipe Riccardo, Aldo Junnissi","Cayetano Puglisi, Blas Pensato, Jaime Ferrer, Pablo Hechím"
Juan D'Arienzo,Orquesta Típica Juan D'Arienzo,5/8/1957,Andate Por Dios,Tango,Jorge Valdez,Víctor,Tape,Eladio Blanco,Raúl Hormaza,,57-64 / Polito ,Juan Polito,Victorio Virgilito,"Enrique Alessio, Eladio Blanco, Carlos Lázzari, Felipe Riccardo, Aldo Junnissi","Cayetano Puglisi, Blas Pensato, Jaime Ferrer, Pablo Hechím"
Juan D'Arienzo,Orquesta Típica Juan D'Arienzo,5/8/1957,Llegando A Puerto,Tango,Mario Bustos,Víctor,Tape,Mario Lapunzina,Enrique Lary,,57-64 / Polito ,Juan Polito,Victorio Virgilito,"Enrique Alessio, Eladio Blanco, Carlos Lázzari, Felipe Riccardo, Aldo Junnissi","Cayetano Puglisi, Blas Pensato, Jaime Ferrer, Pablo Hechím"
Juan D'Arienzo,Orquesta Típica Juan D'Arienzo,6/13/1957,Bien Porteña,Milonga,Instrumental,Víctor,Tape,Enrique Alessio,,,57-64 / Polito ,Juan Polito,Victorio Virgilito,"Enrique Alessio, Eladio Blanco, Carlos Lázzari, Felipe Riccardo, Aldo Junnissi","Cayetano Puglisi, Blas Pensato, Jaime Ferrer, Pablo Hechím"
Juan D'Arienzo,Orquesta Típica Juan D'Arienzo,6/13/1957,No Te Quiero Más,Tango,Mario Bustos,Víctor,Tape,Juan Baüer,Juan Estapé,,57-64 / Polito ,Juan Polito,Victorio Virgilito,"Enrique Alessio, Eladio Blanco, Carlos Lázzari, Felipe Riccardo, Aldo Junnissi","Cayetano Puglisi, Blas Pensato, Jaime Ferrer, Pablo Hechím"
Juan D'Arienzo,Orquesta Típica Juan D'Arienzo,6/29/1957,Destino De Flor,Tango,Jorge Valdez,Víctor,Tape,Roberto Rufino,Alejandro Romay,,57-64 / Polito ,Juan Polito,Victorio Virgilito,"Enrique Alessio, Eladio Blanco, Carlos Lázzari, Felipe Riccardo, Aldo Junnissi","Cayetano Puglisi, Blas Pensato, Jaime Ferrer, Pablo Hechím"
Juan D'Arienzo,Orquesta Típica Juan D'Arienzo,7/19/1957,Don Goyo,Tango,Instrumental,Víctor,Tape,Luis Bernstein,,,57-64 / Polito ,Juan Polito,Victorio Virgilito,"Enrique Alessio, Eladio Blanco, Carlos Lázzari, Felipe Riccardo, Aldo Junnissi","Cayetano Puglisi, Blas Pensato, Jaime Ferrer, Pablo Hechím"
Juan D'Arienzo,Orquesta Típica Juan D'Arienzo,6/29/1957,Julie,Tango,Instrumental,Víctor,Tape,Enrique Alessio; Carlos Lázzari,,,57-64 / Polito ,Juan Polito,Victorio Virgilito,"Enrique Alessio, Eladio Blanco, Carlos Lázzari, Felipe Riccardo, Aldo Junnissi","Cayetano Puglisi, Blas Pensato, Jaime Ferrer, Pablo Hechím"
Juan D'Arienzo,Orquesta Típica Juan D'Arienzo,6/29/1957,La Calesita,Tango,Jorge Valdez,Víctor,Tape,Mariano Mores,Cátulo Castillo,,57-64 / Polito ,Juan Polito,Victorio Virgilito,"Enrique Alessio, Eladio Blanco, Carlos Lázzari, Felipe Riccardo, Aldo Junnissi","Cayetano Puglisi, Blas Pensato, Jaime Ferrer, Pablo Hechím"
Juan D'Arienzo,Orquesta Típica Juan D'Arienzo,6/29/1957,Mandria,Tango,Mario Bustos,Víctor,Tape,Juan Rodríguez,Juan Velich; Francisco Brancatti,,57-64 / Polito ,Juan Polito,Victorio Virgilito,"Enrique Alessio, Eladio Blanco, Carlos Lázzari, Felipe Riccardo, Aldo Junnissi","Cayetano Puglisi, Blas Pensato, Jaime Ferrer, Pablo Hechím"
Juan D'Arienzo,Orquesta Típica Juan D'Arienzo,7/19/1957,Susanita,Tango,Mario Bustos,Víctor,Tape,Enrique Alessio,Reinaldo Yiso,,57-64 / Polito ,Juan Polito,Victorio Virgilito,"Enrique Alessio, Eladio Blanco, Carlos Lázzari, Felipe Riccardo, Aldo Junnissi","Cayetano Puglisi, Blas Pensato, Jaime Ferrer, Pablo Hechím"
Juan D'Arienzo,Orquesta Típica Juan D'Arienzo,8/2/1957,El Reloj,Tango,Jorge Valdez,Víctor,Tape,García Cantoral,García Cantoral,,57-64 / Polito ,Juan Polito,Victorio Virgilito,"Enrique Alessio, Eladio Blanco, Carlos Lázzari, Felipe Riccardo, Aldo Junnissi","Cayetano Puglisi, Blas Pensato, Jaime Ferrer, Pablo Hechím"
Juan D'Arienzo,Orquesta Típica Juan D'Arienzo,8/2/1957,Señora Princesa,Vals,Mario Bustos,Víctor,Tape,Atilio Bruni,Roberto Lambertucci,,57-64 / Polito ,Juan Polito,Victorio Virgilito,"Enrique Alessio, Eladio Blanco, Carlos Lázzari, Felipe Riccardo, Aldo Junnissi","Cayetano Puglisi, Blas Pensato, Jaime Ferrer, Pablo Hechím"
Juan D'Arienzo,Orquesta Típica Juan D'Arienzo,8/8/1957,Apasionadamente,Tango,Jorge Valdez,Víctor,Tape,Eduardo Piano,Manuel Mañueco,,57-64 / Polito ,Juan Polito,Victorio Virgilito,"Enrique Alessio, Eladio Blanco, Carlos Lázzari, Felipe Riccardo, Aldo Junnissi","Cayetano Puglisi, Blas Pensato, Jaime Ferrer, Pablo Hechím"
Juan D'Arienzo,Orquesta Típica Juan D'Arienzo,8/8/1957,En El Rosal,Vals,Jorge Valdez,Víctor,Tape,Cayetano Puglisi,Carlos Russo,,57-64 / Polito ,Juan Polito,Victorio Virgilito,"Enrique Alessio, Eladio Blanco, Carlos Lázzari, Felipe Riccardo, Aldo Junnissi","Cayetano Puglisi, Blas Pensato, Jaime Ferrer, Pablo Hechím"
Juan D'Arienzo,Orquesta Típica Juan D'Arienzo,8/8/1957,La Misma Canción,Tango,Jorge Valdez,Víctor,Tape,Carlos Lázzari,Abel Aznar,,57-64 / Polito ,Juan Polito,Victorio Virgilito,"Enrique Alessio, Eladio Blanco, Carlos Lázzari, Felipe Riccardo, Aldo Junnissi","Cayetano Puglisi, Blas Pensato, Jaime Ferrer, Pablo Hechím"
Juan D'Arienzo,Orquesta Típica Juan D'Arienzo,8/8/1957,Quedémonos Aquí,Tango,Jorge Valdez,Víctor,Tape,Héctor Stamponi,Homero Expósito,,57-64 / Polito ,Juan Polito,Victorio Virgilito,"Enrique Alessio, Eladio Blanco, Carlos Lázzari, Felipe Riccardo, Aldo Junnissi","Cayetano Puglisi, Blas Pensato, Jaime Ferrer, Pablo Hechím"
Juan D'Arienzo,Orquesta Típica Juan D'Arienzo,8/15/1957,Estas Cosas De La Vida,Tango,Mario Bustos,Víctor,Tape,Arturo Gallucci,Reinaldo Yiso,,57-64 / Polito ,Juan Polito,Victorio Virgilito,"Enrique Alessio, Eladio Blanco, Carlos Lázzari, Felipe Riccardo, Aldo Junnissi","Cayetano Puglisi, Blas Pensato, Jaime Ferrer, Pablo Hechím"
Juan D'Arienzo,Orquesta Típica Juan D'Arienzo,8/22/1957,En El Cielo,Tango,Jorge Valdez,Víctor,Tape,Enrique Alessio,Enrique Lary,,57-64 / Polito ,Juan Polito,Victorio Virgilito,"Enrique Alessio, Eladio Blanco, Carlos Lázzari, Felipe Riccardo, Aldo Junnissi","Cayetano Puglisi, Blas Pensato, Jaime Ferrer, Pablo Hechím"
Juan D'Arienzo,Orquesta Típica Juan D'Arienzo,8/22/1957,Si Soy Así,Tango,Mario Bustos,Víctor,Tape,Francisco Lomuto,Antonio Botta,,57-64 / Polito ,Juan Polito,Victorio Virgilito,"Enrique Alessio, Eladio Blanco, Carlos Lázzari, Felipe Riccardo, Aldo Junnissi","Cayetano Puglisi, Blas Pensato, Jaime Ferrer, Pablo Hechím"
Juan D'Arienzo,Orquesta Típica Juan D'Arienzo,8/29/1957,Imperdonable,Tango,Mario Bustos,Víctor,Tape,Roberto Losi),Agustín Minotti,,57-64 / Polito ,Juan Polito,Victorio Virgilito,"Enrique Alessio, Eladio Blanco, Carlos Lázzari, Felipe Riccardo, Aldo Junnissi","Cayetano Puglisi, Blas Pensato, Jaime Ferrer, Pablo Hechím"
Juan D'Arienzo,Orquesta Típica Juan D'Arienzo,8/29/1957,Mi Amor Y Tu Amor,Tango,Jorge Valdez,Víctor,Tape,Reinaldo Ghiso,Enrique Alessio,,57-64 / Polito ,Juan Polito,Victorio Virgilito,"Enrique Alessio, Eladio Blanco, Carlos Lázzari, Felipe Riccardo, Aldo Junnissi","Cayetano Puglisi, Blas Pensato, Jaime Ferrer, Pablo Hechím"
Juan D'Arienzo,Orquesta Típica Juan D'Arienzo,8/29/1957,Santa Milonguita,Tango,Jorge Valdez,Víctor,Tape,Enrique Delfino,Enrique Cadícamo,,57-64 / Polito ,Juan Polito,Victorio Virgilito,"Enrique Alessio, Eladio Blanco, Carlos Lázzari, Felipe Riccardo, Aldo Junnissi","Cayetano Puglisi, Blas Pensato, Jaime Ferrer, Pablo Hechím"
Juan D'Arienzo,Orquesta Típica Juan D'Arienzo,5/22/1958,Castigo Y Pasión,Tango,Jorge Valdez,Víctor,Tape,Carlos Lázzari; Juan Polito,Ernesto Rodríguez,,57-64 / Polito ,Juan Polito,Victorio Virgilito,"Enrique Alessio, Eladio Blanco, Carlos Lázzari, Felipe Riccardo, Aldo Junnissi","Cayetano Puglisi, Blas Pensato, Jaime Ferrer, Pablo Hechím"
Juan D'Arienzo,Orquesta Típica Juan D'Arienzo,5/22/1958,Papá,Tango,Mario Bustos,Víctor,Tape,Enrique Alessio,Reinaldo Ghiso,,57-64 / Polito ,Juan Polito,Victorio Virgilito,"Enrique Alessio, Eladio Blanco, Carlos Lázzari, Felipe Riccardo, Aldo Junnissi","Cayetano Puglisi, Blas Pensato, Jaime Ferrer, Pablo Hechím"
Juan D'Arienzo,Orquesta Típica Juan D'Arienzo,5/22/1958,Pienso,Tango,Mario Bustos,Víctor,Tape,Aldo Junnissi; Carlos Lázzari,Mario Bustos,,57-64 / Polito ,Juan Polito,Victorio Virgilito,"Enrique Alessio, Eladio Blanco, Carlos Lázzari, Felipe Riccardo, Aldo Junnissi","Cayetano Puglisi, Blas Pensato, Jaime Ferrer, Pablo Hechím"
Juan D'Arienzo,Orquesta Típica Juan D'Arienzo,5/28/1958,Andate Con Tu Mamá,Tango,Mario Bustos,Víctor,Tape,Enrique Alessio; Carlos Lázzari,Mario Bustos,,57-64 / Polito ,Juan Polito,Victorio Virgilito,"Enrique Alessio, Eladio Blanco, Carlos Lázzari, Felipe Riccardo, Aldo Junnissi","Cayetano Puglisi, Blas Pensato, Jaime Ferrer, Pablo Hechím"
Juan D'Arienzo,Orquesta Típica Juan D'Arienzo,5/28/1958,Muchachita De Paris,Tango,Jorge Valdez,Víctor,Tape,Eladio Blanco,Raúl Hormaza,,57-64 / Polito ,Juan Polito,Victorio Virgilito,"Enrique Alessio, Eladio Blanco, Carlos Lázzari, Felipe Riccardo, Aldo Junnissi","Cayetano Puglisi, Blas Pensato, Jaime Ferrer, Pablo Hechím"
Juan D'Arienzo,Orquesta Típica Juan D'Arienzo,5/28/1958,Que Seas Muy Feliz,Vals,Mario Bustos,Víctor,Tape,Roberto Rufino,Alejandro Romay,,57-64 / Polito ,Juan Polito,Victorio Virgilito,"Enrique Alessio, Eladio Blanco, Carlos Lázzari, Felipe Riccardo, Aldo Junnissi","Cayetano Puglisi, Blas Pensato, Jaime Ferrer, Pablo Hechím"
Juan D'Arienzo,Orquesta Típica Juan D'Arienzo,5/28/1958,Yo Sé Que Te Adoro,Tango,Jorge Valdez,Víctor,Tape,Juan Polito; Carlos Lázzari,Pedro Galelli,,57-64 / Polito ,Juan Polito,Victorio Virgilito,"Enrique Alessio, Eladio Blanco, Carlos Lázzari, Felipe Riccardo, Aldo Junnissi","Cayetano Puglisi, Blas Pensato, Jaime Ferrer, Pablo Hechím"
Juan D'Arienzo,Orquesta Típica Juan D'Arienzo,6/12/1958,Adíos Corazón,Tango,Jorge Valdez,Víctor,Tape,Lalo Etchegoncelay,Héctor Sapelli,,57-64 / Polito ,Juan Polito,Victorio Virgilito,"Enrique Alessio, Eladio Blanco, Carlos Lázzari, Felipe Riccardo, Aldo Junnissi","Cayetano Puglisi, Blas Pensato, Jaime Ferrer, Pablo Hechím"
Juan D'Arienzo,Orquesta Típica Juan D'Arienzo,6/12/1958,Barrio De Guapos,Tango,Jorge Valdez,Víctor,Tape,Pintín Castellanos,Pintín Alves,,57-64 / Polito ,Juan Polito,Victorio Virgilito,"Enrique Alessio, Eladio Blanco, Carlos Lázzari, Felipe Riccardo, Aldo Junnissi","Cayetano Puglisi, Blas Pensato, Jaime Ferrer, Pablo Hechím"
Juan D'Arienzo,Orquesta Típica Juan D'Arienzo,6/12/1958,"Bueno, Derecho Y Varón",Tango,Mario Bustos,Víctor,Tape,Juan Polito,Ángel Gatti,,57-64 / Polito ,Juan Polito,Victorio Virgilito,"Enrique Alessio, Eladio Blanco, Carlos Lázzari, Felipe Riccardo, Aldo Junnissi","Cayetano Puglisi, Blas Pensato, Jaime Ferrer, Pablo Hechím"
Juan D'Arienzo,Orquesta Típica Juan D'Arienzo,6/12/1958,Igual Que Judas,Tango,Jorge Valdez,Víctor,Tape,Carlos Auzón,José Rótulo,,57-64 / Polito ,Juan Polito,Victorio Virgilito,"Enrique Alessio, Eladio Blanco, Carlos Lázzari, Felipe Riccardo, Aldo Junnissi","Cayetano Puglisi, Blas Pensato, Jaime Ferrer, Pablo Hechím"
Juan D'Arienzo,Orquesta Típica Juan D'Arienzo,6/12/1958,No Tenemos Perdón,Tango,Mario Bustos,Víctor,Tape,Edmundo Baya,Julio César,,57-64 / Polito ,Juan Polito,Victorio Virgilito,"Enrique Alessio, Eladio Blanco, Carlos Lázzari, Felipe Riccardo, Aldo Junnissi","Cayetano Puglisi, Blas Pensato, Jaime Ferrer, Pablo Hechím"
Juan D'Arienzo,Orquesta Típica Juan D'Arienzo,6/12/1958,Por Donde Andarás,Tango,Mario Bustos,Víctor,Tape,Salvador Merico,Atilio Supparo,,57-64 / Polito ,Juan Polito,Victorio Virgilito,"Enrique Alessio, Eladio Blanco, Carlos Lázzari, Felipe Riccardo, Aldo Junnissi","Cayetano Puglisi, Blas Pensato, Jaime Ferrer, Pablo Hechím"
Juan D'Arienzo,Orquesta Típica Juan D'Arienzo,6/19/1958,Lástima,Tango,Jorge Valdez,Víctor,Tape,Juan Martínez,Luis Caruso,,57-64 / Polito ,Juan Polito,Victorio Virgilito,"Enrique Alessio, Eladio Blanco, Carlos Lázzari, Felipe Riccardo, Aldo Junnissi","Cayetano Puglisi, Blas Pensato, Jaime Ferrer, Pablo Hechím"
Juan D'Arienzo,Orquesta Típica Juan D'Arienzo,6/19/1958,Nosotros,Tango,Mario Bustos,Víctor,Tape,Enrique Alessio,Reinaldo Ghiso,,57-64 / Polito ,Juan Polito,Victorio Virgilito,"Enrique Alessio, Eladio Blanco, Carlos Lázzari, Felipe Riccardo, Aldo Junnissi","Cayetano Puglisi, Blas Pensato, Jaime Ferrer, Pablo Hechím"
Juan D'Arienzo,Orquesta Típica Juan D'Arienzo,6/19/1958,Que Dios Te Bendiga,Tango,Jorge Valdez,Víctor,Tape,Victorio Virgillito; Aldo Junnissi,Antonio Cantó,,57-64 / Polito ,Juan Polito,Victorio Virgilito,"Enrique Alessio, Eladio Blanco, Carlos Lázzari, Felipe Riccardo, Aldo Junnissi","Cayetano Puglisi, Blas Pensato, Jaime Ferrer, Pablo Hechím"
Juan D'Arienzo,Orquesta Típica Juan D'Arienzo,6/19/1958,Soy Un Pálido Fantasma,Tango,Mario Bustos,Víctor,Tape,Osvaldo Tarantino,Ángel Gatti,,57-64 / Polito ,Juan Polito,Victorio Virgilito,"Enrique Alessio, Eladio Blanco, Carlos Lázzari, Felipe Riccardo, Aldo Junnissi","Cayetano Puglisi, Blas Pensato, Jaime Ferrer, Pablo Hechím"
Juan D'Arienzo,Orquesta Típica Juan D'Arienzo,7/3/1958,Baldosa Floja,Milonga,Valdez / Bustos,Víctor,Tape,Florindo Sassone; Julio Boccazzi,Dante Gilardoni,,57-64 / Polito ,Juan Polito,Victorio Virgilito,"Enrique Alessio, Eladio Blanco, Carlos Lázzari, Felipe Riccardo, Aldo Junnissi","Cayetano Puglisi, Blas Pensato, Jaime Ferrer, Pablo Hechím"
Juan D'Arienzo,Orquesta Típica Juan D'Arienzo,7/3/1958,El Tango No Tiene Contra,Tango,Mario Bustos,Víctor,Tape,Juan Maffia; Carlos Demaría,Andrés Chinarro,,57-64 / Polito ,Juan Polito,Victorio Virgilito,"Enrique Alessio, Eladio Blanco, Carlos Lázzari, Felipe Riccardo, Aldo Junnissi","Cayetano Puglisi, Blas Pensato, Jaime Ferrer, Pablo Hechím"
Juan D'Arienzo,Orquesta Típica Juan D'Arienzo,7/10/1958,El Embrollo,Tango,Instrumental,Víctor,Tape,Esteban Gilardi,,,57-64 / Polito ,Juan Polito,Victorio Virgilito,"Enrique Alessio, Eladio Blanco, Carlos Lázzari, Felipe Riccardo, Aldo Junnissi","Cayetano Puglisi, Blas Pensato, Jaime Ferrer, Pablo Hechím"
Juan D'Arienzo,Orquesta Típica Juan D'Arienzo,7/10/1958,Nada Más,Tango,Jorge Valdez,Víctor,Tape,Juan D'Arienzo; Luis Rubistein,Juan D'Arienzo; Luis Rubistein,,57-64 / Polito ,Juan Polito,Victorio Virgilito,"Enrique Alessio, Eladio Blanco, Carlos Lázzari, Felipe Riccardo, Aldo Junnissi","Cayetano Puglisi, Blas Pensato, Jaime Ferrer, Pablo Hechím"
Juan D'Arienzo,Orquesta Típica Juan D'Arienzo,7/24/1958,Criollo De Ley,Tango,Instrumental,Víctor,Tape,José Aiello; Carmelo Aiello,José Aiello; Carmelo Aiello,,57-64 / Polito ,Juan Polito,Victorio Virgilito,"Enrique Alessio, Eladio Blanco, Carlos Lázzari, Felipe Riccardo, Aldo Junnissi","Cayetano Puglisi, Blas Pensato, Jaime Ferrer, Pablo Hechím"
Juan D'Arienzo,Orquesta Típica Juan D'Arienzo,7/24/1958,Que Me Importa Tu Pasado,Tango,Mario Bustos,Víctor,Tape,Manuel Sucher,Roberto Giménez,,57-64 / Polito ,Juan Polito,Victorio Virgilito,"Enrique Alessio, Eladio Blanco, Carlos Lázzari, Felipe Riccardo, Aldo Junnissi","Cayetano Puglisi, Blas Pensato, Jaime Ferrer, Pablo Hechím"
Juan D'Arienzo,Orquesta Típica Juan D'Arienzo,9/11/1958,No Llores Por Favor,Tango,Jorge Valdez,Víctor,Tape,Alberto Longo,Juan Ricardi,,57-64 / Polito ,Juan Polito,Victorio Virgilito,"Enrique Alessio, Eladio Blanco, Carlos Lázzari, Felipe Riccardo, Aldo Junnissi","Cayetano Puglisi, Blas Pensato, Jaime Ferrer, Pablo Hechím"
Juan D'Arienzo,Orquesta Típica Juan D'Arienzo,9/11/1958,No Me Extraña,Tango,Jorge Valdez,Víctor,Tape,Alberto Celenza; Antonio Romano,Carlos Bahr,,57-64 / Polito ,Juan Polito,Victorio Virgilito,"Enrique Alessio, Eladio Blanco, Carlos Lázzari, Felipe Riccardo, Aldo Junnissi","Cayetano Puglisi, Blas Pensato, Jaime Ferrer, Pablo Hechím"
Juan D'Arienzo,Orquesta Típica Juan D'Arienzo,9/13/1958,Don Alejandro,Tango,Instrumental,Víctor,Tape,Alejandro Junnissi; Carlos Lázzari,,,57-64 / Polito ,Juan Polito,Victorio Virgilito,"Enrique Alessio, Eladio Blanco, Carlos Lázzari, Felipe Riccardo, Aldo Junnissi","Cayetano Puglisi, Blas Pensato, Jaime Ferrer, Pablo Hechím"
Juan D'Arienzo,Orquesta Típica Juan D'Arienzo,9/13/1958,Un Vals Para Mamá,Vals,Mario Bustos,Víctor,Tape,Enrique Alessio),Reinaldo Ghiso,,57-64 / Polito ,Juan Polito,Victorio Virgilito,"Enrique Alessio, Eladio Blanco, Carlos Lázzari, Felipe Riccardo, Aldo Junnissi","Cayetano Puglisi, Blas Pensato, Jaime Ferrer, Pablo Hechím"
Juan D'Arienzo,Orquesta Típica Juan D'Arienzo,10/29/1958,Chirusa,Tango,Jorge Valdez,Víctor,Tape,Juan D'Arienzo,Nolo López,,57-64 / Polito ,Juan Polito,Victorio Virgilito,"Enrique Alessio, Eladio Blanco, Carlos Lázzari, Felipe Riccardo, Aldo Junnissi","Cayetano Puglisi, Blas Pensato, Jaime Ferrer, Pablo Hechím"
Juan D'Arienzo,Orquesta Típica Juan D'Arienzo,10/29/1958,Gerardo Matos Rodriguez,Tango,Mario Bustos,Víctor,Tape,Pablo Hechim,Raúl Rosales,,57-64 / Polito ,Juan Polito,Victorio Virgilito,"Enrique Alessio, Eladio Blanco, Carlos Lázzari, Felipe Riccardo, Aldo Junnissi","Cayetano Puglisi, Blas Pensato, Jaime Ferrer, Pablo Hechím"
Juan D'Arienzo,Orquesta Típica Juan D'Arienzo,10/29/1958,María Celosa,Vals,Jorge Valdez,Víctor,Tape,Atilio Bruni),Roberto Lambertucci,,57-64 / Polito ,Juan Polito,Victorio Virgilito,"Enrique Alessio, Eladio Blanco, Carlos Lázzari, Felipe Riccardo, Aldo Junnissi","Cayetano Puglisi, Blas Pensato, Jaime Ferrer, Pablo Hechím"
Juan D'Arienzo,Orquesta Típica Juan D'Arienzo,10/29/1958,Marinera,Tango,Jorge Valdez,Víctor,Tape,Pedro Laurenz,Carlos Marín,,57-64 / Polito ,Juan Polito,Victorio Virgilito,"Enrique Alessio, Eladio Blanco, Carlos Lázzari, Felipe Riccardo, Aldo Junnissi","Cayetano Puglisi, Blas Pensato, Jaime Ferrer, Pablo Hechím"
Juan D'Arienzo,Orquesta Típica Juan D'Arienzo,11/12/1958,Che Fulano,Tango,Mario Bustos,Víctor,Tape,Félix Villa),Mario Bustos; Reinaldo Yiso,,57-64 / Polito ,Juan Polito,Victorio Virgilito,"Enrique Alessio, Eladio Blanco, Carlos Lázzari, Felipe Riccardo, Aldo Junnissi","Cayetano Puglisi, Blas Pensato, Jaime Ferrer, Pablo Hechím"
Juan D'Arienzo,Orquesta Típica Juan D'Arienzo,11/12/1958,Justo Un Año,Tango,Mario Bustos,Víctor,Tape,Miguel Bucino,Miguel Bucino,,57-64 / Polito ,Juan Polito,Victorio Virgilito,"Enrique Alessio, Eladio Blanco, Carlos Lázzari, Felipe Riccardo, Aldo Junnissi","Cayetano Puglisi, Blas Pensato, Jaime Ferrer, Pablo Hechím"
Juan D'Arienzo,Orquesta Típica Juan D'Arienzo,11/12/1958,Sabras Quien Soy,Tango,Jorge Valdez,Víctor,Tape,Alberto Tavarozzi,Santiago Adamini,,57-64 / Polito ,Juan Polito,Victorio Virgilito,"Enrique Alessio, Eladio Blanco, Carlos Lázzari, Felipe Riccardo, Aldo Junnissi","Cayetano Puglisi, Blas Pensato, Jaime Ferrer, Pablo Hechím"
Juan D'Arienzo,Orquesta Típica Juan D'Arienzo,11/19/1958,Adíos Chantecler,Tango,Jorge Valdez,Víctor,Tape,Enrique Cadícamo,Enrique Cadícamo,,57-64 / Polito ,Juan Polito,Victorio Virgilito,"Enrique Alessio, Eladio Blanco, Carlos Lázzari, Felipe Riccardo, Aldo Junnissi","Cayetano Puglisi, Blas Pensato, Jaime Ferrer, Pablo Hechím"
Juan D'Arienzo,Orquesta Típica Juan D'Arienzo,11/19/1958,Moneda Sin Valor,Tango,Jorge Valdez,Víctor,Tape,Gerónimo Yorio,Ana Yanelli,,57-64 / Polito ,Juan Polito,Victorio Virgilito,"Enrique Alessio, Eladio Blanco, Carlos Lázzari, Felipe Riccardo, Aldo Junnissi","Cayetano Puglisi, Blas Pensato, Jaime Ferrer, Pablo Hechím"
Juan D'Arienzo,Orquesta Típica Juan D'Arienzo,11/19/1958,Si Alma Y Sin Dios,Tango,Jorge Valdez,Víctor,Tape,Miguel Ratto,Agustín Minotti,,57-64 / Polito ,Juan Polito,Victorio Virgilito,"Enrique Alessio, Eladio Blanco, Carlos Lázzari, Felipe Riccardo, Aldo Junnissi","Cayetano Puglisi, Blas Pensato, Jaime Ferrer, Pablo Hechím"
Juan D'Arienzo,Orquesta Típica Juan D'Arienzo,12/3/1958,Feliz Navidad,Vals,Jorge Valdez,Víctor,Tape,Ernesto Rodríguez; Juan D'Arienzo; Juan Polito,Ernesto Rodríguez; Juan D'Arienzo; Juan Polito,,57-64 / Polito ,Juan Polito,Victorio Virgilito,"Enrique Alessio, Eladio Blanco, Carlos Lázzari, Felipe Riccardo, Aldo Junnissi","Cayetano Puglisi, Blas Pensato, Jaime Ferrer, Pablo Hechím"
Juan D'Arienzo,Orquesta Típica Juan D'Arienzo,12/3/1958,La Sentada,Tango,Instrumental,Víctor,Tape,Horacio Susena,,,57-64 / Polito ,Juan Polito,Victorio Virgilito,"Enrique Alessio, Eladio Blanco, Carlos Lázzari, Felipe Riccardo, Aldo Junnissi","Cayetano Puglisi, Blas Pensato, Jaime Ferrer, Pablo Hechím"
Juan D'Arienzo,Orquesta Típica Juan D'Arienzo,12/10/1958,Barrio Belgrano,Tango,Instrumental,Víctor,Tape,Eladio Blanco,,,57-64 / Polito ,Juan Polito,Victorio Virgilito,"Enrique Alessio, Eladio Blanco, Carlos Lázzari, Felipe Riccardo, Aldo Junnissi","Cayetano Puglisi, Blas Pensato, Jaime Ferrer, Pablo Hechím"
Juan D'Arienzo,Orquesta Típica Juan D'Arienzo,12/10/1958,El Tigre Millán,Tango,Mario Bustos,Víctor,Tape,Francisco Canaro,Francisco Canaro,,57-64 / Polito ,Juan Polito,Victorio Virgilito,"Enrique Alessio, Eladio Blanco, Carlos Lázzari, Felipe Riccardo, Aldo Junnissi","Cayetano Puglisi, Blas Pensato, Jaime Ferrer, Pablo Hechím"
Juan D'Arienzo,Orquesta Típica Juan D'Arienzo,12/10/1958,"No, No Me La Nombres",Tango,Mario Bustos,Víctor,Tape,Carlos Lázzari; Tito Martínez,Reinaldo Ghiso,,57-64 / Polito ,Juan Polito,Victorio Virgilito,"Enrique Alessio, Eladio Blanco, Carlos Lázzari, Felipe Riccardo, Aldo Junnissi","Cayetano Puglisi, Blas Pensato, Jaime Ferrer, Pablo Hechím"
Juan D'Arienzo,Orquesta Típica Juan D'Arienzo,12/10/1958,Tu Noche Es Mi Noche,Tango,Jorge Valdez,Víctor,Tape,Armando Baliotti,Juan Locatelli,,57-64 / Polito ,Juan Polito,Victorio Virgilito,"Enrique Alessio, Eladio Blanco, Carlos Lázzari, Felipe Riccardo, Aldo Junnissi","Cayetano Puglisi, Blas Pensato, Jaime Ferrer, Pablo Hechím"
Juan D'Arienzo,Orquesta Típica Juan D'Arienzo,12/17/1958,Buenas Noches Mi Amor,Tango,Jorge Valdez,Víctor,Tape,Juan Polito,Ángel Gatti,,57-64 / Polito ,Juan Polito,Victorio Virgilito,"Enrique Alessio, Eladio Blanco, Carlos Lázzari, Felipe Riccardo, Aldo Junnissi","Cayetano Puglisi, Blas Pensato, Jaime Ferrer, Pablo Hechím"
Juan D'Arienzo,Orquesta Típica Juan D'Arienzo,12/17/1958,Diez Años,Tango,Jorge Valdez,Víctor,Tape,Cayetano Puglisi; Pascual Gregorio,Manuel Campos,,57-64 / Polito ,Juan Polito,Victorio Virgilito,"Enrique Alessio, Eladio Blanco, Carlos Lázzari, Felipe Riccardo, Aldo Junnissi","Cayetano Puglisi, Blas Pensato, Jaime Ferrer, Pablo Hechím"
Juan D'Arienzo,Orquesta Típica Juan D'Arienzo,12/17/1958,Justo El Treinta Y Uno,Tango,Mario Bustos,Víctor,Tape,Enrique Discépolo,Enrique Discépolo; Raimundo Bernasconi,,57-64 / Polito ,Juan Polito,Victorio Virgilito,"Enrique Alessio, Eladio Blanco, Carlos Lázzari, Felipe Riccardo, Aldo Junnissi","Cayetano Puglisi, Blas Pensato, Jaime Ferrer, Pablo Hechím"
Juan D'Arienzo,Orquesta Típica Juan D'Arienzo,12/17/1958,Muñeca Brava,Tango,Mario Bustos,Víctor,Tape,Luis Visca,Enrique Cadícamo,,57-64 / Polito ,Juan Polito,Victorio Virgilito,"Enrique Alessio, Eladio Blanco, Carlos Lázzari, Felipe Riccardo, Aldo Junnissi","Cayetano Puglisi, Blas Pensato, Jaime Ferrer, Pablo Hechím"
Juan D'Arienzo,Orquesta Típica Juan D'Arienzo,12/23/1958,Bonanza,Vals,Mario Bustos,Víctor,Tape,Armando Giannelli,José Ortega,,57-64 / Polito ,Juan Polito,Victorio Virgilito,"Enrique Alessio, Eladio Blanco, Carlos Lázzari, Felipe Riccardo, Aldo Junnissi","Cayetano Puglisi, Blas Pensato, Jaime Ferrer, Pablo Hechím"
Juan D'Arienzo,Orquesta Típica Juan D'Arienzo,12/23/1958,Hasta Siempre Amor,Tango,Jorge Valdez,Víctor,Tape,Donato Racciatti,Federico Silva,,57-64 / Polito ,Juan Polito,Victorio Virgilito,"Enrique Alessio, Eladio Blanco, Carlos Lázzari, Felipe Riccardo, Aldo Junnissi","Cayetano Puglisi, Blas Pensato, Jaime Ferrer, Pablo Hechím"
Juan D'Arienzo,Orquesta Típica Juan D'Arienzo,12/23/1958,Más Grande Que Nunca,Tango,Instrumental,Víctor,Tape,Carlos Alessio,,,57-64 / Polito ,Juan Polito,Victorio Virgilito,"Enrique Alessio, Eladio Blanco, Carlos Lázzari, Felipe Riccardo, Aldo Junnissi","Cayetano Puglisi, Blas Pensato, Jaime Ferrer, Pablo Hechím"
Juan D'Arienzo,Orquesta Típica Juan D'Arienzo,12/23/1958,Por Tu Culpa Te Perdi,Tango,Jorge Valdez,Víctor,Tape,Carlos Lázzari,Odín Fleitas,,57-64 / Polito ,Juan Polito,Victorio Virgilito,"Enrique Alessio, Eladio Blanco, Carlos Lázzari, Felipe Riccardo, Aldo Junnissi","Cayetano Puglisi, Blas Pensato, Jaime Ferrer, Pablo Hechím"
Juan D'Arienzo,Orquesta Típica Juan D'Arienzo,10/15/1959,Casita De Nácar,Tango,Jorge Valdez,Víctor,Tape,Jorge Dragone,Ángel Gatti,,57-64 / Polito ,Juan Polito,Victorio Virgilito,"Enrique Alessio, Eladio Blanco, Carlos Lázzari, Felipe Riccardo, Aldo Junnissi","Cayetano Puglisi, Blas Pensato, Jaime Ferrer, Pablo Hechím"
Juan D'Arienzo,Orquesta Típica Juan D'Arienzo,10/15/1959,Dáme Mi Libertad,Tango,Jorge Valdez,Víctor,Tape,Manuel Sucher,Carlos Bahr,,57-64 / Polito ,Juan Polito,Victorio Virgilito,"Enrique Alessio, Eladio Blanco, Carlos Lázzari, Felipe Riccardo, Aldo Junnissi","Cayetano Puglisi, Blas Pensato, Jaime Ferrer, Pablo Hechím"
Juan D'Arienzo,Orquesta Típica Juan D'Arienzo,10/15/1959,La Bruja,Tango,Mario Bustos,Víctor,Tape,Juan Polito,Francisco Gorrindo,,57-64 / Polito ,Juan Polito,Victorio Virgilito,"Enrique Alessio, Eladio Blanco, Carlos Lázzari, Felipe Riccardo, Aldo Junnissi","Cayetano Puglisi, Blas Pensato, Jaime Ferrer, Pablo Hechím"
Juan D'Arienzo,Orquesta Típica Juan D'Arienzo,10/15/1959,La Negra Bozán,Tango,Mario Bustos,Víctor,Tape,Pablo Hechim,Pablo Hechim,,57-64 / Polito ,Juan Polito,Victorio Virgilito,"Enrique Alessio, Eladio Blanco, Carlos Lázzari, Felipe Riccardo, Aldo Junnissi","Cayetano Puglisi, Blas Pensato, Jaime Ferrer, Pablo Hechím"
Juan D'Arienzo,Orquesta Típica Juan D'Arienzo,10/29/1959,Calandria Triste,Vals,Jorge Valdez,Víctor,Tape,Cayetano Puglisi,Reinaldo Yiso,,57-64 / Polito ,Juan Polito,Victorio Virgilito,"Enrique Alessio, Eladio Blanco, Carlos Lázzari, Felipe Riccardo, Aldo Junnissi","Cayetano Puglisi, Blas Pensato, Jaime Ferrer, Pablo Hechím"
Juan D'Arienzo,Orquesta Típica Juan D'Arienzo,10/29/1959,Con Alma De Tango,Tango,Instrumental,Víctor,Tape,Juan D'Arienzo,Carlos Waiss,,57-64 / Polito ,Juan Polito,Victorio Virgilito,"Enrique Alessio, Eladio Blanco, Carlos Lázzari, Felipe Riccardo, Aldo Junnissi","Cayetano Puglisi, Blas Pensato, Jaime Ferrer, Pablo Hechím"
Juan D'Arienzo,Orquesta Típica Juan D'Arienzo,10/29/1959,No Me Vengas Con Cuentos,Tango,Mario Bustos,Víctor,Tape,Carlos Lázzari),Mario Álvarez,,57-64 / Polito ,Juan Polito,Victorio Virgilito,"Enrique Alessio, Eladio Blanco, Carlos Lázzari, Felipe Riccardo, Aldo Junnissi","Cayetano Puglisi, Blas Pensato, Jaime Ferrer, Pablo Hechím"
Juan D'Arienzo,Orquesta Típica Juan D'Arienzo,10/29/1959,Pasajera,Tango,Jorge Valdez,Víctor,Tape,Domingo Sciaraffía,Carmelo Volpe,,57-64 / Polito ,Juan Polito,Victorio Virgilito,"Enrique Alessio, Eladio Blanco, Carlos Lázzari, Felipe Riccardo, Aldo Junnissi","Cayetano Puglisi, Blas Pensato, Jaime Ferrer, Pablo Hechím"
Juan D'Arienzo,Orquesta Típica Juan D'Arienzo,10/29/1959,Pero Solo Estoy Mejor,Tango,Mario Bustos,Víctor,Tape,Carlos Lázzari,Julio Curi,,57-64 / Polito ,Juan Polito,Victorio Virgilito,"Enrique Alessio, Eladio Blanco, Carlos Lázzari, Felipe Riccardo, Aldo Junnissi","Cayetano Puglisi, Blas Pensato, Jaime Ferrer, Pablo Hechím"
Juan D'Arienzo,Orquesta Típica Juan D'Arienzo,10/29/1959,Quién Como Yo,Tango,Jorge Valdez,Víctor,Tape,Juan Castro,Carlos Bahr,,57-64 / Polito ,Juan Polito,Victorio Virgilito,"Enrique Alessio, Eladio Blanco, Carlos Lázzari, Felipe Riccardo, Aldo Junnissi","Cayetano Puglisi, Blas Pensato, Jaime Ferrer, Pablo Hechím"
Juan D'Arienzo,Orquesta Típica Juan D'Arienzo,10/29/1959,Y No Puedo Comprender,Tango,Mario Bustos,Víctor,Tape,Enrique Alessio,Reinaldo Ghiso,,57-64 / Polito ,Juan Polito,Victorio Virgilito,"Enrique Alessio, Eladio Blanco, Carlos Lázzari, Felipe Riccardo, Aldo Junnissi","Cayetano Puglisi, Blas Pensato, Jaime Ferrer, Pablo Hechím"
Juan D'Arienzo,Orquesta Típica Juan D'Arienzo,11/12/1959,Judas,Tango,Mario Bustos,Víctor,Tape,Carlos Marchisio,Carmelo Santiago,,57-64 / Polito ,Juan Polito,Victorio Virgilito,"Enrique Alessio, Eladio Blanco, Carlos Lázzari, Felipe Riccardo, Aldo Junnissi","Cayetano Puglisi, Blas Pensato, Jaime Ferrer, Pablo Hechím"
Juan D'Arienzo,Orquesta Típica Juan D'Arienzo,11/12/1959,Por La Vuelta,Tango,Jorge Valdez,Víctor,Tape,José Tinelli,Enrique Cadícamo,,57-64 / Polito ,Juan Polito,Victorio Virgilito,"Enrique Alessio, Eladio Blanco, Carlos Lázzari, Felipe Riccardo, Aldo Junnissi","Cayetano Puglisi, Blas Pensato, Jaime Ferrer, Pablo Hechím"
Juan D'Arienzo,Orquesta Típica Juan D'Arienzo,11/12/1959,Por Qué Te Sigo Queriendo,Tango,Jorge Valdez,Víctor,Tape,Josefina Fuente; Leopoldo Vélez; Roberto Rufino,Leopoldo Vélez; Roberto Rufino,,57-64 / Polito ,Juan Polito,Victorio Virgilito,"Enrique Alessio, Eladio Blanco, Carlos Lázzari, Felipe Riccardo, Aldo Junnissi","Cayetano Puglisi, Blas Pensato, Jaime Ferrer, Pablo Hechím"
Juan D'Arienzo,Orquesta Típica Juan D'Arienzo,11/12/1959,Ríe Payaso,Tango,Mario Bustos,Víctor,Tape,Virgilio Carmona,Emilio Falero,,57-64 / Polito ,Juan Polito,Victorio Virgilito,"Enrique Alessio, Eladio Blanco, Carlos Lázzari, Felipe Riccardo, Aldo Junnissi","Cayetano Puglisi, Blas Pensato, Jaime Ferrer, Pablo Hechím"
Juan D'Arienzo,Orquesta Típica Juan D'Arienzo,11/19/1959,Amar Para Qué,Tango,Jorge Valdez,Víctor,Tape,Enrique Alessio,Enrique Lary,,57-64 / Polito ,Juan Polito,Victorio Virgilito,"Enrique Alessio, Eladio Blanco, Carlos Lázzari, Felipe Riccardo, Aldo Junnissi","Cayetano Puglisi, Blas Pensato, Jaime Ferrer, Pablo Hechím"
Juan D'Arienzo,Orquesta Típica Juan D'Arienzo,11/19/1959,De Los Dos,Vals,Jorge Valdez,Víctor,Tape,Héctor Stamponi,Federico Silva,,57-64 / Polito ,Juan Polito,Victorio Virgilito,"Enrique Alessio, Eladio Blanco, Carlos Lázzari, Felipe Riccardo, Aldo Junnissi","Cayetano Puglisi, Blas Pensato, Jaime Ferrer, Pablo Hechím"
Juan D'Arienzo,Orquesta Típica Juan D'Arienzo,11/20/1959,Con Alma De Tango,Tango,Instrumental,Víctor,Tape,Juan D'Arienzo,Carlos Waiss,,57-64 / Polito ,Juan Polito,Victorio Virgilito,"Enrique Alessio, Eladio Blanco, Carlos Lázzari, Felipe Riccardo, Aldo Junnissi","Cayetano Puglisi, Blas Pensato, Jaime Ferrer, Pablo Hechím"
Juan D'Arienzo,Orquesta Típica Juan D'Arienzo,11/20/1959,Engañadora,Milonga,Instrumental,Víctor,Tape,Enrique Alessio,Carlos Lázzari,,57-64 / Polito ,Juan Polito,Victorio Virgilito,"Enrique Alessio, Eladio Blanco, Carlos Lázzari, Felipe Riccardo, Aldo Junnissi","Cayetano Puglisi, Blas Pensato, Jaime Ferrer, Pablo Hechím"
Juan D'Arienzo,Orquesta Típica Juan D'Arienzo,11/20/1959,Munyinga,Milonga,Instrumental,Víctor,Tape,Orlando Romanelli,Antonio Casciani,,57-64 / Polito ,Juan Polito,Victorio Virgilito,"Enrique Alessio, Eladio Blanco, Carlos Lázzari, Felipe Riccardo, Aldo Junnissi","Cayetano Puglisi, Blas Pensato, Jaime Ferrer, Pablo Hechím"
Juan D'Arienzo,Orquesta Típica Juan D'Arienzo,11/20/1959,Tapado Gris,Tango,Instrumental,Víctor,Tape,Benjamín García),Lito Ferrari,,57-64 / Polito ,Juan Polito,Victorio Virgilito,"Enrique Alessio, Eladio Blanco, Carlos Lázzari, Felipe Riccardo, Aldo Junnissi","Cayetano Puglisi, Blas Pensato, Jaime Ferrer, Pablo Hechím"
Juan D'Arienzo,Orquesta Típica Juan D'Arienzo,11/26/1959,La Perfumada Flor,Vals,Jorge Valdez,Víctor,Tape,Juan Polito,Enrique Dizeo,,57-64 / Polito ,Juan Polito,Victorio Virgilito,"Enrique Alessio, Eladio Blanco, Carlos Lázzari, Felipe Riccardo, Aldo Junnissi","Cayetano Puglisi, Blas Pensato, Jaime Ferrer, Pablo Hechím"
Juan D'Arienzo,Orquesta Típica Juan D'Arienzo,11/26/1959,Llamarada Pasional,Tango,Mario Bustos,Víctor,Tape,Héctor Stamponi),Tita Merello,,57-64 / Polito ,Juan Polito,Victorio Virgilito,"Enrique Alessio, Eladio Blanco, Carlos Lázzari, Felipe Riccardo, Aldo Junnissi","Cayetano Puglisi, Blas Pensato, Jaime Ferrer, Pablo Hechím"
Juan D'Arienzo,Orquesta Típica Juan D'Arienzo,11/26/1959,Que Dios Me Comprenda,Tango,Jorge Valdez,Víctor,Tape,Donato Racciatti,Enrique Nóbile,,57-64 / Polito ,Juan Polito,Victorio Virgilito,"Enrique Alessio, Eladio Blanco, Carlos Lázzari, Felipe Riccardo, Aldo Junnissi","Cayetano Puglisi, Blas Pensato, Jaime Ferrer, Pablo Hechím"
Juan D'Arienzo,Orquesta Típica Juan D'Arienzo,6/27/1960,El Vino Triste,Tango,Horacio Palma,Víctor,Tape,Juan D'Arienzo,Manuel Romero,,57-64 / Polito ,Juan Polito,Victorio Virgilito,"Enrique Alessio, Eladio Blanco, Carlos Lázzari, Felipe Riccardo, Aldo Junnissi","Cayetano Puglisi, Blas Pensato, Jaime Ferrer, Pablo Hechím"
Juan D'Arienzo,Orquesta Típica Juan D'Arienzo,6/27/1960,La Manzanita,Milonga,Valdez / Palma,Víctor,Tape,Carlos Lázzari; Juan Polito; Ángel Gatti,Carlos Lázzari; Juan Polito; Ángel Gatti,,57-64 / Polito ,Juan Polito,Victorio Virgilito,"Enrique Alessio, Eladio Blanco, Carlos Lázzari, Felipe Riccardo, Aldo Junnissi","Cayetano Puglisi, Blas Pensato, Jaime Ferrer, Pablo Hechím"
Juan D'Arienzo,Orquesta Típica Juan D'Arienzo,7/19/1960,Cuatro Pasos En Las Nubes,Tango,Horacio Palma,Víctor,Tape,Joaquín Reyes,Reinaldo Yiso,,57-64 / Polito ,Juan Polito,Victorio Virgilito,"Enrique Alessio, Eladio Blanco, Carlos Lázzari, Felipe Riccardo, Aldo Junnissi","Cayetano Puglisi, Blas Pensato, Jaime Ferrer, Pablo Hechím"
Juan D'Arienzo,Orquesta Típica Juan D'Arienzo,7/19/1960,Hablame De Frente,Tango,Horacio Palma,Víctor,Tape,Enrique Alessio,Reinaldo Yiso,,57-64 / Polito ,Juan Polito,Victorio Virgilito,"Enrique Alessio, Eladio Blanco, Carlos Lázzari, Felipe Riccardo, Aldo Junnissi","Cayetano Puglisi, Blas Pensato, Jaime Ferrer, Pablo Hechím"
Juan D'Arienzo,Orquesta Típica Juan D'Arienzo,7/19/1960,La Canción,Tango,Jorge Valdez,Víctor,Tape,Juan Filiberto,Lito Bayardo,,57-64 / Polito ,Juan Polito,Victorio Virgilito,"Enrique Alessio, Eladio Blanco, Carlos Lázzari, Felipe Riccardo, Aldo Junnissi","Cayetano Puglisi, Blas Pensato, Jaime Ferrer, Pablo Hechím"
Juan D'Arienzo,Orquesta Típica Juan D'Arienzo,7/19/1960,Un Sólo Minuto De Amor,Tango,Jorge Valdez,Víctor,Tape,Miguel Ratto,Agustín Minotti,,57-64 / Polito ,Juan Polito,Victorio Virgilito,"Enrique Alessio, Eladio Blanco, Carlos Lázzari, Felipe Riccardo, Aldo Junnissi","Cayetano Puglisi, Blas Pensato, Jaime Ferrer, Pablo Hechím"
Juan D'Arienzo,Orquesta Típica Juan D'Arienzo,7/27/1960,Detrás De Tus Mentiras,Tango,Jorge Valdez,Víctor,Tape,Héctor Gentile; Dante Gilardoni; Ernesto Franco,Héctor Gentile; Dante Gilardoni; Ernesto Franco,,57-64 / Polito ,Juan Polito,Victorio Virgilito,"Enrique Alessio, Eladio Blanco, Carlos Lázzari, Felipe Riccardo, Aldo Junnissi","Cayetano Puglisi, Blas Pensato, Jaime Ferrer, Pablo Hechím"
Juan D'Arienzo,Orquesta Típica Juan D'Arienzo,7/27/1960,Rompe Y Raja,Tango,Horacio Palma,Víctor,Tape,Vicente Demarco,Vicente Demarco,,57-64 / Polito ,Juan Polito,Victorio Virgilito,"Enrique Alessio, Eladio Blanco, Carlos Lázzari, Felipe Riccardo, Aldo Junnissi","Cayetano Puglisi, Blas Pensato, Jaime Ferrer, Pablo Hechím"
Juan D'Arienzo,Orquesta Típica Juan D'Arienzo,7/27/1960,Rosita De Arrabal,Tango,Jorge Valdez,Víctor,Tape,Juan Polito,Ángel Gatti,,57-64 / Polito ,Juan Polito,Victorio Virgilito,"Enrique Alessio, Eladio Blanco, Carlos Lázzari, Felipe Riccardo, Aldo Junnissi","Cayetano Puglisi, Blas Pensato, Jaime Ferrer, Pablo Hechím"
Juan D'Arienzo,Orquesta Típica Juan D'Arienzo,7/27/1960,Yo Soy Un Picaflor,Tango,Horacio Palma,Víctor,Tape,Ángel Gatti; Carlos Lázzari; Juan Polito,Carlos Lázzari; Juan Polito; Ángel Gatti,,57-64 / Polito ,Juan Polito,Victorio Virgilito,"Enrique Alessio, Eladio Blanco, Carlos Lázzari, Felipe Riccardo, Aldo Junnissi","Cayetano Puglisi, Blas Pensato, Jaime Ferrer, Pablo Hechím"
Juan D'Arienzo,Orquesta Típica Juan D'Arienzo,9/7/1960,Felicidad,Tango,Jorge Valdez,Víctor,Tape,Alfredo Angelis,José Rótulo,,57-64 / Polito ,Juan Polito,Victorio Virgilito,"Enrique Alessio, Eladio Blanco, Carlos Lázzari, Felipe Riccardo, Aldo Junnissi","Cayetano Puglisi, Blas Pensato, Jaime Ferrer, Pablo Hechím"
Juan D'Arienzo,Orquesta Típica Juan D'Arienzo,9/7/1960,Lloré Como Un Pibe,Tango,Jorge Valdez,Víctor,Tape,Adolfo Iglesias,José Davico,,57-64 / Polito ,Juan Polito,Victorio Virgilito,"Enrique Alessio, Eladio Blanco, Carlos Lázzari, Felipe Riccardo, Aldo Junnissi","Cayetano Puglisi, Blas Pensato, Jaime Ferrer, Pablo Hechím"
Juan D'Arienzo,Orquesta Típica Juan D'Arienzo,9/7/1960,Quemá Esas Cartas,Vals,Jorge Valdez,Víctor,Tape,Alberto Cosentino,Juan López,,57-64 / Polito ,Juan Polito,Victorio Virgilito,"Enrique Alessio, Eladio Blanco, Carlos Lázzari, Felipe Riccardo, Aldo Junnissi","Cayetano Puglisi, Blas Pensato, Jaime Ferrer, Pablo Hechím"
Juan D'Arienzo,Orquesta Típica Juan D'Arienzo,9/7/1960,Tu Amor Fue Mentira,Tango,Horacio Palma,Víctor,Tape,Juan Polito; Carlos Lázzari; Juan Lahet,Juan Polito; Carlos Lázzari; Juan Lahet,,57-64 / Polito ,Juan Polito,Victorio Virgilito,"Enrique Alessio, Eladio Blanco, Carlos Lázzari, Felipe Riccardo, Aldo Junnissi","Cayetano Puglisi, Blas Pensato, Jaime Ferrer, Pablo Hechím"
Juan D'Arienzo,Orquesta Típica Juan D'Arienzo,9/7/1960,Tu Olvido Y Yo,Tango,Jorge Valdez,Víctor,Tape,Manuel Sucher,Roberto Lambertucci,,57-64 / Polito ,Juan Polito,Victorio Virgilito,"Enrique Alessio, Eladio Blanco, Carlos Lázzari, Felipe Riccardo, Aldo Junnissi","Cayetano Puglisi, Blas Pensato, Jaime Ferrer, Pablo Hechím"
Juan D'Arienzo,Orquesta Típica Juan D'Arienzo,9/7/1960,Una Carta,Tango,Horacio Palma,Víctor,Tape,Miguel Bucino,Miguel Bucino,,57-64 / Polito ,Juan Polito,Victorio Virgilito,"Enrique Alessio, Eladio Blanco, Carlos Lázzari, Felipe Riccardo, Aldo Junnissi","Cayetano Puglisi, Blas Pensato, Jaime Ferrer, Pablo Hechím"
Juan D'Arienzo,Orquesta Típica Juan D'Arienzo,6/6/1961,El Vals De Los Quince Años,Vals,Jorge Valdez,Víctor,Tape,Agustín Minotti,Agustín Minotti,,57-64 / Polito ,Juan Polito,Victorio Virgilito,"Ernesto Franco, Carlos Lázzari, Celso Amato, Felipe Riccardo, Aldo Junnissi","Cayetano Puglisi, Blas Pensato, Jaime Ferrer, Pablo Hechím"
Juan D'Arienzo,Orquesta Típica Juan D'Arienzo,6/9/1961,Garronero,Tango,Horacio Palma,Víctor,Tape,Juan D'Arienzo,J. Caride,,57-64 / Polito ,Juan Polito,Victorio Virgilito,"Ernesto Franco, Carlos Lázzari, Celso Amato, Felipe Riccardo, Aldo Junnissi","Cayetano Puglisi, Blas Pensato, Jaime Ferrer, Pablo Hechím"
Juan D'Arienzo,Orquesta Típica Juan D'Arienzo,6/13/1961,Adíos Pampa Mía,Tango,Valdez / Palma,Víctor,Tape,Francisco Canaro; Mariano Mores,Ivo Pelay,,57-64 / Polito ,Juan Polito,Victorio Virgilito,"Ernesto Franco, Carlos Lázzari, Celso Amato, Felipe Riccardo, Aldo Junnissi","Cayetano Puglisi, Blas Pensato, Jaime Ferrer, Pablo Hechím"
Juan D'Arienzo,Orquesta Típica Juan D'Arienzo,6/13/1961,Mi Viejo Montevideo,Tango,Instrumental,Víctor,Tape,Cayetano Puglisi; Alejandro Junnissi,,,57-64 / Polito ,Juan Polito,Victorio Virgilito,"Ernesto Franco, Carlos Lázzari, Celso Amato, Felipe Riccardo, Aldo Junnissi","Cayetano Puglisi, Blas Pensato, Jaime Ferrer, Pablo Hechím"
Juan D'Arienzo,Orquesta Típica Juan D'Arienzo,6/29/1961,Amigo Bandoneón,Tango,Jorge Valdez,Víctor,Tape,José Greco,José Greco,,57-64 / Polito ,Juan Polito,Victorio Virgilito,"Ernesto Franco, Carlos Lázzari, Celso Amato, Felipe Riccardo, Aldo Junnissi","Cayetano Puglisi, Blas Pensato, Jaime Ferrer, Pablo Hechím"
Juan D'Arienzo,Orquesta Típica Juan D'Arienzo,6/29/1961,Cielo De Sombras,Tango,Valdez / Palma,Víctor,Tape,Antonio Sciacca,Carlos Canapale,,57-64 / Polito ,Juan Polito,Victorio Virgilito,"Ernesto Franco, Carlos Lázzari, Celso Amato, Felipe Riccardo, Aldo Junnissi","Cayetano Puglisi, Blas Pensato, Jaime Ferrer, Pablo Hechím"
Juan D'Arienzo,Orquesta Típica Juan D'Arienzo,6/29/1961,Estrella,Tango,Jorge Valdez,Víctor,Tape,Roberto Cassinelli; Marcelino Hernández,Roberto Cassinelli; Marcelino Hernández,,57-64 / Polito ,Juan Polito,Victorio Virgilito,"Ernesto Franco, Carlos Lázzari, Celso Amato, Felipe Riccardo, Aldo Junnissi","Cayetano Puglisi, Blas Pensato, Jaime Ferrer, Pablo Hechím"
Juan D'Arienzo,Orquesta Típica Juan D'Arienzo,6/29/1961,Sé Que Te Voy A Llorar,Tango,Jorge Valdez,Víctor,Tape,Vicente Ronca,Ángel Lamónaca,,57-64 / Polito ,Juan Polito,Victorio Virgilito,"Ernesto Franco, Carlos Lázzari, Celso Amato, Felipe Riccardo, Aldo Junnissi","Cayetano Puglisi, Blas Pensato, Jaime Ferrer, Pablo Hechím"
Juan D'Arienzo,Orquesta Típica Juan D'Arienzo,7/5/1961,Catorce De Diciembre,Tango,Horacio Palma,Víctor,Tape,Pablo Hechím,Alberto Huser,,57-64 / Polito ,Juan Polito,Victorio Virgilito,"Ernesto Franco, Carlos Lázzari, Celso Amato, Felipe Riccardo, Aldo Junnissi","Cayetano Puglisi, Blas Pensato, Jaime Ferrer, Pablo Hechím"
Juan D'Arienzo,Orquesta Típica Juan D'Arienzo,7/5/1961,Medianoche,Tango,Horacio Palma,Víctor,Tape,Nicolás Tavarozzi,Eduardo Méndez,,57-64 / Polito ,Juan Polito,Victorio Virgilito,"Ernesto Franco, Carlos Lázzari, Celso Amato, Felipe Riccardo, Aldo Junnissi","Cayetano Puglisi, Blas Pensato, Jaime Ferrer, Pablo Hechím"
Juan D'Arienzo,Orquesta Típica Juan D'Arienzo,7/11/1961,Abc Del Amor,Milonga,Valdez / Palma,Víctor,Tape,Guillermo Barbieri,Guillermo Barbieri,,57-64 / Polito ,Juan Polito,Victorio Virgilito,"Ernesto Franco, Carlos Lázzari, Celso Amato, Felipe Riccardo, Aldo Junnissi","Cayetano Puglisi, Blas Pensato, Jaime Ferrer, Pablo Hechím"
Juan D'Arienzo,Orquesta Típica Juan D'Arienzo,7/11/1961,Color Esperanza,Tango,Jorge Valdez,Víctor,Tape,Carlos Lázzari; Juan Polito,Ángel Gatti,,57-64 / Polito ,Juan Polito,Victorio Virgilito,"Ernesto Franco, Carlos Lázzari, Celso Amato, Felipe Riccardo, Aldo Junnissi","Cayetano Puglisi, Blas Pensato, Jaime Ferrer, Pablo Hechím"
Juan D'Arienzo,Orquesta Típica Juan D'Arienzo,7/11/1961,Dicha Pasada,Tango,Horacio Palma,Víctor,Tape,Guillermo Barbieri,Guillermo Barbieri,,57-64 / Polito ,Juan Polito,Victorio Virgilito,"Ernesto Franco, Carlos Lázzari, Celso Amato, Felipe Riccardo, Aldo Junnissi","Cayetano Puglisi, Blas Pensato, Jaime Ferrer, Pablo Hechím"
Juan D'Arienzo,Orquesta Típica Juan D'Arienzo,7/11/1961,Mis Tres Marias,Tango,Horacio Palma,Víctor,Tape,Ernesto Franco,Ángel Gatti,,57-64 / Polito ,Juan Polito,Victorio Virgilito,"Ernesto Franco, Carlos Lázzari, Celso Amato, Felipe Riccardo, Aldo Junnissi","Cayetano Puglisi, Blas Pensato, Jaime Ferrer, Pablo Hechím"
Juan D'Arienzo,Orquesta Típica Juan D'Arienzo,7/19/1961,En La Madrugada,Tango,Horacio Palma,Víctor,Tape,Tito Cabano,Federico Silva,,57-64 / Polito ,Juan Polito,Victorio Virgilito,"Ernesto Franco, Carlos Lázzari, Celso Amato, Felipe Riccardo, Aldo Junnissi","Cayetano Puglisi, Blas Pensato, Jaime Ferrer, Pablo Hechím"
Juan D'Arienzo,Orquesta Típica Juan D'Arienzo,7/19/1961,Qué Seré Yo,Tango,Jorge Valdez,Víctor,Tape,Roberto Losi),Agustín Minotti,,57-64 / Polito ,Juan Polito,Victorio Virgilito,"Ernesto Franco, Carlos Lázzari, Celso Amato, Felipe Riccardo, Aldo Junnissi","Cayetano Puglisi, Blas Pensato, Jaime Ferrer, Pablo Hechím"
Juan D'Arienzo,Orquesta Típica Juan D'Arienzo,7/25/1961,Despues De La Boda,Tango,Antonio Prieto,Víctor,Tape,Jorge Dragone,Abel Aznar,,57-64 / Polito ,Juan Polito,Victorio Virgilito,"Ernesto Franco, Carlos Lázzari, Celso Amato, Felipe Riccardo, Aldo Junnissi","Cayetano Puglisi, Blas Pensato, Jaime Ferrer, Pablo Hechím"
Juan D'Arienzo,Orquesta Típica Juan D'Arienzo,7/25/1961,La Calle Del Pecado,Tango,Antonio Prieto,Víctor,Tape,Roberto Rufino,Roberto Lambertucci,,57-64 / Polito ,Juan Polito,Victorio Virgilito,"Ernesto Franco, Carlos Lázzari, Celso Amato, Felipe Riccardo, Aldo Junnissi","Cayetano Puglisi, Blas Pensato, Jaime Ferrer, Pablo Hechím"
Juan D'Arienzo,Orquesta Típica Juan D'Arienzo,8/1/1961,El Caramelito,Milonga,Valdez / Palma,Víctor,Tape,Carlos Gatti,Carlos Gatti,,57-64 / Polito ,Juan Polito,Victorio Virgilito,"Ernesto Franco, Carlos Lázzari, Celso Amato, Felipe Riccardo, Aldo Junnissi","Cayetano Puglisi, Blas Pensato, Jaime Ferrer, Pablo Hechím"
Juan D'Arienzo,Orquesta Típica Juan D'Arienzo,8/1/1961,Plata Y Luna,Tango,Jorge Valdez,Víctor,Tape,Cayetano Puglisi; José Bonanno,Juan Locatelli,,57-64 / Polito ,Juan Polito,Victorio Virgilito,"Ernesto Franco, Carlos Lázzari, Celso Amato, Felipe Riccardo, Aldo Junnissi","Cayetano Puglisi, Blas Pensato, Jaime Ferrer, Pablo Hechím"
Juan D'Arienzo,Orquesta Típica Juan D'Arienzo,8/1/1961,Puro Tango,Tango,Instrumental,Víctor,Tape,José Pecora,,,57-64 / Polito ,Juan Polito,Victorio Virgilito,"Ernesto Franco, Carlos Lázzari, Celso Amato, Felipe Riccardo, Aldo Junnissi","Cayetano Puglisi, Blas Pensato, Jaime Ferrer, Pablo Hechím"
Juan D'Arienzo,Orquesta Típica Juan D'Arienzo,8/4/1961,Adíos Arolas,Tango,Jorge Valdez,Víctor,Tape,Ángel D'Agostino,Enrique Cadícamo,,57-64 / Polito ,Juan Polito,Victorio Virgilito,"Ernesto Franco, Carlos Lázzari, Celso Amato, Felipe Riccardo, Aldo Junnissi","Cayetano Puglisi, Blas Pensato, Jaime Ferrer, Pablo Hechím"
Juan D'Arienzo,Orquesta Típica Juan D'Arienzo,8/4/1961,El Ùltimo Brindis,Tango,Horacio Palma,Víctor,Tape,Isidro Yomha,Isidro Yomha,,57-64 / Polito ,Juan Polito,Victorio Virgilito,"Ernesto Franco, Carlos Lázzari, Celso Amato, Felipe Riccardo, Aldo Junnissi","Cayetano Puglisi, Blas Pensato, Jaime Ferrer, Pablo Hechím"
Juan D'Arienzo,Orquesta Típica Juan D'Arienzo,8/4/1961,Gigí,Tango,Jorge Valdez,Víctor,Tape,Enzo Valentino,Eduardo Moreno,,57-64 / Polito ,Juan Polito,Victorio Virgilito,"Ernesto Franco, Carlos Lázzari, Celso Amato, Felipe Riccardo, Aldo Junnissi","Cayetano Puglisi, Blas Pensato, Jaime Ferrer, Pablo Hechím"
Juan D'Arienzo,Orquesta Típica Juan D'Arienzo,8/4/1961,Mi Caperucita,Tango,Jorge Valdez,Víctor,Tape,Pablo Hechim,Fernando Fontanilla,,57-64 / Polito ,Juan Polito,Victorio Virgilito,"Ernesto Franco, Carlos Lázzari, Celso Amato, Felipe Riccardo, Aldo Junnissi","Cayetano Puglisi, Blas Pensato, Jaime Ferrer, Pablo Hechím"
Juan D'Arienzo,Orquesta Típica Juan D'Arienzo,8/4/1961,Se Casó El Abuelo,Tango,Horacio Palma,Víctor,Tape,Carlos Lázzari; Ángel Gatti; Juan Polito,Carlos Lázzari; Juan Polito; Ángel Gatti,,57-64 / Polito ,Juan Polito,Victorio Virgilito,"Ernesto Franco, Carlos Lázzari, Celso Amato, Felipe Riccardo, Aldo Junnissi","Cayetano Puglisi, Blas Pensato, Jaime Ferrer, Pablo Hechím"
Juan D'Arienzo,Orquesta Típica Juan D'Arienzo,8/10/1961,"Adios Mi Vida, Adios",Tango,Jorge Valdez,Víctor,Tape,,,,57-64 / Polito ,Juan Polito,Victorio Virgilito,"Ernesto Franco, Carlos Lázzari, Celso Amato, Felipe Riccardo, Aldo Junnissi","Cayetano Puglisi, Blas Pensato, Jaime Ferrer, Pablo Hechím"
Juan D'Arienzo,Orquesta Típica Juan D'Arienzo,8/10/1961,Gran Señor,Tango,Instrumental,Víctor,Tape,Mario Flota,,,57-64 / Polito ,Juan Polito,Victorio Virgilito,"Ernesto Franco, Carlos Lázzari, Celso Amato, Felipe Riccardo, Aldo Junnissi","Cayetano Puglisi, Blas Pensato, Jaime Ferrer, Pablo Hechím"
Juan D'Arienzo,Orquesta Típica Juan D'Arienzo,8/10/1961,Paciencia,Tango,Horacio Palma,Víctor,Tape,Juan D'Arienzo,Francisco Gorrindo,,57-64 / Polito ,Juan Polito,Victorio Virgilito,"Ernesto Franco, Carlos Lázzari, Celso Amato, Felipe Riccardo, Aldo Junnissi","Cayetano Puglisi, Blas Pensato, Jaime Ferrer, Pablo Hechím"
Juan D'Arienzo,Orquesta Típica Juan D'Arienzo,8/10/1961,Yo Te Saludo Palermo,Tango,Jorge Valdez,Víctor,Tape,José Celano,Héctor Paola,,57-64 / Polito ,Juan Polito,Victorio Virgilito,"Ernesto Franco, Carlos Lázzari, Celso Amato, Felipe Riccardo, Aldo Junnissi","Cayetano Puglisi, Blas Pensato, Jaime Ferrer, Pablo Hechím"
Juan D'Arienzo,Orquesta Típica Juan D'Arienzo,9/27/1961,Cansada De Sufrir,Tango,Jorge Valdez,Víctor,Tape,José Bazán,Roberto Carles,,57-64 / Polito ,Juan Polito,Victorio Virgilito,"Ernesto Franco, Carlos Lázzari, Celso Amato, Felipe Riccardo, Aldo Junnissi","Cayetano Puglisi, Blas Pensato, Jaime Ferrer, Pablo Hechím"
Juan D'Arienzo,Orquesta Típica Juan D'Arienzo,9/27/1961,Una Hora Más,Tango,Jorge Valdez,Víctor,Tape,Juan Polito; Carlos Lázzari,Juan Mañueco,,57-64 / Polito ,Juan Polito,Victorio Virgilito,"Ernesto Franco, Carlos Lázzari, Celso Amato, Felipe Riccardo, Aldo Junnissi","Cayetano Puglisi, Blas Pensato, Jaime Ferrer, Pablo Hechím"
Juan D'Arienzo,Orquesta Típica Juan D'Arienzo,9/27/1961,Volvés A Mi,Tango,Jorge Valdez,Víctor,Tape,Celso Amato; Arturo Gallucci,Celso Amato; Arturo Gallucci,,57-64 / Polito ,Juan Polito,Victorio Virgilito,"Ernesto Franco, Carlos Lázzari, Celso Amato, Felipe Riccardo, Aldo Junnissi","Cayetano Puglisi, Blas Pensato, Jaime Ferrer, Pablo Hechím"
Juan D'Arienzo,Orquesta Típica Juan D'Arienzo,9/27/1961,Yo Solo,Tango,Jorge Valdez,Víctor,Tape,Rosita Quiroga,Antonio Lozano,,57-64 / Polito ,Juan Polito,Victorio Virgilito,"Ernesto Franco, Carlos Lázzari, Celso Amato, Felipe Riccardo, Aldo Junnissi","Cayetano Puglisi, Blas Pensato, Jaime Ferrer, Pablo Hechím"
Juan D'Arienzo,Orquesta Típica Juan D'Arienzo,10/9/1961,Me Llaman Milonga,Milonga,Horacio Palma,Víctor,Tape,Carlos Figari,Miguel Bucino,,57-64 / Polito ,Juan Polito,Victorio Virgilito,"Ernesto Franco, Carlos Lázzari, Celso Amato, Felipe Riccardo, Aldo Junnissi","Cayetano Puglisi, Blas Pensato, Jaime Ferrer, Pablo Hechím"
Juan D'Arienzo,Orquesta Típica Juan D'Arienzo,10/9/1961,"Mi Vida, Que Te Pasa?",Tango,Jorge Valdez,Víctor,Tape,Pablo Hechim,Rafael Zamora,,57-64 / Polito ,Juan Polito,Victorio Virgilito,"Ernesto Franco, Carlos Lázzari, Celso Amato, Felipe Riccardo, Aldo Junnissi","Cayetano Puglisi, Blas Pensato, Jaime Ferrer, Pablo Hechím"
Juan D'Arienzo,Orquesta Típica Juan D'Arienzo,10/9/1961,Poco Y Bueno,Tango,Instrumental,Víctor,Tape,Eugenio Bassi,,,57-64 / Polito ,Juan Polito,Victorio Virgilito,"Ernesto Franco, Carlos Lázzari, Celso Amato, Felipe Riccardo, Aldo Junnissi","Cayetano Puglisi, Blas Pensato, Jaime Ferrer, Pablo Hechím"
Juan D'Arienzo,Orquesta Típica Juan D'Arienzo,10/9/1961,Valoro A Ese Hombre,Tango,Horacio Palma,Víctor,Tape,Esteban Gilardi ,Armando Cereminati,,57-64 / Polito ,Juan Polito,Victorio Virgilito,"Ernesto Franco, Carlos Lázzari, Celso Amato, Felipe Riccardo, Aldo Junnissi","Cayetano Puglisi, Blas Pensato, Jaime Ferrer, Pablo Hechím"
Juan D'Arienzo,Orquesta Típica Juan D'Arienzo,11/6/1961,Mi Novia De Ayer,Vals,Jorge Valdez,Víctor,Tape,Arturo Gallucci ,Barreiros Soliño,,57-64 / Polito ,Juan Polito,Victorio Virgilito,"Ernesto Franco, Carlos Lázzari, Celso Amato, Felipe Riccardo, Aldo Junnissi","Cayetano Puglisi, Blas Pensato, Jaime Ferrer, Pablo Hechím"
Juan D'Arienzo,Orquesta Típica Juan D'Arienzo,11/6/1961,Mientras Sueña Buenos Aires,Tango,Jorge Valdez,Víctor,Tape,Dante Benedetto ,José Ortega,,57-64 / Polito ,Juan Polito,Victorio Virgilito,"Ernesto Franco, Carlos Lázzari, Celso Amato, Felipe Riccardo, Aldo Junnissi","Cayetano Puglisi, Blas Pensato, Jaime Ferrer, Pablo Hechím"
Juan D'Arienzo,Orquesta Típica Juan D'Arienzo,11/6/1961,Morocho Y Cantor,Tango,Horacio Palma,Víctor,Tape,Donato Racciatti; Rosa Iraluz ,Donato Racciatti; Rosa Iraluz,,57-64 / Polito ,Juan Polito,Victorio Virgilito,"Ernesto Franco, Carlos Lázzari, Celso Amato, Felipe Riccardo, Aldo Junnissi","Cayetano Puglisi, Blas Pensato, Jaime Ferrer, Pablo Hechím"
Juan D'Arienzo,Orquesta Típica Juan D'Arienzo,11/6/1961,Recuérdame Amor Mio,Tango,Jorge Valdez,Víctor,Tape,Carlos Bahr,Carlos Bahr,,57-64 / Polito ,Juan Polito,Victorio Virgilito,"Ernesto Franco, Carlos Lázzari, Celso Amato, Felipe Riccardo, Aldo Junnissi","Cayetano Puglisi, Blas Pensato, Jaime Ferrer, Pablo Hechím"
Juan D'Arienzo,Orquesta Típica Juan D'Arienzo,11/20/1961,A Mis Pagos Voy,Tango,Valdez / Palma,Víctor,Tape,Luis Savastano,Eduardo Pedrotta,,57-64 / Polito ,Juan Polito,Victorio Virgilito,"Ernesto Franco, Carlos Lázzari, Celso Amato, Felipe Riccardo, Aldo Junnissi","Cayetano Puglisi, Blas Pensato, Jaime Ferrer, Pablo Hechím"
Juan D'Arienzo,Orquesta Típica Juan D'Arienzo,11/20/1961,Chiquita Y Bonita,Milonga,Valdez / Palma,Víctor,Tape,Ángel Rosa,Ángel Rosa,,57-64 / Polito ,Juan Polito,Victorio Virgilito,"Ernesto Franco, Carlos Lázzari, Celso Amato, Felipe Riccardo, Aldo Junnissi","Cayetano Puglisi, Blas Pensato, Jaime Ferrer, Pablo Hechím"
Juan D'Arienzo,Orquesta Típica Juan D'Arienzo,11/20/1961,El Gran Favorito,Tango,Instrumental,Víctor,Tape,Juan Polito; Ernesto Franco,Carlos Lázzari,,57-64 / Polito ,Juan Polito,Victorio Virgilito,"Ernesto Franco, Carlos Lázzari, Celso Amato, Felipe Riccardo, Aldo Junnissi","Cayetano Puglisi, Blas Pensato, Jaime Ferrer, Pablo Hechím"
Juan D'Arienzo,Orquesta Típica Juan D'Arienzo,11/20/1961,Por Eso Vengo A Cantar,Tango,Horacio Palma,Víctor,Tape,Jaime Vila,Antonio Cantó,,57-64 / Polito ,Juan Polito,Victorio Virgilito,"Ernesto Franco, Carlos Lázzari, Celso Amato, Felipe Riccardo, Aldo Junnissi","Cayetano Puglisi, Blas Pensato, Jaime Ferrer, Pablo Hechím"
Juan D'Arienzo,Orquesta Típica Juan D'Arienzo,11/28/1961,Manos Heridas,Tango,Jorge Valdez,Víctor,Tape,Luciano Leocata,Eduardo Rey,,57-64 / Polito ,Juan Polito,Victorio Virgilito,"Ernesto Franco, Carlos Lázzari, Celso Amato, Felipe Riccardo, Aldo Junnissi","Cayetano Puglisi, Blas Pensato, Jaime Ferrer, Pablo Hechím"
Juan D'Arienzo,Orquesta Típica Juan D'Arienzo,11/28/1961,Yo Me Presento Aquí,Tango,Horacio Palma,Víctor,Tape,Armando Baliotti,Santiago Adamini,,57-64 / Polito ,Juan Polito,Victorio Virgilito,"Ernesto Franco, Carlos Lázzari, Celso Amato, Felipe Riccardo, Aldo Junnissi","Cayetano Puglisi, Blas Pensato, Jaime Ferrer, Pablo Hechím"
Juan D'Arienzo,Orquesta Típica Juan D'Arienzo,12/20/1961,Ilusión Burrera,Tango,Horacio Palma,Víctor,Tape,Donato Racciatti,Juan Varela,,57-64 / Polito ,Juan Polito,Victorio Virgilito,"Ernesto Franco, Carlos Lázzari, Celso Amato, Felipe Riccardo, Aldo Junnissi","Cayetano Puglisi, Blas Pensato, Jaime Ferrer, Pablo Hechím"
Juan D'Arienzo,Orquesta Típica Juan D'Arienzo,12/20/1961,Prefiero Perderte,Tango,Jorge Valdez,Víctor,Tape,Sebastián Pagano; Edelmiro D´Amario; Andrés Chinarro ,Sebastián Pagano; Edelmiro D´Amario; Andrés Chinarro,,57-64 / Polito ,Juan Polito,Victorio Virgilito,"Ernesto Franco, Carlos Lázzari, Celso Amato, Felipe Riccardo, Aldo Junnissi","Cayetano Puglisi, Blas Pensato, Jaime Ferrer, Pablo Hechím"
Juan D'Arienzo,Orquesta Típica Juan D'Arienzo,12/27/1961,El Chapucero,Milonga,Instrumental,Víctor,Tape,Carmen Castelletto,,,57-64 / Polito ,Juan Polito,Victorio Virgilito,"Ernesto Franco, Carlos Lázzari, Celso Amato, Felipe Riccardo, Aldo Junnissi","Cayetano Puglisi, Blas Pensato, Jaime Ferrer, Pablo Hechím"
Juan D'Arienzo,Orquesta Típica Juan D'Arienzo,12/27/1961,Por Favor No Vuelvas,Tango,Jorge Valdez,Víctor,Tape,Jorge Vitale ,Raúl Hormaza,,57-64 / Polito ,Juan Polito,Victorio Virgilito,"Ernesto Franco, Carlos Lázzari, Celso Amato, Felipe Riccardo, Aldo Junnissi","Cayetano Puglisi, Blas Pensato, Jaime Ferrer, Pablo Hechím"
Juan D'Arienzo,Orquesta Típica Juan D'Arienzo,12/27/1961,Tambaleando,Tango,Horacio Palma,Víctor,Tape,Juan Polito; Carlos Lázzari; Juan Lahet,Juan Polito; Carlos Lázzari; Juan Lahet,,57-64 / Polito ,Juan Polito,Victorio Virgilito,"Ernesto Franco, Carlos Lázzari, Celso Amato, Felipe Riccardo, Aldo Junnissi","Cayetano Puglisi, Blas Pensato, Jaime Ferrer, Pablo Hechím"
Juan D'Arienzo,Orquesta Típica Juan D'Arienzo,9/3/1962,Buenos Aires De Mi Amor,Vals,Jorge Valdez,Víctor,Tape,Carlos Lázzari; Juan Polito; Ángel Gatti,Carlos Lázzari; Juan Polito; Ángel Gatti,,57-64 / Polito ,Juan Polito,Victorio Virgilito,"Ernesto Franco, Carlos Lázzari, Celso Amato, Felipe Riccardo, Aldo Junnissi","Cayetano Puglisi, Blas Pensato, Jaime Ferrer, Pablo Hechím"
Juan D'Arienzo,Orquesta Típica Juan D'Arienzo,9/3/1962,Malumbá,Milonga,Valdez / Palma,Víctor,Tape,Ángel Gatti; Carlos Lázzari; Juan Polito ,Carlos Lázzari; Juan Polito; Ángel Gatti,,57-64 / Polito ,Juan Polito,Victorio Virgilito,"Ernesto Franco, Carlos Lázzari, Celso Amato, Felipe Riccardo, Aldo Junnissi","Cayetano Puglisi, Blas Pensato, Jaime Ferrer, Pablo Hechím"
Juan D'Arienzo,Orquesta Típica Juan D'Arienzo,9/3/1962,Rocio,Tango,Jorge Valdez,Víctor,Tape,Ángel Baya ,Roberto Pereyra,,57-64 / Polito ,Juan Polito,Victorio Virgilito,"Ernesto Franco, Carlos Lázzari, Celso Amato, Felipe Riccardo, Aldo Junnissi","Cayetano Puglisi, Blas Pensato, Jaime Ferrer, Pablo Hechím"
Juan D'Arienzo,Orquesta Típica Juan D'Arienzo,9/3/1962,Viejo Madrid,Tango,Jorge Valdez,Víctor,Tape,Mariano Mores,Roberto Lambertucci; Rodolfo Taboada,,57-64 / Polito ,Juan Polito,Victorio Virgilito,"Ernesto Franco, Carlos Lázzari, Celso Amato, Felipe Riccardo, Aldo Junnissi","Cayetano Puglisi, Blas Pensato, Jaime Ferrer, Pablo Hechím"
Juan D'Arienzo,Orquesta Típica Juan D'Arienzo,9/3/1962,"Vos Y Yo, Corazón",Tango,Jorge Valdez,Víctor,Tape,Luis Stazo,Federico Silva,,57-64 / Polito ,Juan Polito,Victorio Virgilito,"Ernesto Franco, Carlos Lázzari, Celso Amato, Felipe Riccardo, Aldo Junnissi","Cayetano Puglisi, Blas Pensato, Jaime Ferrer, Pablo Hechím"
Juan D'Arienzo,Orquesta Típica Juan D'Arienzo,9/6/1962,Del Compas Te Llaman El Rey,Tango,Horacio Palma,Víctor,Tape,Carlos Lázzari,Héctor Schmitt,,57-64 / Polito ,Juan Polito,Victorio Virgilito,"Ernesto Franco, Carlos Lázzari, Celso Amato, Felipe Riccardo, Aldo Junnissi","Cayetano Puglisi, Blas Pensato, Jaime Ferrer, Pablo Hechím"
Juan D'Arienzo,Orquesta Típica Juan D'Arienzo,9/6/1962,Escucha Tango,Tango,Jorge Valdez,Víctor,Tape,Gutiérrez Saldivar ,Gutiérrez Saldivar,,57-64 / Polito ,Juan Polito,Victorio Virgilito,"Ernesto Franco, Carlos Lázzari, Celso Amato, Felipe Riccardo, Aldo Junnissi","Cayetano Puglisi, Blas Pensato, Jaime Ferrer, Pablo Hechím"
Juan D'Arienzo,Orquesta Típica Juan D'Arienzo,9/6/1962,La Paparruchita,Milonga,Instrumental,Víctor,Tape,Ernesto Franco,,,57-64 / Polito ,Juan Polito,Victorio Virgilito,"Ernesto Franco, Carlos Lázzari, Celso Amato, Felipe Riccardo, Aldo Junnissi","Cayetano Puglisi, Blas Pensato, Jaime Ferrer, Pablo Hechím"
Juan D'Arienzo,Orquesta Típica Juan D'Arienzo,9/6/1962,Tu Verdugo,Tango,Horacio Palma,Víctor,Tape,Juan Polito; Carlos Lázzari; Agustín Minotti,Juan Polito; Carlos Lázzari; Agustín Minotti,,57-64 / Polito ,Juan Polito,Victorio Virgilito,"Ernesto Franco, Carlos Lázzari, Celso Amato, Felipe Riccardo, Aldo Junnissi","Cayetano Puglisi, Blas Pensato, Jaime Ferrer, Pablo Hechím"
Juan D'Arienzo,Orquesta Típica Juan D'Arienzo,9/10/1962,Déjame Con Mis Centavos,Tango,Jorge Valdez,Víctor,Tape,Armando Cereminati; Aldo Junissi,Armando Cereminati; Aldo Junissi,,57-64 / Polito ,Juan Polito,Victorio Virgilito,"Ernesto Franco, Carlos Lázzari, Celso Amato, Felipe Riccardo, Aldo Junnissi","Cayetano Puglisi, Blas Pensato, Jaime Ferrer, Pablo Hechím"
Juan D'Arienzo,Orquesta Típica Juan D'Arienzo,9/10/1962,Formidable,Tango,Instrumental,Víctor,Tape,Eladio Blanco,,,57-64 / Polito ,Juan Polito,Victorio Virgilito,"Ernesto Franco, Carlos Lázzari, Celso Amato, Felipe Riccardo, Aldo Junnissi","Cayetano Puglisi, Blas Pensato, Jaime Ferrer, Pablo Hechím"
Juan D'Arienzo,Orquesta Típica Juan D'Arienzo,9/10/1962,Prometedora,Milonga,Horacio Palma,Víctor,Tape,Raúl Jaurena,Raúl Jaurena; Oscar Núñez,,57-64 / Polito ,Juan Polito,Victorio Virgilito,"Ernesto Franco, Carlos Lázzari, Celso Amato, Felipe Riccardo, Aldo Junnissi","Cayetano Puglisi, Blas Pensato, Jaime Ferrer, Pablo Hechím"
Juan D'Arienzo,Orquesta Típica Juan D'Arienzo,9/10/1962,Soy Ladrón De Tu Corazón,Tango,Horacio Palma,Víctor,Tape,Josefina Fuente; Ángel Gatti; Juan Polito ,Josefina Fuente; A. Gatti; Juan Polito,,57-64 / Polito ,Juan Polito,Victorio Virgilito,"Ernesto Franco, Carlos Lázzari, Celso Amato, Felipe Riccardo, Aldo Junnissi","Cayetano Puglisi, Blas Pensato, Jaime Ferrer, Pablo Hechím"
Juan D'Arienzo,Orquesta Típica Juan D'Arienzo,9/12/1962,Del Tiempo De La Morocha,Tango,Horacio Palma,Víctor,Tape,Alberto Adducci; José Canet,Alberto Adducci; José Canet,,57-64 / Polito ,Juan Polito,Victorio Virgilito,"Ernesto Franco, Carlos Lázzari, Celso Amato, Felipe Riccardo, Aldo Junnissi","Cayetano Puglisi, Blas Pensato, Jaime Ferrer, Pablo Hechím"
Juan D'Arienzo,Orquesta Típica Juan D'Arienzo,9/12/1962,Ya Te Arrepentirás,Tango,Jorge Valdez,Víctor,Tape,Ángel Maggio ,Roberto Giménez,,57-64 / Polito ,Juan Polito,Victorio Virgilito,"Ernesto Franco, Carlos Lázzari, Celso Amato, Felipe Riccardo, Aldo Junnissi","Cayetano Puglisi, Blas Pensato, Jaime Ferrer, Pablo Hechím"
Juan D'Arienzo,Orquesta Típica Juan D'Arienzo,9/27/1962,Callejera,Tango,Héctor Millán,Víctor,Tape,Fausto Frontera,Enrique Cadícamo,,57-64 / Polito ,Juan Polito,Victorio Virgilito,"Ernesto Franco, Carlos Lázzari, Celso Amato, Felipe Riccardo, Aldo Junnissi","Cayetano Puglisi, Blas Pensato, Jaime Ferrer, Pablo Hechím"
Juan D'Arienzo,Orquesta Típica Juan D'Arienzo,9/27/1962,Carita De Luna,Tango,Jorge Valdez,Víctor,Tape,Carmelo Aiello; José Aiello; Rodolfo Lesica ,Carmelo Aiello; José Aiello; Rodolfo Lesica,,57-64 / Polito ,Juan Polito,Victorio Virgilito,"Ernesto Franco, Carlos Lázzari, Celso Amato, Felipe Riccardo, Aldo Junnissi","Cayetano Puglisi, Blas Pensato, Jaime Ferrer, Pablo Hechím"
Juan D'Arienzo,Orquesta Típica Juan D'Arienzo,9/27/1962,El Victorioso,Tango,Instrumental,Víctor,Tape,Ernesto Franco,,,57-64 / Polito ,Juan Polito,Victorio Virgilito,"Ernesto Franco, Carlos Lázzari, Celso Amato, Felipe Riccardo, Aldo Junnissi","Cayetano Puglisi, Blas Pensato, Jaime Ferrer, Pablo Hechím"
Juan D'Arienzo,Orquesta Típica Juan D'Arienzo,9/27/1962,Tony De Circo,Tango,Jorge Valdez,Víctor,Tape,Francisco Rose,Ricardo Otero,,57-64 / Polito ,Juan Polito,Victorio Virgilito,"Ernesto Franco, Carlos Lázzari, Celso Amato, Felipe Riccardo, Aldo Junnissi","Cayetano Puglisi, Blas Pensato, Jaime Ferrer, Pablo Hechím"
Juan D'Arienzo,Orquesta Típica Juan D'Arienzo,10/3/1962,Ave De Paso,Tango,Jorge Valdez,Víctor,Tape,Charlo Riestra ,Enrique Cadícamo,,57-64 / Polito ,Juan Polito,Victorio Virgilito,"Ernesto Franco, Carlos Lázzari, Celso Amato, Felipe Riccardo, Aldo Junnissi","Cayetano Puglisi, Blas Pensato, Jaime Ferrer, Pablo Hechím"
Juan D'Arienzo,Orquesta Típica Juan D'Arienzo,10/10/1962,El Tigre De Almagro,Tango,Horacio Palma,Víctor,Tape-S,Carlos Lázzari; Enrique Cantore,Juan Polito,,57-64 / Polito ,Juan Polito,Victorio Virgilito,"Ernesto Franco, Carlos Lázzari, Celso Amato, Felipe Riccardo, Aldo Junnissi","Cayetano Puglisi, Blas Pensato, Jaime Ferrer, Pablo Hechím"
Juan D'Arienzo,Orquesta Típica Juan D'Arienzo,11/13/1962,Hola Ricurita,Tango,Jorge Valdez,Víctor,Tape-S,Pedro Galelli; Tito Ficicchia; Juan Polito ,Pedro Galelli; Tito Ficicchia; Juan Polito,,57-64 / Polito ,Juan Polito,Victorio Virgilito,"Ernesto Franco, Carlos Lázzari, Celso Amato, Felipe Riccardo, Aldo Junnissi","Cayetano Puglisi, Blas Pensato, Jaime Ferrer, Pablo Hechím"
Juan D'Arienzo,Orquesta Típica Juan D'Arienzo,11/15/1962,Los Hombres No Lloran,Tango,Héctor Millán,Víctor,Tape-S,Juan Polito; Miguel Bucino; Carlos Lázzari,Juan Polito; Miguel Bucino; Carlos Lázzari,,57-64 / Polito ,Juan Polito,Victorio Virgilito,"Ernesto Franco, Carlos Lázzari, Celso Amato, Felipe Riccardo, Aldo Junnissi","Cayetano Puglisi, Blas Pensato, Jaime Ferrer, Pablo Hechím"
Juan D'Arienzo,Orquesta Típica Juan D'Arienzo,11/26/1962,El Tango Es Siempre El Tango,Tango,Héctor Millán,Víctor,Tape-S,Ángel Condercuri,Carlos Lucero,,57-64 / Polito ,Juan Polito,Victorio Virgilito,"Ernesto Franco, Carlos Lázzari, Celso Amato, Felipe Riccardo, Aldo Junnissi","Cayetano Puglisi, Blas Pensato, Jaime Ferrer, Pablo Hechím"
Juan D'Arienzo,Orquesta Típica Juan D'Arienzo,11/26/1962,Fangal De Dolor,Tango,Héctor Millán,Víctor,Tape-S,Carlos Lázzari; Juan Polito; Ángel Gatti,Carlos Lázzari; Juan Polito; Velmar Gatti,,57-64 / Polito ,Juan Polito,Victorio Virgilito,"Ernesto Franco, Carlos Lázzari, Celso Amato, Felipe Riccardo, Aldo Junnissi","Cayetano Puglisi, Blas Pensato, Jaime Ferrer, Pablo Hechím"
Juan D'Arienzo,Orquesta Típica Juan D'Arienzo,5/30/1963,Entre Tango Y Zamba,Tango,Valdez / Millán,Víctor,Tape-S,Juan Lahet; Carlos Lázzari; Juan Polito ,Juan Lahet; Carlos Lázzari; Juan Polito,,57-64 / Polito ,Juan Polito,Victorio Virgilito,"Ernesto Franco, Carlos Lázzari, Celso Amato, Felipe Riccardo, Aldo Junnissi","Cayetano Puglisi, Blas Pensato, Jaime Ferrer, Raúl Domínguez"
Juan D'Arienzo,Orquesta Típica Juan D'Arienzo,5/30/1963,Malevaje,Tango,Horacio Palma,Víctor,Tape-S,Juan Filiberto,Enrique Discépolo,,57-64 / Polito ,Juan Polito,Victorio Virgilito,"Ernesto Franco, Carlos Lázzari, Celso Amato, Felipe Riccardo, Aldo Junnissi","Cayetano Puglisi, Blas Pensato, Jaime Ferrer, Raúl Domínguez"
Juan D'Arienzo,Orquesta Típica Juan D'Arienzo,6/10/1963,Caminito,Tango,Jorge Valdez,Víctor,Tape-S,Juan Filiberto,Gabino Peñaloza,,57-64 / Polito ,Juan Polito,Victorio Virgilito,"Ernesto Franco, Carlos Lázzari, Celso Amato, Felipe Riccardo, Aldo Junnissi","Cayetano Puglisi, Blas Pensato, Jaime Ferrer, Raúl Domínguez"
Juan D'Arienzo,Orquesta Típica Juan D'Arienzo,6/10/1963,Clavel Del Aire,Tango,Jorge Valdez,Víctor,Tape-S,Juan Filiberto,Fernando Valdés,,57-64 / Polito ,Juan Polito,Victorio Virgilito,"Ernesto Franco, Carlos Lázzari, Celso Amato, Felipe Riccardo, Aldo Junnissi","Cayetano Puglisi, Blas Pensato, Jaime Ferrer, Raúl Domínguez"
Juan D'Arienzo,Orquesta Típica Juan D'Arienzo,8/1/1963,Amigazo,Tango,Horacio Palma,Víctor,Tape-S,Juan Filiberto,Francisco Brancatti; Juan Velich,,57-64 / Polito ,Juan Polito,Victorio Virgilito,"Ernesto Franco, Carlos Lázzari, Celso Amato, Felipe Riccardo, Aldo Junnissi","Cayetano Puglisi, Blas Pensato, Jaime Ferrer, Raúl Domínguez"
Juan D'Arienzo,Orquesta Típica Juan D'Arienzo,8/1/1963,Cuando Llora La Milonga,Tango,Héctor Millán,Víctor,Tape-S,Juan Filiberto ,Luis Carnelli,,57-64 / Polito ,Juan Polito,Victorio Virgilito,"Ernesto Franco, Carlos Lázzari, Celso Amato, Felipe Riccardo, Aldo Junnissi","Cayetano Puglisi, Blas Pensato, Jaime Ferrer, Raúl Domínguez"
Juan D'Arienzo,Orquesta Típica Juan D'Arienzo,8/1/1963,Cumpleaños De Mi Esposa,Vals,Jorge Valdez,Víctor,Tape-S,Agustín Minotti,Agustín Minotti,,57-64 / Polito ,Juan Polito,Victorio Virgilito,"Ernesto Franco, Carlos Lázzari, Celso Amato, Felipe Riccardo, Aldo Junnissi","Cayetano Puglisi, Blas Pensato, Jaime Ferrer, Raúl Domínguez"
Juan D'Arienzo,Orquesta Típica Juan D'Arienzo,8/1/1963,Yo Te Bendigo,Tango,Héctor Millán,Víctor,Tape-S,Juan Filiberto ,Juan Burone,,57-64 / Polito ,Juan Polito,Victorio Virgilito,"Ernesto Franco, Carlos Lázzari, Celso Amato, Felipe Riccardo, Aldo Junnissi","Cayetano Puglisi, Blas Pensato, Jaime Ferrer, Raúl Domínguez"
Juan D'Arienzo,Orquesta Típica Juan D'Arienzo,8/8/1963,Frente Al Mar,Tango,Jorge Valdez,Víctor,Tape-S,Mariano Mores,Rodolfo Taboada,,57-64 / Polito ,Juan Polito,Victorio Virgilito,"Ernesto Franco, Carlos Lázzari, Celso Amato, Felipe Riccardo, Aldo Junnissi","Cayetano Puglisi, Blas Pensato, Jaime Ferrer, Raúl Domínguez"
Juan D'Arienzo,Orquesta Típica Juan D'Arienzo,8/8/1963,La Canción,Tango,Jorge Valdez,Víctor,Tape-S,Juan Filiberto,Lito Bayardo,,57-64 / Polito ,Juan Polito,Victorio Virgilito,"Ernesto Franco, Carlos Lázzari, Celso Amato, Felipe Riccardo, Aldo Junnissi","Cayetano Puglisi, Blas Pensato, Jaime Ferrer, Raúl Domínguez"
Juan D'Arienzo,Orquesta Típica Juan D'Arienzo,8/15/1963,Langosta,Tango,Horacio Palma,Víctor,Tape-S,Juan Filiberto,Juan Burón,,57-64 / Polito ,Juan Polito,Victorio Virgilito,"Ernesto Franco, Carlos Lázzari, Celso Amato, Felipe Riccardo, Aldo Junnissi","Cayetano Puglisi, Blas Pensato, Jaime Ferrer, Raúl Domínguez"
Juan D'Arienzo,Orquesta Típica Juan D'Arienzo,8/26/1963,El Pañuelito,Tango,Valdez / Millán,Víctor,Tape-S,Juan Filiberto,Gabino Peñaloza,,57-64 / Polito ,Juan Polito,Victorio Virgilito,"Ernesto Franco, Carlos Lázzari, Celso Amato, Felipe Riccardo, Aldo Junnissi","Cayetano Puglisi, Blas Pensato, Jaime Ferrer, Raúl Domínguez"
Juan D'Arienzo,Orquesta Típica Juan D'Arienzo,9/2/1963,No Nos Veremos Más,Tango,Jorge Valdez,Víctor,Tape-S,Luis Stazo,Federico Silva,,57-64 / Polito ,Juan Polito,Victorio Virgilito,"Ernesto Franco, Carlos Lázzari, Celso Amato, Felipe Riccardo, Aldo Junnissi","Cayetano Puglisi, Blas Pensato, Jaime Ferrer, Raúl Domínguez"
Juan D'Arienzo,Orquesta Típica Juan D'Arienzo,9/2/1963,Quejas De Bandoneón,Tango,Instrumental,Víctor,Tape-S,Juan Filiberto,,,57-64 / Polito ,Juan Polito,Victorio Virgilito,"Ernesto Franco, Carlos Lázzari, Celso Amato, Felipe Riccardo, Aldo Junnissi","Cayetano Puglisi, Blas Pensato, Jaime Ferrer, Raúl Domínguez"
Juan D'Arienzo,Orquesta Típica Juan D'Arienzo,9/9/1963,Compañero,Tango,Héctor Millán,Víctor,Tape-S,Juan Filiberto,Enrique Maroni,,57-64 / Polito ,Juan Polito,Victorio Virgilito,"Ernesto Franco, Carlos Lázzari, Celso Amato, Felipe Riccardo, Aldo Junnissi","Cayetano Puglisi, Blas Pensato, Jaime Ferrer, Raúl Domínguez"
Juan D'Arienzo,Orquesta Típica Juan D'Arienzo,9/16/1963,Ladrillo,Tango,Héctor Millán,Víctor,Tape-S,Juan Filiberto,Juan Caruso,,57-64 / Polito ,Juan Polito,Victorio Virgilito,"Ernesto Franco, Carlos Lázzari, Celso Amato, Felipe Riccardo, Aldo Junnissi","Cayetano Puglisi, Blas Pensato, Jaime Ferrer, Raúl Domínguez"
Juan D'Arienzo,Orquesta Típica Juan D'Arienzo,9/16/1963,Olvidemos Todo,Tango,Jorge Valdez,Víctor,Tape-S,Celso Amato; Jorge Valdez,Raúl Hormaza,,57-64 / Polito ,Juan Polito,Victorio Virgilito,"Ernesto Franco, Carlos Lázzari, Celso Amato, Felipe Riccardo, Aldo Junnissi","Cayetano Puglisi, Blas Pensato, Jaime Ferrer, Raúl Domínguez"
Juan D'Arienzo,Orquesta Típica Juan D'Arienzo,11/6/1963,Felicia,Tango,Instrumental,Víctor,Tape-S,Enrique Saborido,Carlos Pacheco,,57-64 / Polito ,Juan Polito,Victorio Virgilito,"Ernesto Franco, Carlos Lázzari, Celso Amato, Felipe Riccardo, Aldo Junnissi","Cayetano Puglisi, Blas Pensato, Jaime Ferrer, Raúl Domínguez"
Juan D'Arienzo,Orquesta Típica Juan D'Arienzo,11/13/1963,Derecho Viejo,Tango,Instrumental,Víctor,Tape-S,Eduardo Arolas,Gabriel Clausi,,57-64 / Polito ,Juan Polito,Victorio Virgilito,"Ernesto Franco, Carlos Lázzari, Celso Amato, Felipe Riccardo, Aldo Junnissi","Cayetano Puglisi, Blas Pensato, Jaime Ferrer, Raúl Domínguez"
Juan D'Arienzo,Orquesta Típica Juan D'Arienzo,11/13/1963,El Irresistible,Tango,Instrumental,Víctor,Tape-S,Lorenzo Logatti,Carlos Pesce,,57-64 / Polito ,Juan Polito,Victorio Virgilito,"Ernesto Franco, Carlos Lázzari, Celso Amato, Felipe Riccardo, Aldo Junnissi","Cayetano Puglisi, Blas Pensato, Jaime Ferrer, Raúl Domínguez"
Juan D'Arienzo,Orquesta Típica Juan D'Arienzo,11/13/1963,La Morocha,Tango,Instrumental,Víctor,Tape-S,Enrique Saborido,Ángel Villoldo,,57-64 / Polito ,Juan Polito,Victorio Virgilito,"Ernesto Franco, Carlos Lázzari, Celso Amato, Felipe Riccardo, Aldo Junnissi","Cayetano Puglisi, Blas Pensato, Jaime Ferrer, Raúl Domínguez"
Juan D'Arienzo,Orquesta Típica Juan D'Arienzo,12/4/1963,El Choclo,Tango,Instrumental,Víctor,Tape-S,Ángel Villoldo,Juan Catán; Enrique Discépolo,,57-64 / Polito ,Juan Polito,Victorio Virgilito,"Ernesto Franco, Carlos Lázzari, Celso Amato, Felipe Riccardo, Aldo Junnissi","Cayetano Puglisi, Blas Pensato, Jaime Ferrer, Raúl Domínguez"
Juan D'Arienzo,Orquesta Típica Juan D'Arienzo,12/4/1963,El Entrerriano,Tango,Instrumental,Víctor,Tape-S,Anselmo Mendizábal,Ernesto Temes,,57-64 / Polito ,Juan Polito,Victorio Virgilito,"Ernesto Franco, Carlos Lázzari, Celso Amato, Felipe Riccardo, Aldo Junnissi","Cayetano Puglisi, Blas Pensato, Jaime Ferrer, Raúl Domínguez"
Juan D'Arienzo,Orquesta Típica Juan D'Arienzo,12/10/1963,La Catrera,Tango,Instrumental,Víctor,Tape-S,Arturo Bassi,,,57-64 / Polito ,Juan Polito,Victorio Virgilito,"Ernesto Franco, Carlos Lázzari, Celso Amato, Felipe Riccardo, Aldo Junnissi","Cayetano Puglisi, Blas Pensato, Jaime Ferrer, Raúl Domínguez"
Juan D'Arienzo,Orquesta Típica Juan D'Arienzo,12/10/1963,La Cumparsita,Tango,Instrumental,Víctor,Tape,Gerardo Rodríguez,Pascual Contursi; Enrique Maroni; Gerardo Rodríguez,,57-64 / Polito ,Juan Polito,Victorio Virgilito,"Ernesto Franco, Carlos Lázzari, Celso Amato, Felipe Riccardo, Aldo Junnissi","Cayetano Puglisi, Blas Pensato, Jaime Ferrer, Raúl Domínguez"
Juan D'Arienzo,Orquesta Típica Juan D'Arienzo,12/10/1963,La Puñalada,Milonga,Instrumental,Víctor,Tape,Pintín Alves ,Celedonio Flores,,57-64 / Polito ,Juan Polito,Victorio Virgilito,"Ernesto Franco, Carlos Lázzari, Celso Amato, Felipe Riccardo, Aldo Junnissi","Cayetano Puglisi, Blas Pensato, Jaime Ferrer, Raúl Domínguez"
Juan D'Arienzo,Orquesta Típica Juan D'Arienzo,12/17/1963,A La Gran Muñeca,Tango,Instrumental,Víctor,Tape,Jesús Ventura,Miguel Osés,,57-64 / Polito ,Juan Polito,Victorio Virgilito,"Ernesto Franco, Carlos Lázzari, Celso Amato, Felipe Riccardo, Aldo Junnissi","Cayetano Puglisi, Blas Pensato, Jaime Ferrer, Raúl Domínguez"
Juan D'Arienzo,Orquesta Típica Juan D'Arienzo,12/17/1963,A Media Luz,Tango,Instrumental,Víctor,Tape,Edgardo Donato,Carlos Lenzi,,57-64 / Polito ,Juan Polito,Victorio Virgilito,"Ernesto Franco, Carlos Lázzari, Celso Amato, Felipe Riccardo, Aldo Junnissi","Cayetano Puglisi, Blas Pensato, Jaime Ferrer, Raúl Domínguez"
Juan D'Arienzo,Orquesta Típica Juan D'Arienzo,12/17/1963,Pimienta,Tango,Instrumental,Víctor,Tape,Osvaldo Fresedo,,,57-64 / Polito ,Juan Polito,Victorio Virgilito,"Ernesto Franco, Carlos Lázzari, Celso Amato, Felipe Riccardo, Aldo Junnissi","Cayetano Puglisi, Blas Pensato, Jaime Ferrer, Raúl Domínguez"
Juan D'Arienzo,Orquesta Típica Juan D'Arienzo,6/30/1964,Caña,Tango,Armando Laborde,Víctor,Tape,Enrique Mónaco,Julián Araujo; Enrique Esviza,,57-64 / Polito ,Juan Polito,Victorio Virgilito,"Ernesto Franco, Carlos Lázzari, Celso Amato, Felipe Riccardo, Aldo Junnissi","Cayetano Puglisi, Blas Pensato, Jaime Ferrer, Raúl Domínguez"
Juan D'Arienzo,Orquesta Típica Juan D'Arienzo,6/30/1964,Nada,Tango,Jorge Valdez,Víctor,Tape,José Dames,Horacio Basterra,,57-64 / Polito ,Juan Polito,Victorio Virgilito,"Ernesto Franco, Carlos Lázzari, Celso Amato, Felipe Riccardo, Aldo Junnissi","Cayetano Puglisi, Blas Pensato, Jaime Ferrer, Raúl Domínguez"
Juan D'Arienzo,Orquesta Típica Juan D'Arienzo,6/30/1964,Qué Falta Que Me Hacés,Tango,Jorge Valdez,Víctor,Tape,Armando Pontier; Miguel Caló; Federico Silva,Armando Pontier; Miguel Caló; Federico Silva,,57-64 / Polito ,Juan Polito,Victorio Virgilito,"Ernesto Franco, Carlos Lázzari, Celso Amato, Felipe Riccardo, Aldo Junnissi","Cayetano Puglisi, Blas Pensato, Jaime Ferrer, Raúl Domínguez"
Juan D'Arienzo,Orquesta Típica Juan D'Arienzo,6/30/1964,Yuyo Brujo,Tango,Armando Laborde,Víctor,Tape,Benjamín García,Sos Waiss,,57-64 / Polito ,Juan Polito,Victorio Virgilito,"Ernesto Franco, Carlos Lázzari, Celso Amato, Felipe Riccardo, Aldo Junnissi","Cayetano Puglisi, Blas Pensato, Jaime Ferrer, Raúl Domínguez"
Juan D'Arienzo,Orquesta Típica Juan D'Arienzo,9/25/1964,El Último Café,Tango,Jorge Valdez,Víctor,Tape,Héctor Stamponi,Cátulo Castillo,,57-64 / Polito ,Juan Polito,Victorio Virgilito,"Ernesto Franco, Carlos Lázzari, Celso Amato, Felipe Riccardo, Aldo Junnissi","Cayetano Puglisi, Blas Pensato, Jaime Ferrer, Raúl Domínguez"
Juan D'Arienzo,Orquesta Típica Juan D'Arienzo,9/25/1964,Estampas De Antaño,Tango,Armando Laborde,Víctor,Tape,Armando Baliotti; Alberto Tavarozzi,Juan Locatelli; Alfredo Maggioni,,57-64 / Polito ,Juan Polito,Victorio Virgilito,"Ernesto Franco, Carlos Lázzari, Celso Amato, Felipe Riccardo, Aldo Junnissi","Cayetano Puglisi, Blas Pensato, Jaime Ferrer, Raúl Domínguez"
Juan D'Arienzo,Orquesta Típica Juan D'Arienzo,9/25/1964,Puro Cuento,Tango,Armando Laborde,Víctor,Tape,Alberto Alonso,Francisco Puchs,,57-64 / Polito ,Juan Polito,Victorio Virgilito,"Ernesto Franco, Carlos Lázzari, Celso Amato, Felipe Riccardo, Aldo Junnissi","Cayetano Puglisi, Blas Pensato, Jaime Ferrer, Raúl Domínguez"
Juan D'Arienzo,Orquesta Típica Juan D'Arienzo,9/25/1964,Quiero Verte Una Vez Más,Tango,Jorge Valdez,Víctor,Tape,Mario Canaro,José Contursi,,57-64 / Polito ,Juan Polito,Victorio Virgilito,"Ernesto Franco, Carlos Lázzari, Celso Amato, Felipe Riccardo, Aldo Junnissi","Cayetano Puglisi, Blas Pensato, Jaime Ferrer, Raúl Domínguez"
Juan D'Arienzo,Orquesta Típica Juan D'Arienzo,9/25/1964,Remembranzas,Tango,Jorge Valdez,Víctor,Tape,Mario Melfi,Mario Battistella,,57-64 / Polito ,Juan Polito,Victorio Virgilito,"Ernesto Franco, Carlos Lázzari, Celso Amato, Felipe Riccardo, Aldo Junnissi","Cayetano Puglisi, Blas Pensato, Jaime Ferrer, Raúl Domínguez"
Juan D'Arienzo,Orquesta Típica Juan D'Arienzo,9/25/1964,Y Cualquier Cantidad,Tango,Armando Laborde,Víctor,Tape,Enrique Guerra; Eduardo Pauloni; Armando Dáttoli ,Enrique Guerra; Eduardo Pauloni; Armando Dáttoli,,57-64 / Polito ,Juan Polito,Victorio Virgilito,"Ernesto Franco, Carlos Lázzari, Celso Amato, Felipe Riccardo, Aldo Junnissi","Cayetano Puglisi, Blas Pensato, Jaime Ferrer, Raúl Domínguez"
Juan D'Arienzo,Orquesta Típica Juan D'Arienzo,10/2/1964,Necesito Amor,Tango,Jorge Valdez,Víctor,Tape-S,Miguel Ratto,Agustín Minotti,,64-75 / For Export (Polito),Juan Polito,Victorio Virgilito,"Ernesto Franco, Carlos Lázzari, Celso Amato, Felipe Riccardo, Aldo Junnissi","Cayetano Puglisi, Blas Pensato, Jaime Ferrer, Raúl Domínguez"
Juan D'Arienzo,Orquesta Típica Juan D'Arienzo,10/2/1964,Pura Trampa,Tango,Instrumental,Víctor,Tape-S,Jorge Dragone; Carlos Lázzari; Juan Polito,,,64-75 / For Export (Polito),Juan Polito,Victorio Virgilito,"Ernesto Franco, Carlos Lázzari, Celso Amato, Felipe Riccardo, Aldo Junnissi","Cayetano Puglisi, Blas Pensato, Jaime Ferrer, Raúl Domínguez"
Juan D'Arienzo,Orquesta Típica Juan D'Arienzo,10/2/1964,Se Prendió La Colorada,Milonga,Valdez / Laborde,Víctor,Tape-S,Lafe Ceminati; Carlos Lázzari; Juan Polito ,Armando  Ceminati; Carlos Lázzari; Juan Polito,,64-75 / For Export (Polito),Juan Polito,Victorio Virgilito,"Ernesto Franco, Carlos Lázzari, Celso Amato, Felipe Riccardo, Aldo Junnissi","Cayetano Puglisi, Blas Pensato, Jaime Ferrer, Raúl Domínguez"
Juan D'Arienzo,Orquesta Típica Juan D'Arienzo,10/2/1964,Tambor Moreno,Milonga,Valdez / Laborde,Víctor,Tape-S,Ángel Gatti; Carlos Lázzari; Juan Polito,Ángel Gatti; Carlos Lázzari; Juan Polito,,64-75 / For Export (Polito),Juan Polito,Victorio Virgilito,"Ernesto Franco, Carlos Lázzari, Celso Amato, Felipe Riccardo, Aldo Junnissi","Cayetano Puglisi, Blas Pensato, Jaime Ferrer, Raúl Domínguez"
Juan D'Arienzo,Orquesta Típica Juan D'Arienzo,10/9/1964,Cada Vez Te Extraño Más,Tango,Armando Laborde,Víctor,Tape-S,Héctor Smith ,Héctor Smith,,64-75 / For Export (Polito),Juan Polito,Victorio Virgilito,"Ernesto Franco, Carlos Lázzari, Celso Amato, Felipe Riccardo, Aldo Junnissi","Cayetano Puglisi, Blas Pensato, Jaime Ferrer, Raúl Domínguez"
Juan D'Arienzo,Orquesta Típica Juan D'Arienzo,10/9/1964,Suerte Loca,Tango,Armando Laborde,Víctor,Tape-S,Anselmo Aieta,Francisco Jiménez,,64-75 / For Export (Polito),Juan Polito,Victorio Virgilito,"Ernesto Franco, Carlos Lázzari, Celso Amato, Felipe Riccardo, Aldo Junnissi","Cayetano Puglisi, Blas Pensato, Jaime Ferrer, Raúl Domínguez"
Juan D'Arienzo,Orquesta Típica Juan D'Arienzo,11/18/1964,Amor De Verano,Tango,Jorge Valdez,Víctor,Tape-S,Luis Stazo ,Federico Iraluz,,64-75 / For Export (Polito),Juan Polito,Victorio Virgilito,"Ernesto Franco, Carlos Lázzari, Celso Amato, Felipe Riccardo, Aldo Junnissi","Cayetano Puglisi, Blas Pensato, Jaime Ferrer, Raúl Domínguez"
Juan D'Arienzo,Orquesta Típica Juan D'Arienzo,11/18/1964,Ya Lo Ves,Tango,Armando Laborde,Víctor,Tape-S,Juan D'Arienzo,Luis Rubistein,,64-75 / For Export (Polito),Juan Polito,Victorio Virgilito,"Ernesto Franco, Carlos Lázzari, Celso Amato, Felipe Riccardo, Aldo Junnissi","Cayetano Puglisi, Blas Pensato, Jaime Ferrer, Raúl Domínguez"
Juan D'Arienzo,Orquesta Típica Juan D'Arienzo,8/11/1965,Charamusca,Tango,Instrumental,Víctor,Tape-S,Francisco Canaro,,,64-75 / For Export (Polito),Juan Polito,Enrique Guerra,"Ernesto Franco, Carlos Lázzari, Celso Amato, Felipe Riccardo, Aldo Junnissi","Cayetano Puglisi, Blas Pensato, Jaime Ferrer, Raúl Domínguez"
Juan D'Arienzo,Orquesta Típica Juan D'Arienzo,8/11/1965,El Chamuyo,Tango,Instrumental,Víctor,Tape-S,Francisco Canaro,,,64-75 / For Export (Polito),Juan Polito,Enrique Guerra,"Ernesto Franco, Carlos Lázzari, Celso Amato, Felipe Riccardo, Aldo Junnissi","Cayetano Puglisi, Blas Pensato, Jaime Ferrer, Raúl Domínguez"
Juan D'Arienzo,Orquesta Típica Juan D'Arienzo,8/11/1965,El Pollito,Tango,Instrumental,Víctor,Tape-S,Francisco Canaro,,,64-75 / For Export (Polito),Juan Polito,Enrique Guerra,"Ernesto Franco, Carlos Lázzari, Celso Amato, Felipe Riccardo, Aldo Junnissi","Cayetano Puglisi, Blas Pensato, Jaime Ferrer, Raúl Domínguez"
Juan D'Arienzo,Orquesta Típica Juan D'Arienzo,8/11/1965,La Tablada,Tango,Instrumental,Víctor,Tape-S,Francisco Canaro,,,64-75 / For Export (Polito),Juan Polito,Enrique Guerra,"Ernesto Franco, Carlos Lázzari, Celso Amato, Felipe Riccardo, Aldo Junnissi","Cayetano Puglisi, Blas Pensato, Jaime Ferrer, Raúl Domínguez"
Juan D'Arienzo,Orquesta Típica Juan D'Arienzo,8/11/1965,Nueve Puntos,Tango,Instrumental,Víctor,Tape-S,Francisco Canaro,,,64-75 / For Export (Polito),Juan Polito,Enrique Guerra,"Ernesto Franco, Carlos Lázzari, Celso Amato, Felipe Riccardo, Aldo Junnissi","Cayetano Puglisi, Blas Pensato, Jaime Ferrer, Raúl Domínguez"
Juan D'Arienzo,Orquesta Típica Juan D'Arienzo,8/11/1965,Sentimiento Gaucho,Tango,Osvaldo Ramos,Víctor,Tape-S,Francisco Canaro; Rafael Canaro,Juan Caruso,,64-75 / For Export (Polito),Juan Polito,Enrique Guerra,"Ernesto Franco, Carlos Lázzari, Celso Amato, Felipe Riccardo, Aldo Junnissi","Cayetano Puglisi, Blas Pensato, Jaime Ferrer, Raúl Domínguez"
Juan D'Arienzo,Orquesta Típica Juan D'Arienzo,8/12/1965,El Triunfo,Tango,Instrumental,Víctor,Tape-S,Francisco Canaro,,,64-75 / For Export (Polito),Juan Polito,Enrique Guerra,"Ernesto Franco, Carlos Lázzari, Celso Amato, Felipe Riccardo, Aldo Junnissi","Cayetano Puglisi, Blas Pensato, Jaime Ferrer, Raúl Domínguez"
Juan D'Arienzo,Orquesta Típica Juan D'Arienzo,8/12/1965,Tiempos Viejos,Tango,Armando Laborde,Víctor,Tape-S,Francisco Canaro,Manuel Romero,,64-75 / For Export (Polito),Juan Polito,Enrique Guerra,"Ernesto Franco, Carlos Lázzari, Celso Amato, Felipe Riccardo, Aldo Junnissi","Cayetano Puglisi, Blas Pensato, Jaime Ferrer, Raúl Domínguez"
Juan D'Arienzo,Orquesta Típica Juan D'Arienzo,8/12/1965,Yo No Sé Qué Me Han Echo Tus Ojos,Vals,Osvaldo Ramos,Víctor,Tape-S,Francisco Canaro,Francisco Canaro,,64-75 / For Export (Polito),Juan Polito,Enrique Guerra,"Ernesto Franco, Carlos Lázzari, Celso Amato, Felipe Riccardo, Aldo Junnissi","Cayetano Puglisi, Blas Pensato, Jaime Ferrer, Raúl Domínguez"
Juan D'Arienzo,Orquesta Típica Juan D'Arienzo,8/27/1965,El Alacrán,Tango,Instrumental,Víctor,Tape-S,Francisco Canaro,,,64-75 / For Export (Polito),Juan Polito,Enrique Guerra,"Ernesto Franco, Carlos Lázzari, Celso Amato, Felipe Riccardo, Aldo Junnissi","Cayetano Puglisi, Blas Pensato, Jaime Ferrer, Raúl Domínguez"
Juan D'Arienzo,Orquesta Típica Juan D'Arienzo,8/27/1965,El Internado,Tango,Instrumental,Víctor,Tape-S,Francisco Canaro,,,64-75 / For Export (Polito),Juan Polito,Enrique Guerra,"Ernesto Franco, Carlos Lázzari, Celso Amato, Felipe Riccardo, Aldo Junnissi","Cayetano Puglisi, Blas Pensato, Jaime Ferrer, Raúl Domínguez"
Juan D'Arienzo,Orquesta Típica Juan D'Arienzo,8/27/1965,Se Acabaron Los Otarios,Tango,Armando Laborde,Víctor,Tape-S,Francisco Canaro,Juan Caruso,,64-75 / For Export (Polito),Juan Polito,Enrique Guerra,"Ernesto Franco, Carlos Lázzari, Celso Amato, Felipe Riccardo, Aldo Junnissi","Cayetano Puglisi, Blas Pensato, Jaime Ferrer, Raúl Domínguez"
Juan D'Arienzo,Orquesta Típica Juan D'Arienzo,9/2/1965,Desconocidos,Tango,Osvaldo Ramos,Víctor,Tape-S,Luis Stazo,Federico Silva,,64-75 / For Export (Polito),Juan Polito,Enrique Guerra,"Ernesto Franco, Carlos Lázzari, Celso Amato, Felipe Riccardo, Aldo Junnissi","Cayetano Puglisi, Blas Pensato, Jaime Ferrer, Raúl Domínguez"
Juan D'Arienzo,Orquesta Típica Juan D'Arienzo,9/2/1965,Julieta Y Romeo,Tango,Armando Laborde,Víctor,Tape-S,Ángel Gatti; Carlos Lázzari; Juan Polito,Ángel Gatti; Carlos Lázzari; Juan Polito,,64-75 / For Export (Polito),Juan Polito,Enrique Guerra,"Ernesto Franco, Carlos Lázzari, Celso Amato, Felipe Riccardo, Aldo Junnissi","Cayetano Puglisi, Blas Pensato, Jaime Ferrer, Raúl Domínguez"
Juan D'Arienzo,Orquesta Típica Juan D'Arienzo,9/27/1965,Che Timbero,Tango,Armando Laborde,Víctor,Tape-S,César Zagnoli,Héctor Schmitt,,64-75 / For Export (Polito),Juan Polito,Enrique Guerra,"Ernesto Franco, Carlos Lázzari, Celso Amato, Felipe Riccardo, Aldo Junnissi","Cayetano Puglisi, Blas Pensato, Jaime Ferrer, Raúl Domínguez"
Juan D'Arienzo,Orquesta Típica Juan D'Arienzo,9/27/1965,Junto A Mi China,Tango,Ramos / Laborde,Víctor,Tape-S,Cayetano Puglisi,Armando Cereminati,,64-75 / For Export (Polito),Juan Polito,Enrique Guerra,"Ernesto Franco, Carlos Lázzari, Celso Amato, Felipe Riccardo, Aldo Junnissi","Cayetano Puglisi, Blas Pensato, Jaime Ferrer, Raúl Domínguez"
Juan D'Arienzo,Orquesta Típica Juan D'Arienzo,9/27/1965,La Mimada,Milonga,Ramos / Laborde,Víctor,Tape-S,Miguel Fama,Miguel Fama,,64-75 / For Export (Polito),Juan Polito,Enrique Guerra,"Ernesto Franco, Carlos Lázzari, Celso Amato, Felipe Riccardo, Aldo Junnissi","Cayetano Puglisi, Blas Pensato, Jaime Ferrer, Raúl Domínguez"
Juan D'Arienzo,Orquesta Típica Juan D'Arienzo,9/27/1965,Sólo Un Renglón,Tango,Osvaldo Ramos,Víctor,Tape-S,Josefina Fuente; Ángel Gatti ,Josefina Fuente; Velmar Gatti,,64-75 / For Export (Polito),Juan Polito,Enrique Guerra,"Ernesto Franco, Carlos Lázzari, Celso Amato, Felipe Riccardo, Aldo Junnissi","Cayetano Puglisi, Blas Pensato, Jaime Ferrer, Raúl Domínguez"
Juan D'Arienzo,Orquesta Típica Juan D'Arienzo,10/14/1965,Calla,Tango,Armando Laborde,Víctor,Tape-S,Roberto Rufino,Manuel Barros,,64-75 / For Export (Polito),Juan Polito,Enrique Guerra,"Ernesto Franco, Carlos Lázzari, Celso Amato, Felipe Riccardo, Aldo Junnissi","Cayetano Puglisi, Blas Pensato, Jaime Ferrer, Raúl Domínguez"
Juan D'Arienzo,Orquesta Típica Juan D'Arienzo,10/14/1965,Camino Sin Final,Tango,Osvaldo Ramos,Víctor,Tape-S,José Tinelli,Carlos Marín,,64-75 / For Export (Polito),Juan Polito,Enrique Guerra,"Ernesto Franco, Carlos Lázzari, Celso Amato, Felipe Riccardo, Aldo Junnissi","Cayetano Puglisi, Blas Pensato, Jaime Ferrer, Raúl Domínguez"
Juan D'Arienzo,Orquesta Típica Juan D'Arienzo,10/14/1965,Dandy,Tango,Osvaldo Ramos,Víctor,Tape-S,Lucio Demare,Agustín Irusta; Roberto Fugazot,,64-75 / For Export (Polito),Juan Polito,Enrique Guerra,"Ernesto Franco, Carlos Lázzari, Celso Amato, Felipe Riccardo, Aldo Junnissi","Cayetano Puglisi, Blas Pensato, Jaime Ferrer, Raúl Domínguez"
Juan D'Arienzo,Orquesta Típica Juan D'Arienzo,10/14/1965,De Puro Curda,Tango,Armando Laborde,Víctor,Tape-S,Carlos Velásquez ,Abel Aznar; Campos Carlo,,64-75 / For Export (Polito),Juan Polito,Enrique Guerra,"Ernesto Franco, Carlos Lázzari, Celso Amato, Felipe Riccardo, Aldo Junnissi","Cayetano Puglisi, Blas Pensato, Jaime Ferrer, Raúl Domínguez"
Juan D'Arienzo,Orquesta Típica Juan D'Arienzo,10/14/1965,El Tren De Las Ocho,Tango,Osvaldo Ramos,Víctor,Tape-S,Juan Polito; Carlos Lázzari ,Ángel Lamónaca,,64-75 / For Export (Polito),Juan Polito,Enrique Guerra,"Ernesto Franco, Carlos Lázzari, Celso Amato, Felipe Riccardo, Aldo Junnissi","Cayetano Puglisi, Blas Pensato, Jaime Ferrer, Raúl Domínguez"
Juan D'Arienzo,Orquesta Típica Juan D'Arienzo,10/14/1965,Solamente Por Amor,Tango,Osvaldo Ramos,Víctor,Tape-S,Ely Leventoux ,Ely Leventoux,,64-75 / For Export (Polito),Juan Polito,Enrique Guerra,"Ernesto Franco, Carlos Lázzari, Celso Amato, Felipe Riccardo, Aldo Junnissi","Cayetano Puglisi, Blas Pensato, Jaime Ferrer, Raúl Domínguez"
Juan D'Arienzo,Orquesta Típica Juan D'Arienzo,11/18/1965,Cuanto Te Extraño Vida Mía,Tango,Osvaldo Ramos,Víctor,Tape-S,Enrique Alessio,Miguel Bucino,,64-75 / For Export (Polito),Juan Polito,Enrique Guerra,"Ernesto Franco, Carlos Lázzari, Celso Amato, Felipe Riccardo, Aldo Junnissi","Cayetano Puglisi, Blas Pensato, Jaime Ferrer, Raúl Domínguez"
Juan D'Arienzo,Orquesta Típica Juan D'Arienzo,11/18/1965,Día De Tango,Tango,Armando Laborde,Víctor,Tape-S,Vicente Lorenzo; Mario Bloise; Angela Lucía,Vicente Lorenzo,,64-75 / For Export (Polito),Juan Polito,Enrique Guerra,"Ernesto Franco, Carlos Lázzari, Celso Amato, Felipe Riccardo, Aldo Junnissi","Cayetano Puglisi, Blas Pensato, Jaime Ferrer, Raúl Domínguez"
Juan D'Arienzo,Orquesta Típica Juan D'Arienzo,11/18/1965,El Que Atraso El Reloj,Tango,Armando Laborde,Víctor,Tape-S,Guillermo Barbieri,Enrique Cadícamo,,64-75 / For Export (Polito),Juan Polito,Enrique Guerra,"Ernesto Franco, Carlos Lázzari, Celso Amato, Felipe Riccardo, Aldo Junnissi","Cayetano Puglisi, Blas Pensato, Jaime Ferrer, Raúl Domínguez"
Juan D'Arienzo,Orquesta Típica Juan D'Arienzo,11/18/1965,Mi Noche Triste,Tango,Armando Laborde,Víctor,Tape-S,Samuel Castriota,Pascual Contursi,,64-75 / For Export (Polito),Juan Polito,Enrique Guerra,"Ernesto Franco, Carlos Lázzari, Celso Amato, Felipe Riccardo, Aldo Junnissi","Cayetano Puglisi, Blas Pensato, Jaime Ferrer, Raúl Domínguez"
Juan D'Arienzo,Orquesta Típica Juan D'Arienzo,11/18/1965,"Nada, Nada Más Que Amor",Tango,Osvaldo Ramos,Víctor,Tape-S,José Dames,Oscar Rubistein,,64-75 / For Export (Polito),Juan Polito,Enrique Guerra,"Ernesto Franco, Carlos Lázzari, Celso Amato, Felipe Riccardo, Aldo Junnissi","Cayetano Puglisi, Blas Pensato, Jaime Ferrer, Raúl Domínguez"
Juan D'Arienzo,Orquesta Típica Juan D'Arienzo,11/19/1965,Sólo Tu Voz,Tango,Osvaldo Ramos,Víctor,Tape-S,Ángel Baya ,Roberto Pereyra,,64-75 / For Export (Polito),Juan Polito,Enrique Guerra,"Ernesto Franco, Carlos Lázzari, Celso Amato, Felipe Riccardo, Aldo Junnissi","Cayetano Puglisi, Blas Pensato, Jaime Ferrer, Raúl Domínguez"
Juan D'Arienzo,Orquesta Típica Juan D'Arienzo,7/25/1966,El Amanecer,Tango,Instrumental,Víctor,Tape-S,Roberto Firpo,,,64-75 / For Export (Polito),Juan Polito,Enrique Guerra,"Ernesto Franco, Carlos Lázzari, Celso Amato, Felipe Riccardo, Aldo Junnissi","Cayetano Puglisi, Blas Pensato, Jaime Ferrer, Raúl Domínguez"
Juan D'Arienzo,Orquesta Típica Juan D'Arienzo,7/25/1966,Entre Dos Fuegos,Tango,Instrumental,Víctor,Tape-S,Alberto Buchardo,,,64-75 / For Export (Polito),Juan Polito,Enrique Guerra,"Ernesto Franco, Carlos Lázzari, Celso Amato, Felipe Riccardo, Aldo Junnissi","Cayetano Puglisi, Blas Pensato, Jaime Ferrer, Raúl Domínguez"
Juan D'Arienzo,Orquesta Típica Juan D'Arienzo,7/25/1966,La Payanca,Tango,Instrumental,Víctor,Tape-S,Augusto Berto,Jesús Bianco,,64-75 / For Export (Polito),Juan Polito,Enrique Guerra,"Ernesto Franco, Carlos Lázzari, Celso Amato, Felipe Riccardo, Aldo Junnissi","Cayetano Puglisi, Blas Pensato, Jaime Ferrer, Raúl Domínguez"
Juan D'Arienzo,Orquesta Típica Juan D'Arienzo,7/25/1966,La Viruta,Tango,Instrumental,Víctor,Tape-S,Vicente Greco,,,64-75 / For Export (Polito),Juan Polito,Enrique Guerra,"Ernesto Franco, Carlos Lázzari, Celso Amato, Felipe Riccardo, Aldo Junnissi","Cayetano Puglisi, Blas Pensato, Jaime Ferrer, Raúl Domínguez"
Juan D'Arienzo,Orquesta Típica Juan D'Arienzo,7/25/1966,Rodriguez Peña,Tango,Instrumental,Víctor,Tape-S,Vicente Greco,Ernesto Porteño; Juan Velich; Rafael Velich,,64-75 / For Export (Polito),Juan Polito,Enrique Guerra,"Ernesto Franco, Carlos Lázzari, Celso Amato, Felipe Riccardo, Aldo Junnissi","Cayetano Puglisi, Blas Pensato, Jaime Ferrer, Raúl Domínguez"
Juan D'Arienzo,Orquesta Típica Juan D'Arienzo,7/25/1966,Vea Vea,Tango,Instrumental,Víctor,Tape-S,Roberto Firpo,Alberto Lago,,64-75 / For Export (Polito),Juan Polito,Enrique Guerra,"Ernesto Franco, Carlos Lázzari, Celso Amato, Felipe Riccardo, Aldo Junnissi","Cayetano Puglisi, Blas Pensato, Jaime Ferrer, Raúl Domínguez"
Juan D'Arienzo,Orquesta Típica Juan D'Arienzo,8/3/1966,Benguria,Tango,Instrumental,Víctor,Tape-S,Roberto Firpo,,,64-75 / For Export (Polito),Juan Polito,Enrique Guerra,"Ernesto Franco, Carlos Lázzari, Celso Amato, Felipe Riccardo, Aldo Junnissi","Cayetano Puglisi, Blas Pensato, Jaime Ferrer, Raúl Domínguez"
Juan D'Arienzo,Orquesta Típica Juan D'Arienzo,8/3/1966,De Mi Flor,Tango,Instrumental,Víctor,Tape-S,Roberto Firpo,,,64-75 / For Export (Polito),Juan Polito,Enrique Guerra,"Ernesto Franco, Carlos Lázzari, Celso Amato, Felipe Riccardo, Aldo Junnissi","Cayetano Puglisi, Blas Pensato, Jaime Ferrer, Raúl Domínguez"
Juan D'Arienzo,Orquesta Típica Juan D'Arienzo,8/3/1966,El Once,Tango,Instrumental,Víctor,Tape-S,Osvaldo Fresedo ,Emilio Fresedo,,64-75 / For Export (Polito),Juan Polito,Enrique Guerra,"Ernesto Franco, Carlos Lázzari, Celso Amato, Felipe Riccardo, Aldo Junnissi","Cayetano Puglisi, Blas Pensato, Jaime Ferrer, Raúl Domínguez"
Juan D'Arienzo,Orquesta Típica Juan D'Arienzo,8/3/1966,Hotel Victoria,Tango,Instrumental,Víctor,Tape-S,Feliciano Latasa,Carlos Pesce,,64-75 / For Export (Polito),Juan Polito,Enrique Guerra,"Ernesto Franco, Carlos Lázzari, Celso Amato, Felipe Riccardo, Aldo Junnissi","Cayetano Puglisi, Blas Pensato, Jaime Ferrer, Raúl Domínguez"
Juan D'Arienzo,Orquesta Típica Juan D'Arienzo,8/3/1966,Nueve De Julio,Tango,Instrumental,Víctor,Tape-S,José Padula,Lito Ferrari,,64-75 / For Export (Polito),Juan Polito,Enrique Guerra,"Ernesto Franco, Carlos Lázzari, Celso Amato, Felipe Riccardo, Aldo Junnissi","Cayetano Puglisi, Blas Pensato, Jaime Ferrer, Raúl Domínguez"
Juan D'Arienzo,Orquesta Típica Juan D'Arienzo,8/3/1966,Pura Trampa,Tango,Instrumental,Víctor,Tape-S,Jorge Dragone; Carlos Lázzari; Juan Polito,,,64-75 / For Export (Polito),Juan Polito,Enrique Guerra,"Ernesto Franco, Carlos Lázzari, Celso Amato, Felipe Riccardo, Aldo Junnissi","Cayetano Puglisi, Blas Pensato, Jaime Ferrer, Raúl Domínguez"
Juan D'Arienzo,Orquesta Típica Juan D'Arienzo,11/10/1966,Argañaraz,Tango,Armando Laborde,Víctor,Tape-S,Roberto Firpo,Enrique Cadícamo,,64-75 / For Export (Polito),Juan Polito,Enrique Guerra,"Ernesto Franco, Carlos Lázzari, Celso Amato, Felipe Riccardo, Aldo Junnissi","Cayetano Puglisi, Blas Pensato, Jaime Ferrer, Raúl Domínguez"
Juan D'Arienzo,Orquesta Típica Juan D'Arienzo,11/10/1966,"Bailate Un Tango, Ricardo",Tango,Osvaldo Ramos,Víctor,Tape-S,Juan D'Arienzo,Ulises Murat,,64-75 / For Export (Polito),Juan Polito,Enrique Guerra,"Ernesto Franco, Carlos Lázzari, Celso Amato, Felipe Riccardo, Aldo Junnissi","Cayetano Puglisi, Blas Pensato, Jaime Ferrer, Raúl Domínguez"
Juan D'Arienzo,Orquesta Típica Juan D'Arienzo,11/10/1966,Para Siempre,Tango,Osvaldo Ramos,Víctor,Tape-S,Armando Pontier,Federico Silva,,64-75 / For Export (Polito),Juan Polito,Enrique Guerra,"Ernesto Franco, Carlos Lázzari, Celso Amato, Felipe Riccardo, Aldo Junnissi","Cayetano Puglisi, Blas Pensato, Jaime Ferrer, Raúl Domínguez"
Juan D'Arienzo,Orquesta Típica Juan D'Arienzo,11/10/1966,Presente Barra Querida,Tango,Osvaldo Ramos,Víctor,Tape-S,Carlos Sánchez,César Vedani,,64-75 / For Export (Polito),Juan Polito,Enrique Guerra,"Ernesto Franco, Carlos Lázzari, Celso Amato, Felipe Riccardo, Aldo Junnissi","Cayetano Puglisi, Blas Pensato, Jaime Ferrer, Raúl Domínguez"
Juan D'Arienzo,Orquesta Típica Juan D'Arienzo,11/10/1966,Un Trabajo Flor Y Flor,Tango,Armando Laborde,Víctor,Tape-S,Enrique Guerra; Eduardo Pauloni; Armando Dattoli ,Enrique Guerra; Eduardo Pauloni; Armando Laborde,,64-75 / For Export (Polito),Juan Polito,Enrique Guerra,"Ernesto Franco, Carlos Lázzari, Celso Amato, Felipe Riccardo, Aldo Junnissi","Cayetano Puglisi, Blas Pensato, Jaime Ferrer, Raúl Domínguez"
Juan D'Arienzo,Orquesta Típica Juan D'Arienzo,11/17/1966,Al Gran Maestro D'Arienzo,Tango,Instrumental,Víctor,Tape-S,Agustín Minotti,,,64-75 / For Export (Polito),Juan Polito,Enrique Guerra,"Ernesto Franco, Carlos Lázzari, Celso Amato, Felipe Riccardo, Aldo Junnissi","Cayetano Puglisi, Blas Pensato, Jaime Ferrer, Raúl Domínguez"
Juan D'Arienzo,Orquesta Típica Juan D'Arienzo,11/17/1966,Amor De Fortinera,Milonga,Ramos / Laborde,Víctor,Tape-S,Carlos Lázzari,Juan Polito,,64-75 / For Export (Polito),Juan Polito,Enrique Guerra,"Ernesto Franco, Carlos Lázzari, Celso Amato, Felipe Riccardo, Aldo Junnissi","Cayetano Puglisi, Blas Pensato, Jaime Ferrer, Raúl Domínguez"
Juan D'Arienzo,Orquesta Típica Juan D'Arienzo,11/17/1966,Arroró Nene,Tango,Armando Laborde,Víctor,Tape-S,Juan Polito; Carlos Lázzari; Ángel Gatti,Juan Polito; Carlos Lázzari; Ángel Gatti,,64-75 / For Export (Polito),Juan Polito,Enrique Guerra,"Ernesto Franco, Carlos Lázzari, Celso Amato, Felipe Riccardo, Aldo Junnissi","Cayetano Puglisi, Blas Pensato, Jaime Ferrer, Raúl Domínguez"
Juan D'Arienzo,Orquesta Típica Juan D'Arienzo,11/17/1966,"Azul, Siempre Azul",Tango,Osvaldo Ramos,Víctor,Tape-S,Carlos Lázzari; Ángel Gatti,Juan Polito,,64-75 / For Export (Polito),Juan Polito,Enrique Guerra,"Ernesto Franco, Carlos Lázzari, Celso Amato, Felipe Riccardo, Aldo Junnissi","Cayetano Puglisi, Blas Pensato, Jaime Ferrer, Raúl Domínguez"
Juan D'Arienzo,Orquesta Típica Juan D'Arienzo,11/17/1966,Orlando Goñi,Tango,Instrumental,Víctor,Tape-S,Alfredo Gobbi,,,64-75 / For Export (Polito),Juan Polito,Enrique Guerra,"Ernesto Franco, Carlos Lázzari, Celso Amato, Felipe Riccardo, Aldo Junnissi","Cayetano Puglisi, Blas Pensato, Jaime Ferrer, Raúl Domínguez"
Juan D'Arienzo,Orquesta Típica Juan D'Arienzo,11/17/1966,Virgen De La Serranía,Tango,Ramos / Laborde,Víctor,Tape-S,Osvaldo Donato,Alberto Cosentino,,64-75 / For Export (Polito),Juan Polito,Enrique Guerra,"Ernesto Franco, Carlos Lázzari, Celso Amato, Felipe Riccardo, Aldo Junnissi","Cayetano Puglisi, Blas Pensato, Jaime Ferrer, Raúl Domínguez"
Juan D'Arienzo,Orquesta Típica Juan D'Arienzo,11/22/1966,Me Diste Un Beso,Tango,Osvaldo Ramos,Víctor,Tape-S,Carlos Lázzari; Juan Polito,Agustín Minotti,,64-75 / For Export (Polito),Juan Polito,Enrique Guerra,"Ernesto Franco, Carlos Lázzari, Celso Amato, Felipe Riccardo, Aldo Junnissi","Cayetano Puglisi, Blas Pensato, Jaime Ferrer, Raúl Domínguez"
Juan D'Arienzo,Orquesta Típica Juan D'Arienzo,7/27/1967,Ahí Va El Dulce,Tango,Instrumental,Víctor,Tape-S,Juan Canaro,Osvaldo Cordero,,64-75 / For Export (Polito),Juan Polito,Enrique Guerra,"Ernesto Franco, Carlos Lázzari, Celso Amato, Felipe Riccardo, Aldo Junnissi","Cayetano Puglisi, Blas Pensato, Jaime Ferrer, Raúl Domínguez"
Juan D'Arienzo,Orquesta Típica Juan D'Arienzo,7/27/1967,El Chupete,Tango,Instrumental,Víctor,Tape-S,Carlos Gaudencio,Ángel Polito,,64-75 / For Export (Polito),Juan Polito,Enrique Guerra,"Ernesto Franco, Carlos Lázzari, Celso Amato, Felipe Riccardo, Aldo Junnissi","Cayetano Puglisi, Blas Pensato, Jaime Ferrer, Raúl Domínguez"
Juan D'Arienzo,Orquesta Típica Juan D'Arienzo,7/27/1967,Inspiración,Tango,Instrumental,Víctor,Tape-S,Peregrino Paulos,Luis Rubistein,,64-75 / For Export (Polito),Juan Polito,Enrique Guerra,"Ernesto Franco, Carlos Lázzari, Celso Amato, Felipe Riccardo, Aldo Junnissi","Cayetano Puglisi, Blas Pensato, Jaime Ferrer, Raúl Domínguez"
Juan D'Arienzo,Orquesta Típica Juan D'Arienzo,7/27/1967,Organito De La Tarde,Tango,Instrumental,Víctor,Tape-S,Castillo Cátulo,José León,,64-75 / For Export (Polito),Juan Polito,Enrique Guerra,"Ernesto Franco, Carlos Lázzari, Celso Amato, Felipe Riccardo, Aldo Junnissi","Cayetano Puglisi, Blas Pensato, Jaime Ferrer, Raúl Domínguez"
Juan D'Arienzo,Orquesta Típica Juan D'Arienzo,7/27/1967,Papas Calientes,Milonga,Instrumental,Víctor,Tape-S,Eduardo Arolas,Héctor Polito,,64-75 / For Export (Polito),Juan Polito,Enrique Guerra,"Ernesto Franco, Carlos Lázzari, Celso Amato, Felipe Riccardo, Aldo Junnissi","Cayetano Puglisi, Blas Pensato, Jaime Ferrer, Raúl Domínguez"
Juan D'Arienzo,Orquesta Típica Juan D'Arienzo,7/27/1967,Qué Noche,Tango,Instrumental,Víctor,Tape-S,Agustín Bardi,,,64-75 / For Export (Polito),Juan Polito,Enrique Guerra,"Ernesto Franco, Carlos Lázzari, Celso Amato, Felipe Riccardo, Aldo Junnissi","Cayetano Puglisi, Blas Pensato, Jaime Ferrer, Raúl Domínguez"
Juan D'Arienzo,Orquesta Típica Juan D'Arienzo,8/2/1967,Eso Sí Que No Y Que No,Tango,Armando Laborde,Víctor,Tape-S,Juan D'Arienzo,Héctor Schmitt,,64-75 / For Export (Polito),Juan Polito,Enrique Guerra,"Ernesto Franco, Carlos Lázzari, Celso Amato, Felipe Riccardo, Aldo Junnissi","Cayetano Puglisi, Blas Pensato, Jaime Ferrer, Raúl Domínguez"
Juan D'Arienzo,Orquesta Típica Juan D'Arienzo,8/2/1967,La Racha,Tango,Instrumental,Víctor,Tape-S,Agustín Bardi,,,64-75 / For Export (Polito),Juan Polito,Enrique Guerra,"Ernesto Franco, Carlos Lázzari, Celso Amato, Felipe Riccardo, Aldo Junnissi","Cayetano Puglisi, Blas Pensato, Jaime Ferrer, Raúl Domínguez"
Juan D'Arienzo,Orquesta Típica Juan D'Arienzo,8/16/1967,El Tamango,Tango,Instrumental,Víctor,Tape-S,Carlos Posadas,,,64-75 / For Export (Polito),Juan Polito,Enrique Guerra,"Ernesto Franco, Carlos Lázzari, Celso Amato, Felipe Riccardo, Aldo Junnissi","Cayetano Puglisi, Blas Pensato, Jaime Ferrer, Raúl Domínguez"
Juan D'Arienzo,Orquesta Típica Juan D'Arienzo,8/16/1967,La Clavada,Tango,Instrumental,Víctor,Tape-S,Ernesto Zambonini,,,64-75 / For Export (Polito),Juan Polito,Enrique Guerra,"Ernesto Franco, Carlos Lázzari, Celso Amato, Felipe Riccardo, Aldo Junnissi","Cayetano Puglisi, Blas Pensato, Jaime Ferrer, Raúl Domínguez"
Juan D'Arienzo,Orquesta Típica Juan D'Arienzo,8/16/1967,La Guitarrita,Tango,Instrumental,Víctor,Tape-S,Eduardo Arolas,Gabriel Clausi,,64-75 / For Export (Polito),Juan Polito,Enrique Guerra,"Ernesto Franco, Carlos Lázzari, Celso Amato, Felipe Riccardo, Aldo Junnissi","Cayetano Puglisi, Blas Pensato, Jaime Ferrer, Raúl Domínguez"
Juan D'Arienzo,Orquesta Típica Juan D'Arienzo,8/21/1967,De Ayer Y Hoy,Tango,Instrumental,Víctor,Tape-S,Nicolás Tavarozzi; Ángel Cicchetti,Nicolás Tavarozzi; Ángel Cicchetti,,64-75 / For Export (Polito),Juan Polito,Enrique Guerra,"Ernesto Franco, Carlos Lázzari, Celso Amato, Felipe Riccardo, Aldo Junnissi","Cayetano Puglisi, Blas Pensato, Jaime Ferrer, Raúl Domínguez"
Juan D'Arienzo,Orquesta Típica Juan D'Arienzo,8/21/1967,El Horizonte,Tango,Instrumental,Víctor,Tape-S,Roberto Firpo,,,64-75 / For Export (Polito),Juan Polito,Enrique Guerra,"Ernesto Franco, Carlos Lázzari, Celso Amato, Felipe Riccardo, Aldo Junnissi","Cayetano Puglisi, Blas Pensato, Jaime Ferrer, Raúl Domínguez"
Juan D'Arienzo,Orquesta Típica Juan D'Arienzo,8/21/1967,Sollozos,Tango,Instrumental,Víctor,Tape-S,Osvaldo Fresedo,Emilio Fresedo,,64-75 / For Export (Polito),Juan Polito,Enrique Guerra,"Ernesto Franco, Carlos Lázzari, Celso Amato, Felipe Riccardo, Aldo Junnissi","Cayetano Puglisi, Blas Pensato, Jaime Ferrer, Raúl Domínguez"
Juan D'Arienzo,Orquesta Típica Juan D'Arienzo,10/23/1967,Cordón De Oro,Tango,Instrumental,Víctor,Tape-S,Carlos Posadas,José Fernández,,64-75 / For Export (Polito),Juan Polito,Enrique Guerra,"Ernesto Franco, Carlos Lázzari, Celso Amato, Felipe Riccardo, Aldo Junnissi","Cayetano Puglisi, Blas Pensato, Jaime Ferrer, Raúl Domínguez"
Juan D'Arienzo,Orquesta Típica Juan D'Arienzo,10/23/1967,El Buey Solo,Tango,Instrumental,Víctor,Tape-S,Agustín Bardi,,,64-75 / For Export (Polito),Juan Polito,Enrique Guerra,"Ernesto Franco, Carlos Lázzari, Celso Amato, Felipe Riccardo, Aldo Junnissi","Cayetano Puglisi, Blas Pensato, Jaime Ferrer, Raúl Domínguez"
Juan D'Arienzo,Orquesta Típica Juan D'Arienzo,10/23/1967,El Jagüel,Tango,Instrumental,Víctor,Tape-S,Carlos Posadas,José Fernández,,64-75 / For Export (Polito),Juan Polito,Enrique Guerra,"Ernesto Franco, Carlos Lázzari, Celso Amato, Felipe Riccardo, Aldo Junnissi","Cayetano Puglisi, Blas Pensato, Jaime Ferrer, Raúl Domínguez"
Juan D'Arienzo,Orquesta Típica Juan D'Arienzo,10/23/1967,El Recodo,Tango,Instrumental,Víctor,Tape-S,Alejandro Junnissi,Armando Tagini,,64-75 / For Export (Polito),Juan Polito,Enrique Guerra,"Ernesto Franco, Carlos Lázzari, Celso Amato, Felipe Riccardo, Aldo Junnissi","Cayetano Puglisi, Blas Pensato, Jaime Ferrer, Raúl Domínguez"
Juan D'Arienzo,Orquesta Típica Juan D'Arienzo,10/23/1967,Ventarrón,Tango,Armando Laborde,Víctor,Tape-S,Pedro Maffia,José Staffolani,,64-75 / For Export (Polito),Juan Polito,Enrique Guerra,"Ernesto Franco, Carlos Lázzari, Celso Amato, Felipe Riccardo, Aldo Junnissi","Cayetano Puglisi, Blas Pensato, Jaime Ferrer, Raúl Domínguez"
Juan D'Arienzo,Orquesta Típica Juan D'Arienzo,10/23/1967,Yo Te Quiero Así,Tango,Osvaldo Ramos,Víctor,Tape-S,Armando Punturero ,Federico Iraluz,,64-75 / For Export (Polito),Juan Polito,Enrique Guerra,"Ernesto Franco, Carlos Lázzari, Celso Amato, Felipe Riccardo, Aldo Junnissi","Cayetano Puglisi, Blas Pensato, Jaime Ferrer, Raúl Domínguez"
Juan D'Arienzo,Orquesta Típica Juan D'Arienzo,10/30/1967,Buscate Un Amorcito,Tango,Osvaldo Ramos,Víctor,Tape-S,Josefina Fuente,Ángel Gatti,,64-75 / For Export (Polito),Juan Polito,Enrique Guerra,"Ernesto Franco, Carlos Lázzari, Celso Amato, Felipe Riccardo, Aldo Junnissi","Cayetano Puglisi, Blas Pensato, Jaime Ferrer, Raúl Domínguez"
Juan D'Arienzo,Orquesta Típica Juan D'Arienzo,10/30/1967,D'Arienzo Vos Sos El Rey,Tango,Armando Laborde,Víctor,Tape-S,Héctor Palacios,Amleto Viola,,64-75 / For Export (Polito),Juan Polito,Enrique Guerra,"Ernesto Franco, Carlos Lázzari, Celso Amato, Felipe Riccardo, Aldo Junnissi","Cayetano Puglisi, Blas Pensato, Jaime Ferrer, Raúl Domínguez"
Juan D'Arienzo,Orquesta Típica Juan D'Arienzo,10/30/1967,Guitarra,Tango,Ramos / Laborde,Víctor,Tape-S,Miguel Buchino,Miguel Buchino,,64-75 / For Export (Polito),Juan Polito,Enrique Guerra,"Ernesto Franco, Carlos Lázzari, Celso Amato, Felipe Riccardo, Aldo Junnissi","Cayetano Puglisi, Blas Pensato, Jaime Ferrer, Raúl Domínguez"
Juan D'Arienzo,Orquesta Típica Juan D'Arienzo,10/30/1967,Sin Explicación,Tango,Osvaldo Ramos,Víctor,Tape-S,Oldimar Quartini ,Luis Amengual,,64-75 / For Export (Polito),Juan Polito,Enrique Guerra,"Ernesto Franco, Carlos Lázzari, Celso Amato, Felipe Riccardo, Aldo Junnissi","Cayetano Puglisi, Blas Pensato, Jaime Ferrer, Raúl Domínguez"
Juan D'Arienzo,Orquesta Típica Juan D'Arienzo,11/14/1967,Adíos Bardi,Tango,Instrumental,Víctor,Tape-S,Osvaldo Pugliese,,,64-75 / For Export (Polito),Juan Polito,Enrique Guerra,"Ernesto Franco, Carlos Lázzari, Celso Amato, Felipe Riccardo, Aldo Junnissi","Cayetano Puglisi, Blas Pensato, Jaime Ferrer, Raúl Domínguez"
Juan D'Arienzo,Orquesta Típica Juan D'Arienzo,11/14/1967,Barrio Reo,Tango,Armando Laborde,Víctor,Tape-S,Roberto Fugazot,Alfredo Navarrine,,64-75 / For Export (Polito),Juan Polito,Enrique Guerra,"Ernesto Franco, Carlos Lázzari, Celso Amato, Felipe Riccardo, Aldo Junnissi","Cayetano Puglisi, Blas Pensato, Jaime Ferrer, Raúl Domínguez"
Juan D'Arienzo,Orquesta Típica Juan D'Arienzo,11/28/1967,C.T.V.,Tango,Instrumental,Víctor,Tape-S,Agustín Bardi,,,64-75 / For Export (Polito),Juan Polito,Enrique Guerra,"Ernesto Franco, Carlos Lázzari, Celso Amato, Felipe Riccardo, Aldo Junnissi","Cayetano Puglisi, Blas Pensato, Jaime Ferrer, Raúl Domínguez"
Juan D'Arienzo,Orquesta Típica Juan D'Arienzo,11/28/1967,Canaro En Paris,Tango,Instrumental,Víctor,Tape-S,Alejandro Scarpino; Juan Caldarella,José Scarpino,,64-75 / For Export (Polito),Juan Polito,Enrique Guerra,"Ernesto Franco, Carlos Lázzari, Celso Amato, Felipe Riccardo, Aldo Junnissi","Cayetano Puglisi, Blas Pensato, Jaime Ferrer, Raúl Domínguez"
Juan D'Arienzo,Orquesta Típica Juan D'Arienzo,11/14/1967,Cuéntame Tu Pena,Tango,Osvaldo Ramos,Víctor,Tape-S,Fernando Paz,Federico Silva,,64-75 / For Export (Polito),Juan Polito,Enrique Guerra,"Ernesto Franco, Carlos Lázzari, Celso Amato, Felipe Riccardo, Aldo Junnissi","Cayetano Puglisi, Blas Pensato, Jaime Ferrer, Raúl Domínguez"
Juan D'Arienzo,Orquesta Típica Juan D'Arienzo,11/14/1967,El Opio,Tango,Instrumental,Víctor,Tape-S,Francisco Canaro,,,64-75 / For Export (Polito),Juan Polito,Enrique Guerra,"Ernesto Franco, Carlos Lázzari, Celso Amato, Felipe Riccardo, Aldo Junnissi","Cayetano Puglisi, Blas Pensato, Jaime Ferrer, Raúl Domínguez"
Juan D'Arienzo,Orquesta Típica Juan D'Arienzo,11/14/1967,La Mariposa,Tango,Osvaldo Ramos,Víctor,Tape-S,Pedro Maffia,Celedonio Flores,,64-75 / For Export (Polito),Juan Polito,Enrique Guerra,"Ernesto Franco, Carlos Lázzari, Celso Amato, Felipe Riccardo, Aldo Junnissi","Cayetano Puglisi, Blas Pensato, Jaime Ferrer, Raúl Domínguez"
Juan D'Arienzo,Orquesta Típica Juan D'Arienzo,11/14/1967,La Trilla,Tango,Instrumental,Víctor,Tape-S,Eduardo Arolas,Héctor Polito,,64-75 / For Export (Polito),Juan Polito,Enrique Guerra,"Ernesto Franco, Carlos Lázzari, Celso Amato, Felipe Riccardo, Aldo Junnissi","Cayetano Puglisi, Blas Pensato, Jaime Ferrer, Raúl Domínguez"
Juan D'Arienzo,Orquesta Típica Juan D'Arienzo,11/14/1967,Me Vio Tu Barrio,Tango,Osvaldo Ramos,Víctor,Tape-S,Juan Polito; Carlos Lázzari; Armando Cereminati ,Juan Polito; Carlos Lázzari; Armando Cereminati,,64-75 / For Export (Polito),Juan Polito,Enrique Guerra,"Ernesto Franco, Carlos Lázzari, Celso Amato, Felipe Riccardo, Aldo Junnissi","Cayetano Puglisi, Blas Pensato, Jaime Ferrer, Raúl Domínguez"
Juan D'Arienzo,Orquesta Típica Juan D'Arienzo,11/14/1967,Milagro De Tango,Tango,Armando Laborde,Víctor,Tape-S,Domingo Vignoli,Oscar Lanata,,64-75 / For Export (Polito),Juan Polito,Enrique Guerra,"Ernesto Franco, Carlos Lázzari, Celso Amato, Felipe Riccardo, Aldo Junnissi","Cayetano Puglisi, Blas Pensato, Jaime Ferrer, Raúl Domínguez"
Juan D'Arienzo,Orquesta Típica Juan D'Arienzo,11/28/1967,Portero Suba Y Diga,Tango,Armando Laborde,Víctor,Tape-S,Eduardo Labar,Luis Amadori,,64-75 / For Export (Polito),Juan Polito,Enrique Guerra,"Ernesto Franco, Carlos Lázzari, Celso Amato, Felipe Riccardo, Aldo Junnissi","Cayetano Puglisi, Blas Pensato, Jaime Ferrer, Raúl Domínguez"
Juan D'Arienzo,Orquesta Típica Juan D'Arienzo,11/14/1967,Tinta Verde,Tango,Instrumental,Víctor,Tape-S,Agustín Bardi,,,64-75 / For Export (Polito),Juan Polito,Enrique Guerra,"Ernesto Franco, Carlos Lázzari, Celso Amato, Felipe Riccardo, Aldo Junnissi","Cayetano Puglisi, Blas Pensato, Jaime Ferrer, Raúl Domínguez"
Juan D'Arienzo,Orquesta Típica Juan D'Arienzo,8/27/1968,A Mi Vieja,Tango,Armando Laborde,Víctor,Tape-S,Juan Muncho,Juan Muncho,,64-75 / For Export (Polito),Juan Polito,Enrique Guerra,"Ernesto Franco, Carlos Lázzari, Celso Amato, Felipe Riccardo, Aldo Junnissi","Bernard Weber, Blas Pensato, Mauricio Misseriski, Mauricio Svidovsky, Milo Dojman"
Juan D'Arienzo,Orquesta Típica Juan D'Arienzo,8/27/1968,El Oriental,Tango,Instrumental,Víctor,Tape-S,Donato Racciatti,,,64-75 / For Export (Polito),Juan Polito,Enrique Guerra,"Ernesto Franco, Carlos Lázzari, Celso Amato, Felipe Riccardo, Aldo Junnissi","Bernard Weber, Blas Pensato, Mauricio Misseriski, Mauricio Svidovsky, Milo Dojman"
Juan D'Arienzo,Orquesta Típica Juan D'Arienzo,8/27/1968,Gardenias,Tango,Osvaldo Ramos,Víctor,Tape-S,Maruja Huergo,Manuel Campos,,64-75 / For Export (Polito),Juan Polito,Enrique Guerra,"Ernesto Franco, Carlos Lázzari, Celso Amato, Felipe Riccardo, Aldo Junnissi","Bernard Weber, Blas Pensato, Mauricio Misseriski, Mauricio Svidovsky, Milo Dojman"
Juan D'Arienzo,Orquesta Típica Juan D'Arienzo,8/27/1968,La Pista Esta Que Arde,Tango,Armando Laborde,Víctor,Tape-S,Carlos Lázzari; Juan Polito,Avlis Cabrera,,64-75 / For Export (Polito),Juan Polito,Enrique Guerra,"Ernesto Franco, Carlos Lázzari, Celso Amato, Felipe Riccardo, Aldo Junnissi","Bernard Weber, Blas Pensato, Mauricio Misseriski, Mauricio Svidovsky, Milo Dojman"
Juan D'Arienzo,Orquesta Típica Juan D'Arienzo,8/27/1968,Mi Japón,Tango,Alberto Echagüe,Víctor,Tape-S,Juan Polito; Carlos Lázzari; Armando Cereminati ,Juan Polito; Carlos Lázzari; Armando Cereminati,,64-75 / For Export (Polito),Juan Polito,Enrique Guerra,"Ernesto Franco, Carlos Lázzari, Celso Amato, Felipe Riccardo, Aldo Junnissi","Bernard Weber, Blas Pensato, Mauricio Misseriski, Mauricio Svidovsky, Milo Dojman"
Juan D'Arienzo,Orquesta Típica Juan D'Arienzo,8/27/1968,No Te Hagás La Lechuguita,Tango,Armando Laborde,Víctor,Tape-S,Armando Dáttoli; Enrique Guerra; Juan Polito,Armando Dáttoli; Enrique Guerra; Juan Polito,,64-75 / For Export (Polito),Juan Polito,Enrique Guerra,"Ernesto Franco, Carlos Lázzari, Celso Amato, Felipe Riccardo, Aldo Junnissi","Bernard Weber, Blas Pensato, Mauricio Misseriski, Mauricio Svidovsky, Milo Dojman"
Juan D'Arienzo,Orquesta Típica Juan D'Arienzo,8/27/1968,"Por Qué, Por Qué Mi Dios",Tango,Osvaldo Ramos,Víctor,Tape-S,Juan D´Arienzo,Héctor Schmitt,,64-75 / For Export (Polito),Juan Polito,Enrique Guerra,"Ernesto Franco, Carlos Lázzari, Celso Amato, Felipe Riccardo, Aldo Junnissi","Bernard Weber, Blas Pensato, Mauricio Misseriski, Mauricio Svidovsky, Milo Dojman"
Juan D'Arienzo,Orquesta Típica Juan D'Arienzo,8/27/1968,Si Pido Más Me Paso,Tango,Alberto Echagüe,Víctor,Tape-S,José Basso ,Miguel Bucino,,64-75 / For Export (Polito),Juan Polito,Enrique Guerra,"Ernesto Franco, Carlos Lázzari, Celso Amato, Felipe Riccardo, Aldo Junnissi","Bernard Weber, Blas Pensato, Mauricio Misseriski, Mauricio Svidovsky, Milo Dojman"
Juan D'Arienzo,Orquesta Típica Juan D'Arienzo,9/6/1968,Padre Mio,Tango,Osvaldo Ramos,Víctor,Tape-S,Roberto Cardenutto; Graciano Gómez ,Roberto Cardenutto; Graciano Gómez,,64-75 / For Export (Polito),Juan Polito,Enrique Guerra,"Ernesto Franco, Carlos Lázzari, Celso Amato, Felipe Riccardo, Aldo Junnissi","Bernard Weber, Blas Pensato, Mauricio Misseriski, Mauricio Svidovsky, Milo Dojman"
Juan D'Arienzo,Orquesta Típica Juan D'Arienzo,9/6/1968,Viejo Lobo,Tango,Osvaldo Ramos,Víctor,Tape-S,Oscar Fuente ,Antonio Anaya,,64-75 / For Export (Polito),Juan Polito,Enrique Guerra,"Ernesto Franco, Carlos Lázzari, Celso Amato, Felipe Riccardo, Aldo Junnissi","Bernard Weber, Blas Pensato, Mauricio Misseriski, Mauricio Svidovsky, Milo Dojman"
Juan D'Arienzo,Orquesta Típica Juan D'Arienzo,9/13/1968,A La D'Arienzo,Tango,Instrumental,Víctor,Tape-S,José Reschini,,,64-75 / For Export (Polito),Juan Polito,Enrique Guerra,"Ernesto Franco, Carlos Lázzari, Celso Amato, Felipe Riccardo, Aldo Junnissi","Bernard Weber, Blas Pensato, Mauricio Misseriski, Mauricio Svidovsky, Milo Dojman"
Juan D'Arienzo,Orquesta Típica Juan D'Arienzo,9/13/1968,Siguiendo El Compas,Tango,Instrumental,Víctor,Tape-S,Luis Maggiolo,,,64-75 / For Export (Polito),Juan Polito,Enrique Guerra,"Ernesto Franco, Carlos Lázzari, Celso Amato, Felipe Riccardo, Aldo Junnissi","Bernard Weber, Blas Pensato, Mauricio Misseriski, Mauricio Svidovsky, Milo Dojman"
Juan D'Arienzo,Orquesta Típica Juan D'Arienzo,8/1/1969,Aquel Abril,Tango,Osvaldo Ramos,Víctor,Tape-S,Antonio Pernas,Antonio Cetinic,,64-75 / For Export (Polito),Juan Polito,Enrique Guerra,"Ernesto Franco, Carlos Lázzari, Celso Amato, Felipe Riccardo, Aldo Junnissi","Bernard Weber, Blas Pensato, Mauricio Misseriski, Mauricio Svidovsky, Milo Dojman"
Juan D'Arienzo,Orquesta Típica Juan D'Arienzo,8/1/1969,Con Tu Compás,Tango,Armando Laborde,Víctor,Tape-S,Luis Guerello,Jorge Igartúa,,64-75 / For Export (Polito),Juan Polito,Enrique Guerra,"Ernesto Franco, Carlos Lázzari, Celso Amato, Felipe Riccardo, Aldo Junnissi","Bernard Weber, Blas Pensato, Mauricio Misseriski, Mauricio Svidovsky, Milo Dojman"
Juan D'Arienzo,Orquesta Típica Juan D'Arienzo,8/1/1969,Dulce Novia,Tango,Osvaldo Ramos,Víctor,Tape-S,Miguel Mazzini,Miguel Mazzini,,64-75 / For Export (Polito),Juan Polito,Enrique Guerra,"Ernesto Franco, Carlos Lázzari, Celso Amato, Felipe Riccardo, Aldo Junnissi","Bernard Weber, Blas Pensato, Mauricio Misseriski, Mauricio Svidovsky, Milo Dojman"
Juan D'Arienzo,Orquesta Típica Juan D'Arienzo,8/1/1969,El Africano,Tango,Instrumental,Víctor,Tape-S,Eduardo Pereyra,Francisco Lío,,64-75 / For Export (Polito),Juan Polito,Enrique Guerra,"Ernesto Franco, Carlos Lázzari, Celso Amato, Felipe Riccardo, Aldo Junnissi","Bernard Weber, Blas Pensato, Mauricio Misseriski, Mauricio Svidovsky, Milo Dojman"
Juan D'Arienzo,Orquesta Típica Juan D'Arienzo,8/1/1969,El Tren De Buenos Aires,Tango,Osvaldo Ramos,Víctor,Tape-S,Héctor Silva,Luis Andueza,,64-75 / For Export (Polito),Juan Polito,Enrique Guerra,"Ernesto Franco, Carlos Lázzari, Celso Amato, Felipe Riccardo, Aldo Junnissi","Bernard Weber, Blas Pensato, Mauricio Misseriski, Mauricio Svidovsky, Milo Dojman"
Juan D'Arienzo,Orquesta Típica Juan D'Arienzo,8/1/1969,Las Cuarenta,Tango,Alberto Echagüe,Víctor,Tape-S,Roberto Grela,Francisco Gorrindo,,64-75 / For Export (Polito),Juan Polito,Enrique Guerra,"Ernesto Franco, Carlos Lázzari, Celso Amato, Felipe Riccardo, Aldo Junnissi","Bernard Weber, Blas Pensato, Mauricio Misseriski, Mauricio Svidovsky, Milo Dojman"
Juan D'Arienzo,Orquesta Típica Juan D'Arienzo,8/1/1969,Milonga Para Un Viejo Amor,Milonga,Armando Laborde,Víctor,Tape-S,Antonio Pernas,Antonio Cetinic,,64-75 / For Export (Polito),Juan Polito,Enrique Guerra,"Ernesto Franco, Carlos Lázzari, Celso Amato, Felipe Riccardo, Aldo Junnissi","Bernard Weber, Blas Pensato, Mauricio Misseriski, Mauricio Svidovsky, Milo Dojman"
Juan D'Arienzo,Orquesta Típica Juan D'Arienzo,8/1/1969,Sin Ti,Tango,Osvaldo Ramos,Víctor,Tape-S,José Galeno,Héctor (Bello,,64-75 / For Export (Polito),Juan Polito,Enrique Guerra,"Ernesto Franco, Carlos Lázzari, Celso Amato, Felipe Riccardo, Aldo Junnissi","Bernard Weber, Blas Pensato, Mauricio Misseriski, Mauricio Svidovsky, Milo Dojman"
Juan D'Arienzo,Orquesta Típica Juan D'Arienzo,8/12/1969,D'Arienzo Y Palito,Tango,Armando Laborde,Víctor,Tape-S,Carlos Lázzari; Armando Cereminati,Juan Polito,,64-75 / For Export (Polito),Juan Polito,Enrique Guerra,"Ernesto Franco, Carlos Lázzari, Celso Amato, Felipe Riccardo, Aldo Junnissi","Bernard Weber, Blas Pensato, Mauricio Misseriski, Mauricio Svidovsky, Milo Dojman"
Juan D'Arienzo,Orquesta Típica Juan D'Arienzo,8/12/1969,Gotas De Veneno,Tango,Armando Laborde,Víctor,Tape-S,Nicolás Tavarozzi,Juan Welker,,64-75 / For Export (Polito),Juan Polito,Enrique Guerra,"Ernesto Franco, Carlos Lázzari, Celso Amato, Felipe Riccardo, Aldo Junnissi","Bernard Weber, Blas Pensato, Mauricio Misseriski, Mauricio Svidovsky, Milo Dojman"
Juan D'Arienzo,Orquesta Típica Juan D'Arienzo,8/12/1969,Sólo Tuya,Tango,Osvaldo Ramos,Víctor,Tape-S,Nilo Hermida; Ernesto Franco; César González ,Nilo Hermida; Ernesto Franco; César González,,64-75 / For Export (Polito),Juan Polito,Enrique Guerra,"Ernesto Franco, Carlos Lázzari, Celso Amato, Felipe Riccardo, Aldo Junnissi","Bernard Weber, Blas Pensato, Mauricio Misseriski, Mauricio Svidovsky, Milo Dojman"
Juan D'Arienzo,Orquesta Típica Juan D'Arienzo,8/12/1969,Sombras De Olvido,Tango,Osvaldo Ramos,Víctor,Tape-S,Ángel Guevara,Ángel Guevara,,64-75 / For Export (Polito),Juan Polito,Enrique Guerra,"Ernesto Franco, Carlos Lázzari, Celso Amato, Felipe Riccardo, Aldo Junnissi","Bernard Weber, Blas Pensato, Mauricio Misseriski, Mauricio Svidovsky, Milo Dojman"
Juan D'Arienzo,Orquesta Típica Juan D'Arienzo,9/18/1969,Cumpleaños De Mamá,Vals,Osvaldo Ramos,Víctor,Tape-S,Agustín Minotti,Agustín Minotti,,64-75 / For Export (Polito),Juan Polito,Enrique Guerra,"Ernesto Franco, Carlos Lázzari, Celso Amato, Felipe Riccardo, Aldo Junnissi","Bernard Weber, Blas Pensato, Mauricio Misseriski, Mauricio Svidovsky, Milo Dojman"
Juan D'Arienzo,Orquesta Típica Juan D'Arienzo,9/18/1969,De Puro Guapo,Tango,Instrumental,Víctor,Tape-S,Pedro Blanco ,Manuel Meaños,,64-75 / For Export (Polito),Juan Polito,Enrique Guerra,"Ernesto Franco, Carlos Lázzari, Celso Amato, Felipe Riccardo, Aldo Junnissi","Bernard Weber, Blas Pensato, Mauricio Misseriski, Mauricio Svidovsky, Milo Dojman"
Juan D'Arienzo,Orquesta Típica Juan D'Arienzo,9/18/1969,El Arranque,Tango,Instrumental,Víctor,Tape-S,Julio Caro,Mario Gomila,,64-75 / For Export (Polito),Juan Polito,Enrique Guerra,"Ernesto Franco, Carlos Lázzari, Celso Amato, Felipe Riccardo, Aldo Junnissi","Bernard Weber, Blas Pensato, Mauricio Misseriski, Mauricio Svidovsky, Milo Dojman"
Juan D'Arienzo,Orquesta Típica Juan D'Arienzo,9/18/1969,El Incendio,Tango,Instrumental,Víctor,Tape-S,Arturo Bassi,,,64-75 / For Export (Polito),Juan Polito,Enrique Guerra,"Ernesto Franco, Carlos Lázzari, Celso Amato, Felipe Riccardo, Aldo Junnissi","Bernard Weber, Blas Pensato, Mauricio Misseriski, Mauricio Svidovsky, Milo Dojman"
Juan D'Arienzo,Orquesta Típica Juan D'Arienzo,9/18/1969,El Jaguar,Tango,Instrumental,Víctor,Tape-S,Atilio Lombardo,,,64-75 / For Export (Polito),Juan Polito,Enrique Guerra,"Ernesto Franco, Carlos Lázzari, Celso Amato, Felipe Riccardo, Aldo Junnissi","Bernard Weber, Blas Pensato, Mauricio Misseriski, Mauricio Svidovsky, Milo Dojman"
Juan D'Arienzo,Orquesta Típica Juan D'Arienzo,9/18/1969,Gallo Ciego,Tango,Instrumental,Víctor,Tape-S,Agustín Bardi,,,64-75 / For Export (Polito),Juan Polito,Enrique Guerra,"Ernesto Franco, Carlos Lázzari, Celso Amato, Felipe Riccardo, Aldo Junnissi","Bernard Weber, Blas Pensato, Mauricio Misseriski, Mauricio Svidovsky, Milo Dojman"
Juan D'Arienzo,Orquesta Típica Juan D'Arienzo,9/18/1969,La Chiflada,Tango,Instrumental,Víctor,Tape-S,Anselmo Aieta,Francisco Jiménez,,64-75 / For Export (Polito),Juan Polito,Enrique Guerra,"Ernesto Franco, Carlos Lázzari, Celso Amato, Felipe Riccardo, Aldo Junnissi","Bernard Weber, Blas Pensato, Mauricio Misseriski, Mauricio Svidovsky, Milo Dojman"
Juan D'Arienzo,Orquesta Típica Juan D'Arienzo,9/18/1969,La Sonámbula,Tango,Instrumental,Víctor,Tape-S,Pascual Cardarópoli,,,64-75 / For Export (Polito),Juan Polito,Enrique Guerra,"Ernesto Franco, Carlos Lázzari, Celso Amato, Felipe Riccardo, Aldo Junnissi","Bernard Weber, Blas Pensato, Mauricio Misseriski, Mauricio Svidovsky, Milo Dojman"
Juan D'Arienzo,Orquesta Típica Juan D'Arienzo,9/18/1969,Mariposita,Tango,Instrumental,Víctor,Tape-S,Anselmo Aieta,Francisco Jiménez,,64-75 / For Export (Polito),Juan Polito,Enrique Guerra,"Ernesto Franco, Carlos Lázzari, Celso Amato, Felipe Riccardo, Aldo Junnissi","Bernard Weber, Blas Pensato, Mauricio Misseriski, Mauricio Svidovsky, Milo Dojman"
Juan D'Arienzo,Orquesta Típica Juan D'Arienzo,9/18/1969,Ojos Negros,Tango,Instrumental,Víctor,Tape-S,Vicente Greco,,,64-75 / For Export (Polito),Juan Polito,Enrique Guerra,"Ernesto Franco, Carlos Lázzari, Celso Amato, Felipe Riccardo, Aldo Junnissi","Bernard Weber, Blas Pensato, Mauricio Misseriski, Mauricio Svidovsky, Milo Dojman"
Juan D'Arienzo,Orquesta Típica Juan D'Arienzo,9/18/1969,Pregonera,Tango,Ramos / Laborde,Víctor,Tape-S,Alfredo Angelis,José Rótulo,,64-75 / For Export (Polito),Juan Polito,Enrique Guerra,"Ernesto Franco, Carlos Lázzari, Celso Amato, Felipe Riccardo, Aldo Junnissi","Bernard Weber, Blas Pensato, Mauricio Misseriski, Mauricio Svidovsky, Milo Dojman"
Juan D'Arienzo,Orquesta Típica Juan D'Arienzo,9/18/1969,Tigre Viejo,Tango,Instrumental,Víctor,Tape-S,Salvador Grupillo,,,64-75 / For Export (Polito),Juan Polito,Enrique Guerra,"Ernesto Franco, Carlos Lázzari, Celso Amato, Felipe Riccardo, Aldo Junnissi","Bernard Weber, Blas Pensato, Mauricio Misseriski, Mauricio Svidovsky, Milo Dojman"
Juan D'Arienzo,Orquesta Típica Juan D'Arienzo,10/20/1969,A Tu Lado,Tango,Osvaldo Ramos,Víctor,Tape-S,Roberto Cuenca,Roberto Cuenca,,64-75 / For Export (Polito),Juan Polito,Enrique Guerra,"Ernesto Franco, Carlos Lázzari, Celso Amato, Felipe Riccardo, Aldo Junnissi","Bernard Weber, Blas Pensato, Mauricio Misseriski, Mauricio Svidovsky, Milo Dojman"
Juan D'Arienzo,Orquesta Típica Juan D'Arienzo,10/20/1969,Catamarca,Tango,Instrumental,Víctor,Tape-S,Eduardo Arolas,Jesús Blanco,,64-75 / For Export (Polito),Juan Polito,Enrique Guerra,"Ernesto Franco, Carlos Lázzari, Celso Amato, Felipe Riccardo, Aldo Junnissi","Bernard Weber, Blas Pensato, Mauricio Misseriski, Mauricio Svidovsky, Milo Dojman"
Juan D'Arienzo,Orquesta Típica Juan D'Arienzo,10/20/1969,Cebollitas De Potrero,Tango,Alberto Echagüe,Víctor,Tape-S,Ángel Gatti; Carlos Lázzari; Juan Polito,Ángel Gatti; Carlos Lázzari; Juan Polito,,64-75 / For Export (Polito),Juan Polito,Enrique Guerra,"Ernesto Franco, Carlos Lázzari, Celso Amato, Felipe Riccardo, Aldo Junnissi","Bernard Weber, Blas Pensato, Mauricio Misseriski, Mauricio Svidovsky, Milo Dojman"
Juan D'Arienzo,Orquesta Típica Juan D'Arienzo,10/20/1969,El Aguacero,Tango,Ramos / Laborde,Víctor,Tape-S,Cátulo Castillo,José León,,64-75 / For Export (Polito),Juan Polito,Enrique Guerra,"Ernesto Franco, Carlos Lázzari, Celso Amato, Felipe Riccardo, Aldo Junnissi","Bernard Weber, Blas Pensato, Mauricio Misseriski, Mauricio Svidovsky, Milo Dojman"
Juan D'Arienzo,Orquesta Típica Juan D'Arienzo,10/20/1969,El Pimpollo,Milonga,Armando Laborde,Víctor,Tape-S,Jorge Dragone; Roberto Cardenutto ,Jorge Dragone; Roberto Cardenutto,,64-75 / For Export (Polito),Juan Polito,Enrique Guerra,"Ernesto Franco, Carlos Lázzari, Celso Amato, Felipe Riccardo, Aldo Junnissi","Bernard Weber, Blas Pensato, Mauricio Misseriski, Mauricio Svidovsky, Milo Dojman"
Juan D'Arienzo,Orquesta Típica Juan D'Arienzo,10/20/1969,El Trece,Tango,Instrumental,Víctor,Tape-S,Alberico Spátola,Ángel Villoldo,,64-75 / For Export (Polito),Juan Polito,Enrique Guerra,"Ernesto Franco, Carlos Lázzari, Celso Amato, Felipe Riccardo, Aldo Junnissi","Bernard Weber, Blas Pensato, Mauricio Misseriski, Mauricio Svidovsky, Milo Dojman"
Juan D'Arienzo,Orquesta Típica Juan D'Arienzo,10/20/1969,Falso,Tango,Osvaldo Ramos,Víctor,Tape-S,Juan D'Arienzo,Héctor Schmitt,,64-75 / For Export (Polito),Juan Polito,Enrique Guerra,"Ernesto Franco, Carlos Lázzari, Celso Amato, Felipe Riccardo, Aldo Junnissi","Bernard Weber, Blas Pensato, Mauricio Misseriski, Mauricio Svidovsky, Milo Dojman"
Juan D'Arienzo,Orquesta Típica Juan D'Arienzo,10/20/1969,Germaine,Tango,Instrumental,Víctor,Tape-S,Alberto Buchardo,,,64-75 / For Export (Polito),Juan Polito,Enrique Guerra,"Ernesto Franco, Carlos Lázzari, Celso Amato, Felipe Riccardo, Aldo Junnissi","Bernard Weber, Blas Pensato, Mauricio Misseriski, Mauricio Svidovsky, Milo Dojman"
Juan D'Arienzo,Orquesta Típica Juan D'Arienzo,10/20/1969,Pelele,Tango,Instrumental,Víctor,Tape-S,Pedro Maffia,,,64-75 / For Export (Polito),Juan Polito,Enrique Guerra,"Ernesto Franco, Carlos Lázzari, Celso Amato, Felipe Riccardo, Aldo Junnissi","Bernard Weber, Blas Pensato, Mauricio Misseriski, Mauricio Svidovsky, Milo Dojman"
Juan D'Arienzo,Orquesta Típica Juan D'Arienzo,10/20/1969,"Qué Mufa, Ché",Tango,Alberto Echagüe,Víctor,Tape-S,Luis Zambaldi ,Tito Sturla,,64-75 / For Export (Polito),Juan Polito,Enrique Guerra,"Ernesto Franco, Carlos Lázzari, Celso Amato, Felipe Riccardo, Aldo Junnissi","Bernard Weber, Blas Pensato, Mauricio Misseriski, Mauricio Svidovsky, Milo Dojman"
Juan D'Arienzo,Orquesta Típica Juan D'Arienzo,10/20/1969,Retintín,Tango,Instrumental,Víctor,Tape-S,Eduardo Arolas,Gabriel Clausi,,64-75 / For Export (Polito),Juan Polito,Enrique Guerra,"Ernesto Franco, Carlos Lázzari, Celso Amato, Felipe Riccardo, Aldo Junnissi","Bernard Weber, Blas Pensato, Mauricio Misseriski, Mauricio Svidovsky, Milo Dojman"
Juan D'Arienzo,Orquesta Típica Juan D'Arienzo,10/20/1969,Un Lamento,Tango,Instrumental,Víctor,Tape-S,Graciano Leone,,,64-75 / For Export (Polito),Juan Polito,Enrique Guerra,"Ernesto Franco, Carlos Lázzari, Celso Amato, Felipe Riccardo, Aldo Junnissi","Bernard Weber, Blas Pensato, Mauricio Misseriski, Mauricio Svidovsky, Milo Dojman"
Juan D'Arienzo,Orquesta Típica Juan D'Arienzo,8/13/1970,Glorioso Chantecler,Tango,Osvaldo Ramos,Víctor,Tape-S,Juan Polito; Carlos Lázzari ,Ángel Gatti,,64-75 / For Export (Polito),Juan Polito,Enrique Guerra,"Ernesto Franco, Carlos Lázzari, Celso Amato, Felipe Riccardo, Aldo Junnissi","Bernard Weber, Blas Pensato, Mauricio Misseriski, Mauricio Svidovsky, Milo Dojman"
Juan D'Arienzo,Orquesta Típica Juan D'Arienzo,8/13/1970,Oro Y Diamantes,Tango,Osvaldo Ramos,Víctor,Tape-S,Héctor Falivene ,Dandy Costa,,64-75 / For Export (Polito),Juan Polito,Enrique Guerra,"Ernesto Franco, Carlos Lázzari, Celso Amato, Felipe Riccardo, Aldo Junnissi","Bernard Weber, Blas Pensato, Mauricio Misseriski, Mauricio Svidovsky, Milo Dojman"
Juan D'Arienzo,Orquesta Típica Juan D'Arienzo,8/13/1970,Porteñismo,Tango,Instrumental,Víctor,Tape-S,Miguel Caló; Aquiles Roggero,,,64-75 / For Export (Polito),Juan Polito,Enrique Guerra,"Ernesto Franco, Carlos Lázzari, Celso Amato, Felipe Riccardo, Aldo Junnissi","Bernard Weber, Blas Pensato, Mauricio Misseriski, Mauricio Svidovsky, Milo Dojman"
Juan D'Arienzo,Orquesta Típica Juan D'Arienzo,8/13/1970,Recuerdo De La Casa,Tango,Osvaldo Ramos,Víctor,Tape-S,Luis Guerello,Luis Guerello; Jorge Igartúa,,64-75 / For Export (Polito),Juan Polito,Enrique Guerra,"Ernesto Franco, Carlos Lázzari, Celso Amato, Felipe Riccardo, Aldo Junnissi","Bernard Weber, Blas Pensato, Mauricio Misseriski, Mauricio Svidovsky, Milo Dojman"
Juan D'Arienzo,Orquesta Típica Juan D'Arienzo,8/13/1970,Réquiem Para Una Luca,Tango,Armando Laborde,Víctor,Tape-S,Sebastián Piana,José Gobello,,64-75 / For Export (Polito),Juan Polito,Enrique Guerra,"Ernesto Franco, Carlos Lázzari, Celso Amato, Felipe Riccardo, Aldo Junnissi","Bernard Weber, Blas Pensato, Mauricio Misseriski, Mauricio Svidovsky, Milo Dojman"
Juan D'Arienzo,Orquesta Típica Juan D'Arienzo,8/21/1970,Armenonville,Tango,Instrumental,Víctor,Tape-S,Juan Maglio,José Fernández,,64-75 / For Export (Polito),Juan Polito,Enrique Guerra,"Ernesto Franco, Carlos Lázzari, Celso Amato, Felipe Riccardo, Aldo Junnissi","Bernard Weber, Blas Pensato, Mauricio Misseriski, Mauricio Svidovsky, Milo Dojman"
Juan D'Arienzo,Orquesta Típica Juan D'Arienzo,8/21/1970,El Estagiario,Tango,Instrumental,Víctor,Tape-S,Martín Álvarez,Martín Álvarez,,64-75 / For Export (Polito),Juan Polito,Enrique Guerra,"Ernesto Franco, Carlos Lázzari, Celso Amato, Felipe Riccardo, Aldo Junnissi","Bernard Weber, Blas Pensato, Mauricio Misseriski, Mauricio Svidovsky, Milo Dojman"
Juan D'Arienzo,Orquesta Típica Juan D'Arienzo,8/21/1970,El Taura,Tango,Instrumental,Víctor,Tape-S,Agustín Bardi,,,64-75 / For Export (Polito),Juan Polito,Enrique Guerra,"Ernesto Franco, Carlos Lázzari, Celso Amato, Felipe Riccardo, Aldo Junnissi","Bernard Weber, Blas Pensato, Mauricio Misseriski, Mauricio Svidovsky, Milo Dojman"
Juan D'Arienzo,Orquesta Típica Juan D'Arienzo,8/21/1970,Fichera,Tango,Armando Laborde,Víctor,Tape-S,Roberto O'Durnin; Carlos Lázzari; Juan Polito ,Robby O'Durnin; Carlos Lázzari; Juan Polito,,64-75 / For Export (Polito),Juan Polito,Enrique Guerra,"Ernesto Franco, Carlos Lázzari, Celso Amato, Felipe Riccardo, Aldo Junnissi","Bernard Weber, Blas Pensato, Mauricio Misseriski, Mauricio Svidovsky, Milo Dojman"
Juan D'Arienzo,Orquesta Típica Juan D'Arienzo,8/21/1970,La Cautiva,Tango,Instrumental,Víctor,Tape-S,Alejandro Flores,Claudio Frollo,,64-75 / For Export (Polito),Juan Polito,Enrique Guerra,"Ernesto Franco, Carlos Lázzari, Celso Amato, Felipe Riccardo, Aldo Junnissi","Bernard Weber, Blas Pensato, Mauricio Misseriski, Mauricio Svidovsky, Milo Dojman"
Juan D'Arienzo,Orquesta Típica Juan D'Arienzo,8/21/1970,Senda Florida,Tango,Osvaldo Ramos,Víctor,Tape-S,Rafael Rossi,Eugenio Cárdenas,,64-75 / For Export (Polito),Juan Polito,Enrique Guerra,"Ernesto Franco, Carlos Lázzari, Celso Amato, Felipe Riccardo, Aldo Junnissi","Bernard Weber, Blas Pensato, Mauricio Misseriski, Mauricio Svidovsky, Milo Dojman"
Juan D'Arienzo,Orquesta Típica Juan D'Arienzo,9/15/1970,Dos Dedos,Tango,Alberto Echagüe,Víctor,Tape-S,Carlos Acosta,Carlos Corbalán,,64-75 / For Export (Polito),Juan Polito,Enrique Guerra,"Ernesto Franco, Carlos Lázzari, Celso Amato, Felipe Riccardo, Aldo Junnissi","Bernard Weber, Blas Pensato, Mauricio Misseriski, Mauricio Svidovsky, Milo Dojman"
Juan D'Arienzo,Orquesta Típica Juan D'Arienzo,9/15/1970,El Cielo Lloró Por Mí,Tango,Osvaldo Ramos,Víctor,Tape-S,Miguel Ratto,Agustín Minotti,,64-75 / For Export (Polito),Juan Polito,Enrique Guerra,"Ernesto Franco, Carlos Lázzari, Celso Amato, Felipe Riccardo, Aldo Junnissi","Bernard Weber, Blas Pensato, Mauricio Misseriski, Mauricio Svidovsky, Milo Dojman"
Juan D'Arienzo,Orquesta Típica Juan D'Arienzo,9/15/1970,El Látigo,Milonga,Instrumental,Víctor,Tape-S,Rubén Chilindrón; Rubén Panella,,,64-75 / For Export (Polito),Juan Polito,Enrique Guerra,"Ernesto Franco, Carlos Lázzari, Celso Amato, Felipe Riccardo, Aldo Junnissi","Bernard Weber, Blas Pensato, Mauricio Misseriski, Mauricio Svidovsky, Milo Dojman"
Juan D'Arienzo,Orquesta Típica Juan D'Arienzo,9/15/1970,Tengo Miedo,Tango,Alberto Echagüe,Víctor,Tape-S,José Aguilar,Celedonio Flores,,64-75 / For Export (Polito),Juan Polito,Enrique Guerra,"Ernesto Franco, Carlos Lázzari, Celso Amato, Felipe Riccardo, Aldo Junnissi","Bernard Weber, Blas Pensato, Mauricio Misseriski, Mauricio Svidovsky, Milo Dojman"
Juan D'Arienzo,Orquesta Típica Juan D'Arienzo,9/15/1970,Un Reo Menos,Tango,Instrumental,Víctor,Tape-S,Ernesto Franco; Nilo Hermida,César González,,64-75 / For Export (Polito),Juan Polito,Enrique Guerra,"Ernesto Franco, Carlos Lázzari, Celso Amato, Felipe Riccardo, Aldo Junnissi","Bernard Weber, Blas Pensato, Mauricio Misseriski, Mauricio Svidovsky, Milo Dojman"
Juan D'Arienzo,Orquesta Típica Juan D'Arienzo,10/29/1970,Criolla Linda,Tango,Instrumental,Víctor,Tape-S,Vicente Gorrese; Bernardo Germino,Luis Rubistein,,64-75 / For Export (Polito),Juan Polito,Enrique Guerra,"Ernesto Franco, Carlos Lázzari, Celso Amato, Felipe Riccardo, Aldo Junnissi","Bernard Weber, Blas Pensato, Mauricio Misseriski, Mauricio Svidovsky, Milo Dojman"
Juan D'Arienzo,Orquesta Típica Juan D'Arienzo,10/29/1970,Zapatitos De Raso,Milonga,Ramos / Laborde,Víctor,Tape-S,Jorge Dragone ,Fernando Caprio,,64-75 / For Export (Polito),Juan Polito,Enrique Guerra,"Ernesto Franco, Carlos Lázzari, Celso Amato, Felipe Riccardo, Aldo Junnissi","Bernard Weber, Blas Pensato, Mauricio Misseriski, Mauricio Svidovsky, Milo Dojman"
Juan D'Arienzo,Orquesta Típica Juan D'Arienzo,12/16/1970,Con Alma Y Nervio,Tango,Armando Laborde,Víctor,Tape-S,Carlos Lázzari; Juan Polito; Ángel Guevara,Carlos Lázzari; Juan Polito; Ángel Guevara,,64-75 / For Export (Polito),Juan Polito,Enrique Guerra,"Ernesto Franco, Carlos Lázzari, Celso Amato, Felipe Riccardo, Aldo Junnissi","Bernard Weber, Blas Pensato, Mauricio Misseriski, Mauricio Svidovsky, Milo Dojman"
Juan D'Arienzo,Orquesta Típica Juan D'Arienzo,12/16/1970,El Arroyito,Tango,Instrumental,Víctor,Tape-S,Samuel Castriota,Celedonio Flores,,64-75 / For Export (Polito),Juan Polito,Enrique Guerra,"Ernesto Franco, Carlos Lázzari, Celso Amato, Felipe Riccardo, Aldo Junnissi","Bernard Weber, Blas Pensato, Mauricio Misseriski, Mauricio Svidovsky, Milo Dojman"
Juan D'Arienzo,Orquesta Típica Juan D'Arienzo,12/16/1970,El Carrerito,Tango,Osvaldo Ramos,Víctor,Tape-S,Raúl Hoyos,Alberto Vacarezza,,64-75 / For Export (Polito),Juan Polito,Enrique Guerra,"Ernesto Franco, Carlos Lázzari, Celso Amato, Felipe Riccardo, Aldo Junnissi","Bernard Weber, Blas Pensato, Mauricio Misseriski, Mauricio Svidovsky, Milo Dojman"
Juan D'Arienzo,Orquesta Típica Juan D'Arienzo,12/16/1970,Elegante Papirusa,Tango,Instrumental,Víctor,Tape-S,David Roccatagliata,Sandalio Gómez,,64-75 / For Export (Polito),Juan Polito,Enrique Guerra,"Ernesto Franco, Carlos Lázzari, Celso Amato, Felipe Riccardo, Aldo Junnissi","Bernard Weber, Blas Pensato, Mauricio Misseriski, Mauricio Svidovsky, Milo Dojman"
Juan D'Arienzo,Orquesta Típica Juan D'Arienzo,12/16/1970,Habla Un Milonga,Tango,Armando Laborde,Víctor,Tape-S,Rodolfo Toscano ,Luis Mannarino,,64-75 / For Export (Polito),Juan Polito,Enrique Guerra,"Ernesto Franco, Carlos Lázzari, Celso Amato, Felipe Riccardo, Aldo Junnissi","Bernard Weber, Blas Pensato, Mauricio Misseriski, Mauricio Svidovsky, Milo Dojman"
Juan D'Arienzo,Orquesta Típica Juan D'Arienzo,12/16/1970,Milonga De Mis Amores,Milonga,Instrumental,Víctor,Tape-S,Pedro Laurenz,José Contursi,,64-75 / For Export (Polito),Juan Polito,Enrique Guerra,"Ernesto Franco, Carlos Lázzari, Celso Amato, Felipe Riccardo, Aldo Junnissi","Bernard Weber, Blas Pensato, Mauricio Misseriski, Mauricio Svidovsky, Milo Dojman"
Juan D'Arienzo,Orquesta Típica Juan D'Arienzo,12/16/1970,Paciencia,Tango,Alberto Echagüe,Víctor,Tape-S,Juan D'Arienzo,Francisco Gorrindo,,64-75 / For Export (Polito),Juan Polito,Enrique Guerra,"Ernesto Franco, Carlos Lázzari, Celso Amato, Felipe Riccardo, Aldo Junnissi","Bernard Weber, Blas Pensato, Mauricio Misseriski, Mauricio Svidovsky, Milo Dojman"
Juan D'Arienzo,Orquesta Típica Juan D'Arienzo,12/16/1970,Siempre Primero,Tango,Instrumental,Víctor,Tape-S,Ernesto Franco; Carlos Lázzari; Juan Polito,,,64-75 / For Export (Polito),Juan Polito,Enrique Guerra,"Ernesto Franco, Carlos Lázzari, Celso Amato, Felipe Riccardo, Aldo Junnissi","Bernard Weber, Blas Pensato, Mauricio Misseriski, Mauricio Svidovsky, Milo Dojman"
Juan D'Arienzo,Orquesta Típica Juan D'Arienzo,12/16/1970,Tremolina,Milonga,Instrumental,Víctor,Tape-S,Osvaldo Ruggiero,,,64-75 / For Export (Polito),Juan Polito,Enrique Guerra,"Ernesto Franco, Carlos Lázzari, Celso Amato, Felipe Riccardo, Aldo Junnissi","Bernard Weber, Blas Pensato, Mauricio Misseriski, Mauricio Svidovsky, Milo Dojman"
Juan D'Arienzo,Orquesta Típica Juan D'Arienzo,12/16/1970,Tuve Que Llorar,Tango,Osvaldo Ramos,Víctor,Tape-S,Roberto Wilde ,Marcelino Hernández,,64-75 / For Export (Polito),Juan Polito,Enrique Guerra,"Ernesto Franco, Carlos Lázzari, Celso Amato, Felipe Riccardo, Aldo Junnissi","Bernard Weber, Blas Pensato, Mauricio Misseriski, Mauricio Svidovsky, Milo Dojman"
Juan D'Arienzo,Orquesta Típica Juan D'Arienzo,9/16/1971,Cenizas,Tango,Instrumental,Víctor,Tape-S,José Rizzuti,Emilio Fresedo,,64-75 / For Export (Polito),Jorge Dragone,Enrique Guerra,"Ernesto Franco, Carlos Lázzari, Celso Amato, Felipe Riccardo, Aldo Junnissi","Bernard Weber, Blas Pensato, Mauricio Misseriski, Mauricio Svidovsky, Milo Dojman"
Juan D'Arienzo,Orquesta Típica Juan D'Arienzo,9/16/1971,Entrada Prohibida,Tango,Instrumental,Víctor,Tape-S,Luis Teisseire,,,64-75 / For Export (Polito),Jorge Dragone,Enrique Guerra,"Ernesto Franco, Carlos Lázzari, Celso Amato, Felipe Riccardo, Aldo Junnissi","Bernard Weber, Blas Pensato, Mauricio Misseriski, Mauricio Svidovsky, Milo Dojman"
Juan D'Arienzo,Orquesta Típica Juan D'Arienzo,9/16/1971,Estoy Pagando La Culpa,Tango,Osvaldo Ramos,Víctor,Tape-S,Roberto Rufino; Roberto Caló,Roberto Giménez,,64-75 / For Export (Polito),Jorge Dragone,Enrique Guerra,"Ernesto Franco, Carlos Lázzari, Celso Amato, Felipe Riccardo, Aldo Junnissi","Bernard Weber, Blas Pensato, Mauricio Misseriski, Mauricio Svidovsky, Milo Dojman"
Juan D'Arienzo,Orquesta Típica Juan D'Arienzo,9/16/1971,La Torcacita,Tango,Instrumental,Víctor,Tape-S,José Martínez,Francisco Lío,,64-75 / For Export (Polito),Jorge Dragone,Enrique Guerra,"Ernesto Franco, Carlos Lázzari, Celso Amato, Felipe Riccardo, Aldo Junnissi","Bernard Weber, Blas Pensato, Mauricio Misseriski, Mauricio Svidovsky, Milo Dojman"
Juan D'Arienzo,Orquesta Típica Juan D'Arienzo,9/16/1971,Luces De Colores,Tango,Instrumental,Víctor,Tape-S,Donato Racciatti,,,64-75 / For Export (Polito),Jorge Dragone,Enrique Guerra,"Ernesto Franco, Carlos Lázzari, Celso Amato, Felipe Riccardo, Aldo Junnissi","Bernard Weber, Blas Pensato, Mauricio Misseriski, Mauricio Svidovsky, Milo Dojman"
Juan D'Arienzo,Orquesta Típica Juan D'Arienzo,9/16/1971,Sacale Chispas,Tango,Instrumental,Víctor,Tape-S,Ernesto Franco; Osvaldo Tarantino,,,64-75 / For Export (Polito),Jorge Dragone,Enrique Guerra,"Ernesto Franco, Carlos Lázzari, Celso Amato, Felipe Riccardo, Aldo Junnissi","Bernard Weber, Blas Pensato, Mauricio Misseriski, Mauricio Svidovsky, Milo Dojman"
Juan D'Arienzo,Orquesta Típica Juan D'Arienzo,9/30/1971,Che Quijote,Tango,Armando Laborde,Víctor,Tape-S,Hugo Carlo,Luis Zeballos,,64-75 / For Export (Polito),Jorge Dragone,Enrique Guerra,"Ernesto Franco, Carlos Lázzari, Celso Amato, Felipe Riccardo, Aldo Junnissi","Bernard Weber, Blas Pensato, Mauricio Misseriski, Mauricio Svidovsky, Milo Dojman"
Juan D'Arienzo,Orquesta Típica Juan D'Arienzo,9/30/1971,La Cara De La Luna,Tango,Instrumental,Víctor,Tape-S,Manuel Campoamor,,,64-75 / For Export (Polito),Juan Polito,Enrique Guerra,"Ernesto Franco, Carlos Lázzari, Celso Amato, Felipe Riccardo, Aldo Junnissi","Bernard Weber, Blas Pensato, Mauricio Misseriski, Mauricio Svidovsky, Milo Dojman"
Juan D'Arienzo,Orquesta Típica Juan D'Arienzo,9/30/1971,Quereme Un Poco Más,Tango,Osvaldo Ramos,Víctor,Tape-S,Zayra Canicoba,Zayra Canicoba,,64-75 / For Export (Polito),Juan Polito,Enrique Guerra,"Ernesto Franco, Carlos Lázzari, Celso Amato, Felipe Riccardo, Aldo Junnissi","Bernard Weber, Blas Pensato, Mauricio Misseriski, Mauricio Svidovsky, Milo Dojman"
Juan D'Arienzo,Orquesta Típica Juan D'Arienzo,9/30/1971,Rezongón,Tango,Armando Laborde,Víctor,Tape-S,Alfonso Fogaza,Julio Camilloni,,64-75 / For Export (Polito),Juan Polito,Enrique Guerra,"Ernesto Franco, Carlos Lázzari, Celso Amato, Felipe Riccardo, Aldo Junnissi","Bernard Weber, Blas Pensato, Mauricio Misseriski, Mauricio Svidovsky, Milo Dojman"
Juan D'Arienzo,Orquesta Típica Juan D'Arienzo,9/30/1971,Sentimiento De Bohemio,Tango,Instrumental,Víctor,Tape-S,Nicolás Tavarozzi; Raúl Bruno,,,64-75 / For Export (Polito),Juan Polito,Enrique Guerra,"Ernesto Franco, Carlos Lázzari, Celso Amato, Felipe Riccardo, Aldo Junnissi","Bernard Weber, Blas Pensato, Mauricio Misseriski, Mauricio Svidovsky, Milo Dojman"
Juan D'Arienzo,Orquesta Típica Juan D'Arienzo,9/30/1971,Sisebuta,Tango,Alberto Echagüe,Víctor,Tape-S,Carlos Lázzari; Juan Polito,Ángel Gatti,,64-75 / For Export (Polito),Juan Polito,Enrique Guerra,"Ernesto Franco, Carlos Lázzari, Celso Amato, Felipe Riccardo, Aldo Junnissi","Bernard Weber, Blas Pensato, Mauricio Misseriski, Mauricio Svidovsky, Milo Dojman"
Juan D'Arienzo,Orquesta Típica Juan D'Arienzo,11/26/1971,De Corte Arrabalero,Tango,Instrumental,Víctor,Tape-S,Carlos Polito,Rodolfo Toscano; Líber Locascio,,64-75 / For Export (Polito),Juan Polito,Enrique Guerra,"Ernesto Franco, Carlos Lázzari, Celso Amato, Felipe Riccardo, Aldo Junnissi","Bernard Weber, Blas Pensato, Mauricio Misseriski, Mauricio Svidovsky, Milo Dojman"
Juan D'Arienzo,Orquesta Típica Juan D'Arienzo,11/26/1971,Este Es El Rey,Tango,Instrumental,Víctor,Tape-S,Carlos Lázzari; Manuel Caballero; Juan Polito,,,64-75 / For Export (Polito),Juan Polito,Enrique Guerra,"Ernesto Franco, Carlos Lázzari, Celso Amato, Felipe Riccardo, Aldo Junnissi","Bernard Weber, Blas Pensato, Mauricio Misseriski, Mauricio Svidovsky, Milo Dojman"
Juan D'Arienzo,Orquesta Típica Juan D'Arienzo,11/26/1971,Hoy Las Vas De Perseguido,Tango,Armando Laborde,Víctor,Tape-S,Luis Guerello,Juan Devoto,,64-75 / For Export (Polito),Juan Polito,Enrique Guerra,"Ernesto Franco, Carlos Lázzari, Celso Amato, Felipe Riccardo, Aldo Junnissi","Bernard Weber, Blas Pensato, Mauricio Misseriski, Mauricio Svidovsky, Milo Dojman"
Juan D'Arienzo,Orquesta Típica Juan D'Arienzo,11/26/1971,Juan Compás,Milonga,Instrumental,Víctor,Tape-S,María Maldonado,,,64-75 / For Export (Polito),Juan Polito,Enrique Guerra,"Ernesto Franco, Carlos Lázzari, Celso Amato, Felipe Riccardo, Aldo Junnissi","Bernard Weber, Blas Pensato, Mauricio Misseriski, Mauricio Svidovsky, Milo Dojman"
Juan D'Arienzo,Orquesta Típica Juan D'Arienzo,11/26/1971,La Biyarda,Tango,Instrumental,Víctor,Tape-S,Carlos Lázzari; Ernesto Franco; Nilo Hermida,,,64-75 / For Export (Polito),Juan Polito,Enrique Guerra,"Ernesto Franco, Carlos Lázzari, Celso Amato, Felipe Riccardo, Aldo Junnissi","Bernard Weber, Blas Pensato, Mauricio Misseriski, Mauricio Svidovsky, Milo Dojman"
Juan D'Arienzo,Orquesta Típica Juan D'Arienzo,11/26/1971,Madame Julié,Tango,Armando Laborde,Víctor,Tape-S,Enrique Maciel,Francisco Baldana,,64-75 / For Export (Polito),Juan Polito,Enrique Guerra,"Ernesto Franco, Carlos Lázzari, Celso Amato, Felipe Riccardo, Aldo Junnissi","Bernard Weber, Blas Pensato, Mauricio Misseriski, Mauricio Svidovsky, Milo Dojman"
Juan D'Arienzo,Orquesta Típica Juan D'Arienzo,11/26/1971,Mi Viejo Vals,Vals,Osvaldo Ramos,Víctor,Tape-S,Carmelo D'Amico ,Máximo Orsi,,64-75 / For Export (Polito),Juan Polito,Enrique Guerra,"Ernesto Franco, Carlos Lázzari, Celso Amato, Felipe Riccardo, Aldo Junnissi","Bernard Weber, Blas Pensato, Mauricio Misseriski, Mauricio Svidovsky, Milo Dojman"
Juan D'Arienzo,Orquesta Típica Juan D'Arienzo,11/26/1971,Perdóname Si Quieres,Tango,Osvaldo Ramos,Víctor,Tape-S,Roberto Carde; Jorge Dragone ,Roberto Cardenutto; Jorge Dragone,,64-75 / For Export (Polito),Juan Polito,Enrique Guerra,"Ernesto Franco, Carlos Lázzari, Celso Amato, Felipe Riccardo, Aldo Junnissi","Bernard Weber, Blas Pensato, Mauricio Misseriski, Mauricio Svidovsky, Milo Dojman"
Juan D'Arienzo,Orquesta Típica Juan D'Arienzo,11/26/1971,Sin Dobleces,Tango,Armando Laborde,Víctor,Tape-S,Carlos Lázzari; Juan Polito; Pedro Gallelli ,Carlos Lázzari; Juan Polito; Pedro Gallelli,,64-75 / For Export (Polito),Juan Polito,Enrique Guerra,"Ernesto Franco, Carlos Lázzari, Celso Amato, Felipe Riccardo, Aldo Junnissi","Bernard Weber, Blas Pensato, Mauricio Misseriski, Mauricio Svidovsky, Milo Dojman"
Juan D'Arienzo,Orquesta Típica Juan D'Arienzo,12/7/1971,La Cumparsita,Tango,Instrumental,Víctor,Tape-S,Gerardo Rodríguez,Pascual Contursi; Enrique Maroni; Gerardo Rodríguez,,64-75 / For Export (Polito),Juan Polito,Enrique Guerra,"Ernesto Franco, Carlos Lázzari, Celso Amato, Felipe Riccardo, Aldo Junnissi","Bernard Weber, Blas Pensato, Mauricio Misseriski, Mauricio Svidovsky, Milo Dojman"
Juan D'Arienzo,Orquesta Típica Juan D'Arienzo,12/20/1971,Con Alma De Tango,Tango,Mercedes Serrano,Víctor,Tape-S,Juan D'Arienzo,Carlos Waiss,,64-75 / For Export (Polito),Juan Polito,Enrique Guerra,"Ernesto Franco, Carlos Lázzari, Celso Amato, Felipe Riccardo, Aldo Junnissi","Bernard Weber, Blas Pensato, Mauricio Misseriski, Mauricio Svidovsky, Milo Dojman"
Juan D'Arienzo,Orquesta Típica Juan D'Arienzo,12/20/1971,Nada Más,Tango,Mercedes Serrano,Víctor,Tape-S,Juan D'Arienzo; Luis Rubistein,Juan D'Arienzo; Luis Rubistein,,64-75 / For Export (Polito),Juan Polito,Enrique Guerra,"Ernesto Franco, Carlos Lázzari, Celso Amato, Felipe Riccardo, Aldo Junnissi","Bernard Weber, Blas Pensato, Mauricio Misseriski, Mauricio Svidovsky, Milo Dojman"
Juan D'Arienzo,Orquesta Típica Juan D'Arienzo,12/14/1972,Adíos Coco,Tango,Instrumental,Víctor,Tape-S,Carlos Lázzari,,,64-75 / For Export (Polito),Juan Polito,Enrique Guerra,"Carlos Lázzari, Luis Maggiolo, Felipe Riccardi, Atilio Corral, Juan Carlos Niesi","Bernard Weber, Blas Pensato, Mauricio Misseriski, Mauricio Svidovsky, Milo Dojman"
Juan D'Arienzo,Orquesta Típica Juan D'Arienzo,12/14/1972,El Bar De Rosendo,Tango,Osvaldo Ramos,Víctor,Tape-S,Ángel D'Agostino,Enrique Cadícamo,,64-75 / For Export (Polito),Juan Polito,Enrique Guerra,"Carlos Lázzari, Luis Maggiolo, Felipe Riccardi, Atilio Corral, Juan Carlos Niesi","Bernard Weber, Blas Pensato, Mauricio Misseriski, Mauricio Svidovsky, Milo Dojman"
Juan D'Arienzo,Orquesta Típica Juan D'Arienzo,12/14/1972,Entre Sueños,Tango,Instrumental,Víctor,Tape-S,Anselmo Aieta; Juan Polito,Francisco Jiménez,,64-75 / For Export (Polito),Juan Polito,Enrique Guerra,"Carlos Lázzari, Luis Maggiolo, Felipe Riccardi, Atilio Corral, Juan Carlos Niesi","Bernard Weber, Blas Pensato, Mauricio Misseriski, Mauricio Svidovsky, Milo Dojman"
Juan D'Arienzo,Orquesta Típica Juan D'Arienzo,12/14/1972,Llámame Amor Mío,Tango,Osvaldo Ramos,Víctor,Tape-S,Miguel Ratto,Agustín Minotti,,64-75 / For Export (Polito),Juan Polito,Enrique Guerra,"Carlos Lázzari, Luis Maggiolo, Felipe Riccardi, Atilio Corral, Juan Carlos Niesi","Bernard Weber, Blas Pensato, Mauricio Misseriski, Mauricio Svidovsky, Milo Dojman"
Juan D'Arienzo,Orquesta Típica Juan D'Arienzo,12/14/1972,Merecés Un Monumento,Milonga,Echagüe / Laborde,Víctor,Tape-S,Alberto Adducci ,Alberto Adducci,,64-75 / For Export (Polito),Juan Polito,Enrique Guerra,"Carlos Lázzari, Luis Maggiolo, Felipe Riccardi, Atilio Corral, Juan Carlos Niesi","Bernard Weber, Blas Pensato, Mauricio Misseriski, Mauricio Svidovsky, Milo Dojman"
Juan D'Arienzo,Orquesta Típica Juan D'Arienzo,12/14/1972,Mi Dolor,Tango,Osvaldo Ramos,Víctor,Tape-S,Carlos Marcucci,Manuel Meaños,,64-75 / For Export (Polito),Juan Polito,Enrique Guerra,"Carlos Lázzari, Luis Maggiolo, Felipe Riccardi, Atilio Corral, Juan Carlos Niesi","Bernard Weber, Blas Pensato, Mauricio Misseriski, Mauricio Svidovsky, Milo Dojman"
Juan D'Arienzo,Orquesta Típica Juan D'Arienzo,12/14/1972,Mi Vida Yo La Reviento,Tango,Osvaldo Ramos,Víctor,Tape-S,Ernesto Franco ,Osvaldo Santieusanio,,64-75 / For Export (Polito),Juan Polito,Enrique Guerra,"Carlos Lázzari, Luis Maggiolo, Felipe Riccardi, Atilio Corral, Juan Carlos Niesi","Bernard Weber, Blas Pensato, Mauricio Misseriski, Mauricio Svidovsky, Milo Dojman"
Juan D'Arienzo,Orquesta Típica Juan D'Arienzo,12/14/1972,Nacistes Para El Tango,Tango,Instrumental,Víctor,Tape-S,Carlos Lázzari; Donato Racciatti,,,64-75 / For Export (Polito),Juan Polito,Enrique Guerra,"Carlos Lázzari, Luis Maggiolo, Felipe Riccardi, Atilio Corral, Juan Carlos Niesi","Bernard Weber, Blas Pensato, Mauricio Misseriski, Mauricio Svidovsky, Milo Dojman"
Juan D'Arienzo,Orquesta Típica Juan D'Arienzo,12/14/1972,Re Fa Si,Tango,Instrumental,Víctor,Tape-S,Enrique Delfino,,,64-75 / For Export (Polito),Juan Polito,Enrique Guerra,"Carlos Lázzari, Luis Maggiolo, Felipe Riccardi, Atilio Corral, Juan Carlos Niesi","Bernard Weber, Blas Pensato, Mauricio Misseriski, Mauricio Svidovsky, Milo Dojman"
Juan D'Arienzo,Orquesta Típica Juan D'Arienzo,12/14/1972,Selección De Tangos,Tango,Instrumental,Víctor,Tape-S,Various,Various,,64-75 / For Export (Polito),Juan Polito,Enrique Guerra,"Carlos Lázzari, Luis Maggiolo, Felipe Riccardi, Atilio Corral, Juan Carlos Niesi","Bernard Weber, Blas Pensato, Mauricio Misseriski, Mauricio Svidovsky, Milo Dojman"
Juan D'Arienzo,Orquesta Típica Juan D'Arienzo,12/14/1972,Señor Del Compas,Tango,Osvaldo Ramos,Víctor,Tape-S,Luis Guerello,Juan Devoto,,64-75 / For Export (Polito),Juan Polito,Enrique Guerra,"Carlos Lázzari, Luis Maggiolo, Felipe Riccardi, Atilio Corral, Juan Carlos Niesi","Bernard Weber, Blas Pensato, Mauricio Misseriski, Mauricio Svidovsky, Milo Dojman"
Juan D'Arienzo,Orquesta Típica Juan D'Arienzo,12/14/1972,Y Porque No,Tango,Instrumental,Víctor,Tape-S,Armando Pontier,,,64-75 / For Export (Polito),Juan Polito,Enrique Guerra,"Carlos Lázzari, Luis Maggiolo, Felipe Riccardi, Atilio Corral, Juan Carlos Niesi","Bernard Weber, Blas Pensato, Mauricio Misseriski, Mauricio Svidovsky, Milo Dojman"
Juan D'Arienzo,Orquesta Típica Juan D'Arienzo,12/14/1973,"Ay, Aurora",Vals,Alberto Echagüe,Víctor,Tape-S,Carlos Vázquez,Federico Bustíos,,64-75 / For Export (Polito),Juan Polito,Enrique Guerra,"Carlos Lázzari, Luis Maggiolo, Felipe Riccardi, Atilio Corral, Juan Carlos Niesi","Bernard Weber, Blas Pensato, Mauricio Misseriski, Mauricio Svidovsky, Milo Dojman"
Juan D'Arienzo,Orquesta Típica Juan D'Arienzo,12/14/1973,Bailarín Compadrito,Tango,Armando Laborde,Víctor,Tape-S,Miguel Bucino,Miguel Bucino,,64-75 / For Export (Polito),Juan Polito,Enrique Guerra,"Carlos Lázzari, Luis Maggiolo, Felipe Riccardi, Atilio Corral, Juan Carlos Niesi","Bernard Weber, Blas Pensato, Mauricio Misseriski, Mauricio Svidovsky, Milo Dojman"
Juan D'Arienzo,Orquesta Típica Juan D'Arienzo,12/14/1973,Bar Exposición,Tango,Instrumental,Víctor,Tape-S,Luis Teisseire,,,64-75 / For Export (Polito),Juan Polito,Enrique Guerra,"Carlos Lázzari, Luis Maggiolo, Felipe Riccardi, Atilio Corral, Juan Carlos Niesi","Bernard Weber, Blas Pensato, Mauricio Misseriski, Mauricio Svidovsky, Milo Dojman"
Juan D'Arienzo,Orquesta Típica Juan D'Arienzo,12/14/1973,El Pillete,Tango,Instrumental,Víctor,Tape-S,Graciano Leone,,,64-75 / For Export (Polito),Juan Polito,Enrique Guerra,"Carlos Lázzari, Luis Maggiolo, Felipe Riccardi, Atilio Corral, Juan Carlos Niesi","Bernard Weber, Blas Pensato, Mauricio Misseriski, Mauricio Svidovsky, Milo Dojman"
Juan D'Arienzo,Orquesta Típica Juan D'Arienzo,12/14/1973,La Guiñada,Tango,Instrumental,Víctor,Tape-S,Agustín Bardi,,,64-75 / For Export (Polito),Juan Polito,Enrique Guerra,"Carlos Lázzari, Luis Maggiolo, Felipe Riccardi, Atilio Corral, Juan Carlos Niesi","Bernard Weber, Blas Pensato, Mauricio Misseriski, Mauricio Svidovsky, Milo Dojman"
Juan D'Arienzo,Orquesta Típica Juan D'Arienzo,12/14/1973,Mimí Pinsón,Tango,Osvaldo Ramos,Víctor,Tape-S,Aquiles Roggero,José Rótulo,,64-75 / For Export (Polito),Juan Polito,Enrique Guerra,"Carlos Lázzari, Luis Maggiolo, Felipe Riccardi, Atilio Corral, Juan Carlos Niesi","Bernard Weber, Blas Pensato, Mauricio Misseriski, Mauricio Svidovsky, Milo Dojman"
Juan D'Arienzo,Orquesta Típica Juan D'Arienzo,12/14/1973,Primerísimo,Tango,Instrumental,Víctor,Tape-S,Juan Polito,,,64-75 / For Export (Polito),Juan Polito,Enrique Guerra,"Carlos Lázzari, Luis Maggiolo, Felipe Riccardi, Atilio Corral, Juan Carlos Niesi","Bernard Weber, Blas Pensato, Mauricio Misseriski, Mauricio Svidovsky, Milo Dojman"
Juan D'Arienzo,Orquesta Típica Juan D'Arienzo,12/14/1973,Viernes Trece,Tango,Instrumental,Víctor,Tape-S,Rafael Rossi,,,64-75 / For Export (Polito),Juan Polito,Enrique Guerra,"Carlos Lázzari, Luis Maggiolo, Felipe Riccardi, Atilio Corral, Juan Carlos Niesi","Bernard Weber, Blas Pensato, Mauricio Misseriski, Mauricio Svidovsky, Milo Dojman"
Juan D'Arienzo,Orquesta Típica Juan D'Arienzo,12/14/1973,Zorro Gris,Tango,Instrumental,Víctor,Tape-S,Rafael Tuegols,Francisco Jiménez,,64-75 / For Export (Polito),Juan Polito,Enrique Guerra,"Carlos Lázzari, Luis Maggiolo, Felipe Riccardi, Atilio Corral, Juan Carlos Niesi","Bernard Weber, Blas Pensato, Mauricio Misseriski, Mauricio Svidovsky, Milo Dojman"
Juan D'Arienzo,Orquesta Típica Juan D'Arienzo,12/11/1974,Cachadora,Tango,Alberto Echagüe,Víctor,Tape-S,Francisco Lomuto,Pancho Lomuto,,64-75 / For Export (Polito),Juan Polito,Enrique Guerra,"Ernesto Franco, Carlos Lázzari, Luis Maggiolo, Felipe Riccardi, Juan Carlos Niesi","Bernard Weber, Blas Pensato, Mauricio Misseriski, Mauricio Svidovsky, Milo Dojman"
Juan D'Arienzo,Orquesta Típica Juan D'Arienzo,12/11/1974,Churrasca,Tango,Armando Laborde,Víctor,Tape-S,Francisco Lomuto,Pancho Lomuto,,64-75 / For Export (Polito),Juan Polito,Enrique Guerra,"Ernesto Franco, Carlos Lázzari, Luis Maggiolo, Felipe Riccardi, Juan Carlos Niesi","Bernard Weber, Blas Pensato, Mauricio Misseriski, Mauricio Svidovsky, Milo Dojman"
Juan D'Arienzo,Orquesta Típica Juan D'Arienzo,12/11/1974,Dímelo Al Oído,Tango,Osvaldo Ramos,Víctor,Tape-S,Francisco Lomuto,Pancho Lomuto,,64-75 / For Export (Polito),Juan Polito,Enrique Guerra,"Ernesto Franco, Carlos Lázzari, Luis Maggiolo, Felipe Riccardi, Juan Carlos Niesi","Bernard Weber, Blas Pensato, Mauricio Misseriski, Mauricio Svidovsky, Milo Dojman"
Juan D'Arienzo,Orquesta Típica Juan D'Arienzo,12/11/1974,La Rezongona,Tango,Instrumental,Víctor,Tape-S,Francisco Lomuto,,,64-75 / For Export (Polito),Juan Polito,Enrique Guerra,"Ernesto Franco, Carlos Lázzari, Luis Maggiolo, Felipe Riccardi, Juan Carlos Niesi","Bernard Weber, Blas Pensato, Mauricio Misseriski, Mauricio Svidovsky, Milo Dojman"
Juan D'Arienzo,Orquesta Típica Juan D'Arienzo,12/11/1974,Mala Suerte,Tango,Alberto Echagüe,Víctor,Tape-S,Francisco Lomuto,Francisco Gorrindo,,64-75 / For Export (Polito),Juan Polito,Enrique Guerra,"Ernesto Franco, Carlos Lázzari, Luis Maggiolo, Felipe Riccardi, Juan Carlos Niesi","Bernard Weber, Blas Pensato, Mauricio Misseriski, Mauricio Svidovsky, Milo Dojman"
Juan D'Arienzo,Orquesta Típica Juan D'Arienzo,12/11/1974,Mis Amigos De Ayer,Tango,Armando Laborde,Víctor,Tape-S,Francisco Lomuto,José Contursi,,64-75 / For Export (Polito),Juan Polito,Enrique Guerra,"Ernesto Franco, Carlos Lázzari, Luis Maggiolo, Felipe Riccardi, Juan Carlos Niesi","Bernard Weber, Blas Pensato, Mauricio Misseriski, Mauricio Svidovsky, Milo Dojman"
Juan D'Arienzo,Orquesta Típica Juan D'Arienzo,12/11/1974,Muchachita Del Campo,Tango,Osvaldo Ramos,Víctor,Tape-S,Francisco Lomuto,Manuel Romero,,64-75 / For Export (Polito),Juan Polito,Enrique Guerra,"Ernesto Franco, Carlos Lázzari, Luis Maggiolo, Felipe Riccardi, Juan Carlos Niesi","Bernard Weber, Blas Pensato, Mauricio Misseriski, Mauricio Svidovsky, Milo Dojman"
Juan D'Arienzo,Orquesta Típica Juan D'Arienzo,12/11/1974,Muñequita,Tango,Instrumental,Víctor,Tape-S,Francisco Lomuto,Adolfo Herschel,,64-75 / For Export (Polito),Juan Polito,Enrique Guerra,"Ernesto Franco, Carlos Lázzari, Luis Maggiolo, Felipe Riccardi, Juan Carlos Niesi","Bernard Weber, Blas Pensato, Mauricio Misseriski, Mauricio Svidovsky, Milo Dojman"
Juan D'Arienzo,Orquesta Típica Juan D'Arienzo,12/11/1974,Nunca Más,Tango,Alberto Echagüe,Víctor,Tape-S,Francisco Lomuto,Oscar Lomuto,,64-75 / For Export (Polito),Juan Polito,Enrique Guerra,"Ernesto Franco, Carlos Lázzari, Luis Maggiolo, Felipe Riccardi, Juan Carlos Niesi","Bernard Weber, Blas Pensato, Mauricio Misseriski, Mauricio Svidovsky, Milo Dojman"
Juan D'Arienzo,Orquesta Típica Juan D'Arienzo,12/11/1974,Si Dejaras De Quererme,Tango,Ramos / Laborde,Víctor,Tape-S,Francisco Lomuto,Pancho Lomuto,,64-75 / For Export (Polito),Juan Polito,Enrique Guerra,"Ernesto Franco, Carlos Lázzari, Luis Maggiolo, Felipe Riccardi, Juan Carlos Niesi","Bernard Weber, Blas Pensato, Mauricio Misseriski, Mauricio Svidovsky, Milo Dojman"
Juan D'Arienzo,Orquesta Típica Juan D'Arienzo,12/11/1974,Sombras Nada Más,Tango,Osvaldo Ramos,Víctor,Tape-S,Francisco Lomuto,José Contursi,,64-75 / For Export (Polito),Juan Polito,Enrique Guerra,"Ernesto Franco, Carlos Lázzari, Luis Maggiolo, Felipe Riccardi, Juan Carlos Niesi","Bernard Weber, Blas Pensato, Mauricio Misseriski, Mauricio Svidovsky, Milo Dojman"
Juan D'Arienzo,Orquesta Típica Juan D'Arienzo,12/11/1974,Tango Amigo,Tango,Armando Laborde,Víctor,Tape-S,Francisco Lomuto,Manuel Romero,,64-75 / For Export (Polito),Juan Polito,Enrique Guerra,"Ernesto Franco, Carlos Lázzari, Luis Maggiolo, Felipe Riccardi, Juan Carlos Niesi","Bernard Weber, Blas Pensato, Mauricio Misseriski, Mauricio Svidovsky, Milo Dojman"
Juan D'Arienzo,Orquesta Típica Juan D'Arienzo,1/30/1975,Chavero Soy,Tango,Osvaldo Ramos,Víctor,Tape-S,Armando Salgueiro,Armando Salgueiro,,64-75 / For Export (Polito),Juan Polito,Enrique Guerra,"Ernesto Franco, Carlos Lázzari, Luis Maggiolo, Felipe Riccardi, Juan Carlos Niesi","Bernard Weber, Blas Pensato, Mauricio Misseriski, Mauricio Svidovsky, Milo Dojman"
Juan D'Arienzo,Orquesta Típica Juan D'Arienzo,1/30/1975,Dialogando Con El Río,Tango,Osvaldo Ramos,Víctor,Tape-S,Juan Polito,Abel Orlando,,64-75 / For Export (Polito),Juan Polito,Enrique Guerra,"Ernesto Franco, Carlos Lázzari, Luis Maggiolo, Felipe Riccardi, Juan Carlos Niesi","Bernard Weber, Blas Pensato, Mauricio Misseriski, Mauricio Svidovsky, Milo Dojman"
Juan D'Arienzo,Orquesta Típica Juan D'Arienzo,1/30/1975,Otra Noche Porteña,Tango,Armando Laborde,Víctor,Tape-S,,,,64-75 / For Export (Polito),Juan Polito,Enrique Guerra,"Ernesto Franco, Carlos Lázzari, Luis Maggiolo, Felipe Riccardi, Juan Carlos Niesi","Bernard Weber, Blas Pensato, Mauricio Misseriski, Mauricio Svidovsky, Milo Dojman"
Juan D'Arienzo,Orquesta Típica Juan D'Arienzo,1/30/1975,Para Vos Mi Querida Pebeta,Tango,Osvaldo Ramos,Víctor,Tape-S,Edgardo Truffa; Carlos Lázzari; Ernesto Franco,Edgardo Truffa; Carlos Lázzari; Ernesto Franco,,64-75 / For Export (Polito),Juan Polito,Enrique Guerra,"Ernesto Franco, Carlos Lázzari, Luis Maggiolo, Felipe Riccardi, Juan Carlos Niesi","Bernard Weber, Blas Pensato, Mauricio Misseriski, Mauricio Svidovsky, Milo Dojman"
Juan D'Arienzo,Orquesta Típica Juan D'Arienzo,1/30/1975,Rio Bamba,Tango,Instrumental,Víctor,Tape-S,Francisco Lomuto,,,64-75 / For Export (Polito),Juan Polito,Enrique Guerra,"Ernesto Franco, Carlos Lázzari, Luis Maggiolo, Felipe Riccardi, Juan Carlos Niesi","Bernard Weber, Blas Pensato, Mauricio Misseriski, Mauricio Svidovsky, Milo Dojman"
Juan D'Arienzo,Orquesta Típica Juan D'Arienzo,1/30/1975,Romance De Otoño,Tango,Osvaldo Ramos,Víctor,Tape-S,Luis Stazo,Federico Silva,,64-75 / For Export (Polito),Juan Polito,Enrique Guerra,"Ernesto Franco, Carlos Lázzari, Luis Maggiolo, Felipe Riccardi, Juan Carlos Niesi","Bernard Weber, Blas Pensato, Mauricio Misseriski, Mauricio Svidovsky, Milo Dojman"
Juan D'Arienzo,Orquesta Típica Juan D'Arienzo,1/30/1975,Soy Un Gorrion Esquinero,Tango,Osvaldo Ramos,Víctor,Tape-S,Ángel Guevara,Ángel Guevara,,64-75 / For Export (Polito),Juan Polito,Enrique Guerra,"Ernesto Franco, Carlos Lázzari, Luis Maggiolo, Felipe Riccardi, Juan Carlos Niesi","Bernard Weber, Blas Pensato, Mauricio Misseriski, Mauricio Svidovsky, Milo Dojman"
Juan D'Arienzo,Orquesta Típica Juan D'Arienzo,1/30/1975,Su Pena,Tango,Osvaldo Ramos,Víctor,Tape-S,C. D'Amico,,,64-75 / For Export (Polito),Juan Polito,Enrique Guerra,"Ernesto Franco, Carlos Lázzari, Luis Maggiolo, Felipe Riccardi, Juan Carlos Niesi","Bernard Weber, Blas Pensato, Mauricio Misseriski, Mauricio Svidovsky, Milo Dojman"
Juan D'Arienzo,Orquesta Típica Juan D'Arienzo,1/30/1975,Vamos Topo Todavia,Tango,Alberto Echagüe,Víctor,Tape-S,Vicente Demarco,Vicente Demarco,,64-75 / For Export (Polito),Juan Polito,Enrique Guerra,"Ernesto Franco, Carlos Lázzari, Luis Maggiolo, Felipe Riccardi, Juan Carlos Niesi","Bernard Weber, Blas Pensato, Mauricio Misseriski, Mauricio Svidovsky, Milo Dojman"
