 Bandleader , Orchestra , Date , Title , Genre , Singer , Label , Master , Composer , Author , Arranger , Grouping ,Pianist,Bassist,Bandoneons,Strings
Osvaldo Fresedo,Trio Fresedo-Tito-Cobián,1917,Amoníaco,Tango,Instrumental,Tele-phone,Acoustic,Osvaldo Fresedo,,,17-26 / Acoustic,,,Osvaldo Fresedo,"David “Tito” Roccatagliata, Juan Carlos Cobián (guitar)"
Osvaldo Fresedo,Trio Fresedo-Tito-Cobián,1917,Buenos Aires Tenebroso,Tango,Instrumental,Tele-phone,Acoustic,David Roccatagliata,,,17-26 / Acoustic,,,Osvaldo Fresedo,"David “Tito” Roccatagliata, Juan Carlos Cobián (guitar)"
Osvaldo Fresedo,Trio Fresedo-Tito-Cobián,1917,Don Pancho,Tango,Instrumental,Tele-phone,Acoustic,Osvaldo Fresedo,,,17-26 / Acoustic,,,Osvaldo Fresedo,"David “Tito” Roccatagliata, Juan Carlos Cobián (guitar)"
Osvaldo Fresedo,Trio Fresedo-Tito-Cobián,1917,La Cumparsita,Tango,Instrumental,Tele-phone,Acoustic,Gerardo Matos Rodríguez,,,17-26 / Acoustic,,,Osvaldo Fresedo,"David “Tito” Roccatagliata, Juan Carlos Cobián (guitar)"
Osvaldo Fresedo,Orquesta Típica Fresedo,1924,Destino De Mujer,Tango,Instrumental,Victor,Acoustic,Osman Pérez Freire,,,17-26 / Acoustic,José María Rizzuti,"Humberto Costanzo, Raúl Fresedo (drums)","Osvaldo Fresedo, Alberto Rodríguez, Luis Petrucelli","Manlio Francia, Adolfo Muzzi, Jean Koller"
Osvaldo Fresedo,Orquesta Típica Fresedo,1924,Hollín,Tango,Instrumental,Victor,Acoustic,José Rizzuti,,,17-26 / Acoustic,José María Rizzuti,"Humberto Costanzo, Raúl Fresedo (drums)","Osvaldo Fresedo, Alberto Rodríguez","Manlio Francia, Adolfo Muzzi, Jean Koller"
Osvaldo Fresedo,Orquesta Típica Fresedo,1924,Mis Amarguras,Tango,Instrumental,Victor,Acoustic,Juan Durán,,,17-26 / Acoustic,José María Rizzuti,"Humberto Costanzo, Raúl Fresedo (drums)","Osvaldo Fresedo, Alberto Rodríguez","Manlio Francia, Adolfo Muzzi, Jean Koller"
Osvaldo Fresedo,Orquesta Típica Fresedo,1924,Negro El 20,Tango,Instrumental,Victor,Acoustic,Luis Petrucelli,,,17-26 / Acoustic,José María Rizzuti,"Humberto Costanzo, Raúl Fresedo (drums)","Osvaldo Fresedo, Alberto Rodríguez, Luis Petrucelli","Manlio Francia, Adolfo Muzzi, Jean Koller"
Osvaldo Fresedo,Orquesta Típica Fresedo,1924,Tristezas,Tango,Instrumental,Victor,Acoustic,A. Wiurnos,,,17-26 / Acoustic,José María Rizzuti,"Humberto Costanzo, Raúl Fresedo (drums)","Osvaldo Fresedo, Alberto Rodríguez, Luis Petrucelli","Manlio Francia, Adolfo Muzzi, Jean Koller"
Osvaldo Fresedo,Orquesta Típica Fresedo,1924,Tu Nobleza,Tango,Instrumental,Victor,Acoustic,Francisco Esmella,,,17-26 / Acoustic,José María Rizzuti,"Humberto Costanzo, Raúl Fresedo (drums)","Osvaldo Fresedo, Alberto Rodríguez, Luis Petrucelli","Manlio Francia, Adolfo Muzzi, Jean Koller"
Osvaldo Fresedo,Orquesta Típica Fresedo,1925,Alma De Bohemio,Tango,Instrumental,Odeon,Acoustic,Roberto Firpo,Juan Caruso,,17-26 / Acoustic,José María Rizzuti,Humberto Costanzo,"Osvaldo Fresedo, Alberto Rodríguez","Adolfo Muzzi, Jean Koller"
Osvaldo Fresedo,Orquesta Típica Fresedo,1925,Ave Cantora,Tango,Instrumental,Odeon,Acoustic,Rafael Rossi,,,17-26 / Acoustic,José María Rizzuti,Humberto Costanzo,"Osvaldo Fresedo, Alberto Rodríguez","Adolfo Muzzi, Jean Koller"
Osvaldo Fresedo,Orquesta Típica Fresedo,1925,Boquita De Ángel,Tango,Instrumental,Odeon,Acoustic,Humberto Constanzo,,,17-26 / Acoustic,José María Rizzuti,Humberto Costanzo,"Osvaldo Fresedo, Alberto Rodríguez","Adolfo Muzzi, Jean Koller"
Osvaldo Fresedo,Orquesta Típica Fresedo,1925,Buena Vida,Tango,Instrumental,Odeon,Acoustic,Alberto Rodríguez,,,17-26 / Acoustic,José María Rizzuti,Humberto Costanzo,"Osvaldo Fresedo, Alberto Rodríguez","Adolfo Muzzi, Jean Koller"
Osvaldo Fresedo,Orquesta Típica Fresedo,1925,Canillita,Tango,Instrumental,Odeon,Acoustic,Tomás de Bassi,,,17-26 / Acoustic,José María Rizzuti,Humberto Costanzo,"Osvaldo Fresedo, Alberto Rodríguez","Adolfo Muzzi, Jean Koller"
Osvaldo Fresedo,Orquesta Típica Fresedo,1925,Cicatrices,Tango,Instrumental,Odeon,Acoustic,Adolfo Avilés,Enrique Maroni,,17-26 / Acoustic,José María Rizzuti,Humberto Costanzo,"Osvaldo Fresedo, Alberto Rodríguez","Adolfo Muzzi, Jean Koller"
Osvaldo Fresedo,Orquesta Típica Fresedo,1925,Coranzoncito De Nieve,Tango,Instrumental,Odeon,Acoustic,Pacifico Lambertucci,,,17-26 / Acoustic,José María Rizzuti,Humberto Costanzo,"Osvaldo Fresedo, Alberto Rodríguez","Adolfo Muzzi, Jean Koller"
Osvaldo Fresedo,Orquesta Típica Fresedo,1925,Criollazo,Tango,Instrumental,Odeon,Acoustic,Juan Rodríguez,,,17-26 / Acoustic,José María Rizzuti,Humberto Costanzo,"Osvaldo Fresedo, Alberto Rodríguez","Adolfo Muzzi, Jean Koller"
Osvaldo Fresedo,Orquesta Típica Fresedo,1925,Deseos,Tango,Instrumental,Odeon,Acoustic,Justo Trivelli,,,17-26 / Acoustic,José María Rizzuti,Humberto Costanzo,"Osvaldo Fresedo, Alberto Rodríguez","Adolfo Muzzi, Jean Koller"
Osvaldo Fresedo,Orquesta Típica Fresedo,1925,El Abrojito,Tango,Instrumental,Odeon,Acoustic,Luis Bernstein,Jesús Fernández Blanco,,17-26 / Acoustic,José María Rizzuti,Humberto Costanzo,"Osvaldo Fresedo, Alberto Rodríguez","Adolfo Muzzi, Jean Koller"
Osvaldo Fresedo,Orquesta Típica Fresedo,1925,El Alma De La Calle,Tango,Instrumental,Odeon,Acoustic,Raúl de los Hoyos,José Ferreyra,,17-26 / Acoustic,José María Rizzuti,Humberto Costanzo,"Osvaldo Fresedo, Alberto Rodríguez","Adolfo Muzzi, Jean Koller"
Osvaldo Fresedo,Orquesta Típica Fresedo,1925,El Malevo,Tango,Instrumental,Victor,Acoustic,R. Dodero,,,17-26 / Acoustic,José María Rizzuti,"Humberto Costanzo, Raúl Fresedo (drums)","Osvaldo Fresedo, Alberto Rodríguez","Manlio Francia, Adolfo Muzzi, Jean Koller"
Osvaldo Fresedo,Orquesta Típica Fresedo,1925,Entrá Nomás,Tango,Instrumental,Odeon,Acoustic,Juan Rezzano,Francisco Bastardi,,17-26 / Acoustic,José María Rizzuti,Humberto Costanzo,"Osvaldo Fresedo, Alberto Rodríguez","Adolfo Muzzi, Jean Koller"
Osvaldo Fresedo,Orquesta Típica Fresedo,1925,Fea,Tango,Carlos Gardel,Odeon,Acoustic,Horacio Pettorossi,Alfredo Navarrine,,17-26 / Acoustic,José María Rizzuti,Humberto Costanzo,"Osvaldo Fresedo, Alberto Rodríguez","Adolfo Muzzi, Jean Koller"
Osvaldo Fresedo,Orquesta Típica Fresedo,1925,Girón De Pampa,Tango,Instrumental,Odeon,Acoustic,Pascual Mazzeo,,,17-26 / Acoustic,José María Rizzuti,Humberto Costanzo,"Osvaldo Fresedo, Alberto Rodríguez","Adolfo Muzzi, Jean Koller"
Osvaldo Fresedo,Orquesta Típica Fresedo,1925,Hormiguita,Tango,Instrumental,Victor,Acoustic,Emilio Cárcano,,,17-26 / Acoustic,José María Rizzuti,"Humberto Costanzo, Raúl Fresedo (drums)","Osvaldo Fresedo, Alberto Rodríguez","Manlio Francia, Adolfo Muzzi, Jean Koller"
Osvaldo Fresedo,Orquesta Típica Fresedo,1925,Indio Sentimental,Tango,Instrumental,Odeon,Acoustic,Alberto Rodríguez,,,17-26 / Acoustic,José María Rizzuti,Humberto Costanzo,"Osvaldo Fresedo, Alberto Rodríguez","Adolfo Muzzi, Jean Koller"
Osvaldo Fresedo,Orquesta Típica Fresedo,1925,La Lora,Tango,Instrumental,Odeon,Acoustic,Domingo Salerno,,,17-26 / Acoustic,José María Rizzuti,Humberto Costanzo,"Osvaldo Fresedo, Alberto Rodríguez","Adolfo Muzzi, Jean Koller"
Osvaldo Fresedo,Orquesta Típica Fresedo,1925,Langosta,Tango,Instrumental,Odeon,Acoustic,Juan Filiberto,Juan Bruno,,17-26 / Acoustic,José María Rizzuti,Humberto Costanzo,"Osvaldo Fresedo, Alberto Rodríguez","Adolfo Muzzi, Jean Koller"
Osvaldo Fresedo,Orquesta Típica Fresedo,1925,Luciérnaga,Tango,Instrumental,Victor,Acoustic,Alejandro Burmeister,,,17-26 / Acoustic,José María Rizzuti,Humberto Costanzo,"Osvaldo Fresedo, Alberto Rodríguez","Manlio Francia, Adolfo Muzzi, Jean Koller"
Osvaldo Fresedo,Orquesta Típica Fresedo,1925,Maldita Noche,Tango,Instrumental,Victor,Acoustic,Alberto Rodríguez,Amadeo Canale,,17-26 / Acoustic,José María Rizzuti,Humberto Costanzo,"Osvaldo Fresedo, Alberto Rodríguez","Manlio Francia, Adolfo Muzzi, Jean Koller"
Osvaldo Fresedo,Orquesta Típica Fresedo,1925,Maldita Visión,Tango,Instrumental,Odeon,Acoustic,Manlio Francia,José Barros,,17-26 / Acoustic,José María Rizzuti,Humberto Costanzo,"Osvaldo Fresedo, Alberto Rodríguez","Adolfo Muzzi, Jean Koller"
Osvaldo Fresedo,Orquesta Típica Fresedo,1925,Mi Estrella,Tango,Instrumental,Odeon,Acoustic,José Rizzuti,,,17-26 / Acoustic,José María Rizzuti,Humberto Costanzo,"Osvaldo Fresedo, Alberto Rodríguez","Adolfo Muzzi, Jean Koller"
Osvaldo Fresedo,Orquesta Típica Fresedo,1925,Orquídeas Negras,Vals,Instrumental,Odeon,Acoustic,Víctor Troysi,,,17-26 / Acoustic,José María Rizzuti,Humberto Costanzo,"Osvaldo Fresedo, Alberto Rodríguez","Adolfo Muzzi, Jean Koller"
Osvaldo Fresedo,Orquesta Típica Fresedo,1925,Perdón Viejita,Tango,Carlos Gardel,Odeon,Acoustic,Osvaldo Fresedo,Juan Saldías,,17-26 / Acoustic,José María Rizzuti,Humberto Costanzo,"Osvaldo Fresedo, Alberto Rodríguez","Adolfo Muzzi, Jean Koller"
Osvaldo Fresedo,Orquesta Típica Fresedo,1925,Perdón Viejita,Tango,Instrumental,Odeon,Acoustic,Osvaldo Fresedo,Juan Saldías,,17-26 / Acoustic,José María Rizzuti,Humberto Costanzo,"Osvaldo Fresedo, Alberto Rodríguez","Adolfo Muzzi, Jean Koller"
Osvaldo Fresedo,Orquesta Típica Fresedo,1925,Piedad,Tango,Instrumental,Victor,Acoustic,José Rizzuti,,,17-26 / Acoustic,José María Rizzuti,Humberto Costanzo,"Osvaldo Fresedo, Alberto Rodríguez","Manlio Francia, Adolfo Muzzi, Jean Koller"
Osvaldo Fresedo,Orquesta Típica Fresedo,1925,Pilchas Viejas,Tango,Instrumental,Odeon,Acoustic,Adolfo Muzzi,,,17-26 / Acoustic,José María Rizzuti,Humberto Costanzo,"Osvaldo Fresedo, Alberto Rodríguez","Adolfo Muzzi, Jean Koller"
Osvaldo Fresedo,Orquesta Típica Fresedo,1925,Pobre Rosa,Tango,Instrumental,Odeon,Acoustic,Antonio Frizziani,,,17-26 / Acoustic,José María Rizzuti,Humberto Costanzo,"Osvaldo Fresedo, Alberto Rodríguez","Adolfo Muzzi, Jean Koller"
Osvaldo Fresedo,Orquesta Típica Fresedo,1925,Presumida,Tango,Instrumental,Odeon,Acoustic,Elio Rietti,Julio Sanders,,17-26 / Acoustic,José María Rizzuti,Humberto Costanzo,"Osvaldo Fresedo, Alberto Rodríguez","Adolfo Muzzi, Jean Koller"
Osvaldo Fresedo,Orquesta Típica Fresedo,1925,Risa De Cabaret,Tango,Instrumental,Odeon,Acoustic,José Rizzuti,,,17-26 / Acoustic,José María Rizzuti,Humberto Costanzo,"Osvaldo Fresedo, Alberto Rodríguez","Adolfo Muzzi, Jean Koller"
Osvaldo Fresedo,Orquesta Típica Fresedo,1925,Solitario,Tango,Instrumental,Odeon,Acoustic,E. Romano,,,17-26 / Acoustic,José María Rizzuti,Humberto Costanzo,"Osvaldo Fresedo, Alberto Rodríguez","Adolfo Muzzi, Jean Koller"
Osvaldo Fresedo,Orquesta Típica Fresedo,1925,Trago Amargo,Tango,Instrumental,Odeon,Acoustic,Rafael Iriarte,,,17-26 / Acoustic,José María Rizzuti,Humberto Costanzo,"Osvaldo Fresedo, Alberto Rodríguez","Adolfo Muzzi, Jean Koller"
Osvaldo Fresedo,Orquesta Típica Fresedo,1925,Tus Ojos,Tango,Instrumental,Odeon,Acoustic,Alberto Rodríguez,,,17-26 / Acoustic,José María Rizzuti,Humberto Costanzo,"Osvaldo Fresedo, Alberto Rodríguez","Adolfo Muzzi, Jean Koller"
Osvaldo Fresedo,Orquesta Típica Fresedo,1925,Viejo Rincón,Tango,Instrumental,Odeon,Acoustic,Raúl de los Hoyos,Roberto Cayol,,17-26 / Acoustic,José María Rizzuti,Humberto Costanzo,"Osvaldo Fresedo, Alberto Rodríguez","Adolfo Muzzi, Jean Koller"
Osvaldo Fresedo,Orquesta Típica Fresedo,1925,Virgencita,Tango,Instrumental,Victor,Acoustic,Manuel Moreno,Fabiano Lozano,,17-26 / Acoustic,José María Rizzuti,Humberto Costanzo,"Osvaldo Fresedo, Alberto Rodríguez","Manlio Francia, Adolfo Muzzi, Jean Koller"
Osvaldo Fresedo,Orquesta Típica Fresedo,1925,Volvé Otra Vez,Tango,Instrumental,Odeon,Acoustic,Juan Rezzano,,,17-26 / Acoustic,José María Rizzuti,Humberto Costanzo,"Osvaldo Fresedo, Alberto Rodríguez","Adolfo Muzzi, Jean Koller"
Osvaldo Fresedo,Orquesta Típica Fresedo,1926,A Las Dos De La Mañana,Tango,Instrumental,Odeon,Acoustic,Edgardo Donato,Gerónimo Martinelli Massa,,17-26 / Acoustic,José María Rizzuti,Humberto Costanzo,"Osvaldo Fresedo, Alberto Rodríguez","Adolfo Muzzi, Jean Koller"
Osvaldo Fresedo,Orquesta Típica Fresedo,1926,A Rienda Suelta,Tango,Instrumental,Odeon,Acoustic,Esteban González,Ángel Marino,,17-26 / Acoustic,José María Rizzuti,Humberto Costanzo,"Osvaldo Fresedo, Alberto Rodríguez","Adolfo Muzzi, Jean Koller"
Osvaldo Fresedo,Orquesta Típica Fresedo,1926,Abuelito,Tango,Instrumental,Odeon,Acoustic,Alberto Laporte,Carlos Cabral; Eduardo Trongé,,17-26 / Acoustic,José María Rizzuti,Humberto Costanzo,"Osvaldo Fresedo, Alberto Rodríguez","Adolfo Muzzi, Jean Koller"
Osvaldo Fresedo,Orquesta Típica Fresedo,1926,Acordate,Tango,Instrumental,Odeon,Acoustic,Juan Rezzano,J. Franco,,17-26 / Acoustic,José María Rizzuti,Humberto Costanzo,"Osvaldo Fresedo, Alberto Rodríguez","Adolfo Muzzi, Jean Koller"
Osvaldo Fresedo,Orquesta Típica Fresedo,1926,Acordes,Tango,Instrumental,Odeon,Acoustic,Carlos Geroni Flores,,,17-26 / Acoustic,José María Rizzuti,Humberto Costanzo,"Osvaldo Fresedo, Alberto Rodríguez","Adolfo Muzzi, Jean Koller"
Osvaldo Fresedo,Orquesta Típica Fresedo,1926,Acuarelas,Tango,Instrumental,Odeon,Acoustic,Alberto Rodríguez,,,17-26 / Acoustic,José María Rizzuti,Humberto Costanzo,"Osvaldo Fresedo, Alberto Rodríguez","Adolfo Muzzi, Jean Koller"
Osvaldo Fresedo,Orquesta Típica Fresedo,1926,Al Besarte,Tango,Instrumental,Odeon,Acoustic,Ramón Gutiérrez del Barrio,,,17-26 / Acoustic,José María Rizzuti,Humberto Costanzo,"Osvaldo Fresedo, Alberto Rodríguez","Adolfo Muzzi, Jean Koller"
Osvaldo Fresedo,Orquesta Típica Fresedo,1926,Albión,Tango,Instrumental,Odeon,Acoustic,Ángel Greco,,,17-26 / Acoustic,José María Rizzuti,Humberto Costanzo,"Osvaldo Fresedo, Alberto Rodríguez","Adolfo Muzzi, Jean Koller"
Osvaldo Fresedo,Orquesta Típica Fresedo,1926,Allá En El Patio,Tango,Instrumental,Odeon,Acoustic,Arturo Bochatón,Juan Bruno,,17-26 / Acoustic,José María Rizzuti,Humberto Costanzo,"Osvaldo Fresedo, Alberto Rodríguez","Adolfo Muzzi, Jean Koller"
Osvaldo Fresedo,Orquesta Típica Fresedo,1926,Alma Negra,Tango,Instrumental,Odeon,Acoustic,Udelino Toranzo,,,17-26 / Acoustic,José María Rizzuti,Humberto Costanzo,"Osvaldo Fresedo, Alberto Rodríguez","Adolfo Muzzi, Jean Koller"
Osvaldo Fresedo,Orquesta Típica Fresedo,1926,Amar A Besos,Tango,Instrumental,Odeon,Acoustic,José Rizzuti,Eduardo Calvo,,17-26 / Acoustic,José María Rizzuti,Humberto Costanzo,"Osvaldo Fresedo, Alberto Rodríguez","Adolfo Muzzi, Jean Koller"
Osvaldo Fresedo,Orquesta Típica Fresedo,1926,América,Tango,Instrumental,Odeon,Acoustic,José Marco,,,17-26 / Acoustic,José María Rizzuti,Humberto Costanzo,"Osvaldo Fresedo, Alberto Rodríguez","Adolfo Muzzi, Jean Koller"
Osvaldo Fresedo,Orquesta Típica Fresedo,1926,Amor Que Llora,Tango,Instrumental,Odeon,Acoustic,Osvaldo Fresedo,,,17-26 / Acoustic,José María Rizzuti,Humberto Costanzo,"Osvaldo Fresedo, Alberto Rodríguez","Adolfo Muzzi, Jean Koller"
Osvaldo Fresedo,Orquesta Típica Fresedo,1926,Amor Trágico,Tango,Instrumental,Odeon,Acoustic,Eugenio Cárdenas,,,17-26 / Acoustic,José María Rizzuti,Humberto Costanzo,"Osvaldo Fresedo, Alberto Rodríguez","Adolfo Muzzi, Jean Koller"
Osvaldo Fresedo,Orquesta Típica Fresedo,1926,Anhelos,Tango,Instrumental,Odeon,Acoustic,Adolfo Muzzi,,,17-26 / Acoustic,José María Rizzuti,Humberto Costanzo,"Osvaldo Fresedo, Alberto Rodríguez","Adolfo Muzzi, Jean Koller"
Osvaldo Fresedo,Orquesta Típica Fresedo,1926,Anoche A Las Dos,Tango,Instrumental,Odeon,Acoustic,Raúl de los Hoyos,Roberto Cayol,,17-26 / Acoustic,José María Rizzuti,Humberto Costanzo,"Osvaldo Fresedo, Alberto Rodríguez","Adolfo Muzzi, Jean Koller"
Osvaldo Fresedo,Orquesta Típica Fresedo,1926,Aquel Cuartito De La Pensión,Tango,Instrumental,Odeon,Acoustic,Raúl de los Hoyos,Carlos Viale Paz,,17-26 / Acoustic,José María Rizzuti,Humberto Costanzo,"Osvaldo Fresedo, Alberto Rodríguez","Adolfo Muzzi, Jean Koller"
Osvaldo Fresedo,Orquesta Típica Fresedo,1926,Aquella Cantina De La Rivera,Tango,Instrumental,Odeon,Acoustic,Cátulo Castillo,,,17-26 / Acoustic,José María Rizzuti,Humberto Costanzo,"Osvaldo Fresedo, Alberto Rodríguez","Adolfo Muzzi, Jean Koller"
Osvaldo Fresedo,Orquesta Típica Fresedo,1926,Atavismo,Tango,Instrumental,Odeon,Acoustic,Fausto Frontera,,,17-26 / Acoustic,José María Rizzuti,Humberto Costanzo,"Osvaldo Fresedo, Alberto Rodríguez","Adolfo Muzzi, Jean Koller"
Osvaldo Fresedo,Orquesta Típica Fresedo,1926,Ave Negra,Tango,Instrumental,Odeon,Acoustic,Bernardo Germino,,,17-26 / Acoustic,José María Rizzuti,Humberto Costanzo,"Osvaldo Fresedo, Alberto Rodríguez","Adolfo Muzzi, Jean Koller"
Osvaldo Fresedo,Orquesta Típica Fresedo,1926,Ave Sin Rumbo,Tango,Instrumental,Odeon,Acoustic,Carlos Gardel; José Razzano,Carlos Gardel; José Razzano,,17-26 / Acoustic,José María Rizzuti,Humberto Costanzo,"Osvaldo Fresedo, Alberto Rodríguez","Adolfo Muzzi, Jean Koller"
Osvaldo Fresedo,Orquesta Típica Fresedo,1926,Bailarina,Tango,Instrumental,Odeon,Acoustic,Juan Baüer,,,17-26 / Acoustic,José María Rizzuti,Humberto Costanzo,"Osvaldo Fresedo, Alberto Rodríguez","Adolfo Muzzi, Jean Koller"
Osvaldo Fresedo,Orquesta Típica Fresedo,1926,Bésame En La Boca,Tango,Instrumental,Odeon,Acoustic,José Rizzuti,Eduardo Calvo,,17-26 / Acoustic,José María Rizzuti,Humberto Costanzo,"Osvaldo Fresedo, Alberto Rodríguez","Adolfo Muzzi, Jean Koller"
Osvaldo Fresedo,Orquesta Típica Fresedo,1926,Besos Falsos,Tango,Instrumental,Odeon,Acoustic,José Rizzuti,,,17-26 / Acoustic,José María Rizzuti,Humberto Costanzo,"Osvaldo Fresedo, Alberto Rodríguez","Adolfo Muzzi, Jean Koller"
Osvaldo Fresedo,Orquesta Típica Fresedo,1926,Buena Mano,Tango,Instrumental,Odeon,Acoustic,Francisco Russo,,,17-26 / Acoustic,José María Rizzuti,Humberto Costanzo,"Osvaldo Fresedo, Alberto Rodríguez","Adolfo Muzzi, Jean Koller"
Osvaldo Fresedo,Orquesta Típica Fresedo,1926,Buena Yunta,Tango,Instrumental,Odeon,Acoustic,Nerón Ferrazzano,Luis Rubistein,,17-26 / Acoustic,José María Rizzuti,Humberto Costanzo,"Osvaldo Fresedo, Alberto Rodríguez","Adolfo Muzzi, Jean Koller"
Osvaldo Fresedo,Orquesta Típica Fresedo,1926,Cachita,Tango,Instrumental,Odeon,Acoustic,Roque Sillitti,,,17-26 / Acoustic,José María Rizzuti,Humberto Costanzo,"Osvaldo Fresedo, Alberto Rodríguez","Adolfo Muzzi, Jean Koller"
Osvaldo Fresedo,Orquesta Típica Fresedo,1926,Caferata,Tango,Instrumental,Odeon,Acoustic,Antonio Scatasso,Pascual Contursi,,17-26 / Acoustic,José María Rizzuti,Humberto Costanzo,"Osvaldo Fresedo, Alberto Rodríguez","Adolfo Muzzi, Jean Koller"
Osvaldo Fresedo,Orquesta Típica Fresedo,1926,Cariños,Tango,Instrumental,Odeon,Acoustic,José Gagliardi,,,17-26 / Acoustic,José María Rizzuti,Humberto Costanzo,"Osvaldo Fresedo, Alberto Rodríguez","Adolfo Muzzi, Jean Koller"
Osvaldo Fresedo,Orquesta Típica Fresedo,1926,Chelita,Tango,Instrumental,Odeon,Acoustic,C. Cido,,,17-26 / Acoustic,José María Rizzuti,Humberto Costanzo,"Osvaldo Fresedo, Alberto Rodríguez","Adolfo Muzzi, Jean Koller"
Osvaldo Fresedo,Orquesta Típica Fresedo,1926,Clavelito Rojo,Tango,Instrumental,Odeon,Acoustic,Manuel Jovés,,,17-26 / Acoustic,José María Rizzuti,Humberto Costanzo,"Osvaldo Fresedo, Alberto Rodríguez","Adolfo Muzzi, Jean Koller"
Osvaldo Fresedo,Orquesta Típica Fresedo,1926,Como Quiera,Tango,Instrumental,Odeon,Acoustic,Justo Trivelli,,,17-26 / Acoustic,José María Rizzuti,Humberto Costanzo,"Osvaldo Fresedo, Alberto Rodríguez","Adolfo Muzzi, Jean Koller"
Osvaldo Fresedo,Orquesta Típica Fresedo,1926,Corazón Ciego,Tango,Instrumental,Odeon,Acoustic,Luis Minervini,,,17-26 / Acoustic,José María Rizzuti,Humberto Costanzo,"Osvaldo Fresedo, Alberto Rodríguez","Adolfo Muzzi, Jean Koller"
 Osvaldo Fresedo , Orquesta Típica Fresedo ,"1,926.00", Pensalo Bien , Tango , Instrumental , Odeon , Acoustic , Carlos Sánchez , Emilio Fresedo ,, 17-26 / Acoustic , José María Rizzuti , Humberto Costanzo ," Osvaldo Fresedo, Alberto Rodríguez "," Adolfo Muzzi, Jean Koller "
Osvaldo Fresedo,Orquesta Típica Fresedo,1926,De Moda,Tango,Instrumental,Odeon,Acoustic,Luis d’Abraccio,Ricardo Brignolo,,17-26 / Acoustic,José María Rizzuti,Humberto Costanzo,"Osvaldo Fresedo, Alberto Rodríguez","Adolfo Muzzi, Jean Koller"
Osvaldo Fresedo,Orquesta Típica Fresedo,1926,De Primer Agua,Tango,Instrumental,Odeon,Acoustic,José Rizzuti,,,17-26 / Acoustic,José María Rizzuti,Humberto Costanzo,"Osvaldo Fresedo, Alberto Rodríguez","Adolfo Muzzi, Jean Koller"
Osvaldo Fresedo,Orquesta Típica Fresedo,1926,Declaración,Tango,Instrumental,Odeon,Acoustic,Roque Biafore,,,17-26 / Acoustic,José María Rizzuti,Humberto Costanzo,"Osvaldo Fresedo, Alberto Rodríguez","Adolfo Muzzi, Jean Koller"
Osvaldo Fresedo,Orquesta Típica Fresedo,1926,Despedida,Tango,Instrumental,Odeon,Acoustic,Alfonso Lacueva,,,17-26 / Acoustic,José María Rizzuti,Humberto Costanzo,"Osvaldo Fresedo, Alberto Rodríguez","Adolfo Muzzi, Jean Koller"
Osvaldo Fresedo,Orquesta Típica Fresedo,1926,Don Remigio,Tango,Instrumental,Odeon,Acoustic,Eduardo Wiurnos,Richard Bahamonde Vignoli,,17-26 / Acoustic,José María Rizzuti,Humberto Costanzo,"Osvaldo Fresedo, Alberto Rodríguez","Adolfo Muzzi, Jean Koller"
Osvaldo Fresedo,Orquesta Típica Fresedo,1926,Doradillo,Tango,Instrumental,Odeon,Acoustic,Luis Petrucelli,,,17-26 / Acoustic,José María Rizzuti,Humberto Costanzo,"Osvaldo Fresedo, Alberto Rodríguez","Adolfo Muzzi, Jean Koller"
Osvaldo Fresedo,Orquesta Típica Fresedo,1926,"Eche Mas Caña, Patrón!",Tango,Instrumental,Odeon,Acoustic,Juan Rodríguez,,,17-26 / Acoustic,José María Rizzuti,Humberto Costanzo,"Osvaldo Fresedo, Alberto Rodríguez","Adolfo Muzzi, Jean Koller"
Osvaldo Fresedo,Orquesta Típica Fresedo,1926,El Chistoso,Tango,Instrumental,Odeon,Acoustic,P. Montarulli,,,17-26 / Acoustic,José María Rizzuti,Humberto Costanzo,"Osvaldo Fresedo, Alberto Rodríguez","Adolfo Muzzi, Jean Koller"
Osvaldo Fresedo,Orquesta Típica Fresedo,1926,El Ciruja,Tango,Instrumental,Odeon,Acoustic,Ernesto de la Cruz,Francisco Marino,,17-26 / Acoustic,José María Rizzuti,Humberto Costanzo,"Osvaldo Fresedo, Alberto Rodríguez, Luis Minervini","Adolfo Muzzi, Jean Koller"
Osvaldo Fresedo,Orquesta Típica Fresedo,1926,El Desierto Blanco,Tango,Instrumental,Odeon,Acoustic,Osvaldo Fresedo,,,17-26 / Acoustic,José María Rizzuti,Humberto Costanzo,"Osvaldo Fresedo, Alberto Rodríguez, Luis Minervini","Adolfo Muzzi, Jean Koller"
Osvaldo Fresedo,Orquesta Típica Fresedo,1926,El Gauchito,Tango,Instrumental,Odeon,Acoustic,G. Mercado,,,17-26 / Acoustic,José María Rizzuti,Humberto Costanzo,"Osvaldo Fresedo, Alberto Rodríguez","Adolfo Muzzi, Jean Koller"
Osvaldo Fresedo,Orquesta Típica Fresedo,1926,El Pibe,Tango,Instrumental,Odeon,Acoustic,José Pécora,,,17-26 / Acoustic,José María Rizzuti,Humberto Costanzo,"Osvaldo Fresedo, Alberto Rodríguez","Adolfo Muzzi, Jean Koller"
Osvaldo Fresedo,Orquesta Típica Fresedo,1926,El Poncho Del Olvido,Tango,Instrumental,Odeon,Acoustic,Adolfo Avilés,Enrique Maroni,,17-26 / Acoustic,José María Rizzuti,Humberto Costanzo,"Osvaldo Fresedo, Alberto Rodríguez","Adolfo Muzzi, Jean Koller"
Osvaldo Fresedo,Orquesta Típica Fresedo,1926,Elena,Tango,Instrumental,Odeon,Acoustic,Manlio Francia,,,17-26 / Acoustic,José María Rizzuti,Humberto Costanzo,"Osvaldo Fresedo, Alberto Rodríguez","Adolfo Muzzi, Jean Koller"
Osvaldo Fresedo,Orquesta Típica Fresedo,1926,En La Brecha,Tango,Instrumental,Odeon,Acoustic,Guillermo Cavarza,,,17-26 / Acoustic,José María Rizzuti,Humberto Costanzo,"Osvaldo Fresedo, Alberto Rodríguez","Adolfo Muzzi, Jean Koller"
Osvaldo Fresedo,Orquesta Típica Fresedo,1926,"Entrá Sin Miedo, Hermana",Tango,Instrumental,Odeon,Acoustic,Raúl de los Hoyos,Mario Flores,,17-26 / Acoustic,José María Rizzuti,Humberto Costanzo,"Osvaldo Fresedo, Alberto Rodríguez","Adolfo Muzzi, Jean Koller"
Osvaldo Fresedo,Orquesta Típica Fresedo,1926,Entre Amigos,Tango,Instrumental,Odeon,Acoustic,Pascual Varsino,,,17-26 / Acoustic,José María Rizzuti,Humberto Costanzo,"Osvaldo Fresedo, Alberto Rodríguez","Adolfo Muzzi, Jean Koller"
Osvaldo Fresedo,Orquesta Típica Fresedo,1926,Era Un Rincón De Alegria,Tango,Instrumental,Odeon,Acoustic,Luis Visca,Luis Visca,,17-26 / Acoustic,José María Rizzuti,Humberto Costanzo,"Osvaldo Fresedo, Alberto Rodríguez","Adolfo Muzzi, Jean Koller"
Osvaldo Fresedo,Orquesta Típica Fresedo,1926,Flores,Vals,Instrumental,Odeon,Acoustic,Alberto Rodríguez,,,17-26 / Acoustic,José María Rizzuti,Humberto Costanzo,"Osvaldo Fresedo, Alberto Rodríguez","Adolfo Muzzi, Jean Koller"
Osvaldo Fresedo,Orquesta Típica Fresedo,1926,Fosforerita,Tango,Instrumental,Odeon,Acoustic,Bartolomé Chapela,Amaro Giura,,17-26 / Acoustic,José María Rizzuti,Humberto Costanzo,"Osvaldo Fresedo, Alberto Rodríguez","Adolfo Muzzi, Jean Koller"
 Osvaldo Fresedo , Orquesta Típica Fresedo ,"1,926.00", Franco , Tango , Instrumental , Odeon , Acoustic , Hermes Peressini , Emilio Fresedo ,, 17-26 / Acoustic , José María Rizzuti , Humberto Costanzo ," Osvaldo Fresedo, Alberto Rodríguez "," Adolfo Muzzi, Jean Koller "
Osvaldo Fresedo,Orquesta Típica Fresedo,1926,Gorriones,Tango,Instrumental,Odeon,Acoustic,Eduardo Pereyra,Celedonio Flores,,17-26 / Acoustic,José María Rizzuti,Humberto Costanzo,"Osvaldo Fresedo, Alberto Rodríguez","Adolfo Muzzi, Jean Koller"
Osvaldo Fresedo,Orquesta Típica Fresedo,1926,Goyeneche,Tango,Instrumental,Odeon,Acoustic,Alcides Palavecino,,,17-26 / Acoustic,José María Rizzuti,Humberto Costanzo,"Osvaldo Fresedo, Alberto Rodríguez","Adolfo Muzzi, Jean Koller"
Osvaldo Fresedo,Orquesta Típica Fresedo,1926,Ha Entrado Un Hombre!,Tango,Instrumental,Odeon,Acoustic,Antonio Tanturi,Mario Flores,,17-26 / Acoustic,José María Rizzuti,Humberto Costanzo,"Osvaldo Fresedo, Alberto Rodríguez","Adolfo Muzzi, Jean Koller"
Osvaldo Fresedo,Orquesta Típica Fresedo,1926,Infelizota,Tango,Instrumental,Odeon,Acoustic,Cátulo Castillo,,,17-26 / Acoustic,José María Rizzuti,Humberto Costanzo,"Osvaldo Fresedo, Alberto Rodríguez","Adolfo Muzzi, Jean Koller"
Osvaldo Fresedo,Orquesta Típica Fresedo,1926,Ingratos,Tango,Instrumental,Odeon,Acoustic,Inocencio Arcauz,,,17-26 / Acoustic,José María Rizzuti,Humberto Costanzo,"Osvaldo Fresedo, Alberto Rodríguez","Adolfo Muzzi, Jean Koller"
Osvaldo Fresedo,Orquesta Típica Fresedo,1926,Inquietud,Tango,Instrumental,Odeon,Acoustic,Eduardo Armani,,,17-26 / Acoustic,José María Rizzuti,Humberto Costanzo,"Osvaldo Fresedo, Alberto Rodríguez","Adolfo Muzzi, Jean Koller"
Osvaldo Fresedo,Orquesta Típica Fresedo,1926,La Cieguita,Tango,Instrumental,Odeon,Acoustic,Ramón Bertrán Reyna,Patricio Muñoz Aceña,,17-26 / Acoustic,José María Rizzuti,Humberto Costanzo,"Osvaldo Fresedo, Alberto Rodríguez","Adolfo Muzzi, Jean Koller"
Osvaldo Fresedo,Orquesta Típica Fresedo,1926,La Cieguita Que Pasa,Tango,Instrumental,Odeon,Acoustic,Juan Durán,,,17-26 / Acoustic,José María Rizzuti,Humberto Costanzo,"Osvaldo Fresedo, Alberto Rodríguez","Adolfo Muzzi, Jean Koller"
Osvaldo Fresedo,Orquesta Típica Fresedo,1926,La Cizaña,Tango,Instrumental,Odeon,Acoustic,José Borello,,,17-26 / Acoustic,José María Rizzuti,Humberto Costanzo,"Osvaldo Fresedo, Alberto Rodríguez","Adolfo Muzzi, Jean Koller"
Osvaldo Fresedo,Orquesta Típica Fresedo,1926,La Crucecita,Tango,Instrumental,Odeon,Acoustic,Luis Pérez,,,17-26 / Acoustic,José María Rizzuti,Humberto Costanzo,"Osvaldo Fresedo, Alberto Rodríguez","Adolfo Muzzi, Jean Koller"
Osvaldo Fresedo,Orquesta Típica Fresedo,1926,La Culpa Fue Del…,Tango,Instrumental,Odeon,Acoustic,Alberto Rodríguez,,,17-26 / Acoustic,José María Rizzuti,Humberto Costanzo,"Osvaldo Fresedo, Alberto Rodríguez","Adolfo Muzzi, Jean Koller"
Osvaldo Fresedo,Orquesta Típica Fresedo,1926,La Liga…!,Tango,Instrumental,Odeon,Acoustic,Víctor Troysi,,,17-26 / Acoustic,José María Rizzuti,Humberto Costanzo,"Osvaldo Fresedo, Alberto Rodríguez","Adolfo Muzzi, Jean Koller"
Osvaldo Fresedo,Orquesta Típica Fresedo,1926,La Maestrita,Tango,Instrumental,Odeon,Acoustic,Manuel Buzón,Gerónimo Martinelli Massa,,17-26 / Acoustic,José María Rizzuti,Humberto Costanzo,"Osvaldo Fresedo, Alberto Rodríguez","Adolfo Muzzi, Jean Koller"
Osvaldo Fresedo,Orquesta Típica Fresedo,1926,La Mascota,Tango,Instrumental,Odeon,Acoustic,A. Pereira,,,17-26 / Acoustic,José María Rizzuti,Humberto Costanzo,"Osvaldo Fresedo, Alberto Rodríguez","Adolfo Muzzi, Jean Koller"
Osvaldo Fresedo,Orquesta Típica Fresedo,1926,La Matraca,Tango,Instrumental,Odeon,Acoustic,Humberto Constanzo,,,17-26 / Acoustic,José María Rizzuti,Humberto Costanzo,"Osvaldo Fresedo, Alberto Rodríguez","Adolfo Muzzi, Jean Koller"
Osvaldo Fresedo,Orquesta Típica Fresedo,1926,La Señal,Tango,Instrumental,Odeon,Acoustic,#REF!,,,17-26 / Acoustic,José María Rizzuti,Humberto Costanzo,"Osvaldo Fresedo, Alberto Rodríguez","Adolfo Muzzi, Jean Koller"
Osvaldo Fresedo,Orquesta Típica Fresedo,1926,Linda,Tango,Instrumental,Odeon,Acoustic,Lorenzo Olivari,,,17-26 / Acoustic,José María Rizzuti,Humberto Costanzo,"Osvaldo Fresedo, Alberto Rodríguez","Adolfo Muzzi, Jean Koller"
Osvaldo Fresedo,Orquesta Típica Fresedo,1926,Linda Estampa,Tango,Instrumental,Odeon,Acoustic,Carlos Ramos,,,17-26 / Acoustic,José María Rizzuti,Humberto Costanzo,"Osvaldo Fresedo, Alberto Rodríguez","Adolfo Muzzi, Jean Koller"
Osvaldo Fresedo,Orquesta Típica Fresedo,1926,Llorarás Un Día,Tango,Instrumental,Odeon,Acoustic,Enrique Maciel,,,17-26 / Acoustic,José María Rizzuti,Humberto Costanzo,"Osvaldo Fresedo, Alberto Rodríguez","Adolfo Muzzi, Jean Koller"
Osvaldo Fresedo,Orquesta Típica Fresedo,1926,Lo Que Quieras,Tango,Instrumental,Odeon,Acoustic,Heriberto Muraro,,,17-26 / Acoustic,José María Rizzuti,Humberto Costanzo,"Osvaldo Fresedo, Alberto Rodríguez","Adolfo Muzzi, Jean Koller"
Osvaldo Fresedo,Orquesta Típica Fresedo,1926,Lo Que Tú Quieras,Tango,Instrumental,Odeon,Acoustic,Remo Bolognini,,,17-26 / Acoustic,José María Rizzuti,Humberto Costanzo,"Osvaldo Fresedo, Alberto Rodríguez","Adolfo Muzzi, Jean Koller"
Osvaldo Fresedo,Orquesta Típica Fresedo,1926,Loquita,Tango,Instrumental,Odeon,Acoustic,José Rizzuti,,,17-26 / Acoustic,José María Rizzuti,Humberto Costanzo,"Osvaldo Fresedo, Alberto Rodríguez","Adolfo Muzzi, Jean Koller"
Osvaldo Fresedo,Orquesta Típica Fresedo,1926,Magda,Tango,Instrumental,Odeon,Acoustic,José Servidio; Luis Servidio,José Servidio; Luis Servidio,,17-26 / Acoustic,José María Rizzuti,Humberto Costanzo,"Osvaldo Fresedo, Alberto Rodríguez","Adolfo Muzzi, Jean Koller"
Osvaldo Fresedo,Orquesta Típica Fresedo,1926,Mamita Mía,Tango,Instrumental,Odeon,Acoustic,Enrique Delfino,Alberto Vacarezza,,17-26 / Acoustic,José María Rizzuti,Humberto Costanzo,"Osvaldo Fresedo, Alberto Rodríguez","Adolfo Muzzi, Jean Koller"
Osvaldo Fresedo,Orquesta Típica Fresedo,1926,Mascarita Loca,Tango,Instrumental,Odeon,Acoustic,H. Stern,,,17-26 / Acoustic,José María Rizzuti,Humberto Costanzo,"Osvaldo Fresedo, Alberto Rodríguez","Adolfo Muzzi, Jean Koller"
Osvaldo Fresedo,Orquesta Típica Fresedo,1926,Meditación,Tango,Instrumental,Odeon,Acoustic,Carlos Di Sarli,José de Grandis,,17-26 / Acoustic,José María Rizzuti,Humberto Costanzo,"Osvaldo Fresedo, Alberto Rodríguez","Adolfo Muzzi, Jean Koller"
Osvaldo Fresedo,Orquesta Típica Fresedo,1926,Memoria,Tango,Instrumental,Odeon,Acoustic,José Padula,,,17-26 / Acoustic,José María Rizzuti,Humberto Costanzo,"Osvaldo Fresedo, Alberto Rodríguez","Adolfo Muzzi, Jean Koller"
Osvaldo Fresedo,Orquesta Típica Fresedo,1926,Milonga Corrida,Milonga,Instrumental,Odeon,Acoustic,Liberto Pugliesse,,,17-26 / Acoustic,José María Rizzuti,Humberto Costanzo,"Osvaldo Fresedo, Alberto Rodríguez","Adolfo Muzzi, Jean Koller"
Osvaldo Fresedo,Orquesta Típica Fresedo,1926,Montiel,Tango,Instrumental,Odeon,Acoustic,Juan Baüer,,,17-26 / Acoustic,José María Rizzuti,Humberto Costanzo,"Osvaldo Fresedo, Alberto Rodríguez","Adolfo Muzzi, Jean Koller"
Osvaldo Fresedo,Orquesta Típica Fresedo,1926,Muñequita De Cera,Tango,Instrumental,Odeon,Acoustic,Primo Carrión Cantaluppi,,,17-26 / Acoustic,José María Rizzuti,Humberto Costanzo,"Osvaldo Fresedo, Alberto Rodríguez","Adolfo Muzzi, Jean Koller"
Osvaldo Fresedo,Orquesta Típica Fresedo,1926,Negrita,Tango,Instrumental,Odeon,Acoustic,Francisco Rinaldi,,,17-26 / Acoustic,José María Rizzuti,Humberto Costanzo,"Osvaldo Fresedo, Alberto Rodríguez","Adolfo Muzzi, Jean Koller"
Osvaldo Fresedo,Orquesta Típica Fresedo,1926,Negrita Mía,Tango,Instrumental,Odeon,Acoustic,Ernesto Rossi,,,17-26 / Acoustic,José María Rizzuti,Humberto Costanzo,"Osvaldo Fresedo, Alberto Rodríguez","Adolfo Muzzi, Jean Koller"
Osvaldo Fresedo,Orquesta Típica Fresedo,1926,No Llores,Tango,Instrumental,Odeon,Acoustic,Humberto Cristante,,,17-26 / Acoustic,José María Rizzuti,Humberto Costanzo,"Osvaldo Fresedo, Alberto Rodríguez","Adolfo Muzzi, Jean Koller"
Osvaldo Fresedo,Orquesta Típica Fresedo,1926,Noches De Colón,Tango,Instrumental,Odeon,Acoustic,Raúl de los Hoyos,Roberto Cayol,,17-26 / Acoustic,José María Rizzuti,Humberto Costanzo,"Osvaldo Fresedo, Alberto Rodríguez","Adolfo Muzzi, Jean Koller"
Osvaldo Fresedo,Orquesta Típica Fresedo,1926,Noches De Orgía,Tango,Instrumental,Odeon,Acoustic,Américo Bonnani,,,17-26 / Acoustic,José María Rizzuti,Humberto Costanzo,"Osvaldo Fresedo, Alberto Rodríguez","Adolfo Muzzi, Jean Koller"
Osvaldo Fresedo,Orquesta Típica Fresedo,1926,Nocturno,Tango,Instrumental,Odeon,Acoustic,Justo Trivelli,,,17-26 / Acoustic,José María Rizzuti,Humberto Costanzo,"Osvaldo Fresedo, Alberto Rodríguez","Adolfo Muzzi, Jean Koller"
Osvaldo Fresedo,Orquesta Típica Fresedo,1926,Ochoíta,Tango,Instrumental,Odeon,Acoustic,Ramón Molinari,,,17-26 / Acoustic,José María Rizzuti,Humberto Costanzo,"Osvaldo Fresedo, Alberto Rodríguez","Adolfo Muzzi, Jean Koller"
Osvaldo Fresedo,Orquesta Típica Fresedo,1926,Orsi,Tango,Instrumental,Odeon,Acoustic,Justo Trivelli,Marcos Méndez,,17-26 / Acoustic,José María Rizzuti,Humberto Costanzo,"Osvaldo Fresedo, Alberto Rodríguez","Adolfo Muzzi, Jean Koller"
Osvaldo Fresedo,Orquesta Típica Fresedo,1926,Pa' Rezarte Una Oración,Tango,Instrumental,Odeon,Acoustic,Adriano Fanelli,,,17-26 / Acoustic,José María Rizzuti,Humberto Costanzo,"Osvaldo Fresedo, Alberto Rodríguez","Adolfo Muzzi, Jean Koller"
Osvaldo Fresedo,Orquesta Típica Fresedo,1926,Palomita,Tango,Instrumental,Odeon,Acoustic,Manuel Moreno,,,17-26 / Acoustic,José María Rizzuti,Humberto Costanzo,"Osvaldo Fresedo, Alberto Rodríguez","Adolfo Muzzi, Jean Koller"
Osvaldo Fresedo,Orquesta Típica Fresedo,1926,"Pare, Cochero!",Tango,Instrumental,Odeon,Acoustic,Manuel Jovés,,,17-26 / Acoustic,José María Rizzuti,Humberto Costanzo,"Osvaldo Fresedo, Alberto Rodríguez","Adolfo Muzzi, Jean Koller"
Osvaldo Fresedo,Orquesta Típica Fresedo,1926,París,Tango,Instrumental,Odeon,Acoustic,Francisco Canaro,Juan Canaro,,17-26 / Acoustic,José María Rizzuti,Humberto Costanzo,"Osvaldo Fresedo, Alberto Rodríguez","Adolfo Muzzi, Jean Koller"
Osvaldo Fresedo,Orquesta Típica Fresedo,1926,Pecadora,Tango,Instrumental,Odeon,Acoustic,Luis Minervini,,,17-26 / Acoustic,José María Rizzuti,Humberto Costanzo,"Osvaldo Fresedo, Alberto Rodríguez","Adolfo Muzzi, Jean Koller"
 Osvaldo Fresedo , Orquesta Típica Fresedo ,"1,926.00", Pobre Farolito , Tango , Instrumental , Odeon , Acoustic , José Domínguez , Emilio Fresedo ,, 17-26 / Acoustic , José María Rizzuti , Humberto Costanzo ," Osvaldo Fresedo, Alberto Rodríguez "," Adolfo Muzzi, Jean Koller "
Osvaldo Fresedo,Orquesta Típica Fresedo,1926,Perfiles De Suburbio,Tango,Instrumental,Odeon,Acoustic,Eduardo Pereyra,,,17-26 / Acoustic,José María Rizzuti,Humberto Costanzo,"Osvaldo Fresedo, Alberto Rodríguez","Adolfo Muzzi, Jean Koller"
Osvaldo Fresedo,Orquesta Típica Fresedo,1926,Piel De Seda,Tango,Instrumental,Odeon,Acoustic,C. Martinelli,,,17-26 / Acoustic,José María Rizzuti,Humberto Costanzo,"Osvaldo Fresedo, Alberto Rodríguez","Adolfo Muzzi, Jean Koller"
Osvaldo Fresedo,Orquesta Típica Fresedo,1926,Pinturita,Tango,Instrumental,Odeon,Acoustic,Osvaldo Fresedo,Eduardo Calvo,,17-26 / Acoustic,José María Rizzuti,Humberto Costanzo,"Osvaldo Fresedo, Alberto Rodríguez","Adolfo Muzzi, Jean Koller"
Osvaldo Fresedo,Orquesta Típica Fresedo,1926,Pirula,Tango,Instrumental,Odeon,Acoustic,Alberico Spátola,,,17-26 / Acoustic,José María Rizzuti,Humberto Costanzo,"Osvaldo Fresedo, Alberto Rodríguez","Adolfo Muzzi, Jean Koller"
Osvaldo Fresedo,Orquesta Típica Fresedo,1926,Placer Y Lujo,Tango,Instrumental,Odeon,Acoustic,Juan Guido,Antonio Capone,,17-26 / Acoustic,José María Rizzuti,Humberto Costanzo,"Osvaldo Fresedo, Alberto Rodríguez","Adolfo Muzzi, Jean Koller"
Osvaldo Fresedo,Orquesta Típica Fresedo,1926,Pobre Amor,Tango,Instrumental,Odeon,Acoustic,Luis Minervini,,,17-26 / Acoustic,José María Rizzuti,Humberto Costanzo,"Osvaldo Fresedo, Alberto Rodríguez","Adolfo Muzzi, Jean Koller"
Osvaldo Fresedo,Orquesta Típica Fresedo,1926,Pobre Farolito,Tango,Instrumental,Odeon,Acoustic,Francisco Canaro,,,17-26 / Acoustic,José María Rizzuti,Humberto Costanzo,"Osvaldo Fresedo, Alberto Rodríguez","Adolfo Muzzi, Jean Koller"
 Osvaldo Fresedo , Orquesta Típica Fresedo ,"9,201.00", Rosalía , Tango , Instrumental , Victor , Acoustic , Justo Trivelli , Emilio Fresedo ,, 17-26 / Acoustic , José María Rizzuti , Humberto Costanzo ," Osvaldo Fresedo, Alberto Rodríguez "," Manlio Francia, Adolfo Muzzi, Jean Koller "
Osvaldo Fresedo,Orquesta Típica Fresedo,1926,Pobre Mateo,Tango,Instrumental,Odeon,Acoustic,Francisco Pracánico,,,17-26 / Acoustic,José María Rizzuti,Humberto Costanzo,"Osvaldo Fresedo, Alberto Rodríguez","Adolfo Muzzi, Jean Koller"
Osvaldo Fresedo,Orquesta Típica Fresedo,1926,Pobre Rancho,Tango,Instrumental,Odeon,Acoustic,M. Ossi; E. Maurno,,,17-26 / Acoustic,José María Rizzuti,Humberto Costanzo,"Osvaldo Fresedo, Alberto Rodríguez","Adolfo Muzzi, Jean Koller"
Osvaldo Fresedo,Orquesta Típica Fresedo,1926,Por Ella,Tango,Instrumental,Odeon,Acoustic,Luis Teisseire,,,17-26 / Acoustic,José María Rizzuti,Humberto Costanzo,"Osvaldo Fresedo, Alberto Rodríguez","Adolfo Muzzi, Jean Koller"
Osvaldo Fresedo,Orquesta Típica Fresedo,1926,Por Qué Lloras?,Tango,Instrumental,Odeon,Acoustic,F. Nessi,,,17-26 / Acoustic,José María Rizzuti,Humberto Costanzo,"Osvaldo Fresedo, Alberto Rodríguez","Adolfo Muzzi, Jean Koller"
Osvaldo Fresedo,Orquesta Típica Fresedo,1926,Primer Amor,Tango,Instrumental,Odeon,Acoustic,Julio De Caro,Carlos Dix,,17-26 / Acoustic,José María Rizzuti,Humberto Costanzo,"Osvaldo Fresedo, Alberto Rodríguez","Adolfo Muzzi, Jean Koller"
Osvaldo Fresedo,Orquesta Típica Fresedo,1926,"Proceda, Señor",Tango,Instrumental,Odeon,Acoustic,Juan Santa Cruz,Juan Caruso,,17-26 / Acoustic,José María Rizzuti,Humberto Costanzo,"Osvaldo Fresedo, Alberto Rodríguez","Adolfo Muzzi, Jean Koller"
Osvaldo Fresedo,Orquesta Típica Fresedo,1926,Pureza,Tango,Instrumental,Odeon,Acoustic,Alberto Pugliese,,,17-26 / Acoustic,José María Rizzuti,Humberto Costanzo,"Osvaldo Fresedo, Alberto Rodríguez","Adolfo Muzzi, Jean Koller"
Osvaldo Fresedo,Orquesta Típica Fresedo,1926,Qué Compadre!,Tango,Instrumental,Odeon,Acoustic,José Ruffet,,,17-26 / Acoustic,José María Rizzuti,Humberto Costanzo,"Osvaldo Fresedo, Alberto Rodríguez","Adolfo Muzzi, Jean Koller"
Osvaldo Fresedo,Orquesta Típica Fresedo,1926,Qué Graciosa!,Tango,Instrumental,Odeon,Acoustic,Juan Castillo,,,17-26 / Acoustic,José María Rizzuti,Humberto Costanzo,"Osvaldo Fresedo, Alberto Rodríguez","Adolfo Muzzi, Jean Koller"
Osvaldo Fresedo,Orquesta Típica Fresedo,1926,Quejas Del Alma,Tango,Instrumental,Odeon,Acoustic,Guillermo Barbieri,,,17-26 / Acoustic,José María Rizzuti,Humberto Costanzo,"Osvaldo Fresedo, Alberto Rodríguez","Adolfo Muzzi, Jean Koller"
Osvaldo Fresedo,Orquesta Típica Fresedo,1926,Remordimientos,Tango,Instrumental,Odeon,Acoustic,Humberto Cristante,Juan Barthe,,17-26 / Acoustic,José María Rizzuti,Humberto Costanzo,"Osvaldo Fresedo, Alberto Rodríguez","Adolfo Muzzi, Jean Koller"
Osvaldo Fresedo,Orquesta Típica Fresedo,1926,Ricurita,Tango,Instrumental,Odeon,Acoustic,José Rizzuti,,,17-26 / Acoustic,José María Rizzuti,Humberto Costanzo,"Osvaldo Fresedo, Alberto Rodríguez","Adolfo Muzzi, Jean Koller"
Osvaldo Fresedo,Orquesta Típica Fresedo,1926,Rostro De Cera,Tango,Instrumental,Odeon,Acoustic,Arturo Carrasco,,,17-26 / Acoustic,José María Rizzuti,Humberto Costanzo,"Osvaldo Fresedo, Alberto Rodríguez","Adolfo Muzzi, Jean Koller"
Osvaldo Fresedo,Orquesta Típica Fresedo,1926,Saltó La Bola,Tango,Instrumental,Odeon,Acoustic,Ausonio Pisani,,,17-26 / Acoustic,José María Rizzuti,Humberto Costanzo,"Osvaldo Fresedo, Alberto Rodríguez","Adolfo Muzzi, Jean Koller"
Osvaldo Fresedo,Orquesta Típica Fresedo,1926,Señor!,Tango,Instrumental,Odeon,Acoustic,Enrique Maciel,Francisco Brancatti,,17-26 / Acoustic,José María Rizzuti,Humberto Costanzo,"Osvaldo Fresedo, Alberto Rodríguez","Adolfo Muzzi, Jean Koller"
Osvaldo Fresedo,Orquesta Típica Fresedo,1926,Soñadora,Tango,Instrumental,Odeon,Acoustic,José Rizzuti,,,17-26 / Acoustic,José María Rizzuti,Humberto Costanzo,"Osvaldo Fresedo, Alberto Rodríguez","Adolfo Muzzi, Jean Koller"
Osvaldo Fresedo,Orquesta Típica Fresedo,1926,Taita,Tango,Instrumental,Odeon,Acoustic,Juan Marini,,,17-26 / Acoustic,José María Rizzuti,Humberto Costanzo,"Osvaldo Fresedo, Alberto Rodríguez","Adolfo Muzzi, Jean Koller"
Osvaldo Fresedo,Orquesta Típica Fresedo,1926,Tentación,Tango,Instrumental,Odeon,Acoustic,Vicente Gorrese,,,17-26 / Acoustic,José María Rizzuti,Humberto Costanzo,"Osvaldo Fresedo, Alberto Rodríguez","Adolfo Muzzi, Jean Koller"
Osvaldo Fresedo,Orquesta Típica Fresedo,1926,Tentación,Vals,Instrumental,Odeon,Acoustic,José Rizzuti,,,17-26 / Acoustic,José María Rizzuti,Humberto Costanzo,"Osvaldo Fresedo, Alberto Rodríguez","Adolfo Muzzi, Jean Koller"
Osvaldo Fresedo,Orquesta Típica Fresedo,1926,Titi,Tango,Instrumental,Odeon,Acoustic,Ernesto de la Cruz,,,17-26 / Acoustic,José María Rizzuti,Humberto Costanzo,"Osvaldo Fresedo, Alberto Rodríguez","Adolfo Muzzi, Jean Koller"
Osvaldo Fresedo,Orquesta Típica Fresedo,1926,Toda Mía,Tango,Instrumental,Odeon,Acoustic,Edgardo Donato,C. Álvarez Pintos,,17-26 / Acoustic,José María Rizzuti,Humberto Costanzo,"Osvaldo Fresedo, Alberto Rodríguez","Adolfo Muzzi, Jean Koller"
Osvaldo Fresedo,Orquesta Típica Fresedo,1926,Triste Milonga,Tango,Instrumental,Odeon,Acoustic,A. Aubriot,,,17-26 / Acoustic,José María Rizzuti,Humberto Costanzo,"Osvaldo Fresedo, Alberto Rodríguez","Adolfo Muzzi, Jean Koller"
Osvaldo Fresedo,Orquesta Típica Fresedo,1926,Triste Regreso,Tango,Instrumental,Odeon,Acoustic,Antonio Tanturi,Francisco García Giménez,,17-26 / Acoustic,José María Rizzuti,Humberto Costanzo,"Osvaldo Fresedo, Alberto Rodríguez","Adolfo Muzzi, Jean Koller"
Osvaldo Fresedo,Orquesta Típica Fresedo,1926,Tu Vieja Ventana,Vals,Instrumental,Odeon,Acoustic,Guillermo Barbieri,Ambrosio Río,,17-26 / Acoustic,José María Rizzuti,Humberto Costanzo,"Osvaldo Fresedo, Alberto Rodríguez","Adolfo Muzzi, Jean Koller"
Osvaldo Fresedo,Orquesta Típica Fresedo,1926,Una Ilusión,Tango,Instrumental,Odeon,Acoustic,Luis Visca,,,17-26 / Acoustic,José María Rizzuti,Humberto Costanzo,"Osvaldo Fresedo, Alberto Rodríguez","Adolfo Muzzi, Jean Koller"
Osvaldo Fresedo,Orquesta Típica Fresedo,1926,Una Limosnita,Tango,Instrumental,Odeon,Acoustic,Enrique Delfino,Antonio Martínez Viérgol,,17-26 / Acoustic,José María Rizzuti,Humberto Costanzo,"Osvaldo Fresedo, Alberto Rodríguez","Adolfo Muzzi, Jean Koller"
Osvaldo Fresedo,Orquesta Típica Fresedo,1926,Vieja Canción,Tango,Instrumental,Odeon,Acoustic,J. Scandifio,,,17-26 / Acoustic,José María Rizzuti,Humberto Costanzo,"Osvaldo Fresedo, Alberto Rodríguez","Adolfo Muzzi, Jean Koller"
Osvaldo Fresedo,Orquesta Típica Fresedo,1926,Violetita,Tango,Instrumental,Odeon,Acoustic,Hermes Peressini,Paco Ruiz París,,17-26 / Acoustic,José María Rizzuti,Humberto Costanzo,"Osvaldo Fresedo, Alberto Rodríguez","Adolfo Muzzi, Jean Koller"
Osvaldo Fresedo,Orquesta Típica Fresedo,1926,Vocación,Tango,Instrumental,Odeon,Acoustic,L. Ragucci,,,17-26 / Acoustic,José María Rizzuti,Humberto Costanzo,"Osvaldo Fresedo, Alberto Rodríguez","Adolfo Muzzi, Jean Koller"
Osvaldo Fresedo,Orquesta Típica Fresedo,1926,Y Reías Como Loca,Tango,Instrumental,Odeon,Acoustic,Eduardo Pereyra,José Ferreyra,,17-26 / Acoustic,José María Rizzuti,Humberto Costanzo,"Osvaldo Fresedo, Alberto Rodríguez","Adolfo Muzzi, Jean Koller"
Osvaldo Fresedo,Orquesta Típica Fresedo,1926,Yo Te Bendigo,Tango,Instrumental,Odeon,Acoustic,Juan Filiberto,Juan Bruno,,17-26 / Acoustic,José María Rizzuti,Humberto Costanzo,"Osvaldo Fresedo, Alberto Rodríguez","Adolfo Muzzi, Jean Koller"
Osvaldo Fresedo,Orquesta Típica Fresedo,1926,Zarpazo,Tango,Instrumental,Odeon,Acoustic,Luis Petrucelli,,,17-26 / Acoustic,José María Rizzuti,Humberto Costanzo,"Osvaldo Fresedo, Alberto Rodríguez","Adolfo Muzzi, Jean Koller"
Osvaldo Fresedo,Orquesta Típica Fresedo,1926,Zulema,Tango,Instrumental,Odeon,Acoustic,Justo Trivelli,,,17-26 / Acoustic,José María Rizzuti,Humberto Costanzo,"Osvaldo Fresedo, Alberto Rodríguez","Adolfo Muzzi, Jean Koller"
Osvaldo Fresedo,Orquesta Típica Osvaldo Fresedo,1931,A La Deriva,Tango,Teófilo Ibanez,Brunswick,78rpm,J. Pollero,L. Coraggio,,29-32 / Brunswick,José María Rizzuti,Alfredo Corletto,"Osvaldo Fresedo, Juan Salvatore","Adolfo Muzzi, Pedro Desrets, José Lorito"
Osvaldo Fresedo,Orquesta Típica Osvaldo Fresedo,1931,Cariñito,Tango,Teófilo Ibanez,Brunswick,78rpm,Atilio Basile,José Diez Gómez,,29-32 / Brunswick,José María Rizzuti,Alfredo Corletto,Osvaldo Fresedo- Juan Salvatore,"Adolfo Muzzi, Pedro Desrets, José Lorito"
Osvaldo Fresedo,Orquesta Típica Osvaldo Fresedo,1931,Contá Siempre Conmigo,Tango,Teófilo Ibanez,Brunswick,78rpm,Sebastián Lombardo; Ernesto Famá,Enrique Dizeo,,29-32 / Brunswick,Sebastián Lombardo,Alfredo Corletto,"Luis Petrucelli, Juan Salvatore","Adolfo Muzzi, Pedro Desrets, José Lorito"
Osvaldo Fresedo,Orquesta Típica Osvaldo Fresedo,1931,Dame Un Besito,Tango,Teófilo Ibanez,Brunswick,78rpm,Manlio Francia,Manuel Meaños,,29-32 / Brunswick,José María Rizzuti,Alfredo Corletto,"Osvaldo Fresedo, Juan Salvatore","Adolfo Muzzi, Pedro Desrets, José Lorito"
 Osvaldo Fresedo , Orquesta Típica Osvaldo Fresedo ,"1,931.00", El Once , Tango , Teófilo Ibanez , Brunswick , 78rpm , Osvaldo Fresedo , Emilio Fresedo ,, 29-32 / Brunswick , José María Rizzuti , Alfredo Corletto ," Osvaldo Fresedo, Juan Salvatore - "," Adolfo Muzzi, Pedro Desrets, José Lorito "
Osvaldo Fresedo,Orquesta Típica Osvaldo Fresedo,1931,La Cachila,Tango,Instrumental,Brunswick,78rpm,Eduardo Arolas,,,29-32 / Brunswick,José María Rizzuti,Alfredo Corletto,"Osvaldo Fresedo, Juan Salvatore","Adolfo Muzzi, Pedro Desrets, José Lorito"
 Osvaldo Fresedo , Orquesta Típica Osvaldo Fresedo ,"1,931.00", Por Qué? , Tango , Teófilo Ibanez , Brunswick , 78rpm , Osvaldo Fresedo , Emilio Fresedo ,, 29-32 / Brunswick , José María Rizzuti , Alfredo Corletto ," Osvaldo Fresedo, Juan Salvatore "," Adolfo Muzzi, Pedro Desrets, José Lorito "
Osvaldo Fresedo,Orquesta Típica Osvaldo Fresedo,1931,"Qué Sapa, Señor?",Tango,Teófilo Ibanez,Brunswick,78rpm,Enrique Discépolo,,,29-32 / Brunswick,José María Rizzuti,Alfredo Corletto,"Osvaldo Fresedo, Juan Salvatore","Adolfo Muzzi, Pedro Desrets, José Lorito"
Osvaldo Fresedo,Orquesta Típica Osvaldo Fresedo,1932,Cielito Mío,Tango,Luis Díaz,Brunswick,78rpm,Osvaldo Fresedo,Emilio Fresedo,,29-32 / Brunswick,Sebastián Lombardo,"Alfredo Corletto, Saly S. Nisguritz (drums), Tomás Fumo (saxophone)","Osvaldo Fresedo, Pascual Storti, Juan Salvatore","Adolfo Muzzi, Pedro Desrets, José Lorito"
Osvaldo Fresedo,Orquesta Típica Osvaldo Fresedo,1932,Clyde,Vals,Roberto Ray,Brunswick,78rpm,Héctor Bates; Luis Bates,Venancio Clauso,,29-32 / Brunswick,José María Rizzuti,Alfredo Corletto,"Pascual Storti, Juan Salvatore","Adolfo Muzzi, Pedro Desrets, José Lorito"
Osvaldo Fresedo,Orquesta Típica Osvaldo Fresedo,1932,El Espiante,Tango,Instrumental,Brunswick,78rpm,Osvaldo Fresedo,,,29-32 / Brunswick,Sebastián Lombardo,"Alfredo Corletto, Saly S. Nisguritz (drums), Tomás Fumo (saxophone)","Osvaldo Fresedo, Pascual Storti, Juan Salvatore","Adolfo Muzzi, Pedro Desrets, José Lorito"
Osvaldo Fresedo,Orquesta Típica Osvaldo Fresedo,1932,Lupe,Vals,Roberto Fugazot - Agustín Irusta,Brunswick,78rpm,Lucio Demare,Agustín Irusta; Roberto Fugazot,,29-32 / Brunswick,Lucio Demare,Alfredo Corletto,"Osvaldo Fresedo, Pascual Storti, Juan Salvatore","Adolfo Muzzi, Pedro Desrets, José Lorito"
Osvaldo Fresedo,Orquesta Típica Osvaldo Fresedo,1932,Metido,Tango,Roberto Ray,Brunswick,78rpm,Ángel Sánchez Carreño,,,29-32 / Brunswick,Sebastián Lombardo,Alfredo Corletto,"Pascual Storti, Juan Salvatore","Adolfo Muzzi, Pedro Desrets, José Lorito"
Osvaldo Fresedo,Orquesta Típica Osvaldo Fresedo,1932,Mosquita Muerta,Tango,Luis Díaz,Brunswick,78rpm,Carlos Pesce; Carlos Franzino,Domingo Vassalotti,,29-32 / Brunswick,Sebastián Lombardo,"Alfredo Corletto, Saly S. Nisguritz (drums), Tomás Fumo (saxophone)","Osvaldo Fresedo, Pascual Storti, Juan Salvatore","Adolfo Muzzi, Pedro Desrets, José Lorito"
Osvaldo Fresedo,Orquesta Típica Osvaldo Fresedo,1932,Tu Mirada,Tango,Luis Díaz,Brunswick,78rpm,Ramón Gutiérrez del Barrio,Alejandro Gutiérrez del Barrio,,29-32 / Brunswick,José María Rizzuti,"Alfredo Corletto, Saly S. Nisguritz (drums), Tomás Fumo (saxophone)","Pascual Storti, Juan Salvatore","Adolfo Muzzi, Pedro Desrets, José Lorito"
Osvaldo Fresedo,Osvaldo Fresedo y su Orquesta,1968,Amar Hasta Morir,Tango,Osvaldo Arana,CBS Columbia,Tape-S,Antonio Fassa,Jorge Burbridge,,59-80 / Final years,José Márquez / Roberto Cicaré,"Domingo Donnaruma,  José Pugliano (percussion)","Roberto Pérez Prechi, José Appendino, Pedro Vidaurre","Manolo Baya, Elvino Vardaro, Juan Scaffino, Pedro Lopérfido, José Nieso, Enrique Francini, Enrique Bourguet (cello)"
Osvaldo Fresedo,Osvaldo Fresedo y su Orquesta,1968,Amo A Mis Padres,Tango,Daniel Riolobos,Arte,Tape-S,Osvaldo Fresedo; Roberto Pansera,Roberto Lambertucci,,59-80 / Final years,José Márquez / Roberto Cicaré,"Domingo Donnaruma,  José Pugliano (percussion)","Roberto Pérez Prechi, José Appendino, Pedro Vidaurre","Manolo Baya, Elvino Vardaro, Juan Scaffino, Pedro Lopérfido, José Nieso, Enrique Francini, Enrique Bourguet (cello)"
Osvaldo Fresedo,Osvaldo Fresedo y su Orquesta,1968,Es Amor Prohíbido,Tango,Daniel Riolobos,Arte,Tape-S,Osvaldo Fresedo; Roberto Pansera,Roberto Lambertucci,,59-80 / Final years,José Márquez / Roberto Cicaré,"Domingo Donnaruma,  José Pugliano (percussion)","Roberto Pérez Prechi, José Appendino, Pedro Vidaurre","Manolo Baya, Elvino Vardaro, Juan Scaffino, Pedro Lopérfido, José Nieso, Enrique Francini, Enrique Bourguet (cello)"
Osvaldo Fresedo,Osvaldo Fresedo y su Orquesta,1968,Fiesta Santa,Tango,Daniel Riolobos,Arte,Tape-S,Osvaldo Fresedo; Roberto Pansera,Roberto Lambertucci,,59-80 / Final years,José Márquez / Roberto Cicaré,"Domingo Donnaruma,  José Pugliano (percussion)","Roberto Pérez Prechi, José Appendino, Pedro Vidaurre","Manolo Baya, Elvino Vardaro, Juan Scaffino, Pedro Lopérfido, José Nieso, Enrique Francini, Enrique Bourguet (cello)"
Osvaldo Fresedo,Osvaldo Fresedo y su Orquesta,1968,Frente A Dios,Tango,Daniel Riolobos,Arte,Tape-S,Osvaldo Fresedo; Roberto Pansera,Roberto Lambertucci,,59-80 / Final years,José Márquez / Roberto Cicaré,"Domingo Donnaruma,  José Pugliano (percussion)","Roberto Pérez Prechi, José Appendino, Pedro Vidaurre","Manolo Baya, Elvino Vardaro, Juan Scaffino, Pedro Lopérfido, José Nieso, Enrique Francini, Enrique Bourguet (cello)"
Osvaldo Fresedo,Osvaldo Fresedo y su Orquesta,1968,Huyendo Del Pecado,Tango,Daniel Riolobos,Arte,Tape-S,Osvaldo Fresedo; Roberto Pansera,Roberto Lambertucci,,59-80 / Final years,José Márquez / Roberto Cicaré,"Domingo Donnaruma,  José Pugliano (percussion)","Roberto Pérez Prechi, José Appendino, Pedro Vidaurre","Manolo Baya, Elvino Vardaro, Juan Scaffino, Pedro Lopérfido, José Nieso, Enrique Francini, Enrique Bourguet (cello)"
Osvaldo Fresedo,Osvaldo Fresedo y su Orquesta,1968,Juro Por Dios,Tango,Daniel Riolobos,Arte,Tape-S,Osvaldo Fresedo; Roberto Pansera,Roberto Lambertucci,,59-80 / Final years,José Márquez / Roberto Cicaré,"Domingo Donnaruma,  José Pugliano (percussion)","Roberto Pérez Prechi, José Appendino, Pedro Vidaurre","Manolo Baya, Elvino Vardaro, Juan Scaffino, Pedro Lopérfido, José Nieso, Enrique Francini, Enrique Bourguet (cello)"
Osvaldo Fresedo,Osvaldo Fresedo y su Orquesta,1968,La Creación,Tango,Jorge Ruanova,Arte,Tape-S,Osvaldo Fresedo; Roberto Pansera,Roberto Lambertucci,,59-80 / Final years,José Márquez / Roberto Cicaré,"Domingo Donnaruma,  José Pugliano (percussion)","Roberto Pérez Prechi, José Appendino, Pedro Vidaurre","Manolo Baya, Elvino Vardaro, Juan Scaffino, Pedro Lopérfido, José Nieso, Enrique Francini, Enrique Bourguet (cello)"
Osvaldo Fresedo,Osvaldo Fresedo y su Orquesta,1968,No Codicio Lo Ajeno,Tango,Daniel Riolobos,Arte,Tape-S,Osvaldo Fresedo; Roberto Pansera,Roberto Lambertucci,,59-80 / Final years,José Márquez / Roberto Cicaré,"Domingo Donnaruma,  José Pugliano (percussion)","Roberto Pérez Prechi, José Appendino, Pedro Vidaurre","Manolo Baya, Elvino Vardaro, Juan Scaffino, Pedro Lopérfido, José Nieso, Enrique Francini, Enrique Bourguet (cello)"
Osvaldo Fresedo,Osvaldo Fresedo y su Orquesta,1968,No Mataré,Tango,Daniel Riolobos,Arte,Tape-S,Osvaldo Fresedo; Roberto Pansera,Roberto Lambertucci,,59-80 / Final years,José Márquez / Roberto Cicaré,"Domingo Donnaruma,  José Pugliano (percussion)","Roberto Pérez Prechi, José Appendino, Pedro Vidaurre","Manolo Baya, Elvino Vardaro, Juan Scaffino, Pedro Lopérfido, José Nieso, Enrique Francini, Enrique Bourguet (cello)"
Osvaldo Fresedo,Osvaldo Fresedo y su Orquesta,1968,No Robarás,Tango,Daniel Riolobos,Arte,Tape-S,Osvaldo Fresedo; Roberto Pansera,Roberto Lambertucci,,59-80 / Final years,José Márquez / Roberto Cicaré,"Domingo Donnaruma,  José Pugliano (percussion)","Roberto Pérez Prechi, José Appendino, Pedro Vidaurre","Manolo Baya, Elvino Vardaro, Juan Scaffino, Pedro Lopérfido, José Nieso, Enrique Francini, Enrique Bourguet (cello)"
Osvaldo Fresedo,Osvaldo Fresedo y su Orquesta,1968,Odio La Mentira,Tango,Daniel Riolobos,Arte,Tape-S,Osvaldo Fresedo; Roberto Pansera,Roberto Lambertucci,,59-80 / Final years,José Márquez / Roberto Cicaré,"Domingo Donnaruma,  José Pugliano (percussion)","Roberto Pérez Prechi, José Appendino, Pedro Vidaurre","Manolo Baya, Elvino Vardaro, Juan Scaffino, Pedro Lopérfido, José Nieso, Enrique Francini, Enrique Bourguet (cello)"
Osvaldo Fresedo,Osvaldo Fresedo y su Orquesta,1968,Sobre El Pucho,Tango,Osvaldo Arana,CBS Columbia,Tape-S,Sebastián Piana,José González Castillo,,59-80 / Final years,José Márquez / Roberto Cicaré,"Domingo Donnaruma,  José Pugliano (percussion)","Roberto Pérez Prechi, José Appendino, Pedro Vidaurre","Manolo Baya, Elvino Vardaro, Juan Scaffino, Pedro Lopérfido, José Nieso, Enrique Francini, Enrique Bourguet (cello)"
Osvaldo Fresedo,Osvaldo Fresedo y su Orquesta,1968,Tengo,Tango,Osvaldo Arana,CBS Columbia,Tape-S,Roberto Pérez Prechi,Eugenio Majul,,59-80 / Final years,José Márquez / Roberto Cicaré,"Domingo Donnaruma,  José Pugliano (percussion)","Roberto Pérez Prechi, José Appendino, Pedro Vidaurre","Manolo Baya, Elvino Vardaro, Juan Scaffino, Pedro Lopérfido, José Nieso, Enrique Francini, Enrique Bourguet (cello)"
Osvaldo Fresedo,Osvaldo Fresedo y su Orquesta,1968,Una Canción De Fé,Tango,Daniel Riolobos,Arte,Tape-S,Osvaldo Fresedo; Roberto Pansera,Roberto Lambertucci,,59-80 / Final years,José Márquez / Roberto Cicaré,"Domingo Donnaruma,  José Pugliano (percussion)","Roberto Pérez Prechi, José Appendino, Pedro Vidaurre","Manolo Baya, Elvino Vardaro, Juan Scaffino, Pedro Lopérfido, José Nieso, Enrique Francini, Enrique Bourguet (cello)"
Osvaldo Fresedo,Osvaldo Fresedo y su Orquesta,1968,Viejo Buenos Aires,Tango,Osvaldo Arana,CBS Columbia,Tape-S,Mariano Mores,Martín Darré,,59-80 / Final years,José Márquez / Roberto Cicaré,"Domingo Donnaruma,  José Pugliano (percussion)","Roberto Pérez Prechi, José Appendino, Pedro Vidaurre","Manolo Baya, Elvino Vardaro, Juan Scaffino, Pedro Lopérfido, José Nieso, Enrique Francini, Enrique Bourguet (cello)"
Osvaldo Fresedo,Osvaldo Fresedo y su Orquesta,1975,La Casita De Mis Viejos,Tango,Instrumental,Odeon/EMI Colección Musical,Tape-S,Juan Carlos Cobián,Enrique Cadícamo,,59-80 / Final years,,,,
Osvaldo Fresedo,Osvaldo Fresedo y su Orquesta,1975,Nostalgias,Tango,Instrumental,Odeon/EMI Colección Musical,Tape-S,Juan Carlos Cobián,Enrique Cadícamo,,59-80 / Final years,,,,
Osvaldo Fresedo,Osvaldo Fresedo y su Orquesta,1975,Pero Yo Se,Tango,Instrumental,Odeon/EMI Colección Musical,Tape-S,Azucena Maizani,Azucena Maizani,,59-80 / Final years,,,,
 Osvaldo Fresedo , Osvaldo Fresedo y su Orquesta ,"1,975.00", Sollozos , Tango , Instrumental , Odeon/EMI Colección Musical , Tape-S , Osvaldo Fresedo , Emilio Fresedo ,, 59-80 / Final years ,,,,
Osvaldo Fresedo,Osvaldo Fresedo,9/3/1920,Bélgica,Tango,Instrumental,Victor,Acoustic,Enrique Delfino,,,17-26 / Acoustic,,,Osvaldo Fresedo,
Osvaldo Fresedo,Osvaldo Fresedo,9/3/1920,Nueva York,Tango,Instrumental,Victor,Acoustic,Enrique Delfino,,,17-26 / Acoustic,,,Osvaldo Fresedo,
Osvaldo Fresedo,Orquesta Típica Fresedo,4/20/1922,Firulete,Tango,Instrumental,Victor,Acoustic,Raúl Galmarini,,,17-26 / Acoustic,Juan Carlos Cobián,R. Leopoldo Thompson,"Osvaldo Fresedo, Alberto Rodríguez","David “Tito” Roccatagliata, Manlio Francia"
Osvaldo Fresedo,Orquesta Típica Fresedo,4/24/1922,Mi Refugio,Tango,Instrumental,Victor,Acoustic,Juan Carlos Cobián,,,17-26 / Acoustic,Juan Carlos Cobián,R. Leopoldo Thompson,"Osvaldo Fresedo, Alberto Rodríguez","Agesilao Ferrazzano, David “Tito” Roccatagliata, Manlio Francia"
Osvaldo Fresedo,Orquesta Típica Fresedo,4/26/1922,Siete Pelos,Tango,Instrumental,Victor,Acoustic,Osvaldo Fresedo,,,17-26 / Acoustic,Juan Carlos Cobián,"R. Leopoldo Thompson, Francisco Ortega (saxophone)","Osvaldo Fresedo, Alberto Rodríguez","David “Tito” Roccatagliata, Manlio Francia"
Osvaldo Fresedo,Orquesta Típica Fresedo,5/8/1922,Biscuit,Tango,Instrumental,Victor,Acoustic,Juan Carlos Cobián,,,17-26 / Acoustic,Juan Carlos Cobián,R. Leopoldo Thompson,"Osvaldo Fresedo, Alberto Rodríguez","David “Tito” Roccatagliata, Manlio Francia"
Osvaldo Fresedo,Orquesta Típica Fresedo,5/8/1922,Sangre Azul,Tango,Instrumental,Victor,Acoustic,Manlio Francia,,,17-26 / Acoustic,Juan Carlos Cobián,R. Leopoldo Thompson,"Osvaldo Fresedo, Alberto Rodríguez","David “Tito” Roccatagliata, Manlio Francia"
Osvaldo Fresedo,Orquesta Típica Fresedo,5/20/1922,Snobismo,Tango,Instrumental,Victor,Acoustic,Juan Carlos Cobián,,,17-26 / Acoustic,Juan Carlos Cobián,R. Leopoldo Thompson,"Osvaldo Fresedo, Alberto Rodríguez","David “Tito” Roccatagliata, Manlio Francia"
Osvaldo Fresedo,Orquesta Típica Fresedo,5/23/1922,Firpo,Tango,Instrumental,Victor,Acoustic,Adolfo Avilés,,,17-26 / Acoustic,Juan Carlos Cobián,R. Leopoldo Thompson,"Osvaldo Fresedo, Alberto Rodríguez","David “Tito” Roccatagliata, Manlio Francia"
Osvaldo Fresedo,Orquesta Típica Fresedo,5/23/1922,Lina,Tango,Instrumental,Victor,Acoustic,Osvaldo Fresedo,,,17-26 / Acoustic,Juan Carlos Cobián,R. Leopoldo Thompson,"Osvaldo Fresedo, Alberto Rodríguez","David “Tito” Roccatagliata, Manlio Francia"
Osvaldo Fresedo,Orquesta Típica Fresedo,7/15/1922,Gracia Porteña,Tango,Instrumental,Victor,Acoustic,Salvador Merico,,,17-26 / Acoustic,Juan Carlos Cobián,R. Leopoldo Thompson,"Osvaldo Fresedo, Alberto Rodríguez","David “Tito” Roccatagliata, Manlio Francia"
Osvaldo Fresedo,Orquesta Típica Fresedo,7/15/1922,Mario,Tango,Instrumental,Victor,Acoustic,Juan Carlos Cobián,,,17-26 / Acoustic,Juan Carlos Cobián,R. Leopoldo Thompson,"Osvaldo Fresedo, Alberto Rodríguez","David “Tito” Roccatagliata, Manlio Francia"
Osvaldo Fresedo,Orquesta Típica Fresedo,7/21/1922,Elegante Papirusa,Tango,Instrumental,Victor,Acoustic,David Roccatagliata,,,17-26 / Acoustic,Juan Carlos Cobián,R. Leopoldo Thompson,"Osvaldo Fresedo, Alberto Rodríguez","David “Tito” Roccatagliata, Manlio Francia"
Osvaldo Fresedo,Orquesta Típica Fresedo,7/21/1922,Penando,Tango,Instrumental,Victor,Acoustic,Osvaldo Fresedo,,,17-26 / Acoustic,Juan Carlos Cobián,R. Leopoldo Thompson,"Osvaldo Fresedo, Alberto Rodríguez","David “Tito” Roccatagliata, Manlio Francia"
Osvaldo Fresedo,Orquesta Típica Fresedo,8/8/1922,Razón 5A,Tango,Instrumental,Victor,Acoustic,Eduardo Bianco,,,17-26 / Acoustic,Juan Carlos Cobián,R. Leopoldo Thompson,"Osvaldo Fresedo, Alberto Rodríguez","David “Tito” Roccatagliata, Manlio Francia"
Osvaldo Fresedo,Orquesta Típica Fresedo,8/11/1922,La Copa Del Olvido,Tango,Instrumental,Victor,Acoustic,Enrique Delfino,Alberto Vacarezza,,17-26 / Acoustic,Juan Carlos Cobián,R. Leopoldo Thompson,"Osvaldo Fresedo, Alberto Rodríguez","David “Tito” Roccatagliata, Manlio Francia"
Osvaldo Fresedo,Orquesta Típica Fresedo,8/11/1922,L'Adivina,Tango,Instrumental,Victor,Acoustic,Juan Carlos Cobián,,,17-26 / Acoustic,Juan Carlos Cobián,R. Leopoldo Thompson,"Osvaldo Fresedo, Alberto Rodríguez","David “Tito” Roccatagliata, Manlio Francia"
Osvaldo Fresedo,Orquesta Típica Fresedo,8/25/1922,Almita Herida,Tango,Instrumental,Victor,Acoustic,Juan Carlos Cobián,,,17-26 / Acoustic,Juan Carlos Cobián,R. Leopoldo Thompson,"Osvaldo Fresedo, Alberto Rodríguez","David “Tito” Roccatagliata, Manlio Francia, Agesilao Ferrazzano"
Osvaldo Fresedo,Orquesta Típica Fresedo,8/25/1922,El Cisne,Tango,Instrumental,Victor,Acoustic,José Rizzuti,,,17-26 / Acoustic,Juan Carlos Cobián,R. Leopoldo Thompson,"Osvaldo Fresedo, Alberto Rodríguez","David “Tito” Roccatagliata, Manlio Francia, Agesilao Ferrazzano"
Osvaldo Fresedo,Orquesta Típica Fresedo,8/25/1922,En Galicia Hay Una Niña,Tango,Instrumental,Victor,Acoustic,Enrique Maciel,,,17-26 / Acoustic,Juan Carlos Cobián,R. Leopoldo Thompson,"Osvaldo Fresedo, Alberto Rodríguez","David “Tito” Roccatagliata, Manlio Francia, Agesilao Ferrazzano"
Osvaldo Fresedo,Orquesta Típica Fresedo,8/25/1922,Los Dopados,Tango,Instrumental,Victor,Acoustic,Juan Carlos Cobián,Enrique Cadícamo,,17-26 / Acoustic,Juan Carlos Cobián,R. Leopoldo Thompson,"Osvaldo Fresedo, Alberto Rodríguez","David “Tito” Roccatagliata, Manlio Francia, Agesilao Ferrazzano"
Osvaldo Fresedo,Orquesta Típica Fresedo,8/28/1922,El Beso De Muerte,Tango,Instrumental,Victor,Acoustic,Osman Pérez Freire,,,17-26 / Acoustic,Juan Carlos Cobián,R. Leopoldo Thompson,"Osvaldo Fresedo, Alberto Rodríguez","David “Tito” Roccatagliata, Manlio Francia, Agesilao Ferrazzano"
Osvaldo Fresedo,Orquesta Típica Fresedo,8/28/1922,Sollozos,Tango,Instrumental,Victor,Acoustic,Osvaldo Fresedo,,,17-26 / Acoustic,Juan Carlos Cobián,R. Leopoldo Thompson,"Osvaldo Fresedo, Alberto Rodríguez","Agesilao Ferrazzano, David “Tito” Roccatagliata"
Osvaldo Fresedo,Orquesta Típica Fresedo,9/20/1922,Peligro Oculto,Tango,Instrumental,Victor,Acoustic,A. Loduca,,,17-26 / Acoustic,Juan Carlos Cobián,R. Leopoldo Thompson,"Osvaldo Fresedo, Alberto Rodríguez","David ""Tito"" Roccatagliata, Manlio Francia, Agesilao Ferrazzano"
Osvaldo Fresedo,Orquesta Típica Fresedo,10/4/1922,Sol Y Sombra,Tango,Instrumental,Victor,Acoustic,Manlio Francia,,,17-26 / Acoustic,José María Rizzuti,R. Leopoldo Thompson,"Osvaldo Fresedo, Alberto Rodríguez","David ""Tito"" Roccatagliata, Manlio Francia, Agesilao Ferrazzano"
Osvaldo Fresedo,Orquesta Típica Fresedo,10/24/1922,Elvirita,Tango,Instrumental,Victor,Acoustic,Osvaldo Fresedo,,,17-26 / Acoustic,Juan Carlos Cobián,Leopoldo Thompson,"Osvaldo Fresedo, Alberto Rodríguez","David ""Tito"" Roccatagliata, Manlio Francia"
Osvaldo Fresedo,Orquesta Típica Fresedo,11/9/1922,Fuego Lento,Tango,Instrumental,Victor,Acoustic,Manlio Francia,,,17-26 / Acoustic,José María Rizzuti,Carmelo Mutarelli,"Osvaldo Fresedo, Alberto Rodríguez","David ""Tito"" Roccatagliata, Manlio Francia, Agesilao Ferrazzano"
Osvaldo Fresedo,Orquesta Típica Fresedo,11/9/1922,Ta-Te-Ti,Tango,Instrumental,Victor,Acoustic,José Rizzuti,,,17-26 / Acoustic,José María Rizzuti,Carmelo Mutarelli,"Osvaldo Fresedo, Alberto Rodríguez","David ""Tito"" Roccatagliata, Manlio Francia, Agesilao Ferrazzano"
Osvaldo Fresedo,Orquesta Típica Fresedo,11/15/1922,El Chinchorro,Tango,Instrumental,Victor,Acoustic,Nerón Ferrazzano,,,17-26 / Acoustic,José María Rizzuti,Carmelo Mutarelli,"Osvaldo Fresedo, Alberto Rodríguez","David ""Tito"" Roccatagliata, Manlio Francia, Agesilao Ferrazzano"
Osvaldo Fresedo,Orquesta Típica Fresedo,11/15/1922,Reflejos,Tango,Instrumental,Victor,Acoustic,Julián Dibasto,,,17-26 / Acoustic,José María Rizzuti,Carmelo Mutarelli,"Osvaldo Fresedo, Alberto Rodríguez","David ""Tito"" Roccatagliata, Manlio Francia, Agesilao Ferrazzano"
Osvaldo Fresedo,Orquesta Típica Fresedo,11/27/1922,De Buen Agüero,Tango,Instrumental,Victor,Acoustic,Luis Piva; Humberto Piva,,,17-26 / Acoustic,José María Rizzuti,Carmelo Mutarelli,"Osvaldo Fresedo, Alberto Rodríguez","Manlio Francia, Agesilao Ferrazzano, Jean Koller"
Osvaldo Fresedo,Orquesta Típica Fresedo,11/27/1922,Modulando,Tango,Instrumental,Victor,Acoustic,José Rizzuti,,,17-26 / Acoustic,José María Rizzuti,Carmelo Mutarelli,"Osvaldo Fresedo, Alberto Rodríguez","Manlio Francia, Agesilao Ferrazzano, Jean Koller"
Osvaldo Fresedo,Orquesta Típica Fresedo,11/27/1922,Por Fin Solos,Tango,Instrumental,Victor,Acoustic,Osvaldo Fresedo,,,17-26 / Acoustic,José María Rizzuti,Carmelo Mutarelli,"Osvaldo Fresedo, Alberto Rodríguez","Manlio Francia, Agesilao Ferrazzano, Jean Koller"
Osvaldo Fresedo,Orquesta Típica Fresedo,11/27/1922,Qué Rubia Papa!,Tango,Instrumental,Victor,Acoustic,Lía Acuña de Andreoni,,,17-26 / Acoustic,José María Rizzuti,Carmelo Mutarelli,"Osvaldo Fresedo, Alberto Rodríguez","Manlio Francia, Agesilao Ferrazzano, Jean Koller"
Osvaldo Fresedo,Orquesta Típica Fresedo,11/28/1922,La Muñeca,Tango,Instrumental,Victor,Acoustic,José Rizzuti,,,17-26 / Acoustic,José María Rizzuti,Carmelo Mutarelli,"Osvaldo Fresedo, Alberto Rodríguez","Manlio Francia, Agesilao Ferrazzano, Jean Koller"
Osvaldo Fresedo,Orquesta Típica Fresedo,12/11/1922,Queja Campera,Tango,Instrumental,Victor,Acoustic,Manlio Francia,,,17-26 / Acoustic,José María Rizzuti,Carmelo Mutarelli,"Osvaldo Fresedo, Alberto Rodríguez","Manlio Francia, Agesilao Ferrazzano, Jean Koller"
Osvaldo Fresedo,Orquesta Típica Fresedo,12/13/1922,La Caprichosa,Tango,Instrumental,Victor,Acoustic,José Baralis,,,17-26 / Acoustic,José María Rizzuti,Carmelo Mutarelli,"Osvaldo Fresedo, Alberto Rodríguez","Manlio Francia, Agesilao Ferrazzano, Jean Koller"
Osvaldo Fresedo,Orquesta Típica Fresedo,12/18/1922,Cabecita Rubia,Tango,Instrumental,Victor,Acoustic,Osman Pérez Freire,,,17-26 / Acoustic,José María Rizzuti,Carmelo Mutarelli,"Osvaldo Fresedo, Alberto Rodríguez","Manlio Francia, Agesilao Ferrazzano, Jean Koller"
Osvaldo Fresedo,Orquesta Típica Fresedo,12/18/1922,Chelín,Tango,Instrumental,Victor,Acoustic,Nerón Ferrazzano,,,17-26 / Acoustic,José María Rizzuti,Carmelo Mutarelli,"Osvaldo Fresedo, Alberto Rodríguez","Manlio Francia, Agesilao Ferrazzano, Jean Koller"
Osvaldo Fresedo,Orquesta Típica Fresedo,12/18/1922,Yo Te Condeno,Tango,Instrumental,Victor,Acoustic,Pedro Numa Córdoba,,,17-26 / Acoustic,José María Rizzuti,Carmelo Mutarelli,"Osvaldo Fresedo, Alberto Rodríguez","Manlio Francia, Agesilao Ferrazzano, Jean Koller"
Osvaldo Fresedo,Orquesta Típica Fresedo,12/20/1922,Hasta Dempsey... No Para,Tango,Instrumental,Victor,Acoustic,Alpidio Fernández,,,17-26 / Acoustic,José María Rizzuti,Carmelo Mutarelli,"Osvaldo Fresedo, Alberto Rodríguez","Manlio Francia, Agesilao Ferrazzano, Jean Koller"
Osvaldo Fresedo,Orquesta Típica Fresedo,12/20/1922,Primer Amor,Tango,Instrumental,Victor,Acoustic,José Rizzuti,,,17-26 / Acoustic,José María Rizzuti,Carmelo Mutarelli,"Osvaldo Fresedo, Alberto Rodríguez","Manlio Francia, Agesilao Ferrazzano, Jean Koller"
Osvaldo Fresedo,Orquesta Típica Fresedo,12/20/1922,Qué Racha!,Tango,Instrumental,Victor,Acoustic,Manlio Francia,,,17-26 / Acoustic,José María Rizzuti,Carmelo Mutarelli,"Osvaldo Fresedo, Alberto Rodríguez","Manlio Francia, Agesilao Ferrazzano, Jean Koller"
Osvaldo Fresedo,Orquesta Típica Fresedo,12/20/1922,Rico,Tango,Instrumental,Victor,Acoustic,Luis Petrucelli,,,17-26 / Acoustic,José María Rizzuti,Carmelo Mutarelli,"Osvaldo Fresedo, Alberto Rodríguez","Manlio Francia, Agesilao Ferrazzano, Jean Koller"
Osvaldo Fresedo,Orquesta Típica Fresedo,3/20/1923,Cenizas,Tango,Instrumental,Victor,Acoustic,José Rizzuti,,,17-26 / Acoustic,José María Rizzuti,Carmelo Mutarelli,"Osvaldo Fresedo, Alberto Rodríguez","Manlio Francia, Jean Koller"
Osvaldo Fresedo,Orquesta Típica Fresedo,3/30/1923,Ídolos,Tango,Instrumental,Victor,Acoustic,Osvaldo Fresedo,,,17-26 / Acoustic,José María Rizzuti,Carmelo Mutarelli,"Osvaldo Fresedo, Alberto Rodríguez","Manlio Francia, Jean Koller"
Osvaldo Fresedo,Orquesta Típica Fresedo,4/17/1923,Melenita,Tango,Instrumental,Victor,Acoustic,Emilio Cárcano,,,17-26 / Acoustic,José María Rizzuti,Carmelo Mutarelli,"Osvaldo Fresedo, Alberto Rodríguez","Manlio Francia, Jean Koller"
Osvaldo Fresedo,Orquesta Típica Fresedo,4/17/1923,Ramas De Sauce,Tango,Instrumental,Victor,Acoustic,Manlio Francia,,,17-26 / Acoustic,José María Rizzuti,Carmelo Mutarelli,"Osvaldo Fresedo, Alberto Rodríguez","Manlio Francia, Jean Koller"
Osvaldo Fresedo,Orquesta Típica Fresedo,5/4/1923,La Señal,Tango,Instrumental,Victor,Acoustic,Esteban González,,,17-26 / Acoustic,José María Rizzuti,Carmelo Mutarelli,"Osvaldo Fresedo, Alberto Rodríguez","Manlio Francia, Jean Koller"
Osvaldo Fresedo,Orquesta Típica Fresedo,5/4/1923,Meco,Tango,Instrumental,Victor,Acoustic,Manlio Francia,,,17-26 / Acoustic,José María Rizzuti,Carmelo Mutarelli,"Osvaldo Fresedo, Alberto Rodríguez","Manlio Francia, Jean Koller"
Osvaldo Fresedo,Orquesta Típica Fresedo,5/13/1923,Tacuarembó,Tango,Instrumental,Victor,Acoustic,Alberto Rodríguez,,,17-26 / Acoustic,José María Rizzuti,Carmelo Mutarelli,"Osvaldo Fresedo, Alberto Rodríguez","Manlio Francia, Jean Koller"
Osvaldo Fresedo,Orquesta Típica Fresedo,5/15/1923,Los Rosales,Tango,Instrumental,Victor,Acoustic,Alberto Rodríguez,,,17-26 / Acoustic,José María Rizzuti,Carmelo Mutarelli,"Osvaldo Fresedo, Alberto Rodríguez","Manlio Francia, Jean Koller"
Osvaldo Fresedo,Orquesta Típica Fresedo,5/15/1923,Queridita Mía,Tango,Instrumental,Victor,Acoustic,Auguste Maurage,,,17-26 / Acoustic,José María Rizzuti,Carmelo Mutarelli,"Osvaldo Fresedo, Alberto Rodríguez","Manlio Francia, Jean Koller"
Osvaldo Fresedo,Orquesta Típica Fresedo,5/18/1923,Te Fuiste,Tango,Instrumental,Victor,Acoustic,Saverio Pubeio,,,17-26 / Acoustic,José María Rizzuti,Carmelo Mutarelli,"Osvaldo Fresedo, Alberto Rodríguez","Manlio Francia, Jean Koller"
Osvaldo Fresedo,Orquesta Típica Fresedo,6/11/1923,Atropellando,Tango,Instrumental,Victor,Acoustic,Luis d'Andrea,,,17-26 / Acoustic,José María Rizzuti,Carmelo Mutarelli,"Osvaldo Fresedo, Alberto Rodríguez","Manlio Francia, Jean Koller"
Osvaldo Fresedo,Orquesta Típica Fresedo,6/11/1923,El Último Beso,Tango,Instrumental,Victor,Acoustic,José Rizzuti,,,17-26 / Acoustic,José María Rizzuti,Carmelo Mutarelli,"Osvaldo Fresedo, Alberto Rodríguez","Manlio Francia, Jean Koller"
Osvaldo Fresedo,Orquesta Típica Fresedo,6/19/1923,Almagro,Tango,Instrumental,Victor,Acoustic,Antonio Cipolla,,,17-26 / Acoustic,José María Rizzuti,Carmelo Mutarelli,"Osvaldo Fresedo, Alberto Rodríguez","Manlio Francia, Jean Koller"
Osvaldo Fresedo,Orquesta Típica Fresedo,6/19/1923,Penas De Amor,Tango,Instrumental,Victor,Acoustic,Celia Amicarelli,,,17-26 / Acoustic,José María Rizzuti,Carmelo Mutarelli,"Osvaldo Fresedo, Alberto Rodríguez","Manlio Francia, Jean Koller"
Osvaldo Fresedo,Orquesta Típica Fresedo,6/29/1923,Manantial,Tango,Instrumental,Victor,Acoustic,Pascual Mazzeo,,,17-26 / Acoustic,José María Rizzuti,Carmelo Mutarelli,"Osvaldo Fresedo, Alberto Rodríguez","Manlio Francia, Jean Koller"
Osvaldo Fresedo,Orquesta Típica Fresedo,6/29/1923,Mi Criollita,Tango,Instrumental,Victor,Acoustic,Francisco Esmella,,,17-26 / Acoustic,José María Rizzuti,Carmelo Mutarelli,"Osvaldo Fresedo, Alberto Rodríguez","Manlio Francia, Jean Koller"
Osvaldo Fresedo,Orquesta Típica Fresedo,7/12/1923,La Garçonne,Tango,Instrumental,Victor,Acoustic,Antonio Cipolla,Francisco Bastardi,,17-26 / Acoustic,José María Rizzuti,Carmelo Mutarelli,"Osvaldo Fresedo, Alberto Rodríguez","Manlio Francia, Jean Koller"
Osvaldo Fresedo,Orquesta Típica Fresedo,7/12/1923,Vida Cruel,Tango,Instrumental,Victor,Acoustic,Vincent de Cicco,,,17-26 / Acoustic,José María Rizzuti,Carmelo Mutarelli,"Osvaldo Fresedo, Alberto Rodríguez","Manlio Francia, Jean Koller"
Osvaldo Fresedo,Orquesta Típica Fresedo,7/27/1923,Algo Bueno,Tango,Instrumental,Victor,Acoustic,Alfonso Gagliano; Pedro Gagliano,,,17-26 / Acoustic,José María Rizzuti,Carmelo Mutarelli,"Osvaldo Fresedo, Alberto Rodríguez","Manlio Francia, Jean Koller"
Osvaldo Fresedo,Orquesta Típica Fresedo,7/27/1923,Alma Mía!,Tango,Instrumental,Victor,Acoustic,Emilio Ferrer,,,17-26 / Acoustic,José María Rizzuti,Carmelo Mutarelli,"Osvaldo Fresedo, Alberto Rodríguez","Manlio Francia, Jean Koller"
Osvaldo Fresedo,Orquesta Típica Fresedo,7/27/1923,Tristeza Gaucha,Tango,Instrumental,Victor,Acoustic,José Rizzuti,,,17-26 / Acoustic,José María Rizzuti,Carmelo Mutarelli,"Osvaldo Fresedo, Alberto Rodríguez","Manlio Francia, Jean Koller"
Osvaldo Fresedo,Orquesta Típica Fresedo,7/31/1923,El Encuentro,Tango,Instrumental,Victor,Acoustic,Emilio Ferrer,,,17-26 / Acoustic,José María Rizzuti,Carmelo Mutarelli,"Osvaldo Fresedo, Alberto Rodríguez","Manlio Francia, Jean Koller"
Osvaldo Fresedo,Orquesta Típica Fresedo,7/31/1923,Mi Reliquia,Tango,Instrumental,Victor,Acoustic,Manuel Parada,,,17-26 / Acoustic,José María Rizzuti,Carmelo Mutarelli,"Osvaldo Fresedo, Alberto Rodríguez","Manlio Francia, Jean Koller"
Osvaldo Fresedo,Orquesta Típica Fresedo,8/8/1923,De Antaño,Tango,Instrumental,Victor,Acoustic,Alberto Rodríguez,,,17-26 / Acoustic,José María Rizzuti,Carmelo Mutarelli,"Osvaldo Fresedo, Alberto Rodríguez","Manlio Francia, Jean Koller"
Osvaldo Fresedo,Orquesta Típica Fresedo,8/8/1923,La Ratona,Tango,Instrumental,Victor,Acoustic,Osvaldo Fresedo,,,17-26 / Acoustic,José María Rizzuti,Carmelo Mutarelli,"Osvaldo Fresedo, Alberto Rodríguez","Manlio Francia, Jean Koller"
Osvaldo Fresedo,Orquesta Típica Fresedo,8/8/1923,Salve!,Tango,Instrumental,Victor,Acoustic,Antonio Cipolla,Francisco Bastardi,,17-26 / Acoustic,José María Rizzuti,Carmelo Mutarelli,"Osvaldo Fresedo, Alberto Rodríguez","Manlio Francia, Jean Koller"
Osvaldo Fresedo,Orquesta Típica Fresedo,8/14/1923,Mano Larga,Tango,Instrumental,Victor,Acoustic,Juan Polito,,,17-26 / Acoustic,José María Rizzuti,Carmelo Mutarelli,"Osvaldo Fresedo, Alberto Rodríguez","Manlio Francia, Jean Koller"
Osvaldo Fresedo,Orquesta Típica Fresedo,8/24/1923,La Pesadilla,Tango,Instrumental,Victor,Acoustic,José Rizzuti,,,17-26 / Acoustic,José María Rizzuti,Carmelo Mutarelli,"Osvaldo Fresedo, Alberto Rodríguez","Manlio Francia, Jean Koller"
Osvaldo Fresedo,Orquesta Típica Fresedo,8/24/1923,Meco,Tango,Instrumental,Victor,Acoustic,Manlio Francia,,,17-26 / Acoustic,José María Rizzuti,Carmelo Mutarelli,"Osvaldo Fresedo, Alberto Rodríguez","Manlio Francia, Jean Koller"
Osvaldo Fresedo,Orquesta Típica Fresedo,9/5/1923,Cervantes,Tango,Instrumental,Victor,Acoustic,Alberico Spátola,,,17-26 / Acoustic,José María Rizzuti,Carmelo Mutarelli,"Osvaldo Fresedo, Alberto Rodríguez","Manlio Francia, Jean Koller"
Osvaldo Fresedo,Orquesta Típica Fresedo,9/5/1923,El Camote,Tango,Instrumental,Victor,Acoustic,José Cruz,,,17-26 / Acoustic,José María Rizzuti,Carmelo Mutarelli,"Osvaldo Fresedo, Alberto Rodríguez","Manlio Francia, Jean Koller"
Osvaldo Fresedo,Orquesta Típica Fresedo,9/5/1923,Mi Maga,Tango,Instrumental,Victor,Acoustic,Raúl Ruiz Moreno,,,17-26 / Acoustic,José María Rizzuti,Carmelo Mutarelli,"Osvaldo Fresedo, Alberto Rodríguez","Manlio Francia, Jean Koller"
Osvaldo Fresedo,Orquesta Típica Fresedo,9/10/1923,Deshojando,Tango,Instrumental,Victor,Acoustic,Francisco Esmella,,,17-26 / Acoustic,José María Rizzuti,Carmelo Mutarelli,"Osvaldo Fresedo, Alberto Rodríguez","Manlio Francia, Jean Koller"
Osvaldo Fresedo,Orquesta Típica Fresedo,9/10/1923,El Vividor,Tango,Instrumental,Victor,Acoustic,Delmiro Pereyra,,,17-26 / Acoustic,José María Rizzuti,Carmelo Mutarelli,"Osvaldo Fresedo, Alberto Rodríguez","Manlio Francia, Jean Koller"
Osvaldo Fresedo,Orquesta Típica Fresedo,9/10/1923,Loca Pasión,Tango,Instrumental,Victor,Acoustic,María G. de Michaelsen,,,17-26 / Acoustic,José María Rizzuti,Carmelo Mutarelli,"Osvaldo Fresedo, Alberto Rodríguez","Manlio Francia, Jean Koller"
Osvaldo Fresedo,Orquesta Típica Fresedo,9/10/1923,Mi Querer,Tango,Instrumental,Victor,Acoustic,Orestes Spadone,,,17-26 / Acoustic,José María Rizzuti,Carmelo Mutarelli,"Osvaldo Fresedo, Alberto Rodríguez","Manlio Francia, Jean Koller"
Osvaldo Fresedo,Orquesta Típica Fresedo,9/17/1923,Murió La Pebeta,Tango,Instrumental,Victor,Acoustic,Fernando Navarrete,,,17-26 / Acoustic,José María Rizzuti,Carmelo Mutarelli,"Osvaldo Fresedo, Alberto Rodríguez","Manlio Francia, Jean Koller"
Osvaldo Fresedo,Orquesta Típica Fresedo,9/24/1923,Bien Frappée,Tango,Instrumental,Victor,Acoustic,Ángel Maffia,,,17-26 / Acoustic,José María Rizzuti,Carmelo Mutarelli,"Osvaldo Fresedo, Alberto Rodríguez","Manlio Francia, Jean Koller"
Osvaldo Fresedo,Orquesta Típica Fresedo,9/24/1923,Fresedo,Tango,Instrumental,Victor,Acoustic,Julio De Caro,,,17-26 / Acoustic,José María Rizzuti,Carmelo Mutarelli,"Osvaldo Fresedo, Alberto Rodríguez","Manlio Francia, Jean Koller"
Osvaldo Fresedo,Orquesta Típica Fresedo,9/24/1923,Gratos Recuerdos,Tango,Instrumental,Victor,Acoustic,Osvaldo Fresedo,,,17-26 / Acoustic,José María Rizzuti,Carmelo Mutarelli,"Osvaldo Fresedo, Alberto Rodríguez","Manlio Francia, Jean Koller"
Osvaldo Fresedo,Orquesta Típica Fresedo,10/1/1923,Ilusión Perdida,Tango,Instrumental,Victor,Acoustic,Luis Martino,,,17-26 / Acoustic,José María Rizzuti,Carmelo Mutarelli,"Osvaldo Fresedo, Alberto Rodríguez","Manlio Francia, Jean Koller"
Osvaldo Fresedo,Orquesta Típica Fresedo,10/1/1923,Solitaria,Tango,Instrumental,Victor,Acoustic,Enrique Maciel,,,17-26 / Acoustic,José María Rizzuti,Carmelo Mutarelli,"Osvaldo Fresedo, Alberto Rodríguez","Manlio Francia, Jean Koller"
Osvaldo Fresedo,Orquesta Típica Fresedo,10/8/1923,Chafalonia,Tango,Instrumental,Victor,Acoustic,Guido Vanzina Pacheco,,,17-26 / Acoustic,José María Rizzuti,Carmelo Mutarelli,"Osvaldo Fresedo, Alberto Rodríguez","Manlio Francia, Jean Koller"
Osvaldo Fresedo,Orquesta Típica Fresedo,10/8/1923,Tengo Celos,Tango,Instrumental,Victor,Acoustic,Luis Serrano,,,17-26 / Acoustic,José María Rizzuti,Carmelo Mutarelli,"Osvaldo Fresedo, Alberto Rodríguez","Manlio Francia, Jean Koller"
Osvaldo Fresedo,Orquesta Típica Fresedo,10/23/1923,Encantito,Tango,Instrumental,Victor,Acoustic,Ángel Maffia,,,17-26 / Acoustic,José María Rizzuti,Carmelo Mutarelli,"Osvaldo Fresedo, Alberto Rodríguez","Manlio Francia, Jean Koller"
Osvaldo Fresedo,Orquesta Típica Fresedo,10/23/1923,Luis María,Tango,Instrumental,Victor,Acoustic,Manlio Francia,,,17-26 / Acoustic,José María Rizzuti,Carmelo Mutarelli,"Osvaldo Fresedo, Alberto Rodríguez","Manlio Francia, Jean Koller"
Osvaldo Fresedo,Orquesta Típica Fresedo,10/23/1923,Rosa Marchita,Tango,Instrumental,Victor,Acoustic,José Rizzuti,,,17-26 / Acoustic,José María Rizzuti,Carmelo Mutarelli,"Osvaldo Fresedo, Alberto Rodríguez","Manlio Francia, Jean Koller"
Osvaldo Fresedo,Orquesta Típica Fresedo,10/29/1923,El Zorzal,Tango,Instrumental,Victor,Acoustic,Alpidio Fernández,,,17-26 / Acoustic,José María Rizzuti,Carmelo Mutarelli,"Osvaldo Fresedo, Alberto Rodríguez","Manlio Francia, Jean Koller"
Osvaldo Fresedo,Orquesta Típica Fresedo,10/29/1923,Jardín Florido,Tango,Instrumental,Victor,Acoustic,Julio De Caro,,,17-26 / Acoustic,José María Rizzuti,Carmelo Mutarelli,"Osvaldo Fresedo, Alberto Rodríguez","Manlio Francia, Jean Koller"
Osvaldo Fresedo,Orquesta Típica Fresedo,11/7/1923,Bésame,Tango,Instrumental,Victor,Acoustic,José Marco,,,17-26 / Acoustic,José María Rizzuti,Carmelo Mutarelli,"Osvaldo Fresedo, Alberto Rodríguez","Manlio Francia, Jean Koller"
Osvaldo Fresedo,Orquesta Típica Fresedo,11/7/1923,Gemidos,Tango,Instrumental,Victor,Acoustic,Julio Vivas,,,17-26 / Acoustic,José María Rizzuti,Carmelo Mutarelli,"Osvaldo Fresedo, Alberto Rodríguez","Manlio Francia, Jean Koller"
Osvaldo Fresedo,Orquesta Típica Fresedo,11/7/1923,Jornada Campera,Tango,Instrumental,Victor,Acoustic,Nicolás Blois Marino,,,17-26 / Acoustic,José María Rizzuti,Carmelo Mutarelli,"Osvaldo Fresedo, Alberto Rodríguez","Manlio Francia, Jean Koller"
Osvaldo Fresedo,Orquesta Típica Fresedo,11/12/1923,A Buena Hora,Tango,Instrumental,Victor,Acoustic,Remo Bolognini,,,17-26 / Acoustic,José María Rizzuti,Carmelo Mutarelli,"Osvaldo Fresedo, Alberto Rodríguez","Manlio Francia, Jean Koller"
Osvaldo Fresedo,Orquesta Típica Fresedo,11/12/1923,Hasta Cuándo,Tango,Instrumental,Victor,Acoustic,Pedro Maffia,,,17-26 / Acoustic,José María Rizzuti,Carmelo Mutarelli,"Osvaldo Fresedo, Alberto Rodríguez","Manlio Francia, Jean Koller"
Osvaldo Fresedo,Orquesta Típica Fresedo,11/20/1923,La Divisa Punzó,Tango,Instrumental,Victor,Acoustic,Elvira Pérez de Fernández,,,17-26 / Acoustic,José María Rizzuti,Carmelo Mutarelli,"Osvaldo Fresedo, Alberto Rodríguez","Manlio Francia, Jean Koller"
Osvaldo Fresedo,Orquesta Típica Fresedo,11/20/1923,Manzanita,Tango,Instrumental,Victor,Acoustic,Raimundo Petillo,,,17-26 / Acoustic,José María Rizzuti,Carmelo Mutarelli,"Osvaldo Fresedo, Alberto Rodríguez","Manlio Francia, Jean Koller"
Osvaldo Fresedo,Orquesta Típica Fresedo,11/22/1923,Lita,Tango,Instrumental,Victor,Acoustic,J. Martínez de Hoz; Tito Cremona,,,17-26 / Acoustic,José María Rizzuti,Carmelo Mutarelli,"Osvaldo Fresedo, Alberto Rodríguez","Manlio Francia, Jean Koller"
Osvaldo Fresedo,Orquesta Típica Fresedo,12/3/1923,Bustito,Tango,Instrumental,Victor,Acoustic,Salvador Merico,,,17-26 / Acoustic,José María Rizzuti,Carmelo Mutarelli,"Osvaldo Fresedo, Alberto Rodríguez","Manlio Francia, Jean Koller"
Osvaldo Fresedo,Orquesta Típica Fresedo,12/4/1923,Pura Pierna,Tango,Instrumental,Victor,Acoustic,Emilio Sassenus,,,17-26 / Acoustic,José María Rizzuti,Carmelo Mutarelli,"Osvaldo Fresedo, Alberto Rodríguez","Manlio Francia, Jean Koller"
Osvaldo Fresedo,Orquesta Típica Fresedo,12/10/1923,Aromas,Tango,Instrumental,Victor,Acoustic,Osvaldo Fresedo,,,17-26 / Acoustic,José María Rizzuti,Carmelo Mutarelli,"Osvaldo Fresedo, Alberto Rodríguez","Manlio Francia, Jean Koller"
Osvaldo Fresedo,Orquesta Típica Fresedo,12/10/1923,Ingrata,Tango,Instrumental,Victor,Acoustic,José Rizzuti,,,17-26 / Acoustic,José María Rizzuti,Carmelo Mutarelli,"Osvaldo Fresedo, Alberto Rodríguez","Manlio Francia, Jean Koller"
Osvaldo Fresedo,Orquesta Típica Fresedo,12/14/1923,Julián,Tango,Instrumental,Victor,Acoustic,Edgardo Donato,José Panizza,,17-26 / Acoustic,José María Rizzuti,Carmelo Mutarelli,"Osvaldo Fresedo, Alberto Rodríguez","Manlio Francia, Jean Koller"
Osvaldo Fresedo,Orquesta Típica Fresedo,12/14/1923,Un Antojo,Tango,Instrumental,Victor,Acoustic,Pedro Gagliano; Alfonso Gagliano,,,17-26 / Acoustic,José María Rizzuti,Carmelo Mutarelli,"Osvaldo Fresedo, Alberto Rodríguez","Manlio Francia, Jean Koller"
Osvaldo Fresedo,Orquesta Típica Fresedo,3/11/1924,Desde Las Nubes,Tango,Instrumental,Victor,Acoustic,Osvaldo Fresedo,,,17-26 / Acoustic,José María Rizzuti,"Carmelo Mutarelli, Raúl Fresedo (drums)","Osvaldo Fresedo, Alberto Rodríguez, Luis Petrucelli","Manlio Francia, Adolfo Muzzi, Jean Koller"
Osvaldo Fresedo,Orquesta Típica Fresedo,3/18/1924,Mujercita,Tango,Instrumental,Victor,Acoustic,Luis Martínez Serrano; C. González,,,17-26 / Acoustic,José María Rizzuti,Carmelo Mutarelli,"Osvaldo Fresedo, Alberto Rodríguez","Manlio Francia, Adolfo Muzzi, Jean Koller"
Osvaldo Fresedo,Orquesta Típica Fresedo,3/24/1924,Todo Corazón,Tango,Instrumental,Victor,Acoustic,José De Caro,,,17-26 / Acoustic,José María Rizzuti,"Carmelo Mutarelli, Raúl Fresedo (drums)","Osvaldo Fresedo, Alberto Rodríguez, Luis Petrucelli","Manlio Francia, Adolfo Muzzi, Jean Koller"
Osvaldo Fresedo,Orquesta Típica Fresedo,3/25/1924,Eliana,Tango,Instrumental,Victor,Acoustic,Juan Garrido,,,17-26 / Acoustic,José María Rizzuti,"Carmelo Mutarelli, Raúl Fresedo (drums)","Osvaldo Fresedo, Alberto Rodríguez, Luis Petrucelli","Manlio Francia, Adolfo Muzzi, Jean Koller"
Osvaldo Fresedo,Orquesta Típica Fresedo,8/15/1924,Reminiscencias,Tango,Instrumental,Victor,Acoustic,Enrique Delfino; Osvaldo Fresedo; José Rizzutti,,,17-26 / Acoustic,José María Rizzuti,"Humberto Costanzo, Raúl Fresedo (drums)","Osvaldo Fresedo, Alberto Rodríguez, Luis Petrucelli","Manlio Francia, Adolfo Muzzi, Jean Koller"
Osvaldo Fresedo,Orquesta Típica Fresedo,8/25/1924,Oscarcito,Tango,Instrumental,Victor,Acoustic,José Di Clemente,,,17-26 / Acoustic,José María Rizzuti,"Humberto Costanzo, Raúl Fresedo (drums)","Osvaldo Fresedo, Alberto Rodríguez, Luis Petrucelli","Manlio Francia, Adolfo Muzzi, Jean Koller"
Osvaldo Fresedo,Orquesta Típica Fresedo,8/25/1924,Sueño De Amor,Tango,Instrumental,Victor,Acoustic,José De Caro,,,17-26 / Acoustic,José María Rizzuti,Humberto Costanzo,"Osvaldo Fresedo, Alberto Rodríguez, Luis Petrucelli","Manlio Francia, Adolfo Muzzi, Jean Koller"
Osvaldo Fresedo,Orquesta Típica Fresedo,10/16/1924,El Once,Tango,Instrumental,Victor,Acoustic,Osvaldo Fresedo,,,17-26 / Acoustic,José María Rizzuti,"Humberto Costanzo, Raúl Fresedo (drums)","Osvaldo Fresedo, Alberto Rodríguez, Luis Petrucelli","Manlio Francia, Adolfo Muzzi, Jean Koller"
Osvaldo Fresedo,Orquesta Típica Fresedo,10/16/1924,Encanto,Tango,Instrumental,Victor,Acoustic,#REF!,,,17-26 / Acoustic,José María Rizzuti,"Humberto Costanzo, Raúl Fresedo (drums)","Osvaldo Fresedo, Alberto Rodríguez, Luis Petrucelli","Manlio Francia, Adolfo Muzzi, Jean Koller"
Osvaldo Fresedo,Orquesta Típica Fresedo,10/16/1924,Entre Rejas,Tango,Instrumental,Victor,Acoustic,José Rizzuti,,,17-26 / Acoustic,José María Rizzuti,Humberto Costanzo,"Osvaldo Fresedo, Alberto Rodríguez, Luis Petrucelli","Manlio Francia, Adolfo Muzzi, Jean Koller"
Osvaldo Fresedo,Orquesta Típica Fresedo,10/16/1924,Un Chispazo,Tango,Instrumental,Victor,Acoustic,Pedro Polito,,,17-26 / Acoustic,José María Rizzuti,"Humberto Costanzo, Raúl Fresedo (drums)","Osvaldo Fresedo, Alberto Rodríguez, Luis Petrucelli","Manlio Francia, Adolfo Muzzi, Jean Koller"
 Osvaldo Fresedo , Orquesta Típica Fresedo ,"9,321.00", Pobre Chica , Tango , Ada Falcón , Victor , Acoustic , Osvaldo Fresedo , Emilio Fresedo ,, 17-26 / Acoustic , José María Rizzuti ," Humberto Costanzo, Raúl Fresedo (drums) "," Osvaldo Fresedo, Alberto Rodríguez, Luis Petrucelli "," Manlio Francia, Adolfo Muzzi, Jean Koller "
Osvaldo Fresedo,Orquesta Típica Fresedo,2/5/1925,Oro Y Seda,Tango,Instrumental,Victor,Acoustic,Osvaldo Fresedo,Amadeo Canale,,17-26 / Acoustic,José María Rizzuti,Humberto Costanzo,"Osvaldo Fresedo, Alberto Rodríguez","Manlio Francia, Adolfo Muzzi, Jean Koller"
Osvaldo Fresedo,Orquesta Típica Fresedo,3/10/1925,Desilusión,Tango,Instrumental,Victor,Acoustic,José Rizzuti,,,17-26 / Acoustic,José María Rizzuti,"Humberto Costanzo, Raúl Fresedo (drums)","Osvaldo Fresedo, Alberto Rodríguez, Luis Petrucelli","Manlio Francia, Adolfo Muzzi, Jean Koller"
Osvaldo Fresedo,Orquesta Típica Fresedo,3/10/1925,Pobre Chica,Tango,Instrumental,Victor,Acoustic,Osvaldo Fresedo,,,17-26 / Acoustic,José María Rizzuti,Humberto Costanzo,"Osvaldo Fresedo, Alberto Rodríguez","Manlio Francia, Adolfo Muzzi, Jean Koller"
 Osvaldo Fresedo , Orquesta Típica Fresedo ,"10,031.00"," Te Acordás, Reo? ", Tango , Instrumental , Odeon , 78rpm , Osvaldo Fresedo , Emilio Fresedo ,, 26-28 / Sextet , José María Rizzuti , Humberto Costanzo ," Osvaldo Fresedo, Alberto Rodríguez "," Adolfo Muzzi, Jean Koller "
Osvaldo Fresedo,Orquesta Típica Fresedo,4/28/1925,El Último Cariño,Tango,Instrumental,Victor,Acoustic,Alfredo Marengo,,,17-26 / Acoustic,José María Rizzuti,Humberto Costanzo,"Osvaldo Fresedo, Alberto Rodríguez","Manlio Francia, Adolfo Muzzi, Jean Koller"
Osvaldo Fresedo,Orquesta Típica Fresedo,4/28/1925,Lazos De Seda,Tango,Instrumental,Victor,Acoustic,Antonio Tanturi; Ricardo Tanturi,José Barros,,17-26 / Acoustic,José María Rizzuti,Humberto Costanzo,"Osvaldo Fresedo, Alberto Rodríguez","Manlio Francia, Adolfo Muzzi, Jean Koller"
Osvaldo Fresedo,Orquesta Típica Fresedo,4/28/1925,Sin Alma,Tango,Instrumental,Victor,Acoustic,Roberto Goyeneche,,,17-26 / Acoustic,José María Rizzuti,"Humberto Costanzo, Raúl Fresedo (drums)","Osvaldo Fresedo, Alberto Rodríguez","Manlio Francia, Adolfo Muzzi, Jean Koller"
Osvaldo Fresedo,Orquesta Típica Fresedo,5/1/1925,Muchachita De Mi Ensueño,Tango,Instrumental,Victor,Acoustic,Carlos Sánchez,,,17-26 / Acoustic,José María Rizzuti,"Humberto Costanzo, Raúl Fresedo (drums)","Osvaldo Fresedo, Alberto Rodríguez","Manlio Francia, Adolfo Muzzi, Jean Koller"
Osvaldo Fresedo,Orquesta Típica Fresedo,6/5/1925,El Cofrecito,Tango,Instrumental,Victor,Acoustic,Rogelio Alfaro,,,17-26 / Acoustic,José María Rizzuti,Humberto Costanzo,"Osvaldo Fresedo, Alberto Rodríguez","Manlio Francia, Adolfo Muzzi, Jean Koller"
Osvaldo Fresedo,Orquesta Típica Fresedo,6/5/1925,Palabra De Honor,Tango,Instrumental,Victor,Acoustic,Víctor Troysi,,,17-26 / Acoustic,José María Rizzuti,Humberto Costanzo,"Osvaldo Fresedo, Alberto Rodríguez","Manlio Francia, Adolfo Muzzi, Jean Koller"
Osvaldo Fresedo,Orquesta Típica Fresedo,6/24/1925,De Mi Barrio,Tango,Instrumental,Victor,Acoustic,Roberto Goyeneche,,,17-26 / Acoustic,José María Rizzuti,Humberto Costanzo,"Osvaldo Fresedo, Alberto Rodríguez","Manlio Francia, Adolfo Muzzi, Jean Koller"
Osvaldo Fresedo,Orquesta Típica Fresedo,6/24/1925,Inglesita,Tango,Instrumental,Victor,Acoustic,Julio Sanders,,,17-26 / Acoustic,José María Rizzuti,"Humberto Costanzo, Raúl Fresedo (drums)","Osvaldo Fresedo, Alberto Rodríguez, Luis Petrucelli","Manlio Francia, Adolfo Muzzi, Jean Koller"
 Osvaldo Fresedo , Orquesta Típica Fresedo ,"10,461.00", Canto De Amor , Tango , Instrumental , Odeon , 78rpm , Osvaldo Fresedo , Emilio Fresedo ,, 26-28 / Sextet , José María Rizzuti , Humberto Costanzo ," Osvaldo Fresedo, Alberto Rodríguez "," Adolfo Muzzi, Jean Koller "
Osvaldo Fresedo,Orquesta Típica Fresedo,7/3/1925,Caprichosa,Tango,Instrumental,Victor,Acoustic,Hermes Peressini,,,17-26 / Acoustic,José María Rizzuti,"Humberto Costanzo, Raúl Fresedo (drums)","Osvaldo Fresedo, Alberto Rodríguez, Luis Petrucelli","Manlio Francia, Adolfo Muzzi, Jean Koller"
Osvaldo Fresedo,Orquesta Típica Fresedo,7/3/1925,Venga Champán,Tango,Instrumental,Victor,Acoustic,Manuel Jovés,,,17-26 / Acoustic,José María Rizzuti,"Humberto Costanzo, Raúl Fresedo (drums)","Osvaldo Fresedo, Alberto Rodríguez, Luis Petrucelli","Manlio Francia, Adolfo Muzzi, Jean Koller"
Osvaldo Fresedo,Orquesta Típica Fresedo,7/8/1925,Oro Y Seda,Tango,Ada Falcón,Victor,Acoustic,Osvaldo Fresedo,Amadeo Canale,,17-26 / Acoustic,José María Rizzuti,Humberto Costanzo,"Osvaldo Fresedo, Alberto Rodríguez","Manlio Francia, Adolfo Muzzi, Jean Koller"
 Osvaldo Fresedo , Orquesta Típica Osvaldo Fresedo ,"11,499.00", Tango Mío , Tango , Agustín Magaldi , Brunswick , 78rpm , Osvaldo Fresedo , Emilio Fresedo ,, 29-32 / Brunswick , Sebastián Lombardo , Alfredo Corletto ," Juan Salvatore, Luis Petrucelli "," Adolfo Muzzi, Pedro Desrets, José Lorito "
Osvaldo Fresedo,Orquesta Típica Fresedo,7/17/1925,Mimí,Tango,Instrumental,Victor,Acoustic,Alfredo Marengo,,,17-26 / Acoustic,José María Rizzuti,Humberto Costanzo,"Osvaldo Fresedo, Alberto Rodríguez","Manlio Francia, Adolfo Muzzi, Jean Koller"
Osvaldo Fresedo,Orquesta Típica Fresedo,7/17/1925,San Antonio,Tango,Instrumental,Victor,Acoustic,Eduardo Pataro Conte,,,17-26 / Acoustic,José María Rizzuti,Humberto Costanzo,"Osvaldo Fresedo, Alberto Rodríguez","Manlio Francia, Adolfo Muzzi, Jean Koller"
Osvaldo Fresedo,Orquesta Típica Fresedo,8/28/1925,Muchachita De Montmartre,Tango,Instrumental,Victor,Acoustic,Osvaldo Fresedo,,,17-26 / Acoustic,José María Rizzuti,Humberto Costanzo,"Osvaldo Fresedo, Alberto Rodríguez","Manlio Francia, Adolfo Muzzi, Jean Koller"
Osvaldo Fresedo,Orquesta Típica Fresedo,9/17/1925,Risas De Cabaret,Tango,Instrumental,Victor,Acoustic,José Rizzuti,,,17-26 / Acoustic,José María Rizzuti,Humberto Costanzo,"Osvaldo Fresedo, Alberto Rodríguez","Manlio Francia, Adolfo Muzzi, Jean Koller"
Osvaldo Fresedo,Orquesta Típica Fresedo,9/17/1925,Un Real Al 69,Tango,Instrumental,Victor,Acoustic,Salvador Granata,,,17-26 / Acoustic,José María Rizzuti,Humberto Costanzo,"Osvaldo Fresedo, Alberto Rodríguez","Manlio Francia, Adolfo Muzzi, Jean Koller"
Osvaldo Fresedo,Orquesta Típica Fresedo,9/22/1925,Buena Vida,Tango,Instrumental,Victor,Acoustic,Alberto Rodríguez,Julio Bonnet,,17-26 / Acoustic,José María Rizzuti,Humberto Costanzo,"Osvaldo Fresedo, Alberto Rodríguez","Manlio Francia, Adolfo Muzzi, Jean Koller"
Osvaldo Fresedo,Orquesta Típica Fresedo,9/22/1925,Callecita De Mi Barrio,Tango,Instrumental,Victor,Acoustic,Otelo Gasparini; Alberto Laporte,Enrique Maroni,,17-26 / Acoustic,José María Rizzuti,Humberto Costanzo,"Osvaldo Fresedo, Alberto Rodríguez","Manlio Francia, Adolfo Muzzi, Jean Koller"
Osvaldo Fresedo,Orquesta Típica Fresedo,10/6/1925,Aladino,Tango,Instrumental,Victor,Acoustic,Hermes Peressini,,,17-26 / Acoustic,José María Rizzuti,"Humberto Costanzo, Raúl Fresedo (drums)","Osvaldo Fresedo, Alberto Rodríguez, Luis Petrucelli","Manlio Francia, Adolfo Muzzi, Jean Koller"
Osvaldo Fresedo,Orquesta Típica Fresedo,10/6/1925,Viejo Rincón,Tango,Instrumental,Victor,Acoustic,Raúl de los Hoyos,Roberto Cayol,,17-26 / Acoustic,José María Rizzuti,Humberto Costanzo,"Osvaldo Fresedo, Alberto Rodríguez","Manlio Francia, Adolfo Muzzi, Jean Koller"
Osvaldo Fresedo,Orquesta Típica Fresedo,10/8/1925,Son Celos,Tango,Instrumental,Victor,Acoustic,V. Quiros; Pedro Puche,,,17-26 / Acoustic,José María Rizzuti,"Humberto Costanzo, Raúl Fresedo (drums)","Osvaldo Fresedo, Alberto Rodríguez, Luis Petrucelli","Manlio Francia, Adolfo Muzzi, Jean Koller"
Osvaldo Fresedo,Orquesta Típica Fresedo,11/16/1926,Cuesta Arriba,Tango,Instrumental,Odeon,78rpm,Juan Ghio,,,26-28 / Sextet,José María Rizzuti,Humberto Costanzo,"Osvaldo Fresedo, Alberto Rodríguez","Adolfo Muzzi, Jean Koller"
 Osvaldo Fresedo , Osvaldo Fresedo y su Típica  ,"12,310.00", Vida Mía , Tango , Roberto Ray , Victor , 78rpm , Osvaldo Fresedo , Emilio Fresedo ,, 33-39 / Rituzzi Piano , José María Rizzuti , Alfredo Corletto ," Osvaldo Fresedo, Pascual Storti, Juan Salvatore "," Adolfo Muzzi, Pedro Desrets, José Lorito "
Osvaldo Fresedo,Orquesta Típica Fresedo,11/16/1926,Martirio Del Alma,Vals,Instrumental,Odeon,78rpm,Antonio Bonavena,J. Legüero,,26-28 / Sextet,José María Rizzuti,Humberto Costanzo,"Osvaldo Fresedo, Alberto Rodríguez","Adolfo Muzzi, Jean Koller"
Osvaldo Fresedo,Orquesta Típica Fresedo,11/16/1926,Olvide Amigo,Tango,Instrumental,Odeon,78rpm,José Rizzuti,,,26-28 / Sextet,José María Rizzuti,Humberto Costanzo,"Osvaldo Fresedo, Alberto Rodríguez","Adolfo Muzzi, Jean Koller"
Osvaldo Fresedo,Orquesta Típica Fresedo,11/16/1926,Sangre Noble,Tango,Instrumental,Odeon,78rpm,#REF!,,,26-28 / Sextet,José María Rizzuti,Humberto Costanzo,"Osvaldo Fresedo, Alberto Rodríguez","Adolfo Muzzi, Jean Koller"
Osvaldo Fresedo,Orquesta Típica Fresedo,11/16/1926,Una Tarde,Tango,Instrumental,Odeon,78rpm,Nerón Ferrazzano; Julio Pollero,Benjamín Tagle-Lara,,26-28 / Sextet,José María Rizzuti,Humberto Costanzo,"Osvaldo Fresedo, Alberto Rodríguez","Adolfo Muzzi, Jean Koller"
Osvaldo Fresedo,Orquesta Típica Fresedo,11/19/1926,Bésame Así,Tango,Instrumental,Odeon,78rpm,Luis Martínez,,,26-28 / Sextet,José María Rizzuti,Humberto Costanzo,"Osvaldo Fresedo, Alberto Rodríguez","Adolfo Muzzi, Jean Koller"
Osvaldo Fresedo,Orquesta Típica Fresedo,11/19/1926,Cotorrito,Tango,Instrumental,Odeon,78rpm,Santiago París,José Serra,,26-28 / Sextet,José María Rizzuti,Humberto Costanzo,"Osvaldo Fresedo, Alberto Rodríguez","Adolfo Muzzi, Jean Koller"
Osvaldo Fresedo,Orquesta Típica Fresedo,11/19/1926,Dame Un Beso,Tango,Instrumental,Odeon,78rpm,Adolfo Muzzi,,,26-28 / Sextet,José María Rizzuti,Humberto Costanzo,"Osvaldo Fresedo, Alberto Rodríguez","Adolfo Muzzi, Jean Koller"
Osvaldo Fresedo,Orquesta Típica Fresedo,11/19/1926,La Madrugada,Tango,Instrumental,Odeon,78rpm,Emilio Iribarne,,,26-28 / Sextet,José María Rizzuti,Humberto Costanzo,"Osvaldo Fresedo, Alberto Rodríguez","Adolfo Muzzi, Jean Koller"
Osvaldo Fresedo,Orquesta Típica Fresedo,11/19/1926,Mío Serás,Tango,Instrumental,Odeon,78rpm,Angélica Menna,,,26-28 / Sextet,José María Rizzuti,Humberto Costanzo,"Osvaldo Fresedo, Alberto Rodríguez","Adolfo Muzzi, Jean Koller"
Osvaldo Fresedo,Orquesta Típica Fresedo,11/19/1926,Por Qué No Lo Dijiste,Tango,Instrumental,Odeon,78rpm,Emilio Rolfo,,,26-28 / Sextet,José María Rizzuti,Humberto Costanzo,"Osvaldo Fresedo, Alberto Rodríguez","Adolfo Muzzi, Jean Koller"
Osvaldo Fresedo,Orquesta Típica Fresedo,11/22/1926,Bacán,Tango,Instrumental,Odeon,78rpm,Armando Baliotti,,,26-28 / Sextet,José María Rizzuti,Humberto Costanzo,"Osvaldo Fresedo, Alberto Rodríguez","Adolfo Muzzi, Jean Koller"
Osvaldo Fresedo,Orquesta Típica Fresedo,11/22/1926,Caricias,Tango,Instrumental,Odeon,78rpm,Miguel Massini; Alejandro Schujer,,,26-28 / Sextet,José María Rizzuti,Humberto Costanzo,"Osvaldo Fresedo, Alberto Rodríguez","Adolfo Muzzi, Jean Koller"
Osvaldo Fresedo,Orquesta Típica Fresedo,11/22/1926,El Ermitaño,Tango,Instrumental,Odeon,78rpm,Humberto Constanzo,,,26-28 / Sextet,José María Rizzuti,Humberto Costanzo,"Osvaldo Fresedo, Alberto Rodríguez","Adolfo Muzzi, Jean Koller"
Osvaldo Fresedo,Orquesta Típica Fresedo,11/22/1926,El Perdón,Tango,Instrumental,Odeon,78rpm,Raúl Iriarte,,,26-28 / Sextet,José María Rizzuti,Humberto Costanzo,"Osvaldo Fresedo, Alberto Rodríguez","Adolfo Muzzi, Jean Koller"
Osvaldo Fresedo,Orquesta Típica Fresedo,11/22/1926,Murió De Amor,Tango,Instrumental,Odeon,78rpm,Emilio Marchiano,,,26-28 / Sextet,José María Rizzuti,Humberto Costanzo,"Osvaldo Fresedo, Alberto Rodríguez","Adolfo Muzzi, Jean Koller"
Osvaldo Fresedo,Orquesta Típica Fresedo,11/22/1926,Sólo Tú,Tango,Instrumental,Odeon,78rpm,Carlos Nauviolles,Nemesio Trejo,,26-28 / Sextet,José María Rizzuti,Humberto Costanzo,"Osvaldo Fresedo, Alberto Rodríguez","Adolfo Muzzi, Jean Koller"
 Osvaldo Fresedo , Osvaldo Fresedo y su Típica  ,"12,588.00", Canto De Amor , Tango , Roberto Ray , Victor , 78rpm , Osvaldo Fresedo , Emilio Fresedo ,, 33-39 / Rituzzi Piano , José María Rizzuti ," Alfredo Corletto, Saly S. Nisguritz (drums) "," Pascual Storti, Juan Salvatore "," Adolfo Muzzi, Pedro Desrets, José Lorito, Mario Perini, Charles Wimer (guitar), Nélida Gianneo (harp) "
Osvaldo Fresedo,Orquesta Típica Fresedo,11/30/1926,Ñatita,Tango,Instrumental,Odeon,78rpm,Hermes Peressini,,,26-28 / Sextet,José María Rizzuti,Humberto Costanzo,"Osvaldo Fresedo, Alberto Rodríguez","Adolfo Muzzi, Jean Koller"
Osvaldo Fresedo,Orquesta Típica Fresedo,11/30/1926,Páginas De Amor,Tango,Instrumental,Odeon,78rpm,Luis Ricardi,José González Castillo,,26-28 / Sextet,José María Rizzuti,Humberto Costanzo,"Osvaldo Fresedo, Alberto Rodríguez","Adolfo Muzzi, Jean Koller"
Osvaldo Fresedo,Orquesta Típica Fresedo,12/1/1926,Bajo Belgrano,Tango,Instrumental,Odeon,78rpm,Anselmo Aieta,Francisco García Jiménez,,26-28 / Sextet,José María Rizzuti,Humberto Costanzo,"Osvaldo Fresedo, Alberto Rodríguez","Adolfo Muzzi, Jean Koller"
Osvaldo Fresedo,Orquesta Típica Fresedo,12/1/1926,De Buena Fe,Tango,Instrumental,Odeon,78rpm,Francisco Lomuto,,,26-28 / Sextet,José María Rizzuti,Humberto Costanzo,"Osvaldo Fresedo, Alberto Rodríguez","Adolfo Muzzi, Jean Koller"
Osvaldo Fresedo,Orquesta Típica Fresedo,12/1/1926,Llegué A Ladrón Por Amarte,Tango,Instrumental,Odeon,78rpm,Juan Maglio,J. Oglima,,26-28 / Sextet,José María Rizzuti,Humberto Costanzo,"Osvaldo Fresedo, Alberto Rodríguez","Adolfo Muzzi, Jean Koller"
Osvaldo Fresedo,Orquesta Típica Fresedo,12/1/1926,"Llora, Hermano!",Tango,Instrumental,Odeon,78rpm,Enrique Lomuto,Augusto Espinosa,,26-28 / Sextet,José María Rizzuti,Humberto Costanzo,"Osvaldo Fresedo, Alberto Rodríguez","Adolfo Muzzi, Jean Koller"
Osvaldo Fresedo,Orquesta Típica Fresedo,12/6/1926,Perdone Hermano,Tango,Instrumental,Odeon,78rpm,Osvaldo Fresedo,,,26-28 / Sextet,José María Rizzuti,Humberto Costanzo,"Osvaldo Fresedo, Alberto Rodríguez","Adolfo Muzzi, Jean Koller"
Osvaldo Fresedo,Orquesta Típica Fresedo,12/6/1926,Por Tu Culpa,Tango,Instrumental,Odeon,78rpm,Osvaldo Fresedo,,,26-28 / Sextet,José María Rizzuti,Humberto Costanzo,"Osvaldo Fresedo, Alberto Rodríguez","Adolfo Muzzi, Jean Koller"
Osvaldo Fresedo,Orquesta Típica Fresedo,12/6/1926,Sin Cariño,Tango,Instrumental,Odeon,78rpm,Osvaldo Fresedo,,,26-28 / Sextet,José María Rizzuti,Humberto Costanzo,"Osvaldo Fresedo, Alberto Rodríguez","Adolfo Muzzi, Jean Koller"
Osvaldo Fresedo,Orquesta Típica Fresedo,12/7/1926,Corazón De Criolla,Tango,Instrumental,Odeon,78rpm,M. San Juan,,,26-28 / Sextet,José María Rizzuti,Humberto Costanzo,"Osvaldo Fresedo, Alberto Rodríguez","Adolfo Muzzi, Jean Koller"
Osvaldo Fresedo,Orquesta Típica Fresedo,12/7/1926,Domingo 7,Tango,Instrumental,Odeon,78rpm,Emilio Cárcano,,,26-28 / Sextet,José María Rizzuti,Humberto Costanzo,"Osvaldo Fresedo, Alberto Rodríguez","Adolfo Muzzi, Jean Koller"
Osvaldo Fresedo,Orquesta Típica Fresedo,12/7/1926,Normiña,Tango,Instrumental,Odeon,78rpm,Eduardo Armani,Antonio Capone,,26-28 / Sextet,José María Rizzuti,Humberto Costanzo,"Osvaldo Fresedo, Alberto Rodríguez","Adolfo Muzzi, Jean Koller"
Osvaldo Fresedo,Orquesta Típica Fresedo,12/7/1926,Rebelde,Tango,Instrumental,Odeon,78rpm,Samuel Castriota,,,26-28 / Sextet,José María Rizzuti,Humberto Costanzo,"Osvaldo Fresedo, Alberto Rodríguez","Adolfo Muzzi, Jean Koller"
Osvaldo Fresedo,Orquesta Típica Fresedo,12/7/1926,Toda Para Mi,Tango,Instrumental,Odeon,78rpm,Manlio Francia,,,26-28 / Sextet,José María Rizzuti,Humberto Costanzo,"Osvaldo Fresedo, Alberto Rodríguez","Adolfo Muzzi, Jean Koller"
Osvaldo Fresedo,Orquesta Típica Fresedo,12/14/1926,La Violetera,Tango,Instrumental,Odeon,78rpm,Anselmo Aieta,Francisco García Jiménez,,26-28 / Sextet,José María Rizzuti,Humberto Costanzo,"Osvaldo Fresedo, Alberto Rodríguez","Adolfo Muzzi, Jean Koller"
Osvaldo Fresedo,Orquesta Típica Fresedo,12/14/1926,Pensalo Bien,Tango,Instrumental,Odeon,78rpm,Edgardo Donato,,,26-28 / Sextet,José María Rizzuti,Humberto Costanzo,"Osvaldo Fresedo, Alberto Rodríguez","Adolfo Muzzi, Jean Koller"
Osvaldo Fresedo,Orquesta Típica Fresedo,12/14/1926,Rezongos,Tango,Instrumental,Odeon,78rpm,José Rizzuti,Eduardo Calvo,,26-28 / Sextet,José María Rizzuti,Humberto Costanzo,"Osvaldo Fresedo, Alberto Rodríguez","Adolfo Muzzi, Jean Koller"
Osvaldo Fresedo,Orquesta Típica Fresedo,12/14/1926,Tengo Miedo,Tango,Instrumental,Odeon,78rpm,Félix Scolatti Almeida,,,26-28 / Sextet,José María Rizzuti,Humberto Costanzo,"Osvaldo Fresedo, Alberto Rodríguez","Adolfo Muzzi, Jean Koller"
Osvaldo Fresedo,Orquesta Típica Fresedo,12/21/1926,Florcita,Tango,Instrumental,Odeon,78rpm,Pedro Marotta,,,26-28 / Sextet,José María Rizzuti,Humberto Costanzo,"Osvaldo Fresedo, Alberto Rodríguez","Adolfo Muzzi, Jean Koller"
Osvaldo Fresedo,Orquesta Típica Fresedo,12/21/1926,No Seas Tonta,Tango,Instrumental,Odeon,78rpm,Hugo Baralis,,,26-28 / Sextet,José María Rizzuti,Humberto Costanzo,"Osvaldo Fresedo, Alberto Rodríguez","Adolfo Muzzi, Jean Koller"
Osvaldo Fresedo,Orquesta Típica Fresedo,12/21/1926,Pantallita,Tango,Instrumental,Odeon,78rpm,Atilio Basile,,,26-28 / Sextet,José María Rizzuti,Humberto Costanzo,"Osvaldo Fresedo, Alberto Rodríguez","Adolfo Muzzi, Jean Koller"
Osvaldo Fresedo,Orquesta Típica Fresedo,12/21/1926,Risa De Cristal,Tango,Instrumental,Odeon,78rpm,Augusto Gentile,,,26-28 / Sextet,José María Rizzuti,Humberto Costanzo,"Osvaldo Fresedo, Alberto Rodríguez","Adolfo Muzzi, Jean Koller"
Osvaldo Fresedo,Orquesta Típica Fresedo,12/28/1926,Colita,Tango,Instrumental,Odeon,78rpm,Arturo Castillo,,,26-28 / Sextet,José María Rizzuti,Humberto Costanzo,"Osvaldo Fresedo, Alberto Rodríguez","Adolfo Muzzi, Jean Koller"
Osvaldo Fresedo,Orquesta Típica Fresedo,12/28/1926,Dios Me Libre!,Tango,Instrumental,Odeon,78rpm,Juan Rezzano,,,26-28 / Sextet,José María Rizzuti,Humberto Costanzo,"Osvaldo Fresedo, Alberto Rodríguez","Adolfo Muzzi, Jean Koller"
Osvaldo Fresedo,Orquesta Típica Fresedo,12/28/1926,Injusticia,Tango,Instrumental,Odeon,78rpm,Juan Culiersi,,,26-28 / Sextet,José María Rizzuti,Humberto Costanzo,"Osvaldo Fresedo, Alberto Rodríguez","Adolfo Muzzi, Jean Koller"
Osvaldo Fresedo,Orquesta Típica Fresedo,12/28/1926,No Llores Más,Tango,Instrumental,Odeon,78rpm,Ramón Gutiérrez del Barrio,Alejandro Gutiérrez del Barrio,,26-28 / Sextet,José María Rizzuti,Humberto Costanzo,"Osvaldo Fresedo, Alberto Rodríguez, Luis Minervini","Adolfo Muzzi, Jean Koller"
Osvaldo Fresedo,Orquesta Típica Fresedo,12/28/1926,Por Donde Andará?,Tango,Instrumental,Odeon,78rpm,Salvador Merico,Atilio Supparo,,26-28 / Sextet,José María Rizzuti,Humberto Costanzo,"Osvaldo Fresedo, Alberto Rodríguez","Adolfo Muzzi, Jean Koller"
Osvaldo Fresedo,Orquesta Típica Fresedo,1/11/1927,Arañazo,Tango,Instrumental,Odeon,78rpm,Elena Osilich,Eugenio Cárdenas,,26-28 / Sextet,José María Rizzuti,Humberto Costanzo,"Osvaldo Fresedo, Alberto Rodríguez","Adolfo Muzzi, Jean Koller"
Osvaldo Fresedo,Orquesta Típica Fresedo,1/11/1927,Canción De Arrabal,Tango,Instrumental,Odeon,78rpm,I. Indart,,,26-28 / Sextet,José María Rizzuti,Humberto Costanzo,"Osvaldo Fresedo, Alberto Rodríguez","Adolfo Muzzi, Jean Koller"
Osvaldo Fresedo,Orquesta Típica Fresedo,1/11/1927,Chingolo,Tango,Instrumental,Odeon,78rpm,José Rizzuti,,,26-28 / Sextet,José María Rizzuti,Humberto Costanzo,"Osvaldo Fresedo, Alberto Rodríguez","Adolfo Muzzi, Jean Koller"
Osvaldo Fresedo,Orquesta Típica Fresedo,1/11/1927,Como Las Rosas,Tango,Instrumental,Odeon,78rpm,O. Carloni,,,26-28 / Sextet,José María Rizzuti,Humberto Costanzo,"Osvaldo Fresedo, Alberto Rodríguez","Adolfo Muzzi, Jean Koller"
Osvaldo Fresedo,Orquesta Típica Fresedo,1/11/1927,De Guante Blanco,Tango,Instrumental,Odeon,78rpm,C. Paya Palacio,,,26-28 / Sextet,José María Rizzuti,Humberto Costanzo,"Osvaldo Fresedo, Alberto Rodríguez","Adolfo Muzzi, Jean Koller"
Osvaldo Fresedo,Orquesta Típica Fresedo,1/11/1927,Del Pasado,Tango,Instrumental,Odeon,78rpm,Alberto Rodríguez,,,26-28 / Sextet,José María Rizzuti,Humberto Costanzo,"Osvaldo Fresedo, Alberto Rodríguez","Adolfo Muzzi, Jean Koller"
Osvaldo Fresedo,Orquesta Típica Fresedo,1/11/1927,Olvidá Malevo,Tango,Instrumental,Odeon,78rpm,Ángel Wells,Humberto Manta,,26-28 / Sextet,José María Rizzuti,Humberto Costanzo,"Osvaldo Fresedo, Alberto Rodríguez","Adolfo Muzzi, Jean Koller"
Osvaldo Fresedo,Orquesta Típica Fresedo,1/11/1927,Olvídame,Tango,Instrumental,Odeon,78rpm,C. Brignone,,,26-28 / Sextet,José María Rizzuti,Humberto Costanzo,"Osvaldo Fresedo, Alberto Rodríguez","Adolfo Muzzi, Jean Koller"
Osvaldo Fresedo,Orquesta Típica Fresedo,1/11/1927,Pobre Johnny,Tango,Instrumental,Odeon,78rpm,Inocencio Arcauz,,,26-28 / Sextet,José María Rizzuti,Humberto Costanzo,"Osvaldo Fresedo, Alberto Rodríguez","Adolfo Muzzi, Jean Koller"
Osvaldo Fresedo,Orquesta Típica Fresedo,1/11/1927,Presagios,Tango,Instrumental,Odeon,78rpm,Alberto Rodríguez,,,26-28 / Sextet,José María Rizzuti,Humberto Costanzo,"Osvaldo Fresedo, Alberto Rodríguez","Adolfo Muzzi, Jean Koller"
Osvaldo Fresedo,Orquesta Típica Fresedo,1/23/1927,Elvira,Tango,Instrumental,Odeon,78rpm,Eugenio Carrere,Andrés Gaos (h),,26-28 / Sextet,José María Rizzuti,Humberto Costanzo,"Osvaldo Fresedo, Alberto Rodríguez","Adolfo Muzzi, Jean Koller"
Osvaldo Fresedo,Orquesta Típica Fresedo,1/23/1927,Flor Marchita,Tango,Instrumental,Odeon,78rpm,Roque Saraceno,Spartaco Regis,,26-28 / Sextet,José María Rizzuti,Humberto Costanzo,"Osvaldo Fresedo, Alberto Rodríguez","Adolfo Muzzi, Jean Koller"
Osvaldo Fresedo,Orquesta Típica Fresedo,1/23/1927,Ida Y Vuelta,Tango,Instrumental,Odeon,78rpm,Andrés Gaos (h),,,26-28 / Sextet,José María Rizzuti,Humberto Costanzo,"Osvaldo Fresedo, Alberto Rodríguez","Adolfo Muzzi, Jean Koller"
Osvaldo Fresedo,Orquesta Típica Fresedo,1/23/1927,Mujercita,Tango,Instrumental,Odeon,78rpm,Osvaldo Donato,Leandro Fernández,,26-28 / Sextet,José María Rizzuti,Humberto Costanzo,"Osvaldo Fresedo, Alberto Rodríguez","Adolfo Muzzi, Jean Koller"
Osvaldo Fresedo,Orquesta Típica Fresedo,1/23/1927,Ro Ko Ko,Tango,Instrumental,Odeon,78rpm,Manuel Jovés,,,26-28 / Sextet,José María Rizzuti,Humberto Costanzo,"Osvaldo Fresedo, Alberto Rodríguez","Adolfo Muzzi, Jean Koller"
Osvaldo Fresedo,Orquesta Típica Fresedo,1/31/1927,La Violetera,Tango,Instrumental,Odeon,78rpm,Anselmo Aieta,Francisco García Jiménez,,26-28 / Sextet,José María Rizzuti,Humberto Costanzo,"Osvaldo Fresedo, Alberto Rodríguez","Adolfo Muzzi, Jean Koller"
Osvaldo Fresedo,Orquesta Típica Fresedo,1/31/1927,Páginas De Amor,Tango,Instrumental,Odeon,78rpm,Luis Ricardi,José González Castillo,,26-28 / Sextet,José María Rizzuti,Humberto Costanzo,"Osvaldo Fresedo, Alberto Rodríguez","Adolfo Muzzi, Jean Koller"
Osvaldo Fresedo,Orquesta Típica Fresedo,2/3/1927,Bajo Belgrano,Tango,Instrumental,Odeon,78rpm,Anselmo Aieta,Francisco García Jiménez,,26-28 / Sextet,José María Rizzuti,Humberto Costanzo,"Osvaldo Fresedo, Alberto Rodríguez","Adolfo Muzzi, Jean Koller"
Osvaldo Fresedo,Orquesta Típica Fresedo,2/3/1927,De Buena Fe,Tango,Instrumental,Odeon,78rpm,Francisco Lomuto,,,26-28 / Sextet,José María Rizzuti,Humberto Costanzo,"Osvaldo Fresedo, Alberto Rodríguez","Adolfo Muzzi, Jean Koller"
Osvaldo Fresedo,Orquesta Típica Fresedo,2/3/1927,Llegué A Ladrón Por Amarte,Tango,Instrumental,Odeon,78rpm,Juan Maglio,J. Oglima,,26-28 / Sextet,José María Rizzuti,Humberto Costanzo,"Osvaldo Fresedo, Alberto Rodríguez","Adolfo Muzzi, Jean Koller"
Osvaldo Fresedo,Orquesta Típica Fresedo,2/6/1927,"Llora, Hermano",Tango,Instrumental,Odeon,78rpm,Enrique Lomuto,Augusto Espinosa,,26-28 / Sextet,José María Rizzuti,Humberto Costanzo,"Osvaldo Fresedo, Alberto Rodríguez","Adolfo Muzzi, Jean Koller"
Osvaldo Fresedo,Orquesta Típica Fresedo,2/15/1927,Alma Mía,Tango,Instrumental,Odeon,78rpm,María Godard,,,26-28 / Sextet,José María Rizzuti,Humberto Costanzo,"Osvaldo Fresedo, Alberto Rodríguez","Adolfo Muzzi, Jean Koller"
Osvaldo Fresedo,Orquesta Típica Fresedo,2/15/1927,Hay Que Ver!,Tango,Instrumental,Odeon,78rpm,Ángel Colombo,,,26-28 / Sextet,José María Rizzuti,Humberto Costanzo,"Osvaldo Fresedo, Alberto Rodríguez","Adolfo Muzzi, Jean Koller"
Osvaldo Fresedo,Orquesta Típica Fresedo,2/15/1927,Un Mal Trago,Tango,Instrumental,Odeon,78rpm,Alberico Spátola,,,26-28 / Sextet,José María Rizzuti,Humberto Costanzo,"Osvaldo Fresedo, Alberto Rodríguez","Adolfo Muzzi, Jean Koller"
Osvaldo Fresedo,Orquesta Típica Fresedo,2/22/1927,De Pinedo,Tango,Instrumental,Odeon,78rpm,Domingo Caffaro,Andrés Gaos (h),,26-28 / Sextet,José María Rizzuti,Humberto Costanzo,"Osvaldo Fresedo, Alberto Rodríguez","Adolfo Muzzi, Jean Koller"
Osvaldo Fresedo,Orquesta Típica Fresedo,2/22/1927,Eres Mía!,Tango,Instrumental,Odeon,78rpm,Alfredo Hultgren,,,26-28 / Sextet,José María Rizzuti,Humberto Costanzo,"Osvaldo Fresedo, Alberto Rodríguez","Adolfo Muzzi, Jean Koller"
Osvaldo Fresedo,Orquesta Típica Fresedo,2/22/1927,Picaflor,Tango,Instrumental,Odeon,78rpm,Delfino Quirici,,,26-28 / Sextet,José María Rizzuti,Humberto Costanzo,"Osvaldo Fresedo, Alberto Rodríguez","Adolfo Muzzi, Jean Koller"
Osvaldo Fresedo,Orquesta Típica Fresedo,2/22/1927,Si Supieras,Tango,Instrumental,Odeon,78rpm,José Rizzuti,,,26-28 / Sextet,José María Rizzuti,Humberto Costanzo,"Osvaldo Fresedo, Alberto Rodríguez","Adolfo Muzzi, Jean Koller"
Osvaldo Fresedo,Orquesta Típica Fresedo,3/15/1927,Atorranta,Tango,Instrumental,Odeon,78rpm,Bartolomé Chapela,N. Saraseno,,26-28 / Sextet,José María Rizzuti,Humberto Costanzo,"Osvaldo Fresedo, Alberto Rodríguez","Adolfo Muzzi, Jean Koller"
Osvaldo Fresedo,Orquesta Típica Fresedo,3/15/1927,Barrio Reo,Tango,Instrumental,Odeon,78rpm,Roberto Fugazot,Alfredo Navarrine,,26-28 / Sextet,José María Rizzuti,Humberto Costanzo,"Osvaldo Fresedo, Alberto Rodríguez","Adolfo Muzzi, Jean Koller"
Osvaldo Fresedo,Orquesta Típica Fresedo,3/15/1927,Justicia Criolla,Tango,Instrumental,Odeon,78rpm,Rafael Iriarte,Francisco Brancatti,,26-28 / Sextet,José María Rizzuti,Humberto Costanzo,"Osvaldo Fresedo, Alberto Rodríguez","Adolfo Muzzi, Jean Koller"
Osvaldo Fresedo,Orquesta Típica Fresedo,3/23/1927,Arrabalero,Tango,Instrumental,Odeon,78rpm,Osvaldo Fresedo,Eduardo Calvo,,26-28 / Sextet,José María Rizzuti,Humberto Costanzo,"Osvaldo Fresedo, Alberto Rodríguez","Adolfo Muzzi, Jean Koller"
Osvaldo Fresedo,Orquesta Típica Fresedo,3/23/1927,El Entrerriano,Tango,Instrumental,Odeon,78rpm,Rosendo Mendizábal,,,26-28 / Sextet,José María Rizzuti,Humberto Costanzo,"Osvaldo Fresedo, Alberto Rodríguez","Adolfo Muzzi, Jean Koller"
Osvaldo Fresedo,Orquesta Típica Fresedo,3/23/1927,No Hay Cianuro!,Tango,Instrumental,Odeon,78rpm,Ausonio Pisani,,,26-28 / Sextet,José María Rizzuti,Humberto Costanzo,"Osvaldo Fresedo, Alberto Rodríguez","Adolfo Muzzi, Jean Koller"
Osvaldo Fresedo,Orquesta Típica Fresedo,3/23/1927,Notas Del Alma,Tango,Instrumental,Odeon,78rpm,Luis Loiello,Francisco Brancatti,,26-28 / Sextet,José María Rizzuti,Humberto Costanzo,"Osvaldo Fresedo, Alberto Rodríguez","Adolfo Muzzi, Jean Koller"
Osvaldo Fresedo,Orquesta Típica Fresedo,3/23/1927,Pájaro Suelto,Tango,Instrumental,Odeon,78rpm,Alberto Rodríguez,,,26-28 / Sextet,José María Rizzuti,Humberto Costanzo,"Osvaldo Fresedo, Alberto Rodríguez","Adolfo Muzzi, Jean Koller"
Osvaldo Fresedo,Orquesta Típica Fresedo,3/30/1927,El Viejo Nido,Tango,Instrumental,Odeon,78rpm,Miguel Caló,,,26-28 / Sextet,José María Rizzuti,Humberto Costanzo,"Osvaldo Fresedo, Alberto Rodríguez","Adolfo Muzzi, Jean Koller"
Osvaldo Fresedo,Orquesta Típica Fresedo,3/30/1927,La Mestiza,Tango,Instrumental,Odeon,78rpm,Lucio d'Agostino,,,26-28 / Sextet,José María Rizzuti,Humberto Costanzo,"Osvaldo Fresedo, Alberto Rodríguez","Adolfo Muzzi, Jean Koller"
Osvaldo Fresedo,Orquesta Típica Fresedo,3/30/1927,Sangre De Hombre,Tango,Instrumental,Odeon,78rpm,S. Villares,,,26-28 / Sextet,José María Rizzuti,Humberto Costanzo,"Osvaldo Fresedo, Alberto Rodríguez","Adolfo Muzzi, Jean Koller"
Osvaldo Fresedo,Orquesta Típica Fresedo,4/2/1927,Ansias,Tango,Instrumental,Odeon,78rpm,Vicente Passarello,,,26-28 / Sextet,José María Rizzuti,Humberto Costanzo,"Osvaldo Fresedo, Alberto Rodríguez","Adolfo Muzzi, Jean Koller"
Osvaldo Fresedo,Orquesta Típica Fresedo,4/2/1927,Gauchito Lindo,Tango,Instrumental,Odeon,78rpm,Enrique Maciel,Francisco Brancatti,,26-28 / Sextet,José María Rizzuti,Humberto Costanzo,"Osvaldo Fresedo, Alberto Rodríguez","Adolfo Muzzi, Jean Koller"
Osvaldo Fresedo,Orquesta Típica Fresedo,4/2/1927,Milonguero Viejo,Tango,Instrumental,Odeon,78rpm,Carlos Di Sarli,Enrique Carrera Sotelo,,26-28 / Sextet,José María Rizzuti,Humberto Costanzo,"Osvaldo Fresedo, Alberto Rodríguez","Adolfo Muzzi, Jean Koller"
Osvaldo Fresedo,Orquesta Típica Fresedo,4/2/1927,Tu Ausencia,Tango,Instrumental,Odeon,78rpm,Mauricio Saiovich,,,26-28 / Sextet,José María Rizzuti,Humberto Costanzo,"Osvaldo Fresedo, Alberto Rodríguez","Adolfo Muzzi, Jean Koller"
Osvaldo Fresedo,Orquesta Típica Fresedo,4/2/1927,Viejo Ramón,Tango,Instrumental,Odeon,78rpm,Nicolás Scarpino,,,26-28 / Sextet,José María Rizzuti,Humberto Costanzo,"Osvaldo Fresedo, Alberto Rodríguez","Adolfo Muzzi, Jean Koller"
Osvaldo Fresedo,Orquesta Típica Fresedo,4/5/1927,Cielito Mío,Tango,Instrumental,Odeon,78rpm,Osvaldo Fresedo,Emilio Fresedo,,26-28 / Sextet,José María Rizzuti,Humberto Costanzo,"Osvaldo Fresedo, Alberto Rodríguez","Adolfo Muzzi, Jean Koller"
Osvaldo Fresedo,Orquesta Típica Fresedo,4/5/1927,Dicha Pasada,Tango,Instrumental,Odeon,78rpm,Guillermo Barbieri,,,26-28 / Sextet,José María Rizzuti,Humberto Costanzo,"Osvaldo Fresedo, Alberto Rodríguez","Adolfo Muzzi, Jean Koller"
Osvaldo Fresedo,Orquesta Típica Fresedo,4/5/1927,Rezongos,Tango,Instrumental,Odeon,78rpm,José Rizzuti,Eduardo Calvo,,26-28 / Sextet,José María Rizzuti,Humberto Costanzo,"Osvaldo Fresedo, Alberto Rodríguez","Adolfo Muzzi, Jean Koller"
Osvaldo Fresedo,Orquesta Típica Fresedo,4/12/1927,"Araca, Corazón!",Tango,Instrumental,Odeon,78rpm,Enrique Delfino,Alberto Vacarezza,,26-28 / Sextet,José María Rizzuti,Humberto Costanzo,"Osvaldo Fresedo, Alberto Rodríguez","Adolfo Muzzi, Jean Koller"
Osvaldo Fresedo,Orquesta Típica Fresedo,4/12/1927,El Repunte,Tango,Instrumental,Odeon,78rpm,Juan Failace,,,26-28 / Sextet,José María Rizzuti,Humberto Costanzo,"Osvaldo Fresedo, Alberto Rodríguez","Adolfo Muzzi, Jean Koller"
Osvaldo Fresedo,Orquesta Típica Fresedo,4/12/1927,Reina Maleva,Tango,Instrumental,Odeon,78rpm,Chela Cordero,Andrés Gaos (h),,26-28 / Sextet,José María Rizzuti,Humberto Costanzo,"Osvaldo Fresedo, Alberto Rodríguez","Adolfo Muzzi, Jean Koller"
Osvaldo Fresedo,Orquesta Típica Fresedo,4/12/1927,Tristezas,Tango,Instrumental,Odeon,78rpm,David Berberis,,,26-28 / Sextet,José María Rizzuti,Humberto Costanzo,"Osvaldo Fresedo, Alberto Rodríguez","Adolfo Muzzi, Jean Koller"
Osvaldo Fresedo,Orquesta Típica Fresedo,4/12/1927,Y No Se,Tango,Instrumental,Odeon,78rpm,Manuel Aróstegui,,,26-28 / Sextet,José María Rizzuti,Humberto Costanzo,"Osvaldo Fresedo, Alberto Rodríguez","Adolfo Muzzi, Jean Koller"
Osvaldo Fresedo,Orquesta Típica Fresedo,4/19/1927,Campolo Solo,Tango,Instrumental,Odeon,78rpm,Osvaldo Fresedo,,,26-28 / Sextet,José María Rizzuti,Humberto Costanzo,"Osvaldo Fresedo, Alberto Rodríguez","Adolfo Muzzi, Jean Koller"
Osvaldo Fresedo,Orquesta Típica Fresedo,4/19/1927,Derecho Viejo,Tango,Instrumental,Odeon,78rpm,Eduardo Arolas,,,26-28 / Sextet,José María Rizzuti,Humberto Costanzo,"Osvaldo Fresedo, Alberto Rodríguez","Adolfo Muzzi, Jean Koller"
Osvaldo Fresedo,Orquesta Típica Fresedo,4/19/1927,Malas Lenguas,Tango,Instrumental,Odeon,78rpm,Justo Trivelli,Marcos Méndez,,26-28 / Sextet,José María Rizzuti,Humberto Costanzo,"Osvaldo Fresedo, Alberto Rodríguez","Adolfo Muzzi, Jean Koller"
Osvaldo Fresedo,Orquesta Típica Fresedo,4/19/1927,Rodríguez Peña,Tango,Instrumental,Odeon,78rpm,Vicente Greco,,,26-28 / Sextet,José María Rizzuti,Humberto Costanzo,"Osvaldo Fresedo, Alberto Rodríguez","Adolfo Muzzi, Jean Koller"
Osvaldo Fresedo,Orquesta Típica Fresedo,4/19/1927,Sosegate,Tango,Instrumental,Odeon,78rpm,Antonio Polito,,,26-28 / Sextet,José María Rizzuti,Humberto Costanzo,"Osvaldo Fresedo, Alberto Rodríguez","Adolfo Muzzi, Jean Koller"
Osvaldo Fresedo,Orquesta Típica Fresedo,4/26/1927,Alma De Bohemio,Tango,Instrumental,Odeon,78rpm,Roberto Firpo,Juan Caruso,,26-28 / Sextet,José María Rizzuti,Humberto Costanzo,"Osvaldo Fresedo, Alberto Rodríguez","Adolfo Muzzi, Jean Koller"
Osvaldo Fresedo,Orquesta Típica Fresedo,4/26/1927,Otoño,Tango,Instrumental,Odeon,78rpm,Osvaldo Fresedo,,,26-28 / Sextet,José María Rizzuti,Humberto Costanzo,"Osvaldo Fresedo, Alberto Rodríguez","Adolfo Muzzi, Jean Koller"
Osvaldo Fresedo,Orquesta Típica Fresedo,4/26/1927,Ratos De Bohemia,Tango,Instrumental,Odeon,78rpm,Raúl de los Hoyos,,,26-28 / Sextet,José María Rizzuti,Humberto Costanzo,"Osvaldo Fresedo, Alberto Rodríguez","Adolfo Muzzi, Jean Koller"
Osvaldo Fresedo,Orquesta Típica Fresedo,4/26/1927,Saltó La Bola,Tango,Instrumental,Odeon,78rpm,Ausonio Pisani,,,26-28 / Sextet,José María Rizzuti,Humberto Costanzo,"Osvaldo Fresedo, Alberto Rodríguez","Adolfo Muzzi, Jean Koller"
Osvaldo Fresedo,Orquesta Típica Fresedo,4/26/1927,Te Pintaste Los Ojos,Tango,Instrumental,Odeon,78rpm,Osvaldo Fresedo,,,26-28 / Sextet,José María Rizzuti,Humberto Costanzo,"Osvaldo Fresedo, Alberto Rodríguez","Adolfo Muzzi, Jean Koller"
Osvaldo Fresedo,Orquesta Típica Fresedo,4/26/1927,Un Tropezón,Tango,Instrumental,Odeon,78rpm,Raúl de los Hoyos,Luis Bayón Herrera,,26-28 / Sextet,José María Rizzuti,Humberto Costanzo,"Osvaldo Fresedo, Alberto Rodríguez","Adolfo Muzzi, Jean Koller"
Osvaldo Fresedo,Orquesta Típica Fresedo,5/3/1927,Corazón,Vals,Instrumental,Odeon,78rpm,Osvaldo Fresedo,,,26-28 / Sextet,José María Rizzuti,Humberto Costanzo,"Osvaldo Fresedo, Alberto Rodríguez","Adolfo Muzzi, Jean Koller"
Osvaldo Fresedo,Orquesta Típica Fresedo,5/3/1927,La Cumparsita,Tango,Instrumental,Odeon,78rpm,Gerardo Matos Rodríguez,,,26-28 / Sextet,José María Rizzuti,Humberto Costanzo,"Osvaldo Fresedo, Alberto Rodríguez","Adolfo Muzzi, Jean Koller"
Osvaldo Fresedo,Osvaldo Fresedo,5/3/1927,Un Sueño,Vals,Instrumental,Odeon,78rpm,Enrique Delfino,Francisco Payá,,26-28 / Sextet,,,Osvaldo Fresedo,
Osvaldo Fresedo,Orquesta Típica Fresedo,5/3/1927,"Volvé, Mi Negra!",Tango,Juan Carlos Thorry,Odeon,78rpm,José Rizzuti,José Diez Gomez,,26-28 / Sextet,José María Rizzuti,Humberto Costanzo,"Osvaldo Fresedo, Alberto Rodríguez","Adolfo Muzzi, Jean Koller"
Osvaldo Fresedo,Orquesta Típica Fresedo,5/10/1927,A Ti,Tango,Instrumental,Odeon,78rpm,Saverio Puleio,,,26-28 / Sextet,José María Rizzuti,Humberto Costanzo,"Osvaldo Fresedo, Alberto Rodríguez","Adolfo Muzzi, Jean Koller"
Osvaldo Fresedo,Orquesta Típica Fresedo,5/10/1927,Don Hipólito,Tango,Instrumental,Odeon,78rpm,Nicolás Gustavino,,,26-28 / Sextet,José María Rizzuti,Humberto Costanzo,"Osvaldo Fresedo, Alberto Rodríguez","Adolfo Muzzi, Jean Koller"
Osvaldo Fresedo,Orquesta Típica Fresedo,5/10/1927,Mandria,Tango,Instrumental,Odeon,78rpm,Juan Rodríguez,,,26-28 / Sextet,José María Rizzuti,Humberto Costanzo,"Osvaldo Fresedo, Alberto Rodríguez","Adolfo Muzzi, Jean Koller"
Osvaldo Fresedo,Orquesta Típica Fresedo,5/10/1927,Pensando En Ti,Tango,Juan Carlos Thorry,Odeon,78rpm,Juan Thorry,,,26-28 / Sextet,José María Rizzuti,Humberto Costanzo,"Osvaldo Fresedo, Alberto Rodríguez","Adolfo Muzzi, Jean Koller"
Osvaldo Fresedo,Orquesta Típica Fresedo,5/10/1927,Tanita De La Proa,Tango,Instrumental,Odeon,78rpm,Salvador Merico,,,26-28 / Sextet,José María Rizzuti,Humberto Costanzo,"Osvaldo Fresedo, Alberto Rodríguez","Adolfo Muzzi, Jean Koller"
Osvaldo Fresedo,Orquesta Típica Fresedo,5/18/1927,Caballeros De Reunión,Tango,Instrumental,Odeon,78rpm,Hermes Peressini,,,26-28 / Sextet,José María Rizzuti,Humberto Costanzo,"Osvaldo Fresedo, Alberto Rodríguez","Adolfo Muzzi, Jean Koller"
Osvaldo Fresedo,Orquesta Típica Fresedo,5/18/1927,Caminito,Tango,Instrumental,Odeon,78rpm,Juan Filiberto,Gabino Coria Peñaloza,,26-28 / Sextet,José María Rizzuti,Humberto Costanzo,"Osvaldo Fresedo, Alberto Rodríguez","Adolfo Muzzi, Jean Koller"
Osvaldo Fresedo,Orquesta Típica Fresedo,5/18/1927,Cuadro Porteño,Tango,Instrumental,Odeon,78rpm,José Servidio; Luis Servidio,,,26-28 / Sextet,José María Rizzuti,Humberto Costanzo,"Osvaldo Fresedo, Alberto Rodríguez","Adolfo Muzzi, Jean Koller"
Osvaldo Fresedo,Orquesta Típica Fresedo,5/24/1927,Bésame En La Boca,Tango,Instrumental,Odeon,78rpm,José Rizzuti,,,26-28 / Sextet,José María Rizzuti,Humberto Costanzo,"Osvaldo Fresedo, Alberto Rodríguez","Adolfo Muzzi, Jean Koller"
Osvaldo Fresedo,Orquesta Típica Fresedo,5/24/1927,La Cieguita,Tango,Instrumental,Odeon,78rpm,Ramón Bertrán Reyna,Patricio Muñoz Aceña,,26-28 / Sextet,José María Rizzuti,Humberto Costanzo,"Osvaldo Fresedo, Alberto Rodríguez","Adolfo Muzzi, Jean Koller"
Osvaldo Fresedo,Orquesta Típica Fresedo,5/24/1927,Lorenzo,Tango,Instrumental,Odeon,78rpm,Agustín Bardi,,,26-28 / Sextet,José María Rizzuti,Humberto Costanzo,"Osvaldo Fresedo, Alberto Rodríguez","Adolfo Muzzi, Jean Koller"
Osvaldo Fresedo,Orquesta Típica Fresedo,5/24/1927,Perdón Viejita,Tango,Instrumental,Odeon,78rpm,Osvaldo Fresedo,José Saldías,,26-28 / Sextet,José María Rizzuti,Humberto Costanzo,"Osvaldo Fresedo, Alberto Rodríguez","Adolfo Muzzi, Jean Koller"
Osvaldo Fresedo,Orquesta Típica Fresedo,5/29/1927,A La Luz Del Candil,Tango,Instrumental,Odeon,78rpm,Carlos Geroni Flores,,,26-28 / Sextet,José María Rizzuti,Humberto Costanzo,"Osvaldo Fresedo, Alberto Rodríguez","Adolfo Muzzi, Jean Koller"
Osvaldo Fresedo,Orquesta Típica Fresedo,5/29/1927,Corazón De Indio,Tango,Instrumental,Odeon,78rpm,Atilio Basile,,,26-28 / Sextet,José María Rizzuti,Humberto Costanzo,"Osvaldo Fresedo, Alberto Rodríguez","Adolfo Muzzi, Jean Koller"
Osvaldo Fresedo,Orquesta Típica Fresedo,5/29/1927,Genaro,Tango,Instrumental,Odeon,78rpm,G. Smet,,,26-28 / Sextet,José María Rizzuti,Humberto Costanzo,"Osvaldo Fresedo, Alberto Rodríguez","Adolfo Muzzi, Jean Koller"
Osvaldo Fresedo,Orquesta Típica Fresedo,5/29/1927,Mujer Que Yo Soñé,Tango,Instrumental,Odeon,78rpm,Víctor Donato,,,26-28 / Sextet,José María Rizzuti,Humberto Costanzo,"Osvaldo Fresedo, Alberto Rodríguez","Adolfo Muzzi, Jean Koller"
Osvaldo Fresedo,Orquesta Típica Fresedo,5/30/1927,Aldeana,Tango,Instrumental,Odeon,78rpm,Domingo Losso,Ismael Aguilar,,26-28 / Sextet,José María Rizzuti,Humberto Costanzo,"Osvaldo Fresedo, Alberto Rodríguez","Adolfo Muzzi, Jean Koller"
Osvaldo Fresedo,Orquesta Típica Fresedo,5/30/1927,Concurso Nº 3,Tango,Instrumental,Odeon,78rpm,M. Putelli,,,26-28 / Sextet,José María Rizzuti,Humberto Costanzo,"Osvaldo Fresedo, Alberto Rodríguez","Adolfo Muzzi, Jean Koller"
Osvaldo Fresedo,Orquesta Típica Fresedo,5/30/1927,El Ultimo Adiós,Tango,Instrumental,Odeon,78rpm,Juan Ghio,,,26-28 / Sextet,José María Rizzuti,Humberto Costanzo,"Osvaldo Fresedo, Alberto Rodríguez","Adolfo Muzzi, Jean Koller"
Osvaldo Fresedo,Orquesta Típica Fresedo,5/30/1927,Romance Malevo,Tango,Instrumental,Odeon,78rpm,José Di Clemente,,,26-28 / Sextet,José María Rizzuti,Humberto Costanzo,"Osvaldo Fresedo, Alberto Rodríguez","Adolfo Muzzi, Jean Koller"
Osvaldo Fresedo,Orquesta Típica Fresedo,6/8/1927,Micifuz,Tango,Instrumental,Odeon,78rpm,Adolfo Avilés,Enrique Maroni,,26-28 / Sextet,José María Rizzuti,Humberto Costanzo,"Osvaldo Fresedo, Alberto Rodríguez","Adolfo Muzzi, Jean Koller"
Osvaldo Fresedo,Orquesta Típica Fresedo,6/8/1927,Misteriosa,Tango,Instrumental,Odeon,78rpm,José Rizzuti,,,26-28 / Sextet,José María Rizzuti,Humberto Costanzo,"Osvaldo Fresedo, Alberto Rodríguez","Adolfo Muzzi, Jean Koller"
Osvaldo Fresedo,Orquesta Típica Fresedo,6/8/1927,Recelos,Tango,Instrumental,Odeon,78rpm,Luis Minervini,,,26-28 / Sextet,José María Rizzuti,Humberto Costanzo,"Osvaldo Fresedo, Alberto Rodríguez","Adolfo Muzzi, Jean Koller"
Osvaldo Fresedo,Orquesta Típica Fresedo,6/8/1927,Redoblona,Tango,Instrumental,Odeon,78rpm,Hermes Peressini,,,26-28 / Sextet,José María Rizzuti,Humberto Costanzo,"Osvaldo Fresedo, Alberto Rodríguez","Adolfo Muzzi, Jean Koller"
Osvaldo Fresedo,Orquesta Típica Fresedo,6/14/1927,"Che, Mariano",Tango,Instrumental,Odeon,78rpm,Pascual Mazzeo,,,26-28 / Sextet,José María Rizzuti,Humberto Costanzo,"Osvaldo Fresedo, Alberto Rodríguez","Adolfo Muzzi, Jean Koller"
Osvaldo Fresedo,Orquesta Típica Fresedo,6/14/1927,Me Tenés Mareao,Tango,Juan Carlos Thorry,Odeon,78rpm,Luis Castaing,,,26-28 / Sextet,José María Rizzuti,Humberto Costanzo,"Osvaldo Fresedo, Alberto Rodríguez","Adolfo Muzzi, Jean Koller"
Osvaldo Fresedo,Orquesta Típica Fresedo,6/14/1927,Tu Carita,Tango,Instrumental,Odeon,78rpm,José Ruffet,,,26-28 / Sextet,José María Rizzuti,Humberto Costanzo,"Osvaldo Fresedo, Alberto Rodríguez","Adolfo Muzzi, Jean Koller"
Osvaldo Fresedo,Orquesta Típica Fresedo,6/18/1927,Cobarde,Tango,Instrumental,Odeon,78rpm,Tomás de Bassi,,,26-28 / Sextet,José María Rizzuti,Humberto Costanzo,"Osvaldo Fresedo, Alberto Rodríguez","Adolfo Muzzi, Jean Koller"
Osvaldo Fresedo,Orquesta Típica Fresedo,6/18/1927,Fierrito,Tango,Instrumental,Odeon,78rpm,Udelino Toranzo,,,26-28 / Sextet,José María Rizzuti,Humberto Costanzo,"Osvaldo Fresedo, Alberto Rodríguez","Adolfo Muzzi, Jean Koller"
Osvaldo Fresedo,Orquesta Típica Fresedo,6/18/1927,Glaçé,Tango,Instrumental,Odeon,78rpm,Victor Lambertucci,,,26-28 / Sextet,José María Rizzuti,Humberto Costanzo,"Osvaldo Fresedo, Alberto Rodríguez","Adolfo Muzzi, Jean Koller"
Osvaldo Fresedo,Orquesta Típica Fresedo,6/18/1927,Pebetito,Tango,Instrumental,Odeon,78rpm,José Trombino,,,26-28 / Sextet,José María Rizzuti,Humberto Costanzo,"Osvaldo Fresedo, Alberto Rodríguez","Adolfo Muzzi, Jean Koller"
 Osvaldo Fresedo , Osvaldo Fresedo y su Típica  ,"12,612.00", Vida Mía , Tango , Tito Schipa , Victor , 78rpm , Osvaldo Fresedo , Emilio Fresedo ,, 33-39 / Rituzzi Piano , José María Rizzuti ," Alfredo Corletto, Saly S. Nisguritz (drums) "," Pascual Storti, Juan Salvatore "," Adolfo Muzzi, Pedro Desrets, José Lorito, Mario Perini, Charles Wimer (guitar), Nélida Gianneo (harp) "
Osvaldo Fresedo,Orquesta Típica Fresedo,6/18/1927,Todo Amor,Tango,Instrumental,Odeon,78rpm,Ángel Milito,,,26-28 / Sextet,José María Rizzuti,Humberto Costanzo,"Osvaldo Fresedo, Alberto Rodríguez","Adolfo Muzzi, Jean Koller"
Osvaldo Fresedo,Orquesta Típica Fresedo,6/21/1927,Madrugada,Tango,Instrumental,Odeon,78rpm,Carmelo Aiello,,,26-28 / Sextet,José María Rizzuti,Humberto Costanzo,"Osvaldo Fresedo, Alberto Rodríguez","Adolfo Muzzi, Jean Koller"
Osvaldo Fresedo,Orquesta Típica Fresedo,6/21/1927,Ñata,Tango,Instrumental,Odeon,78rpm,A. Saravia,,,26-28 / Sextet,José María Rizzuti,Humberto Costanzo,"Osvaldo Fresedo, Alberto Rodríguez","Adolfo Muzzi, Jean Koller"
Osvaldo Fresedo,Orquesta Típica Fresedo,6/21/1927,Pan Amargo,Tango,Instrumental,Odeon,78rpm,Luis Minervini,,,26-28 / Sextet,José María Rizzuti,Humberto Costanzo,"Osvaldo Fresedo, Alberto Rodríguez","Adolfo Muzzi, Jean Koller"
Osvaldo Fresedo,Orquesta Típica Fresedo,6/21/1927,"Pebetita, Yo Te Adoro",Tango,Instrumental,Odeon,78rpm,C. Castorino,,,26-28 / Sextet,José María Rizzuti,Humberto Costanzo,"Osvaldo Fresedo, Alberto Rodríguez","Adolfo Muzzi, Jean Koller"
Osvaldo Fresedo,Orquesta Típica Fresedo,7/13/1927,Osvaldo,Tango,Instrumental,Odeon,78rpm,Domingo Losso,José Dima,,26-28 / Sextet,José María Rizzuti,Humberto Costanzo,"Osvaldo Fresedo, Alberto Rodríguez","Adolfo Muzzi, Jean Koller"
Osvaldo Fresedo,Orquesta Típica Fresedo,7/13/1927,Pasionaria,Tango,Instrumental,Odeon,78rpm,Manlio Francia,,,26-28 / Sextet,José María Rizzuti,Humberto Costanzo,"Osvaldo Fresedo, Alberto Rodríguez","Adolfo Muzzi, Jean Koller"
Osvaldo Fresedo,Orquesta Típica Fresedo,7/20/1927,Coqueta,Tango,Instrumental,Odeon,78rpm,Ángel Milito,E. Lede,,26-28 / Sextet,José María Rizzuti,Humberto Costanzo,"Osvaldo Fresedo, Alberto Rodríguez","Adolfo Muzzi, Jean Koller"
Osvaldo Fresedo,Orquesta Típica Fresedo,7/20/1927,Flores,Tango,Instrumental,Odeon,78rpm,Ángel Massini,Alejandro Schujer,,26-28 / Sextet,José María Rizzuti,Humberto Costanzo,"Osvaldo Fresedo, Alberto Rodríguez","Adolfo Muzzi, Jean Koller"
Osvaldo Fresedo,Orquesta Típica Fresedo,7/20/1927,Meneca,Tango,Instrumental,Odeon,78rpm,E. Mercado,,,26-28 / Sextet,José María Rizzuti,Humberto Costanzo,"Osvaldo Fresedo, Alberto Rodríguez","Adolfo Muzzi, Jean Koller"
Osvaldo Fresedo,Orquesta Típica Fresedo,7/20/1927,Mucha Cancha,Tango,Instrumental,Odeon,78rpm,Alberto Richieri,,,26-28 / Sextet,José María Rizzuti,Humberto Costanzo,"Osvaldo Fresedo, Alberto Rodríguez, Luis Minervini","Adolfo Muzzi, Jean Koller"
Osvaldo Fresedo,Orquesta Típica Fresedo,7/30/1927,Oiga…!,Tango,Juan Carlos Thorry,Odeon,78rpm,Edgardo Donato,Francisco Bastardi,,26-28 / Sextet,José María Rizzuti,Humberto Costanzo,"Osvaldo Fresedo, Alberto Rodríguez","Adolfo Muzzi, Jean Koller"
Osvaldo Fresedo,Orquesta Típica Fresedo,7/30/1927,Purrete De Mi Amor,Tango,Instrumental,Odeon,78rpm,Raúl de los Hoyos,,,26-28 / Sextet,José María Rizzuti,Humberto Costanzo,"Osvaldo Fresedo, Alberto Rodríguez","Adolfo Muzzi, Jean Koller"
Osvaldo Fresedo,Orquesta Típica Fresedo,8/1/1927,Déjame Con Mi Tristeza,Tango,Instrumental,Odeon,78rpm,Ernesto de la Cruz,,,26-28 / Sextet,José María Rizzuti,Humberto Costanzo,"Osvaldo Fresedo, Alberto Rodríguez","Adolfo Muzzi, Jean Koller"
Osvaldo Fresedo,Orquesta Típica Fresedo,8/1/1927,Melenita Negra,Tango,Juan Carlos Thorry,Odeon,78rpm,Francisco Aranaz,,,26-28 / Sextet,José María Rizzuti,Humberto Costanzo,"Osvaldo Fresedo, Alberto Rodríguez","Adolfo Muzzi, Jean Koller"
Osvaldo Fresedo,Orquesta Típica Fresedo,8/1/1927,Todo Amor,Tango,Instrumental,Odeon,78rpm,Ángel Milito,E. Lede,,26-28 / Sextet,José María Rizzuti,Humberto Costanzo,"Osvaldo Fresedo, Alberto Rodríguez","Adolfo Muzzi, Jean Koller"
Osvaldo Fresedo,Orquesta Típica Fresedo,8/3/1927,Canita,Tango,Instrumental,Odeon,78rpm,José Furio,,,26-28 / Sextet,José María Rizzuti,Humberto Costanzo,"Osvaldo Fresedo, Alberto Rodríguez","Adolfo Muzzi, Jean Koller"
Osvaldo Fresedo,Orquesta Típica Fresedo,8/3/1927,Penitencia,Tango,Instrumental,Odeon,78rpm,Anselmo Aieta,Francisco García Jiménez,,26-28 / Sextet,José María Rizzuti,Humberto Costanzo,"Osvaldo Fresedo, Alberto Rodríguez","Adolfo Muzzi, Jean Koller"
Osvaldo Fresedo,Orquesta Típica Fresedo,8/3/1927,Pobre Rancho,Tango,Instrumental,Odeon,78rpm,Plácido Alfaro,,,26-28 / Sextet,José María Rizzuti,Humberto Costanzo,"Osvaldo Fresedo, Alberto Rodríguez","Adolfo Muzzi, Jean Koller"
Osvaldo Fresedo,Orquesta Típica Fresedo,8/16/1927,Agua Mansa,Tango,Instrumental,Odeon,78rpm,Juan Ghio,,,26-28 / Sextet,José María Rizzuti,Humberto Costanzo,"Osvaldo Fresedo, Alberto Rodríguez","Adolfo Muzzi, Jean Koller"
Osvaldo Fresedo,Orquesta Típica Fresedo,8/16/1927,Cascote,Tango,Instrumental,Odeon,78rpm,Cipriano Navas,,,26-28 / Sextet,José María Rizzuti,Humberto Costanzo,"Osvaldo Fresedo, Alberto Rodríguez","Adolfo Muzzi, Jean Koller"
Osvaldo Fresedo,Orquesta Típica Fresedo,8/16/1927,Corazón De Malevo,Tango,Instrumental,Odeon,78rpm,Luis Minervini,,,26-28 / Sextet,José María Rizzuti,Humberto Costanzo,"Osvaldo Fresedo, Alberto Rodríguez","Adolfo Muzzi, Jean Koller"
Osvaldo Fresedo,Orquesta Típica Fresedo,8/16/1927,Cuándo Volverás?,Tango,Instrumental,Odeon,78rpm,Pedro Maffia,,,26-28 / Sextet,José María Rizzuti,Humberto Costanzo,"Osvaldo Fresedo, Alberto Rodríguez","Adolfo Muzzi, Jean Koller"
Osvaldo Fresedo,Orquesta Típica Fresedo,8/16/1927,Derroche De Amor,Tango,Instrumental,Odeon,78rpm,Roberto Tusi,,,26-28 / Sextet,José María Rizzuti,Humberto Costanzo,"Osvaldo Fresedo, Alberto Rodríguez","Adolfo Muzzi, Jean Koller"
Osvaldo Fresedo,Orquesta Típica Fresedo,8/16/1927,Dios Te Salve,Tango,Instrumental,Odeon,78rpm,Tomás Cervo,,,26-28 / Sextet,José María Rizzuti,Humberto Costanzo,"Osvaldo Fresedo, Alberto Rodríguez","Adolfo Muzzi, Jean Koller"
Osvaldo Fresedo,Orquesta Típica Fresedo,8/16/1927,Loquita,Tango,Instrumental,Odeon,78rpm,Luis Bassi,,,26-28 / Sextet,José María Rizzuti,Humberto Costanzo,"Osvaldo Fresedo, Alberto Rodríguez","Adolfo Muzzi, Jean Koller"
Osvaldo Fresedo,Orquesta Típica Fresedo,8/23/1927,Arriba Las Cintas,Tango,Instrumental,Odeon,78rpm,Francisco Martino,,,26-28 / Sextet,José María Rizzuti,Humberto Costanzo,"Osvaldo Fresedo, Alberto Rodríguez","Adolfo Muzzi, Jean Koller"
Osvaldo Fresedo,Orquesta Típica Fresedo,8/23/1927,Cáliz De Hiel,Tango,Instrumental,Odeon,78rpm,Alfonso Lacueva,,,26-28 / Sextet,José María Rizzuti,Humberto Costanzo,"Osvaldo Fresedo, Alberto Rodríguez","Adolfo Muzzi, Jean Koller"
Osvaldo Fresedo,Orquesta Típica Fresedo,8/23/1927,La Cornetita,Tango,Instrumental,Odeon,78rpm,Graciano de Leone,Eduardo Méndez,,26-28 / Sextet,José María Rizzuti,Humberto Costanzo,"Osvaldo Fresedo, Alberto Rodríguez","Adolfo Muzzi, Jean Koller"
Osvaldo Fresedo,Orquesta Típica Fresedo,8/23/1927,Nena,Tango,Instrumental,Odeon,78rpm,J. Fabella,,,26-28 / Sextet,José María Rizzuti,Humberto Costanzo,"Osvaldo Fresedo, Alberto Rodríguez","Adolfo Muzzi, Jean Koller"
Osvaldo Fresedo,Orquesta Típica Fresedo,8/26/1927,Día De Carreras,Tango,Instrumental,Odeon,78rpm,J. Fabella,,,26-28 / Sextet,José María Rizzuti,Humberto Costanzo,"Osvaldo Fresedo, Alberto Rodríguez","Adolfo Muzzi, Jean Koller"
Osvaldo Fresedo,Orquesta Típica Fresedo,8/26/1927,El Once,Tango,Instrumental,Odeon,78rpm,Osvaldo Fresedo,,,26-28 / Sextet,José María Rizzuti,Humberto Costanzo,"Osvaldo Fresedo, Alberto Rodríguez","Adolfo Muzzi, Jean Koller"
Osvaldo Fresedo,Orquesta Típica Fresedo,8/26/1927,Mala Entraña,Tango,Instrumental,Odeon,78rpm,Enrique Maciel,,,26-28 / Sextet,José María Rizzuti,Humberto Costanzo,"Osvaldo Fresedo, Alberto Rodríguez","Adolfo Muzzi, Jean Koller"
Osvaldo Fresedo,Orquesta Típica Fresedo,8/28/1927,Don Joaquín,Tango,Instrumental,Odeon,78rpm,Alberto Hervier,,,26-28 / Sextet,José María Rizzuti,Humberto Costanzo,"Osvaldo Fresedo, Alberto Rodríguez","Adolfo Muzzi, Jean Koller"
Osvaldo Fresedo,Orquesta Típica Fresedo,8/28/1927,Media Noche,Tango,Instrumental,Odeon,78rpm,Nicolas Tavarozzi,,,26-28 / Sextet,José María Rizzuti,Humberto Costanzo,"Osvaldo Fresedo, Alberto Rodríguez","Adolfo Muzzi, Jean Koller"
Osvaldo Fresedo,Orquesta Típica Fresedo,9/3/1927,Capricho,Tango,Instrumental,Odeon,78rpm,Francisco Romano,,,26-28 / Sextet,José María Rizzuti,Humberto Costanzo,"Osvaldo Fresedo, Alberto Rodríguez","Adolfo Muzzi, Jean Koller"
Osvaldo Fresedo,Orquesta Típica Fresedo,9/3/1927,Frases De Amor,Tango,Instrumental,Odeon,78rpm,José Rizzuti,,,26-28 / Sextet,José María Rizzuti,Humberto Costanzo,"Osvaldo Fresedo, Alberto Rodríguez","Adolfo Muzzi, Jean Koller"
Osvaldo Fresedo,Orquesta Típica Fresedo,9/7/1927,Saturnia,Tango,Instrumental,Odeon,78rpm,Juan Filiberto,Nicolás Olivari,,26-28 / Sextet,José María Rizzuti,Humberto Costanzo,"Osvaldo Fresedo, Alberto Rodríguez","Adolfo Muzzi, Jean Koller"
Osvaldo Fresedo,Orquesta Típica Fresedo,9/13/1927,Calle Corrientes,Tango,Instrumental,Odeon,78rpm,Enrique Delfino,Alberto Vacarezza,,26-28 / Sextet,José María Rizzuti,Humberto Costanzo,"Osvaldo Fresedo, Alberto Rodríguez","Adolfo Muzzi, Jean Koller"
Osvaldo Fresedo,Orquesta Típica Fresedo,9/13/1927,El Lírico,Tango,Instrumental,Odeon,78rpm,Casimiro Torres,,,26-28 / Sextet,José María Rizzuti,Humberto Costanzo,"Osvaldo Fresedo, Alberto Rodríguez","Adolfo Muzzi, Jean Koller"
Osvaldo Fresedo,Orquesta Típica Fresedo,9/13/1927,El Ñato Bernardo,Tango,Instrumental,Odeon,78rpm,Arturo Basso,,,26-28 / Sextet,José María Rizzuti,Humberto Costanzo,"Osvaldo Fresedo, Alberto Rodríguez","Adolfo Muzzi, Jean Koller"
Osvaldo Fresedo,Orquesta Típica Fresedo,9/13/1927,Mama! Cuco!,Tango,Instrumental,Odeon,78rpm,Enrique Delfino,,,26-28 / Sextet,José María Rizzuti,Humberto Costanzo,"Osvaldo Fresedo, Alberto Rodríguez","Adolfo Muzzi, Jean Koller"
Osvaldo Fresedo,Orquesta Típica Fresedo,9/16/1927,"Entrá Sin Miedo, Hermana",Tango,Instrumental,Odeon,78rpm,Raúl de los Hoyos,Mario Flores,,26-28 / Sextet,José María Rizzuti,Humberto Costanzo,"Osvaldo Fresedo, Alberto Rodríguez","Adolfo Muzzi, Jean Koller"
Osvaldo Fresedo,Orquesta Típica Fresedo,9/16/1927,Fosforerita,Tango,Instrumental,Odeon,78rpm,Bartolomé Chapela,,,26-28 / Sextet,José María Rizzuti,Humberto Costanzo,"Osvaldo Fresedo, Alberto Rodríguez","Adolfo Muzzi, Jean Koller"
Osvaldo Fresedo,Orquesta Típica Fresedo,9/16/1927,Noches De Colón,Tango,Instrumental,Odeon,78rpm,Raúl de los Hoyos,Roberto Cayol,,26-28 / Sextet,José María Rizzuti,Humberto Costanzo,"Osvaldo Fresedo, Alberto Rodríguez","Adolfo Muzzi, Jean Koller"
Osvaldo Fresedo,Orquesta Típica Fresedo,9/16/1927,Siga El Corso,Tango,Instrumental,Odeon,78rpm,Anselmo Aieta,Francisco García Jiménez,,26-28 / Sextet,José María Rizzuti,Humberto Costanzo,"Osvaldo Fresedo, Alberto Rodríguez","Adolfo Muzzi, Jean Koller"
Osvaldo Fresedo,Orquesta Típica Fresedo,9/21/1927,Leguisamo Solo,Tango,Juan Carlos Thorry - Coro,Odeon,78rpm,Modesto Papavero,,,26-28 / Sextet,José María Rizzuti,Humberto Costanzo,"Osvaldo Fresedo, Alberto Rodríguez","Adolfo Muzzi, Jean Koller"
Osvaldo Fresedo,Orquesta Típica Fresedo,9/21/1927,Milonga Con Variación,Tango,Instrumental,Odeon,78rpm,Francisco Canaro,,,26-28 / Sextet,José María Rizzuti,Humberto Costanzo,"Osvaldo Fresedo, Alberto Rodríguez","Adolfo Muzzi, Jean Koller"
Osvaldo Fresedo,Orquesta Típica Fresedo,9/21/1927,No Salgas De Tu Barrio,Tango,Instrumental,Odeon,78rpm,Enrique Delfino,Arturo Rodríguez Bustamante,,26-28 / Sextet,José María Rizzuti,Humberto Costanzo,"Osvaldo Fresedo, Alberto Rodríguez","Adolfo Muzzi, Jean Koller"
Osvaldo Fresedo,Orquesta Típica Fresedo,9/27/1927,Madre Mía,Tango,Instrumental,Odeon,78rpm,Osvaldo Fresedo,,,26-28 / Sextet,José María Rizzuti,Humberto Costanzo,"Osvaldo Fresedo, Alberto Rodríguez","Adolfo Muzzi, Jean Koller"
Osvaldo Fresedo,Orquesta Típica Fresedo,9/27/1927,Otra Vez,Tango,Instrumental,Odeon,78rpm,Justo Trivelli,,,26-28 / Sextet,José María Rizzuti,Humberto Costanzo,"Osvaldo Fresedo, Alberto Rodríguez","Adolfo Muzzi, Jean Koller"
Osvaldo Fresedo,Orquesta Típica Fresedo,9/27/1927,Pobre Pebeta,Tango,Instrumental,Odeon,78rpm,Juan Moreno González,,,26-28 / Sextet,José María Rizzuti,Humberto Costanzo,"Osvaldo Fresedo, Alberto Rodríguez","Adolfo Muzzi, Jean Koller"
Osvaldo Fresedo,Orquesta Típica Fresedo,10/4/1927,Canción De Amor,Tango,Instrumental,Odeon,78rpm,Nicolás Vaccaro,,,26-28 / Sextet,José María Rizzuti,Humberto Costanzo,"Osvaldo Fresedo, Alberto Rodríguez","Adolfo Muzzi, Jean Koller"
Osvaldo Fresedo,Orquesta Típica Fresedo,10/4/1927,Cuándo Llegará?,Tango,Instrumental,Odeon,78rpm,Francisco Alessio,,,26-28 / Sextet,José María Rizzuti,Humberto Costanzo,"Osvaldo Fresedo, Alberto Rodríguez","Adolfo Muzzi, Jean Koller"
Osvaldo Fresedo,Orquesta Típica Fresedo,10/4/1927,El Crack,Tango,Instrumental,Odeon,78rpm,Alberto Richieri,,,26-28 / Sextet,José María Rizzuti,Humberto Costanzo,"Osvaldo Fresedo, Alberto Rodríguez","Adolfo Muzzi, Jean Koller"
Osvaldo Fresedo,Orquesta Típica Fresedo,10/8/1927,El Contagio,Tango,Instrumental,Odeon,78rpm,Rafael Iriarte,,,26-28 / Sextet,José María Rizzuti,Humberto Costanzo,"Osvaldo Fresedo, Alberto Rodríguez","Adolfo Muzzi, Jean Koller"
Osvaldo Fresedo,Orquesta Típica Fresedo,10/8/1927,Quiéreme Mucho,Tango,Instrumental,Odeon,78rpm,Alberto Hervier,,,26-28 / Sextet,José María Rizzuti,Humberto Costanzo,"Osvaldo Fresedo, Alberto Rodríguez","Adolfo Muzzi, Jean Koller"
Osvaldo Fresedo,Orquesta Típica Fresedo,10/8/1927,Quiero Olvidarla,Tango,Instrumental,Odeon,78rpm,Juan Koller,,,26-28 / Sextet,José María Rizzuti,Humberto Costanzo,"Osvaldo Fresedo, Alberto Rodríguez","Adolfo Muzzi, Jean Koller"
Osvaldo Fresedo,Orquesta Típica Fresedo,10/8/1927,Sigan La Orgía,Tango,Instrumental,Odeon,78rpm,Luis Isola,,,26-28 / Sextet,José María Rizzuti,Humberto Costanzo,"Osvaldo Fresedo, Alberto Rodríguez","Adolfo Muzzi, Jean Koller"
Osvaldo Fresedo,Orquesta Típica Fresedo,10/8/1927,"Te Acuerdas, Mamita",Tango,Instrumental,Odeon,78rpm,Mario Danesi,,,26-28 / Sextet,José María Rizzuti,Humberto Costanzo,"Osvaldo Fresedo, Alberto Rodríguez","Adolfo Muzzi, Jean Koller"
Osvaldo Fresedo,Orquesta Típica Fresedo,10/11/1927,Falsedad,Tango,Instrumental,Odeon,78rpm,Carlos Tommasone,,,26-28 / Sextet,José María Rizzuti,Humberto Costanzo,"Osvaldo Fresedo, Alberto Rodríguez","Adolfo Muzzi, Jean Koller"
Osvaldo Fresedo,Orquesta Típica Fresedo,10/11/1927,"Llora, Malevo",Tango,Instrumental,Odeon,78rpm,E. Nervo,,,26-28 / Sextet,José María Rizzuti,Humberto Costanzo,"Osvaldo Fresedo, Alberto Rodríguez","Adolfo Muzzi, Jean Koller"
Osvaldo Fresedo,Orquesta Típica Fresedo,10/17/1927,Caído Del Cielo,Tango,Instrumental,Odeon,78rpm,Antonio Polito; Pedro Polito,,,26-28 / Sextet,José María Rizzuti,Humberto Costanzo,"Osvaldo Fresedo, Alberto Rodríguez","Adolfo Muzzi, Jean Koller"
Osvaldo Fresedo,Orquesta Típica Fresedo,10/17/1927,Íntimas,Tango,Instrumental,Odeon,78rpm,Alfonso Lacueva,,,26-28 / Sextet,José María Rizzuti,Humberto Costanzo,"Osvaldo Fresedo, Alberto Rodríguez","Adolfo Muzzi, Jean Koller"
Osvaldo Fresedo,Orquesta Típica Fresedo,10/17/1927,Ironías,Tango,Instrumental,Odeon,78rpm,Vicente Russo,,,26-28 / Sextet,José María Rizzuti,Humberto Costanzo,"Osvaldo Fresedo, Alberto Rodríguez","Adolfo Muzzi, Jean Koller"
Osvaldo Fresedo,Osvaldo Fresedo - Alberto Rodríguez,10/17/1927,Milonga Con Variación,Tango,Instrumental,Odeon,78rpm,Francisco Canaro,,,26-28 / Sextet,,,"Osvaldo Fresedo, Alberto Rodríguez",
Osvaldo Fresedo,Orquesta Típica Fresedo,10/17/1927,Noche De Reyes,Tango,Instrumental,Odeon,78rpm,Pedro Maffia,,,26-28 / Sextet,José María Rizzuti,Humberto Costanzo,"Osvaldo Fresedo, Alberto Rodríguez","Adolfo Muzzi, Jean Koller"
Osvaldo Fresedo,Orquesta Típica Fresedo,10/17/1927,Ojos Negros,Tango,Instrumental,Odeon,78rpm,Vicente Greco,,,26-28 / Sextet,José María Rizzuti,Humberto Costanzo,"Osvaldo Fresedo, Alberto Rodríguez","Adolfo Muzzi, Jean Koller"
Osvaldo Fresedo,Orquesta Típica Fresedo,10/17/1927,Olvidate,Tango,Instrumental,Odeon,78rpm,José Rizzuti,,,26-28 / Sextet,José María Rizzuti,Humberto Costanzo,"Osvaldo Fresedo, Alberto Rodríguez","Adolfo Muzzi, Jean Koller"
Osvaldo Fresedo,Orquesta Típica Fresedo,10/17/1927,Sangre Azul,Tango,Instrumental,Odeon,78rpm,Fioravanti Di Cicco,,,26-28 / Sextet,José María Rizzuti,Humberto Costanzo,"Osvaldo Fresedo, Alberto Rodríguez","Adolfo Muzzi, Jean Koller"
Osvaldo Fresedo,Orquesta Típica Fresedo,10/17/1927,Tinta Verde,Tango,Instrumental,Odeon,78rpm,Agustín Bardi,,,26-28 / Sextet,José María Rizzuti,Humberto Costanzo,"Osvaldo Fresedo, Alberto Rodríguez","Adolfo Muzzi, Jean Koller"
Osvaldo Fresedo,Orquesta Típica Fresedo,10/18/1927,Bajo Fondo,Tango,Instrumental,Odeon,78rpm,Ciriaco Ortiz,,,26-28 / Sextet,José María Rizzuti,Humberto Costanzo,"Osvaldo Fresedo, Alberto Rodríguez","Adolfo Muzzi, Jean Koller"
Osvaldo Fresedo,Orquesta Típica Fresedo,10/18/1927,Didi,Tango,Instrumental,Odeon,78rpm,Roberto Firpo,,,26-28 / Sextet,José María Rizzuti,Humberto Costanzo,"Osvaldo Fresedo, Alberto Rodríguez","Adolfo Muzzi, Jean Koller"
Osvaldo Fresedo,Orquesta Típica Fresedo,10/18/1927,Don Juan Malevo,Tango,Instrumental,Odeon,78rpm,Francisco Lomuto,,,26-28 / Sextet,José María Rizzuti,Humberto Costanzo,"Osvaldo Fresedo, Alberto Rodríguez","Adolfo Muzzi, Jean Koller"
Osvaldo Fresedo,Orquesta Típica Fresedo,10/18/1927,Felicia,Tango,Instrumental,Odeon,78rpm,Enrique Saborido,,,26-28 / Sextet,José María Rizzuti,Humberto Costanzo,"Osvaldo Fresedo, Alberto Rodríguez","Adolfo Muzzi, Jean Koller"
Osvaldo Fresedo,Orquesta Típica Fresedo,10/18/1927,Hollín,Tango,Instrumental,Odeon,78rpm,José Rizzuti,,,26-28 / Sextet,José María Rizzuti,Humberto Costanzo,"Osvaldo Fresedo, Alberto Rodríguez","Adolfo Muzzi, Jean Koller"
Osvaldo Fresedo,Orquesta Típica Fresedo,10/18/1927,Paso A Paso,Tango,Coro,Odeon,78rpm,Ricardo Olivera,,,26-28 / Sextet,José María Rizzuti,Humberto Costanzo,"Osvaldo Fresedo, Alberto Rodríguez","Adolfo Muzzi, Jean Koller"
Osvaldo Fresedo,Orquesta Típica Fresedo,10/18/1927,Pergamino,Tango,Instrumental,Odeon,78rpm,Antonio Polito,,,26-28 / Sextet,José María Rizzuti,Humberto Costanzo,"Osvaldo Fresedo, Alberto Rodríguez","Adolfo Muzzi, Jean Koller"
Osvaldo Fresedo,Orquesta Típica Fresedo,10/18/1927,Viejo Curda,Tango,Instrumental,Odeon,78rpm,Guillermo Barbieri,,,26-28 / Sextet,José María Rizzuti,Humberto Costanzo,"Osvaldo Fresedo, Alberto Rodríguez","Adolfo Muzzi, Jean Koller"
Osvaldo Fresedo,Orquesta Típica Fresedo,10/25/1927,Albricias,Tango,Instrumental,Odeon,78rpm,Alberto Rodríguez,,,26-28 / Sextet,José María Rizzuti,Humberto Costanzo,"Osvaldo Fresedo, Alberto Rodríguez","Adolfo Muzzi, Jean Koller"
Osvaldo Fresedo,Orquesta Típica Fresedo,10/25/1927,Atrevido,Tango,Instrumental,Odeon,78rpm,Humberto Constanzo,,,26-28 / Sextet,José María Rizzuti,Humberto Costanzo,"Osvaldo Fresedo, Alberto Rodríguez","Adolfo Muzzi, Jean Koller"
Osvaldo Fresedo,Orquesta Típica Fresedo,10/25/1927,Aves Sin Nido,Tango,Instrumental,Odeon,78rpm,Francisco della Rocca,P. della Rocca,,26-28 / Sextet,José María Rizzuti,Humberto Costanzo,"Osvaldo Fresedo, Alberto Rodríguez","Adolfo Muzzi, Jean Koller"
Osvaldo Fresedo,Orquesta Típica Fresedo,10/25/1927,Cuando Llora El Bandoneón,Tango,Instrumental,Odeon,78rpm,José Furio,,,26-28 / Sextet,José María Rizzuti,Humberto Costanzo,"Osvaldo Fresedo, Alberto Rodríguez","Adolfo Muzzi, Jean Koller"
Osvaldo Fresedo,Orquesta Típica Fresedo,10/25/1927,Qué Garufa!,Tango,Instrumental,Odeon,78rpm,Haroldo Di Divittis,,,26-28 / Sextet,José María Rizzuti,Humberto Costanzo,"Osvaldo Fresedo, Alberto Rodríguez","Adolfo Muzzi, Jean Koller"
Osvaldo Fresedo,Orquesta Típica Fresedo,10/25/1927,Río De Oro,Tango,Instrumental,Odeon,78rpm,Lucio Demare; Fiorivanti Di Cicco,,,26-28 / Sextet,José María Rizzuti,Humberto Costanzo,"Osvaldo Fresedo, Alberto Rodríguez","Adolfo Muzzi, Jean Koller"
Osvaldo Fresedo,Orquesta Típica Fresedo,11/4/1927,El Mal Que Me Hiciste,Tango,Instrumental,Odeon,78rpm,Carlos Percuoco,,,26-28 / Sextet,José María Rizzuti,Humberto Costanzo,"Osvaldo Fresedo, Alberto Rodríguez","Adolfo Muzzi, Jean Koller"
Osvaldo Fresedo,Orquesta Típica Fresedo,11/4/1927,Ensueños,Tango,Instrumental,Odeon,78rpm,Luis Brighenti,Enrique Cadícamo,,26-28 / Sextet,José María Rizzuti,Humberto Costanzo,"Osvaldo Fresedo, Alberto Rodríguez","Adolfo Muzzi, Jean Koller"
Osvaldo Fresedo,Orquesta Típica Fresedo,11/4/1927,La Quema,Tango,Instrumental,Odeon,78rpm,M. Rao; L. Santillan,,,26-28 / Sextet,José María Rizzuti,Humberto Costanzo,"Osvaldo Fresedo, Alberto Rodríguez","Adolfo Muzzi, Jean Koller"
Osvaldo Fresedo,Orquesta Típica Fresedo,11/4/1927,Pebeta Canyengue,Tango,Juan Carlos Thorry,Odeon,78rpm,Víctor Donato,José Riú,,26-28 / Sextet,José María Rizzuti,Humberto Costanzo,"Osvaldo Fresedo, Alberto Rodríguez","Adolfo Muzzi, Jean Koller"
Osvaldo Fresedo,Orquesta Típica Fresedo,11/4/1927,Perfume De Mujer,Tango,Juan Carlos Thorry,Odeon,78rpm,Juan Guichandut,,,26-28 / Sextet,José María Rizzuti,Humberto Costanzo,"Osvaldo Fresedo, Alberto Rodríguez","Adolfo Muzzi, Jean Koller"
Osvaldo Fresedo,Orquesta Típica Fresedo,11/4/1927,Queja Indiana,Tango,Juan Carlos Thorry,Odeon,78rpm,Juan Rodríguez,Juan Velich,,26-28 / Sextet,José María Rizzuti,Humberto Costanzo,"Osvaldo Fresedo, Alberto Rodríguez","Adolfo Muzzi, Jean Koller"
Osvaldo Fresedo,Orquesta Típica Fresedo,11/4/1927,Soberbio,Tango,Instrumental,Odeon,78rpm,Juan Bazán,,,26-28 / Sextet,José María Rizzuti,Humberto Costanzo,"Osvaldo Fresedo, Alberto Rodríguez","Adolfo Muzzi, Jean Koller"
Osvaldo Fresedo,Orquesta Típica Fresedo,11/8/1927,El Carancho,Tango,Instrumental,Odeon,78rpm,Luis Bernstein,,,26-28 / Sextet,José María Rizzuti,Humberto Costanzo,"Osvaldo Fresedo, Alberto Rodríguez","Adolfo Muzzi, Jean Koller"
Osvaldo Fresedo,Orquesta Típica Fresedo,11/8/1927,Fumando Espero,Tango,Instrumental,Odeon,78rpm,Juan Villadomat,,,26-28 / Sextet,José María Rizzuti,Humberto Costanzo,"Osvaldo Fresedo, Alberto Rodríguez","Adolfo Muzzi, Jean Koller"
Osvaldo Fresedo,Orquesta Típica Fresedo,11/8/1927,Muñequita De Oro,Tango,Instrumental,Odeon,78rpm,Ausonio Pisani,,,26-28 / Sextet,José María Rizzuti,Humberto Costanzo,"Osvaldo Fresedo, Alberto Rodríguez","Adolfo Muzzi, Jean Koller"
Osvaldo Fresedo,Orquesta Típica Fresedo,11/8/1927,Ni Un Recuerdo,Tango,Instrumental,Odeon,78rpm,Luis Martini,,,26-28 / Sextet,José María Rizzuti,Humberto Costanzo,"Osvaldo Fresedo, Alberto Rodríguez","Adolfo Muzzi, Jean Koller"
Osvaldo Fresedo,Orquesta Típica Fresedo,11/8/1927,No Te Olvidarás,Tango,Instrumental,Odeon,78rpm,Eduardo Armani,,,26-28 / Sextet,José María Rizzuti,Humberto Costanzo,"Osvaldo Fresedo, Alberto Rodríguez","Adolfo Muzzi, Jean Koller"
Osvaldo Fresedo,Orquesta Típica Fresedo,11/8/1927,Sollozos De Amor,Tango,Instrumental,Odeon,78rpm,Juan Navarro,,,26-28 / Sextet,José María Rizzuti,Humberto Costanzo,"Osvaldo Fresedo, Alberto Rodríguez","Adolfo Muzzi, Jean Koller"
Osvaldo Fresedo,Orquesta Típica Fresedo,11/12/1927,Carta Blanca,Tango,Instrumental,Odeon,78rpm,Manuel Kenigstein,J. Kenigstein,,26-28 / Sextet,José María Rizzuti,Humberto Costanzo,"Osvaldo Fresedo, Alberto Rodríguez","Adolfo Muzzi, Jean Koller"
Osvaldo Fresedo,Orquesta Típica Fresedo,11/12/1927,Compadrón,Tango,Instrumental,Odeon,78rpm,Luis Visca,,,26-28 / Sextet,José María Rizzuti,Humberto Costanzo,"Osvaldo Fresedo, Alberto Rodríguez","Adolfo Muzzi, Jean Koller"
Osvaldo Fresedo,Orquesta Típica Fresedo,11/12/1927,Mano Cruel,Tango,Instrumental,Odeon,78rpm,Carmelo Mutarelli,,,26-28 / Sextet,José María Rizzuti,Humberto Costanzo,"Osvaldo Fresedo, Alberto Rodríguez","Adolfo Muzzi, Jean Koller"
Osvaldo Fresedo,Orquesta Típica Fresedo,11/12/1927,Orquídeas Negras,Vals,Instrumental,Odeon,78rpm,Víctor Troysi,,,26-28 / Sextet,José María Rizzuti,Humberto Costanzo,"Osvaldo Fresedo, Alberto Rodríguez","Adolfo Muzzi, Jean Koller"
Osvaldo Fresedo,Orquesta Típica Fresedo,11/12/1927,Vida Nueva,Tango,Instrumental,Odeon,78rpm,Luis Stalman,,,26-28 / Sextet,José María Rizzuti,Humberto Costanzo,"Osvaldo Fresedo, Alberto Rodríguez","Adolfo Muzzi, Jean Koller"
Osvaldo Fresedo,Orquesta Típica Fresedo,11/12/1927,Viejo Verde,Tango,Instrumental,Odeon,78rpm,Alberto Richieri,,,26-28 / Sextet,José María Rizzuti,Humberto Costanzo,"Osvaldo Fresedo, Alberto Rodríguez","Adolfo Muzzi, Jean Koller"
Osvaldo Fresedo,Orquesta Típica Fresedo,11/12/1927,Visión,Tango,Instrumental,Odeon,78rpm,Miguel Massini,,,26-28 / Sextet,José María Rizzuti,Humberto Costanzo,"Osvaldo Fresedo, Alberto Rodríguez","Adolfo Muzzi, Jean Koller"
Osvaldo Fresedo,Orquesta Típica Fresedo,11/15/1927,Bochita,Tango,Instrumental,Odeon,78rpm,A. de Rossi,,,26-28 / Sextet,José María Rizzuti,Humberto Costanzo,"Osvaldo Fresedo, Alberto Rodríguez","Adolfo Muzzi, Jean Koller"
Osvaldo Fresedo,Orquesta Típica Fresedo,11/15/1927,Don Esteban,Tango,Coro,Odeon,78rpm,Augusto Berto,,,26-28 / Sextet,José María Rizzuti,Humberto Costanzo,"Osvaldo Fresedo, Alberto Rodríguez","Adolfo Muzzi, Jean Koller"
Osvaldo Fresedo,Orquesta Típica Fresedo,11/15/1927,La Cachila,Tango,Instrumental,Odeon,78rpm,Eduardo Arolas,,,26-28 / Sextet,José María Rizzuti,Humberto Costanzo,"Osvaldo Fresedo, Alberto Rodríguez","Adolfo Muzzi, Jean Koller"
Osvaldo Fresedo,Orquesta Típica Fresedo,11/15/1927,Mina Bacana,Tango,Instrumental,Odeon,78rpm,Miguel Bucino,,,26-28 / Sextet,José María Rizzuti,Humberto Costanzo,"Osvaldo Fresedo, Alberto Rodríguez","Adolfo Muzzi, Jean Koller"
Osvaldo Fresedo,Orquesta Típica Fresedo,11/15/1927,Paternal,Tango,Instrumental,Odeon,78rpm,Próspero Cimaglia,,,26-28 / Sextet,José María Rizzuti,Humberto Costanzo,"Osvaldo Fresedo, Alberto Rodríguez","Adolfo Muzzi, Jean Koller"
Osvaldo Fresedo,Orquesta Típica Fresedo,11/15/1927,Quiéreme,Tango,Instrumental,Odeon,78rpm,Javier Arroyuelo,,,26-28 / Sextet,José María Rizzuti,Humberto Costanzo,"Osvaldo Fresedo, Alberto Rodríguez","Adolfo Muzzi, Jean Koller"
Osvaldo Fresedo,Orquesta Típica Fresedo,11/15/1927,Soñando,Tango,Instrumental,Odeon,78rpm,Justo Trivelli,,,26-28 / Sextet,José María Rizzuti,Humberto Costanzo,"Osvaldo Fresedo, Alberto Rodríguez","Adolfo Muzzi, Jean Koller"
Osvaldo Fresedo,Orquesta Típica Fresedo,11/22/1927,Formidable,Tango,Instrumental,Odeon,78rpm,Rafael Falucho,,,26-28 / Sextet,José María Rizzuti,Humberto Costanzo,"Osvaldo Fresedo, Alberto Rodríguez","Adolfo Muzzi, Jean Koller"
Osvaldo Fresedo,Orquesta Típica Fresedo,11/22/1927,Jueves,Tango,Instrumental,Odeon,78rpm,Rafael Rossi; Udelino Toranzo,,,26-28 / Sextet,José María Rizzuti,Humberto Costanzo,"Osvaldo Fresedo, Alberto Rodríguez","Adolfo Muzzi, Jean Koller"
Osvaldo Fresedo,Orquesta Típica Fresedo,11/22/1927,"Para Vos, Padrino",Tango,Instrumental,Odeon,78rpm,Rodolfo Sastre,,,26-28 / Sextet,José María Rizzuti,Humberto Costanzo,"Osvaldo Fresedo, Alberto Rodríguez","Adolfo Muzzi, Jean Koller"
Osvaldo Fresedo,Orquesta Típica Fresedo,11/22/1927,Tradición,Tango,Instrumental,Odeon,78rpm,Fausto Frontera,,,26-28 / Sextet,José María Rizzuti,Humberto Costanzo,"Osvaldo Fresedo, Alberto Rodríguez","Adolfo Muzzi, Jean Koller"
Osvaldo Fresedo,Orquesta Típica Fresedo,11/28/1927,Buey Manso,Tango,Instrumental,Odeon,78rpm,Carmelo Mutarelli,Armando Tagini,,26-28 / Sextet,José María Rizzuti,Humberto Costanzo,"Osvaldo Fresedo, Alberto Rodríguez","Adolfo Muzzi, Jean Koller"
Osvaldo Fresedo,Orquesta Típica Fresedo,11/28/1927,Canto Rodado,Tango,Instrumental,Odeon,78rpm,Mateo Carusillo,,,26-28 / Sextet,José María Rizzuti,Humberto Costanzo,"Osvaldo Fresedo, Alberto Rodríguez","Adolfo Muzzi, Jean Koller"
Osvaldo Fresedo,Orquesta Típica Fresedo,11/28/1927,Cuando Llora La Milonga,Tango,Instrumental,Odeon,78rpm,Juan Filiberto,Maria Carnelli,,26-28 / Sextet,José María Rizzuti,Humberto Costanzo,"Osvaldo Fresedo, Alberto Rodríguez","Adolfo Muzzi, Jean Koller"
Osvaldo Fresedo,Orquesta Típica Fresedo,11/28/1927,Desde El Alma,Vals,Instrumental,Odeon,78rpm,Rosita Melo,,,26-28 / Sextet,José María Rizzuti,Humberto Costanzo,"Osvaldo Fresedo, Alberto Rodríguez","Adolfo Muzzi, Jean Koller"
Osvaldo Fresedo,Orquesta Típica Fresedo,11/28/1927,Mala Racha,Tango,Instrumental,Odeon,78rpm,Pascual Plastino,,,26-28 / Sextet,José María Rizzuti,Humberto Costanzo,"Osvaldo Fresedo, Alberto Rodríguez","Adolfo Muzzi, Jean Koller"
Osvaldo Fresedo,Orquesta Típica Fresedo,11/28/1927,Morochita,Tango,Instrumental,Odeon,78rpm,José Lorito,,,26-28 / Sextet,José María Rizzuti,Humberto Costanzo,"Osvaldo Fresedo, Alberto Rodríguez","Adolfo Muzzi, Jean Koller"
Osvaldo Fresedo,Orquesta Típica Fresedo,12/1/1927,El Espiante,Tango,Instrumental,Odeon,78rpm,Osvaldo Fresedo,,,26-28 / Sextet,José María Rizzuti,Humberto Costanzo,"Osvaldo Fresedo, Alberto Rodríguez","Adolfo Muzzi, Jean Koller"
Osvaldo Fresedo,Orquesta Típica Fresedo,12/1/1927,No Me Escribas,Tango,Instrumental,Odeon,78rpm,Agustín Bardi,Juan Caruso,,26-28 / Sextet,José María Rizzuti,Humberto Costanzo,"Osvaldo Fresedo, Alberto Rodríguez","Adolfo Muzzi, Jean Koller"
Osvaldo Fresedo,Orquesta Típica Fresedo,12/1/1927,Picaflor,Tango,Instrumental,Odeon,78rpm,Enrique Maciel,,,26-28 / Sextet,José María Rizzuti,Humberto Costanzo,"Osvaldo Fresedo, Alberto Rodríguez","Adolfo Muzzi, Jean Koller"
Osvaldo Fresedo,Orquesta Típica Fresedo,12/1/1927,Se Fue,Tango,Instrumental,Odeon,78rpm,Laertes Carroll,,,26-28 / Sextet,José María Rizzuti,Humberto Costanzo,"Osvaldo Fresedo, Alberto Rodríguez","Adolfo Muzzi, Jean Koller"
Osvaldo Fresedo,Orquesta Típica Fresedo,12/1/1927,Una Lágrima,Vals,Instrumental,Odeon,78rpm,José Rebollini,,,26-28 / Sextet,José María Rizzuti,Humberto Costanzo,"Osvaldo Fresedo, Alberto Rodríguez","Adolfo Muzzi, Jean Koller"
Osvaldo Fresedo,Orquesta Típica Fresedo,12/22/1927,Adiós Muchachos,Tango,Instrumental,Odeon,78rpm,Julio Sanders,,,26-28 / Sextet,José María Rizzuti,Humberto Costanzo,"Osvaldo Fresedo, Alberto Rodríguez","Adolfo Muzzi, Jean Koller"
Osvaldo Fresedo,Orquesta Típica Fresedo,12/22/1927,"Copetín, Vos Sos Mi Hermano",Tango,Instrumental,Odeon,78rpm,Andrés Domenech,Diego Flores,,26-28 / Sextet,José María Rizzuti,Humberto Costanzo,"Osvaldo Fresedo, Alberto Rodríguez","Adolfo Muzzi, Jean Koller"
Osvaldo Fresedo,Orquesta Típica Fresedo,12/22/1927,Francesita Linda,Tango,Ernesto Famá,Odeon,78rpm,José Rizzuti,,,26-28 / Sextet,José María Rizzuti,Humberto Costanzo,"Osvaldo Fresedo, Alberto Rodríguez","Adolfo Muzzi, Jean Koller"
Osvaldo Fresedo,Orquesta Típica Fresedo,12/22/1927,Marquesita,Tango,Instrumental,Odeon,78rpm,César Vedani,,,26-28 / Sextet,José María Rizzuti,Humberto Costanzo,"Osvaldo Fresedo, Alberto Rodríguez","Adolfo Muzzi, Jean Koller"
Osvaldo Fresedo,Orquesta Típica Fresedo,12/22/1927,Romance Triste,Tango,Instrumental,Odeon,78rpm,José Di Clemente,,,26-28 / Sextet,José María Rizzuti,Humberto Costanzo,"Osvaldo Fresedo, Alberto Rodríguez","Adolfo Muzzi, Jean Koller"
Osvaldo Fresedo,Orquesta Típica Fresedo,2/2/1928,Acosta En Punta,Tango,Ernesto Famá,Odeon,78rpm,Venancio Lagrota,,,26-28 / Sextet,José María Rizzuti,Humberto Costanzo,"Osvaldo Fresedo, Alberto Rodríguez","Adolfo Muzzi, Jean Koller"
Osvaldo Fresedo,Orquesta Típica Fresedo,2/2/1928,Besos Que Matan,Tango,Ernesto Famá,Odeon,78rpm,Guillermo Barbieri,,,26-28 / Sextet,José María Rizzuti,Humberto Costanzo,"Osvaldo Fresedo, Alberto Rodríguez","Adolfo Muzzi, Jean Koller"
Osvaldo Fresedo,Orquesta Típica Fresedo,2/2/1928,Canción De Cuna,Tango,Ernesto Famá,Odeon,78rpm,José Rizzuti,José Diez Gomez,,26-28 / Sextet,José María Rizzuti,Humberto Costanzo,"Osvaldo Fresedo, Alberto Rodríguez","Adolfo Muzzi, Jean Koller"
Osvaldo Fresedo,Orquesta Típica Fresedo,2/2/1928,De Puro Guapo,Tango,Ernesto Famá,Odeon,78rpm,Rafael Iriarte,J. Fernández Díaz,,26-28 / Sextet,José María Rizzuti,Humberto Costanzo,"Osvaldo Fresedo, Alberto Rodríguez","Adolfo Muzzi, Jean Koller"
Osvaldo Fresedo,Orquesta Típica Fresedo,2/2/1928,Dejalo A Ese Malo,Tango,Ernesto Famá,Odeon,78rpm,Francisco Germino,,,26-28 / Sextet,José María Rizzuti,Humberto Costanzo,"Osvaldo Fresedo, Alberto Rodríguez","Adolfo Muzzi, Jean Koller"
Osvaldo Fresedo,Orquesta Típica Fresedo,2/2/1928,Lechuza,Tango,Ernesto Famá,Odeon,78rpm,Julio Navarrine,Alfredo Navarrine,,26-28 / Sextet,José María Rizzuti,Humberto Costanzo,"Osvaldo Fresedo, Alberto Rodríguez","Adolfo Muzzi, Jean Koller"
Osvaldo Fresedo,Orquesta Típica Fresedo,2/2/1928,Mi Alhaja,Tango,Ernesto Famá,Odeon,78rpm,Carlos Gardel; José Razzano,,,26-28 / Sextet,José María Rizzuti,Humberto Costanzo,"Osvaldo Fresedo, Alberto Rodríguez","Adolfo Muzzi, Jean Koller"
Osvaldo Fresedo,Orquesta Típica Fresedo,2/2/1928,Reflejos,Tango,Instrumental,Odeon,78rpm,Ángel Ramos,,,26-28 / Sextet,José María Rizzuti,Humberto Costanzo,"Osvaldo Fresedo, Alberto Rodríguez","Adolfo Muzzi, Jean Koller"
Osvaldo Fresedo,Orquesta Típica Fresedo,2/2/1928,Tiento E’ Zorro,Tango,Ernesto Famá,Odeon,78rpm,Bartolomé Chapela,,,26-28 / Sextet,José María Rizzuti,Humberto Costanzo,"Osvaldo Fresedo, Alberto Rodríguez","Adolfo Muzzi, Jean Koller"
Osvaldo Fresedo,Orquesta Típica Fresedo,2/7/1928,Campanita,Tango,Ernesto Famá,Odeon,78rpm,Juan Polito; José Polito,,,26-28 / Sextet,José María Rizzuti,Humberto Costanzo,"Osvaldo Fresedo, Alberto Rodríguez","Adolfo Muzzi, Jean Koller"
Osvaldo Fresedo,Orquesta Típica Fresedo,2/7/1928,"Che, Papusa, Oí",Tango,Ernesto Famá,Odeon,78rpm,Gerardo Matos Rodríguez,Enrique Cadícamo,,26-28 / Sextet,José María Rizzuti,Humberto Costanzo,"Osvaldo Fresedo, Alberto Rodríguez","Adolfo Muzzi, Jean Koller"
Osvaldo Fresedo,Orquesta Típica Fresedo,2/7/1928,Maldonado,Tango,Ernesto Famá,Odeon,78rpm,Luis Visca,Luis Rubistein,,26-28 / Sextet,José María Rizzuti,Humberto Costanzo,"Osvaldo Fresedo, Alberto Rodríguez","Adolfo Muzzi, Jean Koller"
Osvaldo Fresedo,Orquesta Típica Fresedo,2/7/1928,Nobleza,Tango,Ernesto Famá,Odeon,78rpm,Esteban Rovati,,,26-28 / Sextet,José María Rizzuti,Humberto Costanzo,"Osvaldo Fresedo, Alberto Rodríguez","Adolfo Muzzi, Jean Koller"
Osvaldo Fresedo,Orquesta Típica Fresedo,2/7/1928,Qué Lindo Es Estar Metido,Tango,Ernesto Famá,Odeon,78rpm,Enrique Delfino,Pascual Contursi,,26-28 / Sextet,José María Rizzuti,Humberto Costanzo,"Osvaldo Fresedo, Alberto Rodríguez","Adolfo Muzzi, Jean Koller"
Osvaldo Fresedo,Orquesta Típica Fresedo,2/7/1928,Rosas De Abril,Tango,Ernesto Famá,Odeon,78rpm,Rafael Rossi,Eugenio Cárdenas,,26-28 / Sextet,José María Rizzuti,Humberto Costanzo,"Osvaldo Fresedo, Alberto Rodríguez","Adolfo Muzzi, Jean Koller"
Osvaldo Fresedo,Orquesta Típica Fresedo,2/7/1928,Vida Rea,Tango,Ernesto Famá,Odeon,78rpm,Nicolás Vaccaro,,,26-28 / Sextet,José María Rizzuti,Humberto Costanzo,"Osvaldo Fresedo, Alberto Rodríguez","Adolfo Muzzi, Jean Koller"
Osvaldo Fresedo,Orquesta Típica Fresedo,2/24/1928,Augustus,Tango,Instrumental,Odeon,78rpm,Emilio Cárcano,,,26-28 / Sextet,José María Rizzuti,Humberto Costanzo,"Osvaldo Fresedo, Alberto Rodríguez","Adolfo Muzzi, Jean Koller"
Osvaldo Fresedo,Orquesta Típica Fresedo,2/24/1928,Bonsoir Monsieur,Tango,Ernesto Famá,Odeon,78rpm,Osvaldo Fresedo,,,26-28 / Sextet,José María Rizzuti,Humberto Costanzo,"Osvaldo Fresedo, Alberto Rodríguez","Adolfo Muzzi, Jean Koller"
Osvaldo Fresedo,Orquesta Típica Fresedo,2/24/1928,Milonguero Viejo,Tango,Ernesto Famá,Odeon,78rpm,Carlos Di Sarli,Enrique Carrera Sotelo,,26-28 / Sextet,José María Rizzuti,Humberto Costanzo,"Osvaldo Fresedo, Alberto Rodríguez","Adolfo Muzzi, Jean Koller"
Osvaldo Fresedo,Orquesta Típica Fresedo,2/24/1928,Mueble Viejo,Tango,Ernesto Famá,Odeon,78rpm,Raúl de los Hoyos,Agapito Crespo,,26-28 / Sextet,José María Rizzuti,Humberto Costanzo,"Osvaldo Fresedo, Alberto Rodríguez","Adolfo Muzzi, Jean Koller"
Osvaldo Fresedo,Orquesta Típica Fresedo,2/24/1928,"Oh, Corazón",Tango,Instrumental,Odeon,78rpm,Eduardo Armani,,,26-28 / Sextet,José María Rizzuti,Humberto Costanzo,"Osvaldo Fresedo, Alberto Rodríguez","Adolfo Muzzi, Jean Koller"
Osvaldo Fresedo,Orquesta Típica Fresedo,2/24/1928,Pucherito,Tango,Ernesto Famá,Odeon,78rpm,Eduardo Armani,,,26-28 / Sextet,José María Rizzuti,Humberto Costanzo,"Osvaldo Fresedo, Alberto Rodríguez","Adolfo Muzzi, Jean Koller"
Osvaldo Fresedo,Orquesta Típica Fresedo,2/24/1928,Seguirás La Caravana,Tango,Ernesto Famá,Odeon,78rpm,Pedro Ferro,,,26-28 / Sextet,José María Rizzuti,Humberto Costanzo,"Osvaldo Fresedo, Alberto Rodríguez","Adolfo Muzzi, Jean Koller"
Osvaldo Fresedo,Orquesta Típica Fresedo,2/28/1928,Amigablemente,Tango,Ernesto Famá,Odeon,78rpm,Rafael Iriarte,J. Fernández Díaz,,26-28 / Sextet,José María Rizzuti,Humberto Costanzo,"Osvaldo Fresedo, Alberto Rodríguez","Adolfo Muzzi, Jean Koller"
Osvaldo Fresedo,Orquesta Típica Fresedo,2/28/1928,Coperita Posta,Tango,Ernesto Famá,Odeon,78rpm,Rodolfo Sciammarella,Luis Alonso,,26-28 / Sextet,José María Rizzuti,Humberto Costanzo,"Osvaldo Fresedo, Alberto Rodríguez","Adolfo Muzzi, Jean Koller"
Osvaldo Fresedo,Orquesta Típica Fresedo,2/28/1928,El Barrio Murmura,Tango,Ernesto Famá,Odeon,78rpm,Carlos Famá,Carlos Famá,,26-28 / Sextet,José María Rizzuti,Humberto Costanzo,"Osvaldo Fresedo, Alberto Rodríguez","Adolfo Muzzi, Jean Koller"
Osvaldo Fresedo,Orquesta Típica Fresedo,2/28/1928,Francesita Linda,Tango,Ernesto Famá,Odeon,78rpm,José Rizzuti,,,26-28 / Sextet,José María Rizzuti,Humberto Costanzo,"Osvaldo Fresedo, Alberto Rodríguez","Adolfo Muzzi, Jean Koller"
Osvaldo Fresedo,Orquesta Típica Fresedo,2/28/1928,Madre Mía,Tango,Ernesto Famá,Odeon,78rpm,Osvaldo Fresedo,,,26-28 / Sextet,José María Rizzuti,Humberto Costanzo,"Osvaldo Fresedo, Alberto Rodríguez","Adolfo Muzzi, Jean Koller"
Osvaldo Fresedo,Orquesta Típica Fresedo,2/28/1928,Rawson,Tango,Instrumental,Odeon,78rpm,Eduardo Arolas,,,26-28 / Sextet,José María Rizzuti,Humberto Costanzo,"Osvaldo Fresedo, Alberto Rodríguez","Adolfo Muzzi, Jean Koller"
Osvaldo Fresedo,Orquesta Típica Fresedo,3/6/1928,Bajo El Disfraz,Tango,Ernesto Famá,Odeon,78rpm,Eduardo Armani; Nicolás Vaccaro,Eduardo Méndez,,26-28 / Sextet,José María Rizzuti,Humberto Costanzo,"Osvaldo Fresedo, Alberto Rodríguez","Adolfo Muzzi, Jean Koller"
Osvaldo Fresedo,Orquesta Típica Fresedo,3/6/1928,Cruz Al Pago,Tango,Instrumental,Odeon,78rpm,Juan Larroca,,,26-28 / Sextet,José María Rizzuti,Humberto Costanzo,"Osvaldo Fresedo, Alberto Rodríguez","Adolfo Muzzi, Jean Koller"
Osvaldo Fresedo,Orquesta Típica Fresedo,3/6/1928,Cuando Era Buena,Tango,Instrumental,Odeon,78rpm,Juan Moreno González,,,26-28 / Sextet,José María Rizzuti,Humberto Costanzo,"Osvaldo Fresedo, Alberto Rodríguez","Adolfo Muzzi, Jean Koller"
Osvaldo Fresedo,Orquesta Típica Fresedo,3/6/1928,Don Juan,Tango,Instrumental,Odeon,78rpm,Ernesto Ponzio,,,26-28 / Sextet,José María Rizzuti,Humberto Costanzo,"Osvaldo Fresedo, Alberto Rodríguez","Adolfo Muzzi, Jean Koller"
Osvaldo Fresedo,Orquesta Típica Fresedo,3/6/1928,Fama,Tango,Instrumental,Odeon,78rpm,Alberto Rodríguez,,,26-28 / Sextet,José María Rizzuti,Humberto Costanzo,"Osvaldo Fresedo, Alberto Rodríguez","Adolfo Muzzi, Jean Koller"
Osvaldo Fresedo,Orquesta Típica Fresedo,3/6/1928,Funyi Claro,Tango,Ernesto Famá,Odeon,78rpm,Nicolás Vaccaro,Eduardo Méndez,,26-28 / Sextet,José María Rizzuti,Humberto Costanzo,"Osvaldo Fresedo, Alberto Rodríguez","Adolfo Muzzi, Jean Koller"
Osvaldo Fresedo,Orquesta Típica Fresedo,3/6/1928,Juguete De Amor,Tango,Ernesto Famá,Odeon,78rpm,Julio Bonnet,I. Bonnet,,26-28 / Sextet,José María Rizzuti,Humberto Costanzo,"Osvaldo Fresedo, Alberto Rodríguez","Adolfo Muzzi, Jean Koller"
Osvaldo Fresedo,Orquesta Típica Fresedo,3/6/1928,Perdone Amigazo,Tango,Ernesto Famá,Odeon,78rpm,José Furio,,,26-28 / Sextet,José María Rizzuti,Humberto Costanzo,"Osvaldo Fresedo, Alberto Rodríguez","Adolfo Muzzi, Jean Koller"
Osvaldo Fresedo,Orquesta Típica Fresedo,3/12/1928,Adiós Muchachos,Tango,Instrumental,Odeon,78rpm,Julio Sanders,César Vedani,,26-28 / Sextet,José María Rizzuti,Humberto Costanzo,"Osvaldo Fresedo, Alberto Rodríguez","Adolfo Muzzi, Jean Koller"
Osvaldo Fresedo,Orquesta Típica Fresedo,3/12/1928,Tu Disfraz,Tango,Ernesto Famá,Odeon,78rpm,Ángel Danesi ,José de Grandis,,26-28 / Sextet,José María Rizzuti,Humberto Costanzo,"Osvaldo Fresedo, Alberto Rodríguez","Adolfo Muzzi, Jean Koller"
Osvaldo Fresedo,Orquesta Típica Fresedo,3/12/1928,Una Vida,Tango,Ernesto Famá,Odeon,78rpm,Ángel Danesi,Julio Navarrine,,26-28 / Sextet,José María Rizzuti,Humberto Costanzo,"Osvaldo Fresedo, Alberto Rodríguez","Adolfo Muzzi, Jean Koller"
Osvaldo Fresedo,Orquesta Típica Fresedo,3/20/1928,Para Vos,Tango,Ernesto Famá,Odeon,78rpm,Emilio Franceschi,,,26-28 / Sextet,José María Rizzuti,Humberto Costanzo,"Osvaldo Fresedo, Alberto Rodríguez","Adolfo Muzzi, Jean Koller"
Osvaldo Fresedo,Orquesta Típica Fresedo,3/20/1928,Pobre Gringo,Tango,Ernesto Famá,Odeon,78rpm,Antonio Scatasso; Juan Caruso,Alberto Vacarezza,,26-28 / Sextet,José María Rizzuti,Humberto Costanzo,"Osvaldo Fresedo, Alberto Rodríguez","Adolfo Muzzi, Jean Koller"
Osvaldo Fresedo,Orquesta Típica Fresedo,3/20/1928,Por Su Culpa,Tango,Instrumental,Odeon,78rpm,Celestino Baiardi,,,26-28 / Sextet,José María Rizzuti,Humberto Costanzo,"Osvaldo Fresedo, Alberto Rodríguez","Adolfo Muzzi, Jean Koller"
Osvaldo Fresedo,Orquesta Típica Fresedo,3/20/1928,Viejo Caserón,Tango,Instrumental,Odeon,78rpm,Antonio Di Benedetto,,,26-28 / Sextet,José María Rizzuti,Humberto Costanzo,"Osvaldo Fresedo, Alberto Rodríguez","Adolfo Muzzi, Jean Koller"
Osvaldo Fresedo,Orquesta Típica Fresedo,3/20/1928,"Ya No Cantas, Chingolo",Tango,Ernesto Famá,Odeon,78rpm,Antonio Scatasso,Edmundo Bianchi,,26-28 / Sextet,José María Rizzuti,Humberto Costanzo,"Osvaldo Fresedo, Alberto Rodríguez","Adolfo Muzzi, Jean Koller"
Osvaldo Fresedo,Orquesta Típica Fresedo,3/27/1928,Deja Que La Gente Diga,Tango,Ernesto Famá,Odeon,78rpm,Raúl Hoyos,,,26-28 / Sextet,José María Rizzuti,Humberto Costanzo,"Osvaldo Fresedo, Alberto Rodríguez","Adolfo Muzzi, Jean Koller"
Osvaldo Fresedo,Orquesta Típica Fresedo,3/27/1928,Qué Sabe La Gente!,Tango,Ernesto Famá,Odeon,78rpm,Antonio Scatasso,,,26-28 / Sextet,José María Rizzuti,Humberto Costanzo,"Osvaldo Fresedo, Alberto Rodríguez","Adolfo Muzzi, Jean Koller"
Osvaldo Fresedo,Orquesta Típica Fresedo,3/27/1928,Quema Esas Cartas,Vals,Ernesto Famá,Odeon,78rpm,Raúl Hoyos,Manuel Romero,,26-28 / Sextet,José María Rizzuti,Humberto Costanzo,"Osvaldo Fresedo, Alberto Rodríguez","Adolfo Muzzi, Jean Koller"
Osvaldo Fresedo,Orquesta Típica Fresedo,3/27/1928,Suerte Perra,Tango,Instrumental,Odeon,78rpm,Cayetano Laferia,,,26-28 / Sextet,José María Rizzuti,Humberto Costanzo,"Osvaldo Fresedo, Alberto Rodríguez","Adolfo Muzzi, Jean Koller"
Osvaldo Fresedo,Orquesta Típica Fresedo,4/3/1928,Andate Con La Otra,Tango,Ernesto Famá,Odeon,78rpm,Carlos Geroni Flores,Enrique Dizeo,,26-28 / Sextet,José María Rizzuti,Humberto Costanzo,"Osvaldo Fresedo, Alberto Rodríguez","Adolfo Muzzi, Jean Koller"
Osvaldo Fresedo,Orquesta Típica Fresedo,4/3/1928,Has Vuelto Hermano,Tango,Instrumental,Odeon,78rpm,Vicente Ricciardelli,,,26-28 / Sextet,José María Rizzuti,Humberto Costanzo,"Osvaldo Fresedo, Alberto Rodríguez","Adolfo Muzzi, Jean Koller"
Osvaldo Fresedo,Orquesta Típica Fresedo,4/3/1928,La Canción Del Barrio,Tango,Instrumental,Odeon,78rpm,Alberto Gandolfo,,,26-28 / Sextet,José María Rizzuti,Humberto Costanzo,"Osvaldo Fresedo, Alberto Rodríguez","Adolfo Muzzi, Jean Koller"
Osvaldo Fresedo,Orquesta Típica Fresedo,4/3/1928,Re Fa Si,Tango,Instrumental,Odeon,78rpm,Enrique Delfino,,,26-28 / Sextet,José María Rizzuti,Humberto Costanzo,"Osvaldo Fresedo, Alberto Rodríguez","Adolfo Muzzi, Jean Koller"
Osvaldo Fresedo,Orquesta Típica Fresedo,4/10/1928,Caridad,Tango,Ernesto Famá,Odeon,78rpm,Ricardo Brignolo,,,26-28 / Sextet,José María Rizzuti,Humberto Costanzo,"Osvaldo Fresedo, Alberto Rodríguez","Adolfo Muzzi, Jean Koller"
Osvaldo Fresedo,Orquesta Típica Fresedo,4/10/1928,Cómo Se Guarda Un Tesoro,Tango,Ernesto Famá,Odeon,78rpm,Carlos Portela,,,26-28 / Sextet,José María Rizzuti,Humberto Costanzo,"Osvaldo Fresedo, Alberto Rodríguez","Adolfo Muzzi, Jean Koller"
Osvaldo Fresedo,Orquesta Típica Fresedo,4/10/1928,Rajá Del Barrio,Tango,Instrumental,Odeon,78rpm,Arturo de Bassi,Pablo Suero,,26-28 / Sextet,José María Rizzuti,Humberto Costanzo,"Osvaldo Fresedo, Alberto Rodríguez","Adolfo Muzzi, Jean Koller"
Osvaldo Fresedo,Orquesta Típica Fresedo,4/24/1928,Caperucita Roja,Tango,Instrumental,Odeon,78rpm,José Rizzuti,,,26-28 / Sextet,José María Rizzuti,Humberto Costanzo,"Osvaldo Fresedo, Alberto Rodríguez","Adolfo Muzzi, Jean Koller"
Osvaldo Fresedo,Orquesta Típica Fresedo,4/24/1928,Era De Ley,Tango,Ernesto Famá,Odeon,78rpm,Virgilio Carmona,Emilio Falero,,26-28 / Sextet,José María Rizzuti,Humberto Costanzo,"Osvaldo Fresedo, Alberto Rodríguez","Adolfo Muzzi, Jean Koller"
Osvaldo Fresedo,Orquesta Típica Fresedo,4/24/1928,Quiero Verte Sufrir,Tango,Instrumental,Odeon,78rpm,José Rizzuti,Adolfo Muzzi,,26-28 / Sextet,José María Rizzuti,Humberto Costanzo,"Osvaldo Fresedo, Alberto Rodríguez","Adolfo Muzzi, Jean Koller"
Osvaldo Fresedo,Orquesta Típica Fresedo,4/24/1928,Simpática Muchachita,Tango,Ernesto Famá,Odeon,78rpm,Carlos Marcucci,,,26-28 / Sextet,José María Rizzuti,Humberto Costanzo,"Osvaldo Fresedo, Alberto Rodríguez","Adolfo Muzzi, Jean Koller"
Osvaldo Fresedo,Orquesta Típica Fresedo,4/24/1928,Victoria!,Tango,Instrumental,Odeon,78rpm,Eduardo Armani,,,26-28 / Sextet,José María Rizzuti,Humberto Costanzo,"Osvaldo Fresedo, Alberto Rodríguez","Adolfo Muzzi, Jean Koller"
Osvaldo Fresedo,Orquesta Típica Fresedo,5/3/1928,El Carrerito,Tango,Ernesto Famá,Odeon,78rpm,Raúl Hoyos,Alberto Vacarezza,,26-28 / Sextet,José María Rizzuti,Humberto Costanzo,"Osvaldo Fresedo, Alberto Rodríguez","Adolfo Muzzi, Jean Koller"
Osvaldo Fresedo,Orquesta Típica Fresedo,5/3/1928,Esta Noche Me Emborracho,Tango,Ernesto Famá,Odeon,78rpm,Enrique Discépolo,,,26-28 / Sextet,José María Rizzuti,Humberto Costanzo,"Osvaldo Fresedo, Alberto Rodríguez","Adolfo Muzzi, Jean Koller"
Osvaldo Fresedo,Orquesta Típica Fresedo,5/3/1928,Llevatelo Todo,Tango,Ernesto Famá,Odeon,78rpm,Rodolfo Sciammarella,,,26-28 / Sextet,José María Rizzuti,Humberto Costanzo,"Osvaldo Fresedo, Alberto Rodríguez","Adolfo Muzzi, Jean Koller"
Osvaldo Fresedo,Orquesta Típica Fresedo,5/3/1928,Percantina,Tango,Instrumental,Odeon,78rpm,Alberto Rodríguez,,,26-28 / Sextet,José María Rizzuti,Humberto Costanzo,"Osvaldo Fresedo, Alberto Rodríguez","Adolfo Muzzi, Jean Koller"
Osvaldo Fresedo,Orquesta Típica Fresedo,5/3/1928,Promesa Cumplida,Tango,Instrumental,Odeon,78rpm,Luis Hugue,,,26-28 / Sextet,José María Rizzuti,Humberto Costanzo,"Osvaldo Fresedo, Alberto Rodríguez","Adolfo Muzzi, Jean Koller"
Osvaldo Fresedo,Orquesta Típica Fresedo,5/3/1928,Serás Mía,Tango,Instrumental,Odeon,78rpm,Justo Trivelli,,,26-28 / Sextet,José María Rizzuti,Humberto Costanzo,"Osvaldo Fresedo, Alberto Rodríguez","Adolfo Muzzi, Jean Koller"
Osvaldo Fresedo,Orquesta Típica Fresedo,5/3/1928,Trigo Limpio,Tango,Instrumental,Odeon,78rpm,Ángel Bozzi,,,26-28 / Sextet,José María Rizzuti,Humberto Costanzo,"Osvaldo Fresedo, Alberto Rodríguez","Adolfo Muzzi, Jean Koller"
Osvaldo Fresedo,Orquesta Típica Fresedo,5/15/1928,Aterrizaje,Tango,Instrumental,Odeon,78rpm,José Ruffet,,,26-28 / Sextet,José María Rizzuti,Humberto Costanzo,"Osvaldo Fresedo, Alberto Rodríguez","Adolfo Muzzi, Jean Koller"
Osvaldo Fresedo,Orquesta Típica Fresedo,5/15/1928,Corazoncito,Tango,Instrumental,Odeon,78rpm,Rafael Rossi,José Rial,,26-28 / Sextet,José María Rizzuti,Humberto Costanzo,"Osvaldo Fresedo, Alberto Rodríguez","Adolfo Muzzi, Jean Koller"
Osvaldo Fresedo,Orquesta Típica Fresedo,5/15/1928,Frivolité,Tango,Instrumental,Odeon,78rpm,Enrique Delfino,,,26-28 / Sextet,José María Rizzuti,Humberto Costanzo,"Osvaldo Fresedo, Alberto Rodríguez","Adolfo Muzzi, Jean Koller"
Osvaldo Fresedo,Orquesta Típica Fresedo,5/15/1928,Resignate Hermano,Tango,Instrumental,Odeon,78rpm,José Ricardo; Guillermo Barbieri,José Rial,,26-28 / Sextet,José María Rizzuti,Humberto Costanzo,"Osvaldo Fresedo, Alberto Rodríguez","Adolfo Muzzi, Jean Koller"
Osvaldo Fresedo,Orquesta Típica Fresedo,5/22/1928,Acomodate,Tango,Instrumental,Odeon,78rpm,Ateo Dapiaggi,,,26-28 / Sextet,José María Rizzuti,Humberto Costanzo,"Osvaldo Fresedo, Alberto Rodríguez","Adolfo Muzzi, Jean Koller"
Osvaldo Fresedo,Orquesta Típica Fresedo,5/22/1928,Cata (Cota?),Tango,Instrumental,Odeon,78rpm,Domingo Mazziotti,,,26-28 / Sextet,José María Rizzuti,Humberto Costanzo,"Osvaldo Fresedo, Alberto Rodríguez","Adolfo Muzzi, Jean Koller"
Osvaldo Fresedo,Orquesta Típica Fresedo,5/22/1928,El Héroe,Tango,Instrumental,Odeon,78rpm,Arturo Holghi,,,26-28 / Sextet,José María Rizzuti,Humberto Costanzo,"Osvaldo Fresedo, Alberto Rodríguez","Adolfo Muzzi, Jean Koller"
Osvaldo Fresedo,Orquesta Típica Fresedo,5/22/1928,Ensueños,Tango,Instrumental,Odeon,78rpm,Juan Salvatore,Armando Tagini,,26-28 / Sextet,José María Rizzuti,Humberto Costanzo,"Osvaldo Fresedo, Alberto Rodríguez","Adolfo Muzzi, Jean Koller"
Osvaldo Fresedo,Orquesta Típica Fresedo,5/29/1928,Carmen,Tango,Instrumental,Odeon,78rpm,Armando Cernuda,,,26-28 / Sextet,José María Rizzuti,Humberto Costanzo,"Osvaldo Fresedo, Alberto Rodríguez","Adolfo Muzzi, Jean Koller"
Osvaldo Fresedo,Orquesta Típica Fresedo,5/29/1928,Decadencia,Tango,Instrumental,Odeon,78rpm,Pedro Carabajal Chaves,,,26-28 / Sextet,José María Rizzuti,Humberto Costanzo,"Osvaldo Fresedo, Alberto Rodríguez","Adolfo Muzzi, Jean Koller"
Osvaldo Fresedo,Orquesta Típica Fresedo,5/29/1928,Quiero Estar Solo,Tango,Instrumental,Odeon,78rpm,Domingo Di Domenico,,,26-28 / Sextet,José María Rizzuti,Humberto Costanzo,"Osvaldo Fresedo, Alberto Rodríguez","Adolfo Muzzi, Jean Koller"
Osvaldo Fresedo,Orquesta Típica Fresedo,6/6/1928,Claro De Luna,Tango,Instrumental,Odeon,78rpm,R. Giovinazzi,Juan Castillo,,26-28 / Sextet,José María Rizzuti,Humberto Costanzo,"Osvaldo Fresedo, Alberto Rodríguez","Adolfo Muzzi, Jean Koller"
Osvaldo Fresedo,Orquesta Típica Fresedo,6/6/1928,"Corazón, Pa Qué Lloras",Tango,Ernesto Famá,Odeon,78rpm,Pedro Ferro,,,26-28 / Sextet,José María Rizzuti,Humberto Costanzo,"Osvaldo Fresedo, Alberto Rodríguez","Adolfo Muzzi, Jean Koller"
Osvaldo Fresedo,Orquesta Típica Fresedo,6/6/1928,Deja Esa Vida,Tango,Instrumental,Odeon,78rpm,Atilio Basile,,,26-28 / Sextet,José María Rizzuti,Humberto Costanzo,"Osvaldo Fresedo, Alberto Rodríguez","Adolfo Muzzi, Jean Koller"
Osvaldo Fresedo,Orquesta Típica Fresedo,6/6/1928,Pura Estampa,Tango,Instrumental,Odeon,78rpm,José Rodríguez,,,26-28 / Sextet,José María Rizzuti,Humberto Costanzo,"Osvaldo Fresedo, Alberto Rodríguez","Adolfo Muzzi, Jean Koller"
Osvaldo Fresedo,Orquesta Típica Fresedo,6/8/1928,Alma De Milonga,Tango,Instrumental,Odeon,78rpm,Carlos Warren,Juan Baüer,,26-28 / Sextet,José María Rizzuti,Humberto Costanzo,"Osvaldo Fresedo, Alberto Rodríguez","Adolfo Muzzi, Jean Koller"
Osvaldo Fresedo,Orquesta Típica Fresedo,6/8/1928,Como El Humo,Tango,Ernesto Famá,Odeon,78rpm,Manuel Servetto,,,26-28 / Sextet,José María Rizzuti,Humberto Costanzo,"Osvaldo Fresedo, Alberto Rodríguez","Adolfo Muzzi, Jean Koller"
Osvaldo Fresedo,Orquesta Típica Fresedo,6/8/1928,La Última Carta,Tango,Ernesto Famá,Odeon,78rpm,Jaime Airaldi,,,26-28 / Sextet,José María Rizzuti,Humberto Costanzo,"Osvaldo Fresedo, Alberto Rodríguez","Adolfo Muzzi, Jean Koller"
Osvaldo Fresedo,Orquesta Típica Fresedo,6/8/1928,Viva La Patria!,Tango,Ernesto Famá,Odeon,78rpm,Antonio Scatasso,Alberto Vacarezza,,26-28 / Sextet,José María Rizzuti,Humberto Costanzo,"Osvaldo Fresedo, Alberto Rodríguez","Adolfo Muzzi, Jean Koller"
Osvaldo Fresedo,Orquesta Típica Fresedo,6/15/1928,El Conventillo,Tango,Instrumental,Odeon,78rpm,Rafael Rossi,,,26-28 / Sextet,José María Rizzuti,Humberto Costanzo,"Osvaldo Fresedo, Alberto Rodríguez","Adolfo Muzzi, Jean Koller"
Osvaldo Fresedo,Orquesta Típica Fresedo,6/15/1928,Madrecita Buena,Tango,Instrumental,Odeon,78rpm,Ramón Montes,,,26-28 / Sextet,José María Rizzuti,Humberto Costanzo,"Osvaldo Fresedo, Alberto Rodríguez","Adolfo Muzzi, Jean Koller"
Osvaldo Fresedo,Orquesta Típica Fresedo,6/15/1928,Pordiosera,Tango,Instrumental,Odeon,78rpm,Antonio Bonavena,,,26-28 / Sextet,José María Rizzuti,Humberto Costanzo,"Osvaldo Fresedo, Alberto Rodríguez","Adolfo Muzzi, Jean Koller"
Osvaldo Fresedo,Orquesta Típica Fresedo,6/15/1928,Una Esperanza,Vals,Instrumental,Odeon,78rpm,Antonio Bonavena,,,26-28 / Sextet,José María Rizzuti,Humberto Costanzo,"Osvaldo Fresedo, Alberto Rodríguez","Adolfo Muzzi, Jean Koller"
Osvaldo Fresedo,Orquesta Típica Fresedo,6/18/1928,La Vieja Está En La Cueva,Tango,Ernesto Famá,Odeon,78rpm,Francisco della Rocca,P. della Rocca,,26-28 / Sextet,José María Rizzuti,Humberto Costanzo,"Osvaldo Fresedo, Alberto Rodríguez","Adolfo Muzzi, Jean Koller"
Osvaldo Fresedo,Orquesta Típica Fresedo,6/18/1928,Pasión,Tango,Ernesto Famá,Odeon,78rpm,José Rizzuti,,,26-28 / Sextet,José María Rizzuti,Humberto Costanzo,"Osvaldo Fresedo, Alberto Rodríguez","Adolfo Muzzi, Jean Koller"
Osvaldo Fresedo,Orquesta Típica Fresedo,6/18/1928,Yo Soy Un Tipo Bien,Tango,Ernesto Famá,Odeon,78rpm,J. Piris,,,26-28 / Sextet,José María Rizzuti,Humberto Costanzo,"Osvaldo Fresedo, Alberto Rodríguez","Adolfo Muzzi, Jean Koller"
Osvaldo Fresedo,Orquesta Típica Fresedo,6/25/1928,Barrio Piñeyro,Tango,Ernesto Famá,Odeon,78rpm,Rafael Tuegols; Domingo Precona,Dante Linyera,,26-28 / Sextet,José María Rizzuti,Humberto Costanzo,"Osvaldo Fresedo, Alberto Rodríguez","Adolfo Muzzi, Jean Koller"
Osvaldo Fresedo,Orquesta Típica Fresedo,6/25/1928,Chanta Cuatro,Tango,Ernesto Famá,Odeon,78rpm,Enrique Cadícamo,,,26-28 / Sextet,José María Rizzuti,Humberto Costanzo,"Osvaldo Fresedo, Alberto Rodríguez","Adolfo Muzzi, Jean Koller"
Osvaldo Fresedo,Orquesta Típica Fresedo,6/25/1928,Tierra Hermana,Tango,Ernesto Famá,Odeon,78rpm,Guillermo Barbieri,Eugenio Cárdenas,,26-28 / Sextet,José María Rizzuti,Humberto Costanzo,"Osvaldo Fresedo, Alberto Rodríguez","Adolfo Muzzi, Jean Koller"
Osvaldo Fresedo,Orquesta Típica Fresedo,7/3/1928,A Toda Vela,Tango,Ernesto Famá,Odeon,78rpm,Francisco Lomuto,,,26-28 / Sextet,José María Rizzuti,Humberto Costanzo,"Osvaldo Fresedo, Alberto Rodríguez","Adolfo Muzzi, Jean Koller"
Osvaldo Fresedo,Orquesta Típica Fresedo,7/3/1928,Hijos De Nadie,Tango,Ernesto Famá,Odeon,78rpm,Juan Maglio,José Perrusine Fernández,,26-28 / Sextet,José María Rizzuti,Humberto Costanzo,"Osvaldo Fresedo, Alberto Rodríguez","Adolfo Muzzi, Jean Koller"
Osvaldo Fresedo,Orquesta Típica Fresedo,7/3/1928,Mañanitas De Montmartre,Tango,Instrumental,Odeon,78rpm,Lucio Demare,,,26-28 / Sextet,José María Rizzuti,Humberto Costanzo,"Osvaldo Fresedo, Alberto Rodríguez","Adolfo Muzzi, Jean Koller"
Osvaldo Fresedo,Orquesta Típica Fresedo,7/3/1928,Qué Vachaché,Tango,Ernesto Famá,Odeon,78rpm,Enrique Discépolo,,,26-28 / Sextet,José María Rizzuti,Humberto Costanzo,"Osvaldo Fresedo, Alberto Rodríguez","Adolfo Muzzi, Jean Koller"
Osvaldo Fresedo,Orquesta Típica Fresedo,7/10/1928,Madrigal Criollo,Tango,Ernesto Famá,Odeon,78rpm,Adolfo Muzzi,,,26-28 / Sextet,José María Rizzuti,Humberto Costanzo,"Osvaldo Fresedo, Alberto Rodríguez","Adolfo Muzzi, Jean Koller"
Osvaldo Fresedo,Orquesta Típica Fresedo,7/10/1928,Mentiras,Tango,Ernesto Famá,Odeon,78rpm,Luis Minervini,Francisco García Jiménez,,26-28 / Sextet,José María Rizzuti,Humberto Costanzo,"Osvaldo Fresedo, Alberto Rodríguez","Adolfo Muzzi, Jean Koller"
Osvaldo Fresedo,Orquesta Típica Fresedo,7/10/1928,Papirusa,Tango,Instrumental,Odeon,78rpm,Oscar Roma,,,26-28 / Sextet,José María Rizzuti,Humberto Costanzo,"Osvaldo Fresedo, Alberto Rodríguez","Adolfo Muzzi, Jean Koller"
Osvaldo Fresedo,Orquesta Típica Fresedo,7/10/1928,Se Acabó La Yeta,Tango,Instrumental,Odeon,78rpm,Ricardo González,,,26-28 / Sextet,José María Rizzuti,Humberto Costanzo,"Osvaldo Fresedo, Alberto Rodríguez","Adolfo Muzzi, Jean Koller"
Osvaldo Fresedo,Orquesta Típica Fresedo,7/17/1928,Guitarra Gaucha,Tango,Ernesto Famá,Odeon,78rpm,Carlos Sánchez,,,26-28 / Sextet,José María Rizzuti,Humberto Costanzo,"Osvaldo Fresedo, Alberto Rodríguez","Adolfo Muzzi, Jean Koller"
Osvaldo Fresedo,Orquesta Típica Fresedo,7/17/1928,La Borrachera Del Tango,Tango,Instrumental,Odeon,78rpm,Adolfo Avilés,Enrique Maroni,,26-28 / Sextet,José María Rizzuti,Humberto Costanzo,"Osvaldo Fresedo, Alberto Rodríguez","Adolfo Muzzi, Jean Koller"
Osvaldo Fresedo,Orquesta Típica Fresedo,7/17/1928,Mi Última Noche,Tango,Ernesto Famá,Odeon,78rpm,Eduardo Armani,,,26-28 / Sextet,José María Rizzuti,Humberto Costanzo,"Osvaldo Fresedo, Alberto Rodríguez","Adolfo Muzzi, Jean Koller"
Osvaldo Fresedo,Orquesta Típica Fresedo,7/17/1928,"Ríe, Arlequín",Tango,Ernesto Famá,Odeon,78rpm,Ernesto Famá,Ernesto Famá,,26-28 / Sextet,José María Rizzuti,Humberto Costanzo,"Osvaldo Fresedo, Alberto Rodríguez, Luis Minervini","Adolfo Muzzi, Jean Koller"
Osvaldo Fresedo,Orquesta Típica Fresedo,7/26/1928,La Muchacha Del Circo,Tango,Instrumental,Odeon,78rpm,Gerardo Matos Rodríguez,,,26-28 / Sextet,José María Rizzuti,Humberto Costanzo,"Osvaldo Fresedo, Alberto Rodríguez","Adolfo Muzzi, Jean Koller"
Osvaldo Fresedo,Orquesta Típica Fresedo,7/26/1928,Mishiadura,Tango,Instrumental,Odeon,78rpm,Domingo Platerotti,,,26-28 / Sextet,José María Rizzuti,Humberto Costanzo,"Osvaldo Fresedo, Alberto Rodríguez","Adolfo Muzzi, Jean Koller"
Osvaldo Fresedo,Orquesta Típica Fresedo,7/26/1928,Pegaste La Falta,Tango,Instrumental,Odeon,78rpm,Pedro Maffia,,,26-28 / Sextet,José María Rizzuti,Humberto Costanzo,"Osvaldo Fresedo, Alberto Rodríguez","Adolfo Muzzi, Jean Koller"
Osvaldo Fresedo,Orquesta Típica Fresedo,7/26/1928,Y Si La Ves Dale Un Beso,Tango,Instrumental,Odeon,78rpm,Carlos Camba,,,26-28 / Sextet,José María Rizzuti,Humberto Costanzo,"Osvaldo Fresedo, Alberto Rodríguez","Adolfo Muzzi, Jean Koller"
Osvaldo Fresedo,Jazz Band Fresedo,8/8/1928,Charmaine,Vals,Instrumental,Odeon,78rpm,Erno Rapee; Lew Pollack,,,26-28 / Sextet,,,"Osvaldo Fresedo, **Unknown (wind)",
Osvaldo Fresedo,Jazz Band Fresedo,8/8/1928,En Un Pueblito De España,Vals,Instrumental,Odeon,78rpm,Mabel Wayne,,,26-28 / Sextet,,,"Osvaldo Fresedo, **Unknown (wind)",
Osvaldo Fresedo,Jazz Band Fresedo,8/8/1928,Ramona,Vals,Instrumental,Odeon,78rpm,Mabel Wayne,,,26-28 / Sextet,,,"Osvaldo Fresedo, **Unknown (wind)",
Osvaldo Fresedo,Jazz Band Fresedo,8/8/1928,"Volvé, Chiquita",Vals,Instrumental,Odeon,78rpm,Mabel Wayne,,,26-28 / Sextet,,,"Osvaldo Fresedo, **Unknown (wind)",
Osvaldo Fresedo,Orquesta Típica Fresedo,8/11/1928,Chorra,Tango,Instrumental,Odeon,78rpm,Enrique Discépolo,,,26-28 / Sextet,José María Rizzuti,Humberto Costanzo,"Osvaldo Fresedo, Alberto Rodríguez","Adolfo Muzzi, Jean Koller"
Osvaldo Fresedo,Orquesta Típica Fresedo,8/11/1928,Dandy,Tango,Instrumental,Odeon,78rpm,Lucio Demare,Agustín Irusta; Roberto Fugazot,,26-28 / Sextet,José María Rizzuti,Humberto Costanzo,"Osvaldo Fresedo, Alberto Rodríguez","Adolfo Muzzi, Jean Koller"
Osvaldo Fresedo,Orquesta Típica Fresedo,8/11/1928,Haceme Caso A Mi,Tango,Ernesto Famá,Odeon,78rpm,Gerardo Matos Rodríguez,Mariano de la Torre,,26-28 / Sextet,José María Rizzuti,Humberto Costanzo,"Osvaldo Fresedo, Alberto Rodríguez","Adolfo Muzzi, Jean Koller"
Osvaldo Fresedo,Orquesta Típica Fresedo,8/11/1928,Pero Yo Se,Tango,Ernesto Famá,Odeon,78rpm,Gerardo Matos Rodríguez,Mariano de la Torre,,26-28 / Sextet,José María Rizzuti,Humberto Costanzo,"Osvaldo Fresedo, Alberto Rodríguez","Adolfo Muzzi, Jean Koller"
Osvaldo Fresedo,Orquesta Típica Fresedo,8/14/1928,Desdeñosa,Tango,Instrumental,Odeon,78rpm,Miguel Famá,,,26-28 / Sextet,José María Rizzuti,Humberto Costanzo,"Osvaldo Fresedo, Alberto Rodríguez","Adolfo Muzzi, Jean Koller"
Osvaldo Fresedo,Orquesta Típica Fresedo,8/14/1928,La Hija De Japonesita,Tango,Instrumental,Odeon,78rpm,Ramón Montes,Enrique Maroni; Vicente de la Vega,,26-28 / Sextet,José María Rizzuti,Humberto Costanzo,"Osvaldo Fresedo, Alberto Rodríguez","Adolfo Muzzi, Jean Koller"
Osvaldo Fresedo,Orquesta Típica Fresedo,8/14/1928,Marcha Atrás,Tango,Ernesto Famá,Odeon,78rpm,Enrique Delfino,Arturo Rodríguez Bustamante,,26-28 / Sextet,José María Rizzuti,Humberto Costanzo,"Osvaldo Fresedo, Alberto Rodríguez","Adolfo Muzzi, Jean Koller"
Osvaldo Fresedo,Orquesta Típica Fresedo,8/14/1928,"Pim, Pam, Pum!",Tango,Ernesto Famá,Odeon,78rpm,Enrique Delfino,Alberto Vacarezza,,26-28 / Sextet,José María Rizzuti,Humberto Costanzo,"Osvaldo Fresedo, Alberto Rodríguez","Adolfo Muzzi, Jean Koller"
 Osvaldo Fresedo , Osvaldo Fresedo y su Típica  ,"12,865.00", Casate Conmigo , Tango , Roberto Díaz , Victor , 78rpm , Osvaldo Fresedo , Emilio Fresedo ,, 33-39 / Rituzzi Piano , José María Rizzuti ," Alfredo Corletto, Saly S. Nisguritz (drums) "," Pascual Storti, Juan Salvatore "," Adolfo Muzzi, Pedro Desrets, José Lorito, Mario Perini, Charles Wimer (guitar), Nélida Gianneo (harp) "
Osvaldo Fresedo,Orquesta Típica Fresedo,8/21/1928,Pobre Cieguita,Tango,Instrumental,Odeon,78rpm,Julio Sanders,,,26-28 / Sextet,José María Rizzuti,Humberto Costanzo,"Osvaldo Fresedo, Alberto Rodríguez","Adolfo Muzzi, Jean Koller"
Osvaldo Fresedo,Orquesta Típica Fresedo,8/21/1928,Retintín,Tango,Instrumental,Odeon,78rpm,Eduardo Arolas,,,26-28 / Sextet,José María Rizzuti,Humberto Costanzo,"Osvaldo Fresedo, Alberto Rodríguez","Adolfo Muzzi, Jean Koller"
Osvaldo Fresedo,Orquesta Típica Fresedo,8/21/1928,Rivas,Tango,Instrumental,Odeon,78rpm,Hermes Peressini,,,26-28 / Sextet,José María Rizzuti,Humberto Costanzo,"Osvaldo Fresedo, Alberto Rodríguez","Adolfo Muzzi, Jean Koller"
Osvaldo Fresedo,Orquesta Típica Fresedo,8/27/1928,Lamento Pampeano,Tango,Antonio Buglione,Odeon,78rpm,Juan Carlos Cobián,Luis Sepúlveda,,26-28 / Sextet,José María Rizzuti,Humberto Costanzo,"Osvaldo Fresedo, Alberto Rodríguez","Adolfo Muzzi, Jean Koller"
Osvaldo Fresedo,Orquesta Típica Fresedo,8/27/1928,Todavía Hay Otarios,Tango,Antonio Buglione,Odeon,78rpm,Manuel Pizarro,,,26-28 / Sextet,José María Rizzuti,Humberto Costanzo,"Osvaldo Fresedo, Alberto Rodríguez","Adolfo Muzzi, Jean Koller"
Osvaldo Fresedo,Orquesta Típica Fresedo,9/11/1928,Carambola,Tango,Instrumental,Odeon,78rpm,Fausto Frontera,,,26-28 / Sextet,José María Rizzuti,Humberto Costanzo,"Osvaldo Fresedo, Alberto Rodríguez","Adolfo Muzzi, Jean Koller"
Osvaldo Fresedo,Orquesta Típica Fresedo,9/11/1928,Chorra,Tango,Antonio Buglione,Odeon,78rpm,Enrique Discépolo,,,26-28 / Sextet,José María Rizzuti,Humberto Costanzo,"Osvaldo Fresedo, Alberto Rodríguez","Adolfo Muzzi, Jean Koller"
Osvaldo Fresedo,Orquesta Típica Fresedo,9/11/1928,Flores Muertas,Tango,Antonio Buglione,Odeon,78rpm,Luis Hughe,Adolfo Muzzi,,26-28 / Sextet,José María Rizzuti,Humberto Costanzo,"Osvaldo Fresedo, Alberto Rodríguez","Adolfo Muzzi, Jean Koller"
Osvaldo Fresedo,Orquesta Típica Fresedo,9/11/1928,Triste Verdad,Tango,Antonio Buglione,Odeon,78rpm,Luis Minervini,,,26-28 / Sextet,José María Rizzuti,Humberto Costanzo,"Osvaldo Fresedo, Alberto Rodríguez","Adolfo Muzzi, Jean Koller"
Osvaldo Fresedo,Orquesta Típica Fresedo,9/18/1928,A Pancho Sierra,Tango,Antonio Buglione,Odeon,78rpm,Víctor Donato,,,26-28 / Sextet,José María Rizzuti,Humberto Costanzo,"Osvaldo Fresedo, Alberto Rodríguez","Adolfo Muzzi, Jean Koller"
Osvaldo Fresedo,Orquesta Típica Fresedo,9/18/1928,Angelito,Tango,Antonio Buglione,Odeon,78rpm,José Rizzuti,,,26-28 / Sextet,José María Rizzuti,Humberto Costanzo,"Osvaldo Fresedo, Alberto Rodríguez","Adolfo Muzzi, Jean Koller"
Osvaldo Fresedo,Orquesta Típica Fresedo,9/18/1928,Obrerita,Tango,Antonio Buglione,Odeon,78rpm,Adrián Russo,Eugenio Cárdenas,,26-28 / Sextet,José María Rizzuti,Humberto Costanzo,"Osvaldo Fresedo, Alberto Rodríguez","Adolfo Muzzi, Jean Koller"
Osvaldo Fresedo,Orquesta Típica Fresedo,9/18/1928,Tus Cartas,Tango,Instrumental,Odeon,78rpm,Antonio Bonavena,,,26-28 / Sextet,José María Rizzuti,Humberto Costanzo,"Osvaldo Fresedo, Alberto Rodríguez","Adolfo Muzzi, Jean Koller"
Osvaldo Fresedo,Orquesta Típica Fresedo,9/25/1928,"Al Hipódromo, Chofer",Tango,Antonio Buglione,Odeon,78rpm,Julio Bonnet,,,26-28 / Sextet,José María Rizzuti,Humberto Costanzo,"Osvaldo Fresedo, Alberto Rodríguez","Adolfo Muzzi, Jean Koller"
Osvaldo Fresedo,Orquesta Típica Fresedo,9/25/1928,Haragán,Tango,Instrumental,Odeon,78rpm,Enrique Delfino,Manuel Romero,,26-28 / Sextet,José María Rizzuti,Humberto Costanzo,"Osvaldo Fresedo, Alberto Rodríguez","Adolfo Muzzi, Jean Koller"
Osvaldo Fresedo,Orquesta Típica Fresedo,9/25/1928,Tarasca Solo,Tango,Antonio Buglione,Odeon,78rpm,Bernardo Germino,José de Grandis,,26-28 / Sextet,José María Rizzuti,Humberto Costanzo,"Osvaldo Fresedo, Alberto Rodríguez","Adolfo Muzzi, Jean Koller"
Osvaldo Fresedo,Orquesta Típica Fresedo,9/25/1928,"Vamos, Che",Tango,Antonio Buglione,Odeon,78rpm,Guillermo Otheguy,,,26-28 / Sextet,José María Rizzuti,Humberto Costanzo,"Osvaldo Fresedo, Alberto Rodríguez","Adolfo Muzzi, Jean Koller"
Osvaldo Fresedo,Orquesta Típica Fresedo,10/2/1928,Majestuoso,Tango,Instrumental,Odeon,78rpm,Luis Brizzi,,,26-28 / Sextet,José María Rizzuti,Humberto Costanzo,"Osvaldo Fresedo, Alberto Rodríguez","Adolfo Muzzi, Jean Koller"
Osvaldo Fresedo,Orquesta Típica Fresedo,10/2/1928,Ojos Matreros,Tango,Ernesto Famá,Odeon,78rpm,Ramón Montes,Francisco Brancatti,,26-28 / Sextet,José María Rizzuti,Humberto Costanzo,"Osvaldo Fresedo, Alberto Rodríguez","Adolfo Muzzi, Jean Koller"
Osvaldo Fresedo,Orquesta Típica Fresedo,10/2/1928,Vieja Milonga,Tango,Instrumental,Odeon,78rpm,Samuel Castriota,Eugenio Cárdenas,,26-28 / Sextet,José María Rizzuti,Humberto Costanzo,"Osvaldo Fresedo, Alberto Rodríguez","Adolfo Muzzi, Jean Koller"
Osvaldo Fresedo,Orquesta Típica Fresedo,10/9/1928,Alma En Pena,Tango,Ernesto Famá,Odeon,78rpm,Anselmo Aieta,Francisco García Jiménez,,26-28 / Sextet,José María Rizzuti,Humberto Costanzo,"Osvaldo Fresedo, Alberto Rodríguez","Adolfo Muzzi, Jean Koller, **Unknown (guitar)"
Osvaldo Fresedo,Orquesta Típica Fresedo,10/9/1928,Piedad,Tango,Ernesto Famá,Odeon,78rpm,Carlos Percuoco,Luis de Biase,,26-28 / Sextet,José María Rizzuti,Humberto Costanzo,"Osvaldo Fresedo, Alberto Rodríguez","Adolfo Muzzi, Jean Koller, **Unknown (guitar)"
Osvaldo Fresedo,Orquesta Típica Osvaldo Fresedo,9/30/1929,En La Mala,Tango,Instrumental,Brunswick,78rpm,Arturo Bochatón,,,29-32 / Brunswick,Otto Montenbruck,Eduardo Poyares?,"Osvaldo Fresedo, Juan Salvatore","Henri Figarol, José Lorito, Jean Koller"
Osvaldo Fresedo,Orquesta Típica Osvaldo Fresedo,9/30/1929,En La Mala,Tango,Genaro Veiga,Brunswick,78rpm,Arturo Bochatón,,,29-32 / Brunswick,Otto Montenbruck,Eduardo Poyares?,Osvaldo Fresedo,"Henri Figarol, Jean Koller"
Osvaldo Fresedo,Orquesta Típica Osvaldo Fresedo,9/30/1929,Te Aconsejo Que Me Olvides,Tango,Genaro Veiga,Brunswick,78rpm,Pedro Maffia,Jorge Curi,,29-32 / Brunswick,Otto Montenbruck,Eduardo Poyares?,Osvaldo Fresedo,"Henri Figarol, Jean Koller"
Osvaldo Fresedo,Orquesta Típica Osvaldo Fresedo,9/30/1929,Tengo Miedo,Tango,Genaro Veiga,Brunswick,78rpm,José Aguilar,Celedonio Flores,,29-32 / Brunswick,Otto Montenbruck,Eduardo Poyares?,Osvaldo Fresedo,"Henri Figarol, Jean Koller"
Osvaldo Fresedo,Orquesta Típica Osvaldo Fresedo,12/13/1929,Entrada Prohibida,Tango,Genaro Veiga,Brunswick,78rpm,Luis Teisseire; Germán Teisseire,,,29-32 / Brunswick,Sebastián Lombardo,Eduardo Poyares?,Osvaldo Fresedo,"Henri Figarol, Jean Koller"
Osvaldo Fresedo,Orquesta Típica Osvaldo Fresedo,12/13/1929,Rajá Del Barrio,Tango,Genaro Veiga - Pilar Arcos,Brunswick,78rpm,Arturo de Bassi,Pablo Suero,,29-32 / Brunswick,Sebastián Lombardo,Eduardo Poyares?,"Osvaldo Fresedo, Juan Salvatore","Henri Figarol, José Lorito, Jean Koller"
Osvaldo Fresedo,Orquesta Típica Osvaldo Fresedo,12/13/1929,Tango Azul,Tango,Instrumental,Brunswick,78rpm,Cesare Ciociano,,,29-32 / Brunswick,Sebastián Lombardo,Eduardo Poyares?,"Osvaldo Fresedo, Juan Salvatore","Henri Figarol, José Lorito, Jean Koller"
Osvaldo Fresedo,Orquesta Típica Osvaldo Fresedo,12/13/1929,Tango Azul,Tango,Genaro Veiga,Brunswick,78rpm,Cesare Ciociano,,,29-32 / Brunswick,Sebastián Lombardo,Eduardo Poyares?,Osvaldo Fresedo,"Henri Figarol, Jean Koller"
Osvaldo Fresedo,Orquesta Típica Osvaldo Fresedo,1/16/1930,"Corazón, Callate Un Poco",Tango,Instrumental,Brunswick,78rpm,Armando Baliotti,César Ginzo; Eduardo Calvo,,29-32 / Brunswick,Sebastián Lombardo,Eduardo Poyares?,"Osvaldo Fresedo, Juan Salvatore","Henri Figarol, José Lorito, Jean Koller"
Osvaldo Fresedo,Orquesta Típica Osvaldo Fresedo,1/16/1930,Fascinación,Tango,Instrumental,Brunswick,78rpm,Louis Katzman,,,29-32 / Brunswick,Sebastián Lombardo,Eduardo Poyares?,"Osvaldo Fresedo, Juan Salvatore","Henri Figarol, José Lorito, Jean Koller"
Osvaldo Fresedo,Orquesta Típica Osvaldo Fresedo,1/16/1930,Queja Melodiosa,Tango,Instrumental,Brunswick,78rpm,José Rizzuti,,,29-32 / Brunswick,Sebastián Lombardo,Eduardo Poyares?,Osvaldo Fresedo,"Henri Figarol, Jean Koller"
Osvaldo Fresedo,Orquesta Típica Osvaldo Fresedo,1/16/1930,Tango Mío,Tango,Instrumental,Brunswick,78rpm,Osvaldo Fresedo,,,29-32 / Brunswick,Sebastián Lombardo,Eduardo Poyares?,Osvaldo Fresedo,"Henri Figarol, Jean Koller"
Osvaldo Fresedo,Orquesta Típica Osvaldo Fresedo,1/18/1930,"Mama, Yo Quiero Un Novio",Tango,Pilar Arcos,Brunswick,78rpm,Ramón Collazo,Roberto Fontaina,,29-32 / Brunswick,Sebastián Lombardo,Eduardo Poyares?,"Osvaldo Fresedo, Juan Salvatore","Henri Figarol, José Lorito, Jean Koller"
Osvaldo Fresedo,Orquesta Típica Osvaldo Fresedo,1/18/1930,Mamita Mía,Tango,Pilar Arcos,Brunswick,78rpm,Enrique Delfino,Alberto Vacarezza,,29-32 / Brunswick,Sebastián Lombardo,Eduardo Poyares?,"Osvaldo Fresedo, Juan Salvatore","Henri Figarol, José Lorito, Jean Koller"
Osvaldo Fresedo,Orquesta Típica Osvaldo Fresedo,3/19/1930,Has Cambiado Por Completo,Tango,Genaro Veiga,Brunswick/Melotone,78rpm,Juan Carlos Cobián,Enrique Dizeo,,29-32 / Brunswick,Sebastián Lombardo,Eduardo Poyares?,"Osvaldo Fresedo, Juan Salvatore","Henri Figarol, José Lorito, Jean Koller"
Osvaldo Fresedo,Orquesta Típica Osvaldo Fresedo,3/31/1930,No Me Dejés!,Tango,Genaro Veiga,Brunswick,78rpm,Julio Pollero,Enrique Dizeo,,29-32 / Brunswick,Sebastián Lombardo,Eduardo Poyares?,"Osvaldo Fresedo, Juan Salvatore","Henri Figarol, José Lorito, Jean Koller"
Osvaldo Fresedo,Orquesta Típica Osvaldo Fresedo,4/1/1930,Barrio Viejo,Tango,Genaro Veiga,Brunswick/Melotone,78rpm,Guillermo Barbieri,,,29-32 / Brunswick,Sebastián Lombardo,Eduardo Poyares?,"Osvaldo Fresedo, Juan Salvatore","Henri Figarol, José Lorito, Jean Koller"
Osvaldo Fresedo,Orquesta Típica Osvaldo Fresedo,4/1/1930,Cruz De Palo,Tango,Genaro Veiga,Brunswick,78rpm,Guillermo Barbieri,Enrique Cadícamo,,29-32 / Brunswick,Sebastián Lombardo,Eduardo Poyares?,"Osvaldo Fresedo, Juan Salvatore","Henri Figarol, José Lorito, Jean Koller"
Osvaldo Fresedo,Orquesta Típica Osvaldo Fresedo,4/11/1930,Flor De Un Día,Tango,Fortunio Bonanova,Brunswick,78rpm,Fortunio Bonanova,Fortunio Bonanova,,29-32 / Brunswick,Sebastián Lombardo,Eduardo Poyares?,"Osvaldo Fresedo, Juan Salvatore","Henri Figarol, José Lorito, Jean Koller"
Osvaldo Fresedo,Orquesta Típica Osvaldo Fresedo,4/11/1930,Madrecita Mala,Tango,Genaro Veiga,Brunswick,78rpm,Osvaldo Fresedo,,,29-32 / Brunswick,Sebastián Lombardo,Eduardo Poyares?,"Osvaldo Fresedo, Juan Salvatore","Henri Figarol, José Lorito, Jean Koller"
Osvaldo Fresedo,Orquesta Típica Osvaldo Fresedo,4/11/1930,Prisionero,Tango,Fortunio Bonanova,Brunswick,78rpm,Anselmo Aieta,Francisco García Jiménez,,29-32 / Brunswick,Sebastián Lombardo,Eduardo Poyares?,"Osvaldo Fresedo, Juan Salvatore","Henri Figarol, José Lorito, Jean Koller"
Osvaldo Fresedo,Orquesta Típica Osvaldo Fresedo,4/11/1930,Serpentina Doble,Tango,Genaro Veiga,Brunswick,78rpm,Juan Rezzano,,,29-32 / Brunswick,Sebastián Lombardo,Eduardo Poyares?,"Osvaldo Fresedo, Juan Salvatore","Henri Figarol, José Lorito, Jean Koller"
Osvaldo Fresedo,Orquesta Típica Osvaldo Fresedo,5/22/1930,Bandoneón Arrabalero,Tango,Genaro Veiga,Brunswick,78rpm,Juan Deambroggio,Pascual Contursi,,29-32 / Brunswick,Sebastián Lombardo,Eduardo Poyares?,"Osvaldo Fresedo, Juan Salvatore","Henri Figarol, José Lorito, Jean Koller"
Osvaldo Fresedo,Orquesta Típica Osvaldo Fresedo,5/22/1930,Hermano,Tango,Genaro Veiga,Brunswick,78rpm,Julio Pollero,Enrique Dizeo,,29-32 / Brunswick,Sebastián Lombardo,Eduardo Poyares?,"Osvaldo Fresedo, Juan Salvatore","Henri Figarol, José Lorito, Jean Koller"
Osvaldo Fresedo,Orquesta Típica Osvaldo Fresedo,5/22/1930,Quiero Que Sufras,Tango,Genaro Veiga,Brunswick,78rpm,Antonio Ruiz,Humberto Fernández,,29-32 / Brunswick,Sebastián Lombardo,Eduardo Poyares?,Osvaldo Fresedo,"Henri Figarol, Jean Koller"
Osvaldo Fresedo,Orquesta Típica Osvaldo Fresedo,5/24/1930,El Barbijo,Tango,Genaro Veiga,Brunswick,78rpm,Andrés Domenech,Jesús Fernández Blanco,,29-32 / Brunswick,Sebastián Lombardo,Eduardo Poyares?,"Osvaldo Fresedo, Juan Salvatore","Henri Figarol, José Lorito, Jean Koller"
Osvaldo Fresedo,Orquesta Típica Osvaldo Fresedo,5/27/1930,Cuando Tú Me Querías,Tango,Pilar Arcos,Brunswick,78rpm,David Granadino,,,29-32 / Brunswick,Sebastián Lombardo,Eduardo Poyares?,"Osvaldo Fresedo, Juan Salvatore","Henri Figarol, José Lorito, Jean Koller"
Osvaldo Fresedo,Orquesta Típica Osvaldo Fresedo,5/27/1930,Soy Tuya,Tango,Pilar Arcos,Brunswick,78rpm,Edgardo Donato,,,29-32 / Brunswick,Sebastián Lombardo,Eduardo Poyares?,"Osvaldo Fresedo, Juan Salvatore","Henri Figarol, José Lorito, Jean Koller"
Osvaldo Fresedo,Orquesta Típica Osvaldo Fresedo,5/27/1930,Soy Un Arlequín,Tango,Genaro Veiga,Brunswick,78rpm,Enrique Discépolo,,,29-32 / Brunswick,Sebastián Lombardo,Eduardo Poyares?,"Osvaldo Fresedo, Juan Salvatore","Henri Figarol, José Lorito, Jean Koller"
Osvaldo Fresedo,Orquesta Típica Osvaldo Fresedo,5/27/1930,Vos También Tenés Tu Historia,Tango,Genaro Veiga,Brunswick,78rpm,Francisco Canaro,Juan Caruso,,29-32 / Brunswick,Sebastián Lombardo,Eduardo Poyares?,Osvaldo Fresedo,"Henri Figarol, Jean Koller"
 Osvaldo Fresedo , Osvaldo Fresedo y su Típica  ,"12,879.00", El Once , Tango , Roberto Ray , Victor , 78rpm , Osvaldo Fresedo , Emilio Fresedo ,, 33-39 / Rituzzi Piano , José María Rizzuti ," Alfredo Corletto, Saly S. Nisguritz (drums) "," Pascual Storti, Juan Salvatore "," Adolfo Muzzi, Pedro Desrets, José Lorito, Mario Perini, Charles Wimer (guitar), Nélida Gianneo (harp) "
Osvaldo Fresedo,Orquesta Típica Osvaldo Fresedo,7/8/1931,Carrillón De La Merced,Tango,Teófilo Ibanez,Brunswick,78rpm,Enrique Discépolo,Alfredo Le Pera,,29-32 / Brunswick,Sebastián Lombardo,Alfredo Corletto,"Osvaldo Fresedo, Juan Salvatore","Adolfo Muzzi, Pedro Desrets, José Lorito"
Osvaldo Fresedo,Orquesta Típica Osvaldo Fresedo,8/1/1931,Madrecita Mala,Tango,Teófilo Ibanez,Brunswick,78rpm,Osvaldo Fresedo,Juan Sarcione,,29-32 / Brunswick,José María Rizzuti,Alfredo Corletto,"Luis Petrucelli, Juan Salvatore","Adolfo Muzzi, Pedro Desrets, José Lorito"
Osvaldo Fresedo,Orquesta Típica Osvaldo Fresedo,12/12/1931,Hoy Te Toca Reír,Tango,Teófilo Ibanez,Brunswick,78rpm,Alfonso Lacueva; Alejandro Schujer,Lito Más,,29-32 / Brunswick,José María Rizzuti,Alfredo Corletto,"Osvaldo Fresedo, Juan Salvatore","Adolfo Muzzi, Pedro Desrets, José Lorito"
Osvaldo Fresedo,Orquesta Típica Osvaldo Fresedo,12/25/1931,Barranca Abajo,Tango,Teófilo Ibanez,Brunswick,78rpm,P. Storij,Carlos Waiss,,29-32 / Brunswick,José María Rizzuti,Alfredo Corletto,Juan Salvatore,"Adolfo Muzzi, Pedro Desrets, José Lorito"
Osvaldo Fresedo,Orquesta Típica Osvaldo Fresedo,2/19/1932,Bigotito,Tango,Teófilo Ibanez,Brunswick,78rpm,Manuel Buzón,Gerónimo Martinelli Massa; Ismael Aguilar,,29-32 / Brunswick,José María Rizzuti,Alfredo Corletto,"Pascual Storti, Juan Salvatore","Adolfo Muzzi, Pedro Desrets, José Lorito"
Osvaldo Fresedo,Orquesta Típica Osvaldo Fresedo,2/24/1932,Desengaños,Tango,Teófilo Ibanez,Brunswick,78rpm,Ramón Gutiérrez del Barrio,Gustavo Durval Gogiose,,29-32 / Brunswick,José María Rizzuti,Alfredo Corletto,"Pascual Storti, Juan Salvatore","Adolfo Muzzi, Pedro Desrets, José Lorito"
Osvaldo Fresedo,Orquesta Típica Osvaldo Fresedo,2/24/1932,El Rebelde,Tango,Roberto Ray,Brunswick,78rpm,Juan Riverol,Francisco Loiacono,,29-32 / Brunswick,José María Rizzuti,Alfredo Corletto,"Pascual Storti, Juan Salvatore","Adolfo Muzzi, Pedro Desrets, José Lorito"
Osvaldo Fresedo,Orquesta Típica Osvaldo Fresedo,4/8/1932,Volvé,Tango,Luis Díaz,Brunswick,78rpm,Edgardo Donato,Luis Herrera,,29-32 / Brunswick,José María Rizzuti,"Alfredo Corletto, Tomás Fumo (saxophone)","Pascual Storti, Juan Salvatore","Adolfo Muzzi, Pedro Desrets, José Lorito"
Osvaldo Fresedo,Orquesta Típica Osvaldo Fresedo,6/9/1932,Mentira,Tango,Luis Díaz,Brunswick,78rpm,Francisco Pracánico,Celedonio Flores,,29-32 / Brunswick,José María Rizzuti,Alfredo Corletto,"Osvaldo Fresedo, Juan Salvatore","Adolfo Muzzi, Pedro Desrets, José Lorito"
Osvaldo Fresedo,Osvaldo Fresedo y su Típica ,3/16/1933,Colibriyo,Tango,Roberto Ray,Victor,78rpm,Osvaldo Fresedo,Alberto Pidemunt; Eduardo Trongé,,33-39 / Rituzzi Piano,Sebastián Lombardo,Alfredo Corletto,"Osvaldo Fresedo, Pascual Storti, Juan Salvatore","Adolfo Muzzi, Pedro Desrets, José Lorito"
Osvaldo Fresedo,Osvaldo Fresedo y su Típica ,3/16/1933,El Espiante,Tango,Instrumental,Victor,78rpm,Osvaldo Fresedo,,,33-39 / Rituzzi Piano,Sebastián Lombardo,"Alfredo Corletto, Saly S. Nisguritz (drums)","Osvaldo Fresedo, Pascual Storti, Juan Salvatore","Adolfo Muzzi, Pedro Desrets, José Lorito"
Osvaldo Fresedo,Osvaldo Fresedo y su Típica ,5/8/1933,"Qué Tragedia, Señor!",Tango,Roberto Ray,Victor,78rpm,Osvaldo Fresedo,Alberto Pidemunt; Eduardo Trongé,,33-39 / Rituzzi Piano,José María Rizzuti,Alfredo Corletto,"Osvaldo Fresedo, Pascual Storti, Juan Salvatore","Adolfo Muzzi, Pedro Desrets, José Lorito, Mario Perini"
Osvaldo Fresedo,Osvaldo Fresedo y su Típica ,6/6/1933,Araca La Cana,Tango,Roberto Ray,Victor,78rpm,Enrique Delfino,Mario Rada,,33-39 / Rituzzi Piano,José María Rizzuti,Alfredo Corletto,"Osvaldo Fresedo, Pascual Storti, Juan Salvatore","Adolfo Muzzi, Pedro Desrets, José Lorito"
Osvaldo Fresedo,Osvaldo Fresedo y su Típica ,6/6/1933,El Mareo,Tango,Roberto Ray,Victor,78rpm,Julio De Caro,Mario Gomila,,33-39 / Rituzzi Piano,José María Rizzuti,Alfredo Corletto,"Osvaldo Fresedo, Pascual Storti, Juan Salvatore","Adolfo Muzzi, Pedro Desrets, José Lorito"
 Osvaldo Fresedo , Osvaldo Fresedo y su Típica  ,"13,568.00", Siempre Es Carnaval , Tango , Roberto Ray , Victor , 78rpm , Osvaldo Fresedo , Emilio Fresedo ,, 33-39 / Rituzzi Piano , José María Rizzuti ," Alfredo Corletto, Saly S. Nisguritz (drums) "," Pascual Storti, Luis Petrucelli "," Adolfo Muzzi, Pedro Desrets, José Lorito, Mario Perini, Charles Wimer (guitar), Nélida Gianneo (harp) "
 Osvaldo Fresedo , Osvaldo Fresedo y su Típica  ,"13,568.00", Sollozos , Tango , Roberto Ray , Victor , 78rpm , Osvaldo Fresedo , Emilio Fresedo ,, 33-39 / Rituzzi Piano , José María Rizzuti ," Alfredo Corletto, Saly S. Nisguritz (drums) "," Pascual Storti, Luis Petrucelli "," Adolfo Muzzi, Pedro Desrets, José Lorito, Mario Perini, Charles Wimer (guitar), Nélida Gianneo (harp) "
Osvaldo Fresedo,Osvaldo Fresedo y su Típica ,11/2/1933,Yo No Se Llorar,Tango,Roberto Ray,Victor,78rpm,Joaquin do Reyes,Celedonio Flores,,33-39 / Rituzzi Piano,José María Rizzuti,Alfredo Corletto,"Osvaldo Fresedo, Pascual Storti, Juan Salvatore","Adolfo Muzzi, Pedro Desrets, José Lorito"
Osvaldo Fresedo,Osvaldo Fresedo y su Típica ,11/28/1933,El Tarta,Tango,Roberto Ray,Victor,78rpm,José Rizzuti,,,33-39 / Rituzzi Piano,José María Rizzuti,Alfredo Corletto,"Osvaldo Fresedo, Pascual Storti, Juan Salvatore","Adolfo Muzzi, Pedro Desrets, José Lorito"
Osvaldo Fresedo,Osvaldo Fresedo y su Típica ,11/28/1933,Linda Pebeta,Tango,Roberto Ray,Victor,78rpm,Alberto Rodríguez,,,33-39 / Rituzzi Piano,José María Rizzuti,"Alfredo Corletto, Saly S. Nisguritz (drums)","Pascual Storti, Juan Salvatore","Adolfo Muzzi, Pedro Desrets, José Lorito, Mario Perini, Charles Wimer (guitar), Nélida Gianneo (harp)"
Osvaldo Fresedo,Osvaldo Fresedo y su Típica ,12/27/1933,La Clavada,Tango,Instrumental,Victor,78rpm,Ernesto Zambonini,,,33-39 / Rituzzi Piano,José María Rizzuti,Alfredo Corletto,"Osvaldo Fresedo, Pascual Storti, Juan Salvatore","Adolfo Muzzi, Pedro Desrets, José Lorito"
Osvaldo Fresedo,Osvaldo Fresedo y su Típica ,1/26/1934,Tres Momentitos,Tango,Roberto Ray,Victor,78rpm,Joe Hajos,Juan Pueblito,,33-39 / Rituzzi Piano,José María Rizzuti,"Alfredo Corletto, Saly S. Nisguritz (drums)","Osvaldo Fresedo, Pascual Storti, Juan Salvatore","Adolfo Muzzi, Pedro Desrets, José Lorito, Mario Perini, Charles Wimer (guitar)"
Osvaldo Fresedo,Osvaldo Fresedo y su Típica ,4/27/1934,En La Huella Del Dolor,Tango,Roberto Ray,Victor,78rpm,Guillermo Del Ciancio,Guillermo Del Ciancio,,33-39 / Rituzzi Piano,José María Rizzuti,"Alfredo Corletto, Saly S. Nisguritz (drums)","Pascual Storti, Juan Salvatore","Adolfo Muzzi, Pedro Desrets, José Lorito, Mario Perini, Charles Wimer (guitar), Nélida Gianneo (harp)"
 Osvaldo Fresedo , Osvaldo Fresedo y su Típica  ,"13,711.00", No Supe Vivir , Tango , Roberto Ray , Victor , 78rpm , Osvaldo Fresedo , Emilio Fresedo ,, 33-39 / Rituzzi Piano , José María Rizzuti ," Alfredo Corletto, Saly S. Nisguritz (drums) "," Pascual Storti, Luis Petrucelli "," Adolfo Muzzi, Pedro Desrets, José Lorito, Mario Perini, Charles Wimer (guitar), Nélida Gianneo (harp) "
 Osvaldo Fresedo , Osvaldo Fresedo y su Típica  ,"14,131.00", Amor , Vals , Roberto Ray , Victor , 78rpm , Osvaldo Fresedo , Emilio Fresedo ,, 33-39 / Rituzzi Piano , José María Rizzuti ," Alfredo Corletto, Saly S. Nisguritz (drums) "," Pascual Storti, Luis Petrucelli "," Adolfo Muzzi, Pedro Desrets, José Lorito, Mario Perini, Charles Wimer (guitar), Nélida Gianneo (harp) "
Osvaldo Fresedo,Osvaldo Fresedo y su Típica ,8/16/1934,Tigre Viejo,Tango,Instrumental,Victor,78rpm,Salvador Grupillo,,,33-39 / Rituzzi Piano,José María Rizzuti,"Alfredo Corletto, Saly S. Nisguritz (drums)","Pascual Storti, Juan Salvatore","Adolfo Muzzi, Pedro Desrets, José Lorito, Mario Perini, Charles Wimer (guitar), Nélida Gianneo (harp)"
Osvaldo Fresedo,Osvaldo Fresedo y su Típica ,9/13/1934,Seguí Mi Camino,Tango,Roberto Ray,Victor,78rpm,Eugenio Romano,Roberto Marano,,33-39 / Rituzzi Piano,José María Rizzuti,"Alfredo Corletto, Saly S. Nisguritz (drums)","Pascual Storti, Juan Salvatore","Adolfo Muzzi, Pedro Desrets, José Lorito, Mario Perini, Charles Wimer (guitar), Nélida Gianneo (harp)"
Osvaldo Fresedo,Osvaldo Fresedo y su Típica ,2/15/1935,Isla De Capri,Tango,Roberto Ray,Victor,78rpm,Willhelm Grosz,Ángel del Valle,,33-39 / Rituzzi Piano,José María Rizzuti,"Alfredo Corletto, Saly S. Nisguritz (drums)","Pascual Storti, Juan Salvatore","Adolfo Muzzi, Pedro Desrets, José Lorito, Mario Perini, Charles Wimer (guitar), Nélida Gianneo (harp)"
Osvaldo Fresedo,Osvaldo Fresedo y su Típica ,2/15/1935,Pampero,Tango,Roberto Ray,Victor,78rpm,Osvaldo Fresedo,Edmundo Bianchi,,33-39 / Rituzzi Piano,José María Rizzuti,"Alfredo Corletto, Saly S. Nisguritz (drums)","Pascual Storti, Juan Salvatore","Adolfo Muzzi, Pedro Desrets, José Lorito, Mario Perini, Charles Wimer (guitar), Nélida Gianneo (harp)"
 Osvaldo Fresedo , Osvaldo Fresedo y su Típica  ,"14,207.00", Aromas , Tango , Roberto Ray , Victor , 78rpm , Osvaldo Fresedo , Emilio Fresedo ,, 33-39 / Rituzzi Piano , José María Rizzuti ," Alfredo Corletto, Saly S. Nisguritz (drums) "," Pascual Storti, Luis Petrucelli "," Adolfo Muzzi, Pedro Desrets, José Lorito, Mario Perini, Charles Wimer (guitar), Nélida Gianneo (harp) "
Osvaldo Fresedo,Osvaldo Fresedo y su Típica ,3/22/1935,Retazo,Tango,Roberto Díaz,Victor,78rpm,José Rizzuti,Santiago Giordano,,33-39 / Rituzzi Piano,José María Rizzuti,"Alfredo Corletto, Saly S. Nisguritz (drums)","Pascual Storti, Juan Salvatore","Adolfo Muzzi, Pedro Desrets, José Lorito, Mario Perini, Charles Wimer (guitar), Nélida Gianneo (harp)"
 Osvaldo Fresedo , Osvaldo Fresedo y su Típica  ,"14,314.00", Volverás , Tango , Ricardo Ruiz , Victor , 78rpm , Osvaldo Fresedo , Emilio Fresedo ,, 39-45 / Scalise Piano ,"Eduardo ""Lalo"" Scalise","Hugo Baralis, De Luca (drums / vibraphone)","Luis Petrucelli, Pascual Storti, Ulderico Panella","Víctor Felice, José Lorito, Pedro Desrets, Mario Perini, Demetrio Riseti (viola), Francisco Gianneo (cello), Nélida Gianneo (harp)"
Osvaldo Fresedo,Osvaldo Fresedo y su Típica ,5/8/1935,"Te Juro, Madre Mía",Tango,Roberto Ray,Victor,78rpm,Juan Marini,José Sassone,,33-39 / Rituzzi Piano,José María Rizzuti,"Alfredo Corletto, Saly S. Nisguritz (drums)","Pascual Storti, Juan Salvatore","Adolfo Muzzi, Pedro Desrets, José Lorito, Mario Perini, Charles Wimer (guitar), Nélida Gianneo (harp)"
Osvaldo Fresedo,Osvaldo Fresedo y su Típica ,7/1/1935,Volver,Tango,Roberto Ray,Victor,78rpm,Carlos Gardel,Alfredo Le Pera,,33-39 / Rituzzi Piano,José María Rizzuti,"Alfredo Corletto, Saly S. Nisguritz (drums)","Pascual Storti, Juan Salvatore","Adolfo Muzzi, Pedro Desrets, José Lorito, Mario Perini, Charles Wimer (guitar), Nélida Gianneo (harp)"
Osvaldo Fresedo,Osvaldo Fresedo y su Típica ,8/7/1935,De Segunda Mano,Tango,Roberto Ray,Victor,78rpm,Luis Ese,Alfonso Sayons,,33-39 / Rituzzi Piano,José María Rizzuti,"Alfredo Corletto, Saly S. Nisguritz (drums)","Pascual Storti, Juan Salvatore","Adolfo Muzzi, Pedro Desrets, José Lorito, Mario Perini, Charles Wimer (guitar), Nélida Gianneo (harp)"
Osvaldo Fresedo,Osvaldo Fresedo y su Típica ,8/23/1935,Arrabal Amargo,Tango,Roberto Ray,Victor,78rpm,Carlos Gardel,Alfredo Le Pera,,33-39 / Rituzzi Piano,José María Rizzuti,"Alfredo Corletto, Saly S. Nisguritz (drums)","Pascual Storti, Juan Salvatore","Adolfo Muzzi, Pedro Desrets, José Lorito, Mario Perini, Charles Wimer (guitar), Nélida Gianneo (harp)"
Osvaldo Fresedo,Osvaldo Fresedo y su Típica ,11/22/1935,Recuerdos De Bohemia,Tango,Roberto Ray,Victor,78rpm,Enrique Delfino,Manuel Romero,,33-39 / Rituzzi Piano,José María Rizzuti,"Alfredo Corletto, Saly S. Nisguritz (drums)","Pascual Storti, Juan Salvatore","Adolfo Muzzi, Pedro Desrets, José Lorito, Mario Perini, Charles Wimer (guitar), Nélida Gianneo (harp)"
Osvaldo Fresedo,Osvaldo Fresedo y su Típica ,12/13/1935,No Me Pregunten Por Qué,Tango,Roberto Ray,Victor,78rpm,Carlos Di Sarli,Reinaldo Pignataro,,33-39 / Rituzzi Piano,José María Rizzuti,"Alfredo Corletto, Saly S. Nisguritz (drums)","Pascual Storti, Juan Salvatore","Adolfo Muzzi, Pedro Desrets, José Lorito, Mario Perini, Charles Wimer (guitar), Nélida Gianneo (harp)"
Osvaldo Fresedo,Osvaldo Fresedo y su Típica ,4/2/1936,Corazón Mío,Tango,Roberto Ray,Victor,78rpm,Donato Catriel; Rafael Carrera,Donato Catriel; Rafael Carrera,,33-39 / Rituzzi Piano,José María Rizzuti,"Alfredo Corletto, Saly S. Nisguritz (drums)","Pascual Storti, Luis Petrucelli","Adolfo Muzzi, Pedro Desrets, José Lorito, Mario Perini, Charles Wimer (guitar), Nélida Gianneo (harp)"
Osvaldo Fresedo,Osvaldo Fresedo y su Típica ,4/2/1936,Me Decías,Tango,Roberto Ray,Victor,78rpm,Haydée Villanueva; Emilio Fresedo,,,33-39 / Rituzzi Piano,José María Rizzuti,"Alfredo Corletto, Saly S. Nisguritz (drums)","Pascual Storti, Luis Petrucelli","Adolfo Muzzi, Pedro Desrets, José Lorito, Mario Perini, Charles Wimer (guitar), Nélida Gianneo (harp)"
Osvaldo Fresedo,Osvaldo Fresedo y su Típica ,11/17/1936,Déjame Amarte Aunque Sea Un Día Más,Vals,Roberto Ray,Victor,78rpm,Ernestina Lecuona; Venancio Clauso,,,33-39 / Rituzzi Piano,José María Rizzuti,"Alfredo Corletto, Saly S. Nisguritz (drums)","Pascual Storti, Luis Petrucelli","Adolfo Muzzi, Pedro Desrets, José Lorito, Mario Perini, Charles Wimer (guitar), Nélida Gianneo (harp)"
Osvaldo Fresedo,Osvaldo Fresedo y su Típica ,11/17/1936,"No Aflojes, Corazón",Tango,Roberto Ray,Victor,78rpm,José Martínez; Francisco Lio,,,33-39 / Rituzzi Piano,José María Rizzuti,"Alfredo Corletto, Saly S. Nisguritz (drums)","Pascual Storti, Luis Petrucelli","Adolfo Muzzi, Pedro Desrets, José Lorito, Mario Perini, Charles Wimer (guitar), Nélida Gianneo (harp)"
Osvaldo Fresedo,Osvaldo Fresedo y su Típica ,12/7/1936,Adiós Para Siempre,Tango,Roberto Ray,Victor,78rpm,José Rizzutti,Nolo López,,33-39 / Rituzzi Piano,José María Rizzuti,"Alfredo Corletto, Saly S. Nisguritz (drums)","Pascual Storti, Luis Petrucelli","Adolfo Muzzi, Pedro Desrets, José Lorito, Mario Perini, Charles Wimer (guitar), Nélida Gianneo (harp)"
Osvaldo Fresedo,Osvaldo Fresedo y su Típica ,1/4/1937,Sueño Azul,Tango,Roberto Ray,Victor,78rpm,Tibor Barczy; Roberto Zerrillo,,,33-39 / Rituzzi Piano,José María Rizzuti,"Alfredo Corletto, Saly S. Nisguritz (drums)","Pascual Storti, Luis Petrucelli","Adolfo Muzzi, Pedro Desrets, José Lorito, Mario Perini, Charles Wimer (guitar), Nélida Gianneo (harp)"
 Osvaldo Fresedo , Osvaldo Fresedo y su Típica  ,"14,531.00", Tango Mío , Tango , Ricardo Ruiz , Victor , 78rpm , Osvaldo Fresedo , Emilio Fresedo ,, 39-45 / Scalise Piano ,"Eduardo ""Lalo"" Scalise","Hugo Baralis, De Luca (drums / vibraphone)","Luis Petrucelli, Pascual Storti, Ulderico Panella","Víctor Felice, José Lorito, Pedro Desrets, Mario Perini, Demetrio Riseti (viola), Francisco Gianneo (cello), Nélida Gianneo (harp)"
 Osvaldo Fresedo , Osvaldo Fresedo y su Típica  ,"14,716.00"," Careta, Careta ", Tango , Carlos Mayel , Victor , 78rpm , Osvaldo Fresedo , Emilio Fresedo ,, 39-45 / Scalise Piano ,"Eduardo ""Lalo"" Scalise","Hugo Baralis, De Lucca (drums)","Pascual Storti, Luis Petrucelli, Ulderico Panella","Víctor Felice, Pedro Desrets, José Lorito, Mario Perini, Charles Wimer (guitar), Do Reis (viola), Francisco Gianneo (cello), Nélida Gianneo (harp)"
Osvaldo Fresedo,Osvaldo Fresedo y su Típica ,5/12/1937,Como Aquella Princesa,Tango,Roberto Ray,Victor,78rpm,Joaquin Mora,José Contursi,,33-39 / Rituzzi Piano,José María Rizzuti,"Alfredo Corletto, Saly S. Nisguritz (drums)","Pascual Storti, Luis Petrucelli","Adolfo Muzzi, Pedro Desrets, José Lorito, Mario Perini, Charles Wimer (guitar), Nélida Gianneo (harp)"
Osvaldo Fresedo,Osvaldo Fresedo y su Típica ,5/12/1937,No Quiero Verte Llorar,Tango,Roberto Ray,Victor,78rpm,Rodolfo Sciammarella; Agustín Magaldi,Rodolfo Sciammarella; Agustín Magaldi,,33-39 / Rituzzi Piano,José María Rizzuti,"Alfredo Corletto, Saly S. Nisguritz (drums)","Pascual Storti, Luis Petrucelli","Adolfo Muzzi, Pedro Desrets, José Lorito, Mario Perini, Charles Wimer (guitar), Nélida Gianneo (harp)"
Osvaldo Fresedo,Osvaldo Fresedo y su Típica ,7/15/1937,Besos Brujos,Tango,Roberto Ray,Victor,78rpm,Alfredo Malerba; Rodolfo Sciammarella,Alfredo Malerba; Rodolfo Sciammarella,,33-39 / Rituzzi Piano,José María Rizzuti,"Alfredo Corletto, Saly S. Nisguritz (drums)","Pascual Storti, Luis Petrucelli","Adolfo Muzzi, Pedro Desrets, José Lorito, Mario Perini, Charles Wimer (guitar), Nélida Gianneo (harp)"
 Osvaldo Fresedo , Osvaldo Fresedo y su Típica  ,"14,716.00", Rosarina Linda , Tango , Ricardo Ruiz , Victor , 78rpm , Osvaldo Fresedo , Emilio Fresedo ,, 39-45 / Scalise Piano ,"Eduardo ""Lalo"" Scalise","Hugo Baralis, De Lucca (drums)","Pascual Storti, Luis Petrucelli, Ulderico Panella","Víctor Felice, Pedro Desrets, José Lorito, Mario Perini, Charles Wimer (guitar), Do Reis (viola), Francisco Gianneo (cello), Nélida Gianneo (harp)"
Osvaldo Fresedo,Osvaldo Fresedo y su Típica ,7/15/1937,Viejo Romance,Tango,Roberto Ray,Victor,78rpm,Luis Petrucelli; Enrique Sotelo,,,33-39 / Rituzzi Piano,José María Rizzuti,"Alfredo Corletto, Saly S. Nisguritz (drums)","Pascual Storti, Luis Petrucelli","Adolfo Muzzi, Pedro Desrets, José Lorito, Mario Perini, Charles Wimer (guitar), Nélida Gianneo (harp)"
Osvaldo Fresedo,Osvaldo Fresedo y su Típica ,8/2/1937,Esperar,Vals,Roberto Ray,Victor,78rpm,Enrique Discépolo,,,33-39 / Rituzzi Piano,José María Rizzuti,"Alfredo Corletto, Saly S. Nisguritz (drums)","Pascual Storti, Luis Petrucelli","Adolfo Muzzi, Pedro Desrets, José Lorito, Mario Perini, Charles Wimer (guitar), Nélida Gianneo (harp)"
Osvaldo Fresedo,Osvaldo Fresedo y su Típica ,8/2/1937,Estudiantina,Vals,Roberto Ray,Victor,78rpm,Ernesto Lecuona,,,33-39 / Rituzzi Piano,José María Rizzuti,"Alfredo Corletto, Saly S. Nisguritz (drums)","Pascual Storti, Luis Petrucelli","Adolfo Muzzi, Pedro Desrets, José Lorito, Mario Perini, Charles Wimer (guitar), Nélida Gianneo (harp)"
Osvaldo Fresedo,Osvaldo Fresedo y su Típica ,9/17/1937,El Campeón,Tango,Roberto Ray,Victor,78rpm,Juan Carlos Cobián,Enrique Cadícamo,,33-39 / Rituzzi Piano,José María Rizzuti,"Alfredo Corletto, Saly S. Nisguritz (drums)","Pascual Storti, Luis Petrucelli","Adolfo Muzzi, Pedro Desrets, José Lorito, Mario Perini, Charles Wimer (guitar), Nélida Gianneo (harp)"
Osvaldo Fresedo,Osvaldo Fresedo y su Típica ,9/17/1937,Niebla Del Riachuelo,Tango,Roberto Ray,Victor,78rpm,Juan Carlos Cobián,Enrique Cadícamo,,33-39 / Rituzzi Piano,José María Rizzuti,"Alfredo Corletto, Saly S. Nisguritz (drums)","Pascual Storti, Luis Petrucelli","Adolfo Muzzi, Pedro Desrets, José Lorito, Mario Perini, Charles Wimer (guitar), Nélida Gianneo (harp)"
Osvaldo Fresedo,Osvaldo Fresedo y su Típica ,9/3/1938,Media Vida,Tango,Roberto Ray,Victor,78rpm,Julio Vega,Enrique Dizeo,,33-39 / Rituzzi Piano,José María Rizzuti,"Alfredo Corletto, Saly S. Nisguritz (drums)","Pascual Storti, Luis Petrucelli","Adolfo Muzzi, Pedro Desrets, José Lorito, Mario Perini, Charles Wimer (guitar), Nélida Gianneo (harp)"
 Osvaldo Fresedo , Osvaldo Fresedo y su Gran Orquesta Argentina ,"15,501.00", Madre Mía , Tango , Oscar Serpa , Victor , 78rpm , Osvaldo Fresedo , Emilio Fresedo ,, 39-45 / Scalise Piano ,"Eduardo ""Lalo"" Scalise","Hugo Baralis, De Lucca (drums)","Pascual Storti, Héctor Artola, Federico Scorticatti","Víctor Felice, Pedro Desrets, José Lorito, Mario Perini, Elvino Vardaro, Do Reis (viola), Francisco Gianneo (cello), Nélida Gianneo (harp)"
Osvaldo Fresedo,Osvaldo Fresedo y su Típica ,9/8/1938,Angustia,Tango,Roberto Ray,Victor,78rpm,Antonio Rodio,José Contursi,,33-39 / Rituzzi Piano,José María Rizzuti,"Alfredo Corletto, Saly S. Nisguritz (drums)","Pascual Storti, Luis Petrucelli","Adolfo Muzzi, Pedro Desrets, José Lorito, Mario Perini, Charles Wimer (guitar), Nélida Gianneo (harp)"
 Osvaldo Fresedo , Osvaldo Fresedo y su Gran Orquesta Argentina ,"15,731.00", Amor , Vals , Oscar Serpa , Victor , 78rpm , Osvaldo Fresedo , Emilio Fresedo ,, 39-45 / Scalise Piano ,"Eduardo ""Lalo"" Scalise","Hugo Baralis, De Lucca (drums)","Pascual Storti, Ulderico Panella","Víctor Felice, Pedro Desrets, José Lorito, Mario Perini, Elvino Vardaro, Do Reis (viola), Francisco Gianneo (cello), Nélida Gianneo (harp)"
Osvaldo Fresedo,Osvaldo Fresedo y su Típica ,11/23/1938,Dulce Amargura,Tango,Roberto Ray,Victor,78rpm,Virgilio San Clemente,Héctor Alperi; Jorge Torres,,33-39 / Rituzzi Piano,José María Rizzuti,"Alfredo Corletto, Saly S. Nisguritz (drums)","Pascual Storti, Luis Petrucelli","Adolfo Muzzi, Pedro Desrets, José Lorito, Mario Perini, Charles Wimer (guitar), Nélida Gianneo (harp)"
Osvaldo Fresedo,Osvaldo Fresedo y su Típica ,11/23/1938,Ojos Muertos,Tango,Roberto Ray,Victor,78rpm,Rafael Iriarte; Alfredo Navarrine,,,33-39 / Rituzzi Piano,José María Rizzuti,"Alfredo Corletto, Saly S. Nisguritz (drums)","Pascual Storti, Luis Petrucelli","Adolfo Muzzi, Pedro Desrets, José Lorito, Mario Perini, Charles Wimer (guitar), Nélida Gianneo (harp)"
Osvaldo Fresedo,Osvaldo Fresedo y su Típica ,11/23/1938,Telón,Tango,Roberto Ray,Victor,78rpm,Lucio Demare,Homero Manzi,,33-39 / Rituzzi Piano,José María Rizzuti,"Alfredo Corletto, Saly S. Nisguritz (drums)","Pascual Storti, Luis Petrucelli","Adolfo Muzzi, Pedro Desrets, José Lorito, Mario Perini, Charles Wimer (guitar), Nélida Gianneo (harp)"
Osvaldo Fresedo,Osvaldo Fresedo y su Típica ,1/3/1939,Penumbras,Tango,Roberto Ray,Victor,78rpm,Pascual Storti,Jorge Ocampo,,33-39 / Rituzzi Piano,José María Rizzuti,"Alfredo Corletto, De Lucca (rums / vibraphone)","Pascual Storti, Luis Petrucelli","Adolfo Muzzi, Pedro Desrets, José Lorito, Mario Perini, Charles Wimer (guitar), Nélida Gianneo (harp)"
Osvaldo Fresedo,Osvaldo Fresedo y su Típica ,1/3/1939,Vuelves,Tango,Roberto Ray,Victor,78rpm,Maruja Huergo; Virgilio Clemente,,,33-39 / Rituzzi Piano,José María Rizzuti,"Alfredo Corletto, De Lucca (rums / vibraphone)","Pascual Storti, Luis Petrucelli","Adolfo Muzzi, Pedro Desrets, José Lorito, Mario Perini, Charles Wimer (guitar), Nélida Gianneo (harp)"
Osvaldo Fresedo,Osvaldo Fresedo y su Típica ,3/10/1939,Mi Gitana,Tango,Ricardo Ruiz,Victor,78rpm,Juan Guichandut,Enrique Cadicamo,,39-45 / Scalise Piano,"Eduardo ""Lalo"" Scalise","Hugo Baralis, De Luca (drums / vibraphone)","Luis Petrucelli, Pascual Storti, Ulderico Panella","Víctor Felice, José Lorito, Pedro Desrets, Mario Perini, Demetrio Riseti (viola), Francisco Gianneo (cello), Nélida Gianneo (harp)"
Osvaldo Fresedo,Osvaldo Fresedo y su Típica ,3/10/1939,Pimienta,Tango,Instrumental,Victor,78rpm,Osvaldo Fresedo,,,39-45 / Scalise Piano,"Eduardo ""Lalo"" Scalise","Hugo Baralis, De Luca (drums / vibraphone)","Luis Petrucelli, Pascual Storti, Ulderico Panella","Víctor Felice, José Lorito, Pedro Desrets, Mario Perini, Demetrio Riseti (viola), Francisco Gianneo (cello), Nélida Gianneo (harp)"
Osvaldo Fresedo,Osvaldo Fresedo y su Típica ,3/10/1939,Viejo Farolito,Tango,Ricardo Ruiz,Victor,78rpm,Pacífico Victor,Roberto Lambertucci,,39-45 / Scalise Piano,"Eduardo ""Lalo"" Scalise","Hugo Baralis, De Luca (drums / vibraphone)","Luis Petrucelli, Pascual Storti, Ulderico Panella","Víctor Felice, José Lorito, Pedro Desrets, Mario Perini, Demetrio Riseti (viola), Francisco Gianneo (cello), Nélida Gianneo (harp)"
 Osvaldo Fresedo , Osvaldo Fresedo y su Gran Orquesta Argentina ,"15,731.00", Por Qué , Tango , Oscar Serpa , Victor , 78rpm , Osvaldo Fresedo , Emilio Fresedo ,, 39-45 / Scalise Piano ,"Eduardo ""Lalo"" Scalise","Hugo Baralis, De Lucca (drums)","Pascual Storti, Ulderico Panella","Víctor Felice, Pedro Desrets, José Lorito, Mario Perini, Elvino Vardaro, Do Reis (viola), Francisco Gianneo (cello), Nélida Gianneo (harp)"
Osvaldo Fresedo,Osvaldo Fresedo y su Típica ,4/24/1939,Arrabalero,Tango,Instrumental,Victor,78rpm,Osvaldo Fresedo,Eduardo Calvo,,39-45 / Scalise Piano,"Eduardo ""Lalo"" Scalise","Hugo Baralis, De Luca (drums / vibraphone)","Luis Petrucelli, Pascual Storti, Ulderico Panella","Víctor Felice, José Lorito, Pedro Desrets, Mario Perini, Demetrio Riseti (viola), Francisco Gianneo (cello), Nélida Gianneo (harp)"
Osvaldo Fresedo,Osvaldo Fresedo y su Típica ,4/24/1939,"Si No Me Engañas, Corazón",Tango,Ricardo Ruiz,Victor,78rpm,Mauricio Miserizky,Carlos Bahr,,33-39 / Rituzzi Piano,José María Rizzuti,"Alfredo Corletto, De Lucca (drums / vibraphone)","Pascual Storti, Luis Petrucelli","Adolfo Muzzi, Pedro Desrets, José Lorito, Mario Perini, Charles Wimer (guitar), Nélida Gianneo (harp)"
Osvaldo Fresedo,Osvaldo Fresedo y su Típica ,6/14/1939,Cielito Mío,Tango,Ricardo Ruiz,Victor,78rpm,Osvaldo Fresedo,Emilio Fresedo,,39-45 / Scalise Piano,"Eduardo ""Lalo"" Scalise","Hugo Baralis, De Luca (drums / vibraphone)","Luis Petrucelli, Pascual Storti, Ulderico Panella","Víctor Felice, José Lorito, Pedro Desrets, Mario Perini, Demetrio Riseti (viola), Francisco Gianneo (cello), Nélida Gianneo (harp)"
Osvaldo Fresedo,Osvaldo Fresedo y su Típica ,6/14/1939,Y No Puede Ser!,Tango,Ricardo Ruiz,Victor,78rpm,Aníbal Troilo,José Contursi,,39-45 / Scalise Piano,"Eduardo ""Lalo"" Scalise","Hugo Baralis, De Luca (drums / vibraphone)","Luis Petrucelli, Pascual Storti, Ulderico Panella","Víctor Felice, José Lorito, Pedro Desrets, Mario Perini, Demetrio Riseti (viola), Francisco Gianneo (cello), Nélida Gianneo (harp)"
Osvaldo Fresedo,Osvaldo Fresedo y su Típica ,7/12/1939,Inquietud,Tango,Ricardo Ruiz,Victor,78rpm,Enrique Francini; Héctor Stamponi,Oscar Rubens,,39-45 / Scalise Piano,"Eduardo ""Lalo"" Scalise","Hugo Baralis, De Luca (drums / vibraphone)","Luis Petrucelli, Pascual Storti, Ulderico Panella","Víctor Felice, José Lorito, Pedro Desrets, Mario Perini, Demetrio Riseti (viola), Francisco Gianneo (cello), Nélida Gianneo (harp)"
Osvaldo Fresedo,Osvaldo Fresedo y su Típica ,7/12/1939,Mas Allá,Tango,Ricardo Ruiz,Victor,78rpm,Joaquin Mora,José Contursi,,39-45 / Scalise Piano,"Eduardo ""Lalo"" Scalise","Hugo Baralis, De Luca (drums / vibraphone)","Luis Petrucelli, Pascual Storti, Ulderico Panella","Víctor Felice, José Lorito, Pedro Desrets, Mario Perini, Demetrio Riseti (viola), Francisco Gianneo (cello), Nélida Gianneo (harp)"
Osvaldo Fresedo,Osvaldo Fresedo y su Típica ,8/18/1939,Añoranzas,Tango,Ricardo Ruiz,Victor,78rpm,Luis Petrucelli; Daniel Barreto,,,39-45 / Scalise Piano,"Eduardo ""Lalo"" Scalise","Hugo Baralis, De Luca (drums / vibraphone)","Luis Petrucelli, Pascual Storti, Ulderico Panella","Víctor Felice, José Lorito, Pedro Desrets, Mario Perini, Demetrio Riseti (viola), Francisco Gianneo (cello), Nélida Gianneo (harp)"
Osvaldo Fresedo,Osvaldo Fresedo y su Típica ,8/18/1939,Divagando,Tango,Instrumental,Victor,78rpm,Juan Carlos Cobián,,,39-45 / Scalise Piano,"Eduardo ""Lalo"" Scalise","Hugo Baralis, De Luca (drums / vibraphone)","Luis Petrucelli, Pascual Storti, Ulderico Panella","Víctor Felice, José Lorito, Pedro Desrets, Mario Perini, Demetrio Riseti (viola), Francisco Gianneo (cello), Nélida Gianneo (harp)"
Osvaldo Fresedo,Osvaldo Fresedo y su Típica ,10/13/1939,Cuartito Azul,Tango,Ricardo Ruiz,Victor,78rpm,Mariano Mores; Mario Battistella,,,39-45 / Scalise Piano,"Eduardo ""Lalo"" Scalise","Hugo Baralis, De Luca (drums / vibraphone)","Luis Petrucelli, Pascual Storti, Ulderico Panella","Víctor Felice, José Lorito, Pedro Desrets, Mario Perini, Demetrio Riseti (viola), Francisco Gianneo (cello), Nélida Gianneo (harp)"
 Osvaldo Fresedo , Osvaldo Fresedo y su Gran Orquesta Argentina ,"15,885.00", Aromas , Tango , Oscar Serpa , Victor , 78rpm , Osvaldo Fresedo , Emilio Fresedo ,, 39-45 / Scalise Piano ,"Eduardo ""Lalo"" Scalise","Hugo Baralis, De Lucca (drums)","Pascual Storti, Ulderico Panella","Víctor Felice, Pedro Desrets, José Lorito, Mario Perini, Elvino Vardaro, Do Reis (viola), Francisco Gianneo (cello), Nélida Gianneo (harp)"
Osvaldo Fresedo,Osvaldo Fresedo y su Típica ,11/16/1939,Firulete,Tango,Instrumental,Victor,78rpm,Eduardo Scalise,,,39-45 / Scalise Piano,"Eduardo ""Lalo"" Scalise","Hugo Baralis, De Luca (drums / vibraphone)","Luis Petrucelli, Pascual Storti, Ulderico Panella","Víctor Felice, José Lorito, Pedro Desrets, Mario Perini, Do Reis (viola), Francisco Gianneo (cello), Nélida Gianneo (harp)"
Osvaldo Fresedo,Osvaldo Fresedo y su Típica ,11/16/1939,Poliya,Tango,Instrumental,Victor,78rpm,Pascual Storti,,,39-45 / Scalise Piano,"Eduardo ""Lalo"" Scalise","Hugo Baralis, De Luca (drums / vibraphone)","Luis Petrucelli, Pascual Storti, Ulderico Panella","Víctor Felice, José Lorito, Pedro Desrets, Mario Perini, Do Reis (viola), Francisco Gianneo (cello), Nélida Gianneo (harp)"
Osvaldo Fresedo,Osvaldo Fresedo y su Típica ,11/23/1939,Si El Corazón Supiera,Tango,Carlos Mayel,Victor,78rpm,Cayetano Puglisi,Héctor Marcó,,33-39 / Rituzzi Piano,José María Rizzuti,"Alfredo Corletto, De Lucca (drums / vibraphone)","Pascual Storti, Luis Petrucelli","Adolfo Muzzi, Pedro Desrets, José Lorito, Mario Perini, Charles Wimer (guitar), Nélida Gianneo (harp)"
Osvaldo Fresedo,Osvaldo Fresedo y su Típica ,11/23/1939,Vida Querida,Tango,Ricardo Ruiz,Victor,78rpm,Eduardo Scalise,Juan Thorry,,33-39 / Rituzzi Piano,José María Rizzuti,"Alfredo Corletto, De Lucca (drums / vibraphone)","Pascual Storti, Luis Petrucelli","Adolfo Muzzi, Pedro Desrets, José Lorito, Mario Perini, Charles Wimer (guitar), Nélida Gianneo (harp)"
 Osvaldo Fresedo , Osvaldo Fresedo y su Gran Orquesta Argentina ,"16,434.00", Vida Mía , Tango , Oscar Serpa , Victor , 78rpm , Osvaldo Fresedo , Emilio Fresedo ,, 39-45 / Scalise Piano ,"Eduardo ""Lalo"" Scalise","Hugo Baralis, De Lucca (drums)","Pascual Storti, Ulderico Panella","Víctor Felice, Pedro Desrets, José Lorito, Mario Perini, Elvino Vardaro, Do Reis (viola), Francisco Gianneo (cello), Nélida Gianneo (harp)"
 Osvaldo Fresedo , Osvaldo Fresedo y su Gran Orquesta Argentina ,"16,643.00", Vida Mía , Tango , Pedro Vargas , Victor , 78rpm , Osvaldo Fresedo , Emilio Fresedo ,, 45-48 / Barbado Piano , Emilio Barbato ," Raúl Muñoz, De Lucca (drums) ", Ángel Ramos - Félix Lipesker - Anselmo Esmella ," Elvino Vardaro, Simón Blech, Antonio Casanova , Augusto Frediers, Nerón Ferrazzano (cello), Nélida Gianneo (harp) "
Osvaldo Fresedo,Osvaldo Fresedo y su Típica ,4/20/1940,Esta Noche,Tango,Carlos Mayel,Victor,78rpm,Carlos Marcucci,Lito Bayardo,,39-45 / Scalise Piano,"Eduardo ""Lalo"" Scalise","Hugo Baralis, De Lucca (drums)","Pascual Storti, Luis Petrucelli, Ulderico Panella","Víctor Felice, Pedro Desrets, José Lorito, Mario Perini, Charles Wimer (guitar), Do Reis (viola), Francisco Gianneo (cello), Nélida Gianneo (harp)"
Osvaldo Fresedo,Osvaldo Fresedo y su Típica ,4/20/1940,Plegaria,Tango,Ricardo Ruiz,Victor,78rpm,Eduardo Bianco,,,39-45 / Scalise Piano,"Eduardo ""Lalo"" Scalise","Hugo Baralis, De Lucca (drums)","Pascual Storti, Luis Petrucelli, Ulderico Panella","Víctor Felice, Pedro Desrets, José Lorito, Mario Perini, Charles Wimer (guitar), Do Reis (viola), Francisco Gianneo (cello), Nélida Gianneo (harp)"
Osvaldo Fresedo,Osvaldo Fresedo y su Típica ,9/13/1940,Alas,Tango,Ricardo Ruiz,Victor,78rpm,Vicente Demarco,Alfredo Roldán,,39-45 / Scalise Piano,"Eduardo ""Lalo"" Scalise","Hugo Baralis, De Lucca (drums)","Pascual Storti, Luis Petrucelli, Ulderico Panella","Víctor Felice, Pedro Desrets, José Lorito, Mario Perini, Charles Wimer (guitar), Do Reis (viola), Francisco Gianneo (cello), Nélida Gianneo (harp)"
Osvaldo Fresedo,Osvaldo Fresedo y su Típica ,9/13/1940,Es Costumbre O Es Cariño?,Tango,Carlos Mayel,Victor,78rpm,Luis Petrucelli; Enrique Cadicamo,,,39-45 / Scalise Piano,"Eduardo ""Lalo"" Scalise","Hugo Baralis, De Lucca (drums)","Pascual Storti, Luis Petrucelli, Ulderico Panella","Víctor Felice, Pedro Desrets, José Lorito, Mario Perini, Charles Wimer (guitar), Do Reis (viola), Francisco Gianneo (cello), Nélida Gianneo (harp)"
Osvaldo Fresedo,Osvaldo Fresedo y su Típica ,9/13/1940,Nidito Azul,Tango,Carlos Mayel,Victor,78rpm,Pascual Biafore,,,39-45 / Scalise Piano,"Eduardo ""Lalo"" Scalise","Hugo Baralis, De Lucca (drums)","Pascual Storti, Luis Petrucelli, Ulderico Panella","Víctor Felice, Pedro Desrets, José Lorito, Mario Perini, Charles Wimer (guitar), Do Reis (viola), Francisco Gianneo (cello), Nélida Gianneo (harp)"
Osvaldo Fresedo,Osvaldo Fresedo y su Típica ,9/13/1940,Un Amor,Tango,Ricardo Ruiz,Victor,78rpm,Mario Maurano; Alfredo Malerba,Luis Rubistein,,39-45 / Scalise Piano,"Eduardo ""Lalo"" Scalise","Hugo Baralis, De Lucca (drums)","Pascual Storti, Luis Petrucelli, Ulderico Panella","Víctor Felice, Pedro Desrets, José Lorito, Mario Perini, Charles Wimer (guitar), Do Reis (viola), Francisco Gianneo (cello), Nélida Gianneo (harp)"
Osvaldo Fresedo,Osvaldo Fresedo y su Gran Orquesta Argentina,1/13/1941,En Este Rincón Amigo,Tango,Ricardo Ruiz,Victor,78rpm,Raimundo Grasso,José Contursi,,39-45 / Scalise Piano,"Eduardo ""Lalo"" Scalise","Hugo Baralis, De Lucca (drums)","Pascual Storti, Héctor Artola, Federico Scorticatti","Víctor Felice, Pedro Desrets, José Lorito, Mario Perini, Elvino Vardaro, Charles Wimer (guitar), Do Reis (viola), Francisco Gianneo (cello), Nélida Gianneo (harp)"
Osvaldo Fresedo,Osvaldo Fresedo y su Gran Orquesta Argentina,1/13/1941,Llamada De Amor Porteño,Tango,Carlos Mayel,Victor,78rpm,Adolfo Ortiz,Juan Pueblito,,39-45 / Scalise Piano,"Eduardo ""Lalo"" Scalise","Hugo Baralis, De Lucca (drums)","Pascual Storti, Héctor Artola, Federico Scorticatti","Víctor Felice, Pedro Desrets, José Lorito, Mario Perini, Elvino Vardaro, Charles Wimer (guitar), Do Reis (viola), Francisco Gianneo (cello), Nélida Gianneo (harp)"
Osvaldo Fresedo,Osvaldo Fresedo y su Gran Orquesta Argentina,5/13/1941,Sólo Tú,Tango,Ricardo Ruiz,Victor,78rpm,Pascual Storti,José Contursi,,39-45 / Scalise Piano,"Eduardo ""Lalo"" Scalise","Hugo Baralis, De Lucca (drums)","Pascual Storti, Héctor Artola, Federico Scorticatti","Víctor Felice, Pedro Desrets, José Lorito, Mario Perini, Elvino Vardaro, Charles Wimer (guitar), Do Reis (viola), Francisco Gianneo (cello), Nélida Gianneo (harp)"
Osvaldo Fresedo,Osvaldo Fresedo y su Gran Orquesta Argentina,5/13/1941,Tres Recuerdos,Vals,Ricardo Ruiz,Victor,78rpm,Manuel Romero,Rodolfo Sciammarella,,39-45 / Scalise Piano,"Eduardo ""Lalo"" Scalise","Hugo Baralis, De Lucca (drums)","Pascual Storti, Héctor Artola, Federico Scorticatti","Víctor Felice, Pedro Desrets, José Lorito, Mario Perini, Elvino Vardaro, Charles Wimer (guitar), Do Reis (viola), Francisco Gianneo (cello), Nélida Gianneo (harp)"
Osvaldo Fresedo,Osvaldo Fresedo y su Gran Orquesta Argentina,6/19/1941,Después De Carnaval,Tango,Ricardo Ruiz,Victor,78rpm,José Amuschástegui Keen,José Amuschástegui Keen,,39-45 / Scalise Piano,"Eduardo ""Lalo"" Scalise","Hugo Baralis, De Lucca (drums)","Pascual Storti, Héctor Artola, Federico Scorticatti","Víctor Felice, Pedro Desrets, José Lorito, Mario Perini, Elvino Vardaro, Charles Wimer (guitar), Do Reis (viola), Francisco Gianneo (cello), Nélida Gianneo (harp)"
Osvaldo Fresedo,Osvaldo Fresedo y su Gran Orquesta Argentina,6/19/1941,Mariposita,Tango,Instrumental,Victor,78rpm,Anselmo Aieta,Francisco García Jiménez,,39-45 / Scalise Piano,"Eduardo ""Lalo"" Scalise","Hugo Baralis, De Lucca (drums)","Pascual Storti, Héctor Artola, Federico Scorticatti","Víctor Felice, Pedro Desrets, José Lorito, Mario Perini, Elvino Vardaro, Charles Wimer (guitar), Do Reis (viola), Francisco Gianneo (cello), Nélida Gianneo (harp)"
Osvaldo Fresedo,Osvaldo Fresedo y su Gran Orquesta Argentina,7/10/1941,Juancito El Vendedor,Tango,Ricardo Ruiz,Victor,78rpm,Ubirajara Nesdan; Lew Brown,Laurindo de Almeida,,39-45 / Scalise Piano,"Eduardo ""Lalo"" Scalise","Hugo Baralis, De Lucca (drums)","Pascual Storti, Héctor Artola, Federico Scorticatti","Víctor Felice, Pedro Desrets, José Lorito, Mario Perini, Elvino Vardaro, Charles Wimer (guitar), Do Reis (viola), Francisco Gianneo (cello), Nélida Gianneo (harp)"
Osvaldo Fresedo,Osvaldo Fresedo y su Gran Orquesta Argentina,7/10/1941,"Vamos, Corazón",Tango,Ricardo Ruiz,Victor,78rpm,Juan Guichandut; Carlos Bahr,Fidel Pintos,,39-45 / Scalise Piano,"Eduardo ""Lalo"" Scalise","Hugo Baralis, De Lucca (drums)","Pascual Storti, Héctor Artola, Federico Scorticatti","Víctor Felice, Pedro Desrets, José Lorito, Mario Perini, Elvino Vardaro, Charles Wimer (guitar), Do Reis (viola), Francisco Gianneo (cello), Nélida Gianneo (harp)"
Osvaldo Fresedo,Osvaldo Fresedo y su Gran Orquesta Argentina,8/12/1941,Camino,Tango,Carlos Mayel,Victor,78rpm,Vicente Demarco,Alfredo Roldán,,39-45 / Scalise Piano,"Eduardo ""Lalo"" Scalise","Hugo Baralis, De Lucca (drums)","Pascual Storti, Héctor Artola, Federico Scorticatti","Víctor Felice, Pedro Desrets, José Lorito, Mario Perini, Elvino Vardaro, Do Reis (viola), Francisco Gianneo (cello), Nélida Gianneo (harp)"
Osvaldo Fresedo,Osvaldo Fresedo y su Gran Orquesta Argentina,8/12/1941,Una Vez En La Vida,Tango,Ricardo Ruiz,Victor,78rpm,Alfredo Malerba; Mario Maurano; Homero Manzi,Homero Manzi,,39-45 / Scalise Piano,"Eduardo ""Lalo"" Scalise","Hugo Baralis, De Lucca (drums)","Pascual Storti, Héctor Artola, Federico Scorticatti","Víctor Felice, Pedro Desrets, José Lorito, Mario Perini, Elvino Vardaro, Do Reis (viola), Francisco Gianneo (cello), Nélida Gianneo (harp)"
Osvaldo Fresedo,Osvaldo Fresedo y su Gran Orquesta Argentina,9/17/1941,Marcas!,Tango,Carlos Mayel,Victor,78rpm,Héctor Artola,Carlos Bahr,,39-45 / Scalise Piano,"Eduardo ""Lalo"" Scalise","Hugo Baralis, De Lucca (drums)","Pascual Storti, Héctor Artola, Federico Scorticatti","Víctor Felice, Pedro Desrets, José Lorito, Mario Perini, Elvino Vardaro, Do Reis (viola), Francisco Gianneo (cello), Nélida Gianneo (harp)"
Osvaldo Fresedo,Osvaldo Fresedo y su Gran Orquesta Argentina,10/10/1941,Hablemos Claramente,Tango,Ricardo Ruiz,Victor,78rpm,Osvaldo Fresedo,Francisco Loicano,,39-45 / Scalise Piano,"Eduardo ""Lalo"" Scalise","Hugo Baralis, De Lucca (drums)","Pascual Storti, Héctor Artola, Federico Scorticatti","Víctor Felice, Pedro Desrets, José Lorito, Mario Perini, Elvino Vardaro, Do Reis (viola), Francisco Gianneo (cello), Nélida Gianneo (harp)"
Osvaldo Fresedo,Osvaldo Fresedo y su Gran Orquesta Argentina,10/10/1941,Negra María,Milonga,Carlos Roldan,Victor,78rpm,Lucio Demare,Homero Manzi,,39-45 / Scalise Piano,"Eduardo ""Lalo"" Scalise","Hugo Baralis, De Lucca (drums)","Pascual Storti, Héctor Artola, Federico Scorticatti","Víctor Felice, Pedro Desrets, José Lorito, Mario Perini, Elvino Vardaro, Do Reis (viola), Francisco Gianneo (cello), Nélida Gianneo (harp)"
Osvaldo Fresedo,Osvaldo Fresedo y su Gran Orquesta Argentina,11/17/1941,No Preciso,Tango,Ricardo Ruiz,Victor,78rpm,Luis Mottoesse,José Sassone,,39-45 / Scalise Piano,"Eduardo ""Lalo"" Scalise","Hugo Baralis, De Lucca (drums)","Pascual Storti, Héctor Artola, Federico Scorticatti","Víctor Felice, Pedro Desrets, José Lorito, Mario Perini, Elvino Vardaro, Do Reis (viola), Francisco Gianneo (cello), Nélida Gianneo (harp)"
Osvaldo Fresedo,Osvaldo Fresedo y su Gran Orquesta Argentina,11/17/1941,Vacilación,Tango,Ricardo Ruiz,Victor,78rpm,Rafael Iriarte; A. Molina,R. de Prisco,,39-45 / Scalise Piano,"Eduardo ""Lalo"" Scalise","Hugo Baralis, De Lucca (drums)","Pascual Storti, Héctor Artola, Federico Scorticatti","Víctor Felice, Pedro Desrets, José Lorito, Mario Perini, Elvino Vardaro, Do Reis (viola), Francisco Gianneo (cello), Nélida Gianneo (harp)"
Osvaldo Fresedo,Osvaldo Fresedo y su Gran Orquesta Argentina,12/30/1941,Buscándote,Tango,Ricardo Ruiz,Victor,78rpm,Eduardo Scalise,,,39-45 / Scalise Piano,"Eduardo ""Lalo"" Scalise","Hugo Baralis, De Lucca (drums)","Pascual Storti, Héctor Artola, Federico Scorticatti","Víctor Felice, Pedro Desrets, José Lorito, Mario Perini, Elvino Vardaro, Do Reis (viola), Francisco Gianneo (cello), Nélida Gianneo (harp)"
Osvaldo Fresedo,Osvaldo Fresedo y su Gran Orquesta Argentina,12/30/1941,Derecho Viejo,Tango,Instrumental,Victor,78rpm,Eduardo Arolas,,,39-45 / Scalise Piano,"Eduardo ""Lalo"" Scalise","Hugo Baralis, De Lucca (drums)","Pascual Storti, Héctor Artola, Federico Scorticatti","Víctor Felice, Pedro Desrets, José Lorito, Mario Perini, Elvino Vardaro, Do Reis (viola), Francisco Gianneo (cello), Nélida Gianneo (harp)"
Osvaldo Fresedo,Osvaldo Fresedo y su Gran Orquesta Argentina,5/13/1942,Mi Noche Triste,Tango,Oscar Serpa,Victor,78rpm,Samuel Castriota,Pascual Contursi,,39-45 / Scalise Piano,"Eduardo ""Lalo"" Scalise","Hugo Baralis, De Lucca (drums)","Pascual Storti, Héctor Artola, Federico Scorticatti","Víctor Felice, Pedro Desrets, José Lorito, Mario Perini, Elvino Vardaro, Do Reis (viola), Francisco Gianneo (cello), Nélida Gianneo (harp)"
Osvaldo Fresedo,Osvaldo Fresedo y su Gran Orquesta Argentina,5/13/1942,Si De Mí Te Has Olvidado,Tango,Oscar Serpa,Victor,78rpm,Osvaldo Fresedo,José Contursi,,39-45 / Scalise Piano,"Eduardo ""Lalo"" Scalise","Hugo Baralis, De Lucca (drums)","Pascual Storti, Héctor Artola, Federico Scorticatti","Víctor Felice, Pedro Desrets, José Lorito, Mario Perini, Elvino Vardaro, Do Reis (viola), Francisco Gianneo (cello), Nélida Gianneo (harp)"
Osvaldo Fresedo,Osvaldo Fresedo y su Gran Orquesta Argentina,6/9/1942,Ayer,Milonga,Oscar Serpa,Victor,78rpm,Arturo de Bassi,Homero Manzi,,39-45 / Scalise Piano,"Eduardo ""Lalo"" Scalise","Hugo Baralis, De Lucca (drums)","Pascual Storti, Héctor Artola, Federico Scorticatti","Víctor Felice, Pedro Desrets, José Lorito, Mario Perini, Elvino Vardaro, Do Reis (viola), Francisco Gianneo (cello), Nélida Gianneo (harp)"
 Osvaldo Fresedo , Osvaldo Fresedo y su Gran Orquesta Argentina ,"16,754.00", El Once , Tango , Instrumental , Victor , 78rpm , Osvaldo Fresedo , Emilio Fresedo ,, 45-48 / Barbado Piano , Emilio Barbato ," Raúl Muñoz, De Lucca (drums) ", Ángel Ramos - Félix Lipesker - Anselmo Esmella ," Elvino Vardaro, Simón Blech, Antonio Casanova , Augusto Frediers, Nerón Ferrazzano (cello), Nélida Gianneo (harp) "
Osvaldo Fresedo,Osvaldo Fresedo y su Gran Orquesta Argentina,7/17/1942,Manón,Tango,Oscar Serpa,Victor,78rpm,Arturo de Bassi,Antonio Podestá,,39-45 / Scalise Piano,"Eduardo ""Lalo"" Scalise","Hugo Baralis, De Lucca (drums)","Pascual Storti, Héctor Artola, Federico Scorticatti","Víctor Felice, Pedro Desrets, José Lorito, Mario Perini, Elvino Vardaro, Do Reis (viola), Francisco Gianneo (cello), Nélida Gianneo (harp)"
Osvaldo Fresedo,Osvaldo Fresedo y su Gran Orquesta Argentina,7/17/1942,Muchacha,Vals,Oscar Serpa,Victor,78rpm,Félix Lipesker,Homero Manzi,,39-45 / Scalise Piano,"Eduardo ""Lalo"" Scalise","Hugo Baralis, De Lucca (drums)","Pascual Storti, Héctor Artola, Federico Scorticatti","Víctor Felice, Pedro Desrets, José Lorito, Mario Perini, Elvino Vardaro, Do Reis (viola), Francisco Gianneo (cello), Nélida Gianneo (harp)"
Osvaldo Fresedo,Osvaldo Fresedo y su Gran Orquesta Argentina,8/7/1942,Barrio Porteño,Tango,Oscar Serpa,Victor,78rpm,Ernesto de la Cruz,Héctor Domattei,,39-45 / Scalise Piano,"Eduardo ""Lalo"" Scalise","Hugo Baralis, De Lucca (drums)","Pascual Storti, Héctor Artola, Federico Scorticatti","Víctor Felice, Pedro Desrets, José Lorito, Mario Perini, Elvino Vardaro, Do Reis (viola), Francisco Gianneo (cello), Nélida Gianneo (harp)"
Osvaldo Fresedo,Osvaldo Fresedo y su Gran Orquesta Argentina,8/7/1942,Sin Rabia Y Sin Pena,Tango,Oscar Serpa,Victor,78rpm,Antonio Rodio,Luis Rubistein,,39-45 / Scalise Piano,"Eduardo ""Lalo"" Scalise","Hugo Baralis, De Lucca (drums)","Pascual Storti, Héctor Artola, Federico Scorticatti","Víctor Felice, Pedro Desrets, José Lorito, Mario Perini, Elvino Vardaro, Do Reis (viola), Francisco Gianneo (cello), Nélida Gianneo (harp)"
Osvaldo Fresedo,Osvaldo Fresedo y su Gran Orquesta Argentina,9/4/1942,Rodríguez Peña,Tango,Instrumental,Victor,78rpm,Vicente Greco,,,39-45 / Scalise Piano,"Eduardo ""Lalo"" Scalise","Hugo Baralis, De Lucca (drums)","Pascual Storti, Héctor Artola, Federico Scorticatti","Víctor Felice, Pedro Desrets, José Lorito, Mario Perini, Elvino Vardaro, Do Reis (viola), Francisco Gianneo (cello), Nélida Gianneo (harp)"
Osvaldo Fresedo,Osvaldo Fresedo y su Gran Orquesta Argentina,9/4/1942,Tortazos,Milonga,Oscar Serpa,Victor,78rpm,José Razzano,Enrique Moroni,,39-45 / Scalise Piano,"Eduardo ""Lalo"" Scalise","Hugo Baralis, De Lucca (drums)","Pascual Storti, Héctor Artola, Federico Scorticatti","Víctor Felice, Pedro Desrets, José Lorito, Mario Perini, Elvino Vardaro, Do Reis (viola), Francisco Gianneo (cello), Nélida Gianneo (harp)"
Osvaldo Fresedo,Osvaldo Fresedo y su Gran Orquesta Argentina,9/18/1942,Tango Gris,Tango,Oscar Serpa,Victor,78rpm,Enrique Cadícamo,Rosendo Luna,,39-45 / Scalise Piano,"Eduardo ""Lalo"" Scalise","Hugo Baralis, De Lucca (drums)","Pascual Storti, Héctor Artola, Federico Scorticatti","Víctor Felice, Pedro Desrets, José Lorito, Mario Perini, Elvino Vardaro, Do Reis (viola), Francisco Gianneo (cello), Nélida Gianneo (harp)"
Osvaldo Fresedo,Osvaldo Fresedo y su Gran Orquesta Argentina,10/23/1942,"Adiós, Adiós, Corazón",Tango,Oscar Serpa,Victor,78rpm,Emilio Barbato,Félix Lipesker,,39-45 / Scalise Piano,"Eduardo ""Lalo"" Scalise","Hugo Baralis, De Lucca (drums)","Pascual Storti, Héctor Artola, Federico Scorticatti","Víctor Felice, Pedro Desrets, José Lorito, Mario Perini, Elvino Vardaro, Do Reis (viola), Francisco Gianneo (cello), Nélida Gianneo (harp)"
Osvaldo Fresedo,Osvaldo Fresedo y su Gran Orquesta Argentina,10/23/1942,Bandoneón Amigo,Tango,Oscar Serpa,Victor,78rpm,Osvaldo Fresedo,Homero Manzi,,39-45 / Scalise Piano,"Eduardo ""Lalo"" Scalise","Hugo Baralis, De Lucca (drums)","Pascual Storti, Héctor Artola, Federico Scorticatti","Víctor Felice, Pedro Desrets, José Lorito, Mario Perini, Elvino Vardaro, Do Reis (viola), Francisco Gianneo (cello), Nélida Gianneo (harp)"
Osvaldo Fresedo,Osvaldo Fresedo y su Gran Orquesta Argentina,11/12/1942,Mi Desventura,Tango,Oscar Serpa,Victor,78rpm,Orestes Cúffaro,Washington Buaso-Lépori,,39-45 / Scalise Piano,"Eduardo ""Lalo"" Scalise","Hugo Baralis, De Lucca (drums)","Pascual Storti, Héctor Artola, Federico Scorticatti","Víctor Felice, Pedro Desrets, José Lorito, Mario Perini, Elvino Vardaro, Do Reis (viola), Francisco Gianneo (cello), Nélida Gianneo (harp)"
Osvaldo Fresedo,Osvaldo Fresedo y su Gran Orquesta Argentina,11/12/1942,Ronda De Ases,Tango,Oscar Serpa,Victor,78rpm,Osvaldo Fresedo,Homero Manzi,,39-45 / Scalise Piano,"Eduardo ""Lalo"" Scalise","Hugo Baralis, De Lucca (drums)","Pascual Storti, Héctor Artola, Federico Scorticatti","Víctor Felice, Pedro Desrets, José Lorito, Mario Perini, Elvino Vardaro, Do Reis (viola), Francisco Gianneo (cello), Nélida Gianneo (harp)"
Osvaldo Fresedo,Osvaldo Fresedo y su Gran Orquesta Argentina,11/27/1942,Gitana Rusa,Tango,Oscar Serpa,Victor,78rpm,Juan Sánchez Gorio,Horacio Sanguinetti,,39-45 / Scalise Piano,"Eduardo ""Lalo"" Scalise","Hugo Baralis, De Lucca (drums)","Pascual Storti, Héctor Artola, Federico Scorticatti","Víctor Felice, Pedro Desrets, José Lorito, Mario Perini, Elvino Vardaro, Do Reis (viola), Francisco Gianneo (cello), Nélida Gianneo (harp)"
Osvaldo Fresedo,Osvaldo Fresedo y su Gran Orquesta Argentina,11/27/1942,Te Llama Mi Violín,Tango,Oscar Serpa,Victor,78rpm,Elviro Vardaro,Cátulo Castillo,,39-45 / Scalise Piano,"Eduardo ""Lalo"" Scalise","Hugo Baralis, De Lucca (drums)","Pascual Storti, Héctor Artola, Federico Scorticatti","Víctor Felice, Pedro Desrets, José Lorito, Mario Perini, Elvino Vardaro, Do Reis (viola), Francisco Gianneo (cello), Nélida Gianneo (harp)"
 Osvaldo Fresedo , Osvaldo Fresedo y su Gran Orquesta Argentina ,"17,734.00", Volverás , Tango , Osvaldo Cordó , Victor , 78rpm , Osvaldo Fresedo , Emilio Fresedo ,, 45-48 / Barbado Piano , Emilio Barbato ," Raúl Muñoz, De Lucca (drums / vibraphone) "," Mariano Rodas, Julio Ahumada - Hamlet Calise "," Domingo Varela Conte, Antonio Casanova, José Amatriain, Oberti "
 Osvaldo Fresedo , Osvaldo Fresedo y su Gran Orquesta Argentina ,"19,227.00", Vida Mía , Tango , Héctor Pacheco , Columbia , ? , Osvaldo Fresedo , Emilio Fresedo ,, 50-52 / Columbia Records ,Eduardo “Lalo” Scalise,Raúl Muñoz,"Roberto Pansera, Mariano Rodas, Américo Caggiano","Domingo Varela Conte, Pedro Lopérfido, José Amatriain, Antonio Casanova, Ángel Bodas, Enrique Bourguet (cello)"
Osvaldo Fresedo,Osvaldo Fresedo y su Gran Orquesta Argentina,1/26/1943,El Día De Tu Ausencia,Tango,Oscar Serpa,Victor,78rpm,Argentino Galván,Manuel Arcos,,39-45 / Scalise Piano,"Eduardo ""Lalo"" Scalise","Hugo Baralis, De Lucca (drums)","Pascual Storti, Ulderico Panella","Víctor Felice, Pedro Desrets, José Lorito, Mario Perini, Elvino Vardaro, Do Reis (viola), Francisco Gianneo (cello), Nélida Gianneo (harp)"
Osvaldo Fresedo,Osvaldo Fresedo y su Gran Orquesta Argentina,4/9/1943,Este Viejo Corazón,Tango,Oscar Serpa,Victor,78rpm,Emilio Barbato,Félix Lipesker; José Contursi,,39-45 / Scalise Piano,"Eduardo ""Lalo"" Scalise","Hugo Baralis, De Lucca (drums)","Pascual Storti, Ulderico Panella","Víctor Felice, Pedro Desrets, José Lorito, Mario Perini, Elvino Vardaro, Do Reis (viola), Francisco Gianneo (cello), Nélida Gianneo (harp)"
Osvaldo Fresedo,Osvaldo Fresedo y su Gran Orquesta Argentina,4/9/1943,Fuí Testigo,Tango,Oscar Serpa,Victor,78rpm,Julián Ortiz,Venancio Clauso,,39-45 / Scalise Piano,"Eduardo ""Lalo"" Scalise","Hugo Baralis, De Lucca (drums)","Pascual Storti, Ulderico Panella","Víctor Felice, Pedro Desrets, José Lorito, Mario Perini, Elvino Vardaro, Do Reis (viola), Francisco Gianneo (cello), Nélida Gianneo (harp)"
Osvaldo Fresedo,Osvaldo Fresedo y su Gran Orquesta Argentina,5/6/1943,Partir Lejos,Tango,Oscar Serpa,Victor,78rpm,Rodolfo Sciammarella,Manuel Romero,,39-45 / Scalise Piano,"Eduardo ""Lalo"" Scalise","Hugo Baralis, De Lucca (drums)","Pascual Storti, Ulderico Panella","Víctor Felice, Pedro Desrets, José Lorito, Mario Perini, Elvino Vardaro, Do Reis (viola), Francisco Gianneo (cello), Nélida Gianneo (harp)"
Osvaldo Fresedo,Osvaldo Fresedo y su Gran Orquesta Argentina,5/6/1943,Pastelera,Milonga,Oscar Serpa,Victor,78rpm,Sebastián Piana,Cátulo Castillo,,39-45 / Scalise Piano,"Eduardo ""Lalo"" Scalise","Hugo Baralis, De Lucca (drums)","Pascual Storti, Ulderico Panella","Víctor Felice, Pedro Desrets, José Lorito, Mario Perini, Elvino Vardaro, Do Reis (viola), Francisco Gianneo (cello), Nélida Gianneo (harp)"
 Osvaldo Fresedo , Osvaldo Fresedo y su Gran Orquesta Argentina ,"19,255.00", Sollozos , Tango , Héctor Pacheco , Columbia , ? , Osvaldo Fresedo , Emilio Fresedo ,, 50-52 / Columbia Records ,Eduardo “Lalo” Scalise,Raúl Muñoz,"Roberto Pansera, Mariano Rodas, Américo Caggiano","Domingo Varela Conte, Pedro Lopérfido, José Amatriain, Antonio Casanova, Ángel Bodas, Enrique Bourguet (cello)"
Osvaldo Fresedo,Osvaldo Fresedo y su Gran Orquesta Argentina,6/28/1943,Jamás Retornarás,Tango,Oscar Serpa,Victor,78rpm,Miguel Caló,Osmar Maderna,,39-45 / Scalise Piano,"Eduardo ""Lalo"" Scalise","Hugo Baralis, De Lucca (drums)","Pascual Storti, Ulderico Panella","Víctor Felice, Pedro Desrets, José Lorito, Mario Perini, Elvino Vardaro, Do Reis (viola), Francisco Gianneo (cello), Nélida Gianneo (harp)"
Osvaldo Fresedo,Osvaldo Fresedo y su Gran Orquesta Argentina,6/28/1943,La Cumparsita,Tango,Instrumental,Victor,78rpm,Gerardo Matos Rodríguez,,,39-45 / Scalise Piano,"Eduardo ""Lalo"" Scalise","Hugo Baralis, De Lucca (drums)","Pascual Storti, Ulderico Panella","Víctor Felice, Pedro Desrets, José Lorito, Mario Perini, Elvino Vardaro, Do Reis (viola), Francisco Gianneo (cello), Nélida Gianneo (harp)"
Osvaldo Fresedo,Osvaldo Fresedo y su Gran Orquesta Argentina,6/28/1943,La Rumbita Candombé,Milonga,Oscar Serpa,Victor,78rpm,O. Novarro; Raúl Fortunato,Mario Battistella,,39-45 / Scalise Piano,"Eduardo ""Lalo"" Scalise","Hugo Baralis, De Lucca (drums)","Pascual Storti, Ulderico Panella","Víctor Felice, Pedro Desrets, José Lorito, Mario Perini, Elvino Vardaro, Do Reis (viola), Francisco Gianneo (cello), Nélida Gianneo (harp)"
Osvaldo Fresedo,Osvaldo Fresedo y su Gran Orquesta Argentina,8/25/1943,Al Cerrar Los Ojos,Tango,Oscar Serpa,Victor,78rpm,Manuel Buzón,César Vedani,,39-45 / Scalise Piano,"Eduardo ""Lalo"" Scalise","Hugo Baralis, De Lucca (drums)","Pascual Storti, Ulderico Panella","Víctor Felice, Pedro Desrets, José Lorito, Mario Perini, Elvino Vardaro, Do Reis (viola), Francisco Gianneo (cello), Nélida Gianneo (harp)"
Osvaldo Fresedo,Osvaldo Fresedo y su Gran Orquesta Argentina,8/25/1943,Nuestra Casita,Tango,Oscar Serpa,Victor,78rpm,Francisco Mitjana Corney; Alberto Castellanos,Francisco Mitjana Corney; Alberto Castellanos,,39-45 / Scalise Piano,"Eduardo ""Lalo"" Scalise","Hugo Baralis, De Lucca (drums)","Pascual Storti, Ulderico Panella","Víctor Felice, Pedro Desrets, José Lorito, Mario Perini, Elvino Vardaro, Do Reis (viola), Francisco Gianneo (cello), Nélida Gianneo (harp)"
Osvaldo Fresedo,Osvaldo Fresedo y su Gran Orquesta Argentina,11/12/1943,Cosas Viejas,Tango,Oscar Serpa,Victor,78rpm,Tito Ribero,Carlos Waiss,,39-45 / Scalise Piano,"Eduardo ""Lalo"" Scalise","Hugo Baralis, De Lucca (drums)","Pascual Storti, Ulderico Panella","Víctor Felice, Pedro Desrets, José Lorito, Mario Perini, Elvino Vardaro, Do Reis (viola), Francisco Gianneo (cello), Nélida Gianneo (harp)"
Osvaldo Fresedo,Osvaldo Fresedo y su Gran Orquesta Argentina,11/12/1943,El Irresistible,Tango,Instrumental,Victor,78rpm,Lorenzo Logatti,,,39-45 / Scalise Piano,"Eduardo ""Lalo"" Scalise","Hugo Baralis, De Lucca (drums)","Pascual Storti, Ulderico Panella","Víctor Felice, Pedro Desrets, José Lorito, Mario Perini, Elvino Vardaro, Do Reis (viola), Francisco Gianneo (cello), Nélida Gianneo (harp)"
Osvaldo Fresedo,Osvaldo Fresedo y su Gran Orquesta Argentina,12/1/1943,Mañana Iré Temprano,Tango,Oscar Serpa,Victor,78rpm,Enrique Francini,Carlos Bahr,,39-45 / Scalise Piano,"Eduardo ""Lalo"" Scalise","Hugo Baralis, De Lucca (drums)","Pascual Storti, Ulderico Panella","Víctor Felice, Pedro Desrets, José Lorito, Mario Perini, Elvino Vardaro, Do Reis (viola), Francisco Gianneo (cello), Nélida Gianneo (harp)"
Osvaldo Fresedo,Osvaldo Fresedo y su Gran Orquesta Argentina,12/1/1943,Uno,Tango,Oscar Serpa,Victor,78rpm,Mariano Mores,Enrique Discépolo,,39-45 / Scalise Piano,"Eduardo ""Lalo"" Scalise","Hugo Baralis, De Lucca (drums)","Pascual Storti, Ulderico Panella","Víctor Felice, Pedro Desrets, José Lorito, Mario Perini, Elvino Vardaro, Do Reis (viola), Francisco Gianneo (cello), Nélida Gianneo (harp)"
Osvaldo Fresedo,Osvaldo Fresedo y su Gran Orquesta Argentina,3/3/1944,Llegarás Amor,Tango,Oscar Serpa,Victor,78rpm,Vicente Demarco,Mario Molina,,39-45 / Scalise Piano,"Eduardo ""Lalo"" Scalise","Hugo Baralis, De Lucca (drums)","Pascual Storti, Ulderico Panella","Víctor Felice, Pedro Desrets, José Lorito, Mario Perini, Elvino Vardaro, Do Reis (viola), Francisco Gianneo (cello), Nélida Gianneo (harp)"
Osvaldo Fresedo,Osvaldo Fresedo y su Gran Orquesta Argentina,3/3/1944,Milonguita,Tango,Instrumental,Victor,78rpm,Enrique Delfino,Samuel Linning,,39-45 / Scalise Piano,"Eduardo ""Lalo"" Scalise","Hugo Baralis, De Lucca (drums)","Pascual Storti, Ulderico Panella","Víctor Felice, Pedro Desrets, José Lorito, Mario Perini, Elvino Vardaro, Do Reis (viola), Francisco Gianneo (cello), Nélida Gianneo (harp)"
Osvaldo Fresedo,Osvaldo Fresedo y su Gran Orquesta Argentina,4/26/1944,El Entrerriano,Tango,Instrumental,Victor,78rpm,Rosendo Mendizabal,,,39-45 / Scalise Piano,"Eduardo ""Lalo"" Scalise","Hugo Baralis, De Lucca (drums)","Pascual Storti, Ulderico Panella","Víctor Felice, Pedro Desrets, José Lorito, Mario Perini, Elvino Vardaro, Do Reis (viola), Francisco Gianneo (cello), Nélida Gianneo (harp)"
Osvaldo Fresedo,Osvaldo Fresedo y su Gran Orquesta Argentina,4/26/1944,El Tropero Del Amor,Tango,Oscar Serpa,Victor,78rpm,Teófilo Ibañez,#REF!,,39-45 / Scalise Piano,"Eduardo ""Lalo"" Scalise","Hugo Baralis, De Lucca (drums)","Pascual Storti, Ulderico Panella","Víctor Felice, Pedro Desrets, José Lorito, Mario Perini, Elvino Vardaro, Do Reis (viola), Francisco Gianneo (cello), Nélida Gianneo (harp)"
Osvaldo Fresedo,Osvaldo Fresedo y su Gran Orquesta Argentina,6/15/1944,En Un Rincón,Tango,Oscar Serpa,Victor,78rpm,Héctor Artola,Homero Manzi,,39-45 / Scalise Piano,"Eduardo ""Lalo"" Scalise","Hugo Baralis, De Lucca (drums)","Pascual Storti, Ulderico Panella","Víctor Felice, Pedro Desrets, José Lorito, Mario Perini, Elvino Vardaro, Do Reis (viola), Francisco Gianneo (cello), Nélida Gianneo (harp)"
Osvaldo Fresedo,Osvaldo Fresedo y su Gran Orquesta Argentina,6/15/1944,Sobre El Pucho,Tango,Instrumental,Victor,78rpm,Sebastián Piana,José González Castillo,,39-45 / Scalise Piano,"Eduardo ""Lalo"" Scalise","Hugo Baralis, De Lucca (drums)","Pascual Storti, Ulderico Panella","Víctor Felice, Pedro Desrets, José Lorito, Mario Perini, Elvino Vardaro, Do Reis (viola), Francisco Gianneo (cello), Nélida Gianneo (harp)"
Osvaldo Fresedo,Osvaldo Fresedo y su Gran Orquesta Argentina,6/30/1944,Cristal,Tango,Oscar Serpa,Victor,78rpm,Mariano Mores,José Contursi,,39-45 / Scalise Piano,"Eduardo ""Lalo"" Scalise","Hugo Baralis, De Lucca (drums)","Pascual Storti, Ulderico Panella","Víctor Felice, Pedro Desrets, José Lorito, Mario Perini, Elvino Vardaro, Do Reis (viola), Francisco Gianneo (cello), Nélida Gianneo (harp)"
Osvaldo Fresedo,Osvaldo Fresedo y su Gran Orquesta Argentina,6/30/1944,Naná,Tango,Oscar Serpa,Victor,78rpm,Emilio Barbato,Félix Lipesker; Cátulo Castillo,,39-45 / Scalise Piano,"Eduardo ""Lalo"" Scalise","Hugo Baralis, De Lucca (drums)","Pascual Storti, Ulderico Panella","Víctor Felice, Pedro Desrets, José Lorito, Mario Perini, Elvino Vardaro, Do Reis (viola), Francisco Gianneo (cello), Nélida Gianneo (harp)"
Osvaldo Fresedo,Osvaldo Fresedo y su Gran Orquesta Argentina,7/31/1944,Griseta,Tango,Instrumental,Victor,78rpm,Enrique Delfino,José González Castillo,,39-45 / Scalise Piano,"Eduardo ""Lalo"" Scalise","Hugo Baralis, De Lucca (drums)","Pascual Storti, Ulderico Panella","Víctor Felice, Pedro Desrets, José Lorito, Mario Perini, Elvino Vardaro, Do Reis (viola), Francisco Gianneo (cello), Nélida Gianneo (harp)"
Osvaldo Fresedo,Osvaldo Fresedo y su Gran Orquesta Argentina,7/31/1944,Si Yo Pudiera Comprender,Tango,Oscar Serpa,Victor,78rpm,Miguel Caló,P. Valdez,,39-45 / Scalise Piano,"Eduardo ""Lalo"" Scalise","Hugo Baralis, De Lucca (drums)","Pascual Storti, Ulderico Panella","Víctor Felice, Pedro Desrets, José Lorito, Mario Perini, Elvino Vardaro, Do Reis (viola), Francisco Gianneo (cello), Nélida Gianneo (harp)"
Osvaldo Fresedo,Osvaldo Fresedo y su Gran Orquesta Argentina,11/9/1944,En Cada Puerto Un Amor,Tango,Oscar Serpa,Victor,78rpm,Félix Lipesker,Carlos Bahr,,39-45 / Scalise Piano,"Eduardo ""Lalo"" Scalise","Hugo Baralis, De Lucca (drums)","Pascual Storti, Ulderico Panella","Víctor Felice, Pedro Desrets, José Lorito, Mario Perini, Elvino Vardaro, Do Reis (viola), Francisco Gianneo (cello), Nélida Gianneo (harp)"
Osvaldo Fresedo,Osvaldo Fresedo y su Gran Orquesta Argentina,11/9/1944,Siempre... Siempre,Tango,Oscar Serpa,Victor,78rpm,Haydée Villanueva,Oscar Rubens,,39-45 / Scalise Piano,"Eduardo ""Lalo"" Scalise","Hugo Baralis, De Lucca (drums)","Pascual Storti, Ulderico Panella","Víctor Felice, Pedro Desrets, José Lorito, Mario Perini, Elvino Vardaro, Do Reis (viola), Francisco Gianneo (cello), Nélida Gianneo (harp)"
Osvaldo Fresedo,Osvaldo Fresedo y su Gran Orquesta Argentina,12/28/1944,"Corazón, No Le Digas A Nadie",Tango,Oscar Serpa,Victor,78rpm,Enrique Munné,Luis Castiñeira,,39-45 / Scalise Piano,"Eduardo ""Lalo"" Scalise","Hugo Baralis, De Lucca (drums)","Pascual Storti, Ulderico Panella","Víctor Felice, Pedro Desrets, José Lorito, Mario Perini, Elvino Vardaro, Do Reis (viola), Francisco Gianneo (cello), Nélida Gianneo (harp)"
Osvaldo Fresedo,Osvaldo Fresedo y su Gran Orquesta Argentina,12/28/1944,Fantasma,Tango,Oscar Serpa,Victor,78rpm,Enrique Delfino,Cátulo Castillo,,39-45 / Scalise Piano,"Eduardo ""Lalo"" Scalise","Hugo Baralis, De Lucca (drums)","Pascual Storti, Ulderico Panella","Víctor Felice, Pedro Desrets, José Lorito, Mario Perini, Elvino Vardaro, Do Reis (viola), Francisco Gianneo (cello), Nélida Gianneo (harp)"
Osvaldo Fresedo,Osvaldo Fresedo y su Gran Orquesta Argentina,12/28/1944,Mi Piano,Tango,Oscar Serpa,Victor,78rpm,Emilio Barbato,Lito Bayardo,,39-45 / Scalise Piano,"Eduardo ""Lalo"" Scalise","Hugo Baralis, De Lucca (drums)","Pascual Storti, Ulderico Panella","Víctor Felice, Pedro Desrets, José Lorito, Mario Perini, Elvino Vardaro, Do Reis (viola), Francisco Gianneo (cello), Nélida Gianneo (harp)"
 Osvaldo Fresedo , Osvaldo Fresedo y su Gran Orquesta Argentina ,"19,499.00", El Once , Tango , Instrumental , Odeon , ? , Osvaldo Fresedo , Emilio Fresedo ,, 52-57 Odeon records ,Eduardo “Lalo” Scalise,Raúl Muñoz,"Roberto Pansera, Mariano Rodas, Américo Caggiano","Domingo Varela Conte, Pedro Lopérfido, José Amatriain, Antonio Casanova, Ángel Bodas, Enrique Bourguet (cello)"
Osvaldo Fresedo,Osvaldo Fresedo y su Gran Orquesta Argentina,5/24/1945,"No Me Falles, Corazón",Tango,Oscar Serpa,Victor,78rpm,Osvaldo Fresedo,Manuel Arcos,,45-48 / Barbado Piano,Emilio Barbato,"Raúl Muñoz, De Lucca (drums)",Ángel Ramos - Félix Lipesker - Anselmo Esmella,"Elvino Vardaro, Simón Blech, Antonio Casanova , Augusto Frediers, Nerón Ferrazzano (cello), Nélida Gianneo (harp)"
Osvaldo Fresedo,Osvaldo Fresedo y su Gran Orquesta Argentina,5/24/1945,"No Te Olvides De Mí, Corazón",Tango,Oscar Serpa,Victor,78rpm,Domingo Fabiano,Domingo Fabiano,,45-48 / Barbado Piano,Emilio Barbato,"Raúl Muñoz, De Lucca (drums)",Ángel Ramos - Félix Lipesker - Anselmo Esmella,"Elvino Vardaro, Simón Blech, Antonio Casanova , Augusto Frediers, Nerón Ferrazzano (cello), Nélida Gianneo (harp)"
Osvaldo Fresedo,Osvaldo Fresedo y su Gran Orquesta Argentina,7/25/1945,Capullito,Tango,Pedro Vargas,Victor,78rpm,Fernando López,Roberto Lambertucci,,45-48 / Barbado Piano,Emilio Barbato,"Raúl Muñoz, De Lucca (drums)",Ángel Ramos - Félix Lipesker - Anselmo Esmella,"Elvino Vardaro, Simón Blech, Antonio Casanova , Augusto Frediers, Nerón Ferrazzano (cello), Nélida Gianneo (harp)"
 Osvaldo Fresedo , Osvaldo Fresedo y su Gran Orquesta Argentina ,"20,289.00", Por Qué? , Tango , Instrumental , Odeon , Tape , Osvaldo Fresedo , Emilio Fresedo ,, 52-57 Odeon records ,Eduardo “Lalo” Scalise,Raúl Muñoz,"Roberto Pansera, Mariano Rodas, Américo Caggiano","Domingo Varela Conte, Pedro Lopérfido, José Amatriain, Antonio Casanova, Ángel Bodas, Enrique Bourguet (cello)"
Osvaldo Fresedo,Osvaldo Fresedo y su Gran Orquesta Argentina,8/23/1945,La Mariposa,Tango,Instrumental,Victor,78rpm,Pedro Maffia,Celedonio Flores,,45-48 / Barbado Piano,Emilio Barbato,"Raúl Muñoz, De Lucca (drums)",Ángel Ramos - Félix Lipesker - Anselmo Esmella,"Elvino Vardaro, Simón Blech, Antonio Casanova , Augusto Frediers, Nerón Ferrazzano (cello), Nélida Gianneo (harp)"
Osvaldo Fresedo,Osvaldo Fresedo y su Gran Orquesta Argentina,8/23/1945,Más Allá,Vals,Oscar Serpa,Victor,78rpm,Félix Lipesker,Homero Manzi,,45-48 / Barbado Piano,Emilio Barbato,"Raúl Muñoz, De Lucca (drums)",Ángel Ramos - Félix Lipesker - Anselmo Esmella,"Elvino Vardaro, Simón Blech, Antonio Casanova , Augusto Frediers, Nerón Ferrazzano (cello), Nélida Gianneo (harp)"
Osvaldo Fresedo,Osvaldo Fresedo y su Gran Orquesta Argentina,8/23/1945,Mi Nataí,Tango,Oscar Serpa,Victor,78rpm,Félix Lipesker,Once Jerone,,45-48 / Barbado Piano,Emilio Barbato,"Raúl Muñoz, De Lucca (drums)",Ángel Ramos - Félix Lipesker - Anselmo Esmella,"Elvino Vardaro, Simón Blech, Antonio Casanova , Augusto Frediers, Nerón Ferrazzano (cello), Nélida Gianneo (harp)"
Osvaldo Fresedo,Osvaldo Fresedo y su Gran Orquesta Argentina,8/23/1945,Sol!,Tango,Oscar Serpa,Victor,78rpm,Miguel Nijensohn; J. Niesso,José Suñé,,45-48 / Barbado Piano,Emilio Barbato,"Raúl Muñoz, De Lucca (drums)",Ángel Ramos - Félix Lipesker - Anselmo Esmella,"Elvino Vardaro, Simón Blech, Antonio Casanova , Augusto Frediers, Nerón Ferrazzano (cello), Nélida Gianneo (harp)"
Osvaldo Fresedo,Osvaldo Fresedo y su Gran Orquesta Argentina,11/6/1945,Maleza,Tango,Oscar Serpa,Victor,78rpm,Enrique Munné,Cátulo Castillo,,45-48 / Barbado Piano,Emilio Barbato,"Raúl Muñoz, De Lucca (vibraphone)",Ángel Ramos - Félix Lipesker - Anselmo Esmella,"Elvino Vardaro, Simón Blech, Antonio Casanova , Augusto Frediers, Nerón Ferrazzano (cello), Nélida Gianneo (harp)"
Osvaldo Fresedo,Osvaldo Fresedo y su Gran Orquesta Argentina,11/6/1945,Noches Largas,Tango,Oscar Serpa,Victor,78rpm,Astor Piazzolla,Carlos Bahr,,45-48 / Barbado Piano,Emilio Barbato,"Raúl Muñoz, De Lucca (drums)",Ángel Ramos - Félix Lipesker - Anselmo Esmella,"Elvino Vardaro, Simón Blech, Antonio Casanova , Augusto Frediers, Nerón Ferrazzano (cello), Nélida Gianneo (harp)"
 Osvaldo Fresedo , Osvaldo Fresedo y su Gran Orquesta Argentina ,"20,591.00", Aromas , Tango , Carlos Barrios , Odeon , Tape , Osvaldo Fresedo , Emilio Fresedo ,, 52-57 Odeon records ,Eduardo “Lalo” Scalise,Raúl Muñoz,"Roberto Pansera, Mariano Rodas, Américo Caggiano","Domingo Varela Conte, Pedro Lopérfido, José Amatriain, Antonio Casanova, Ángel Bodas, Enrique Bourguet (cello)"
Osvaldo Fresedo,Osvaldo Fresedo y su Gran Orquesta Argentina,11/13/1945,Libre,Tango,Oscar Serpa,Victor,78rpm,Emilio Barbato,Homero Manzi,,45-48 / Barbado Piano,Emilio Barbato,"Raúl Muñoz, De Lucca (drums)",Ángel Ramos - Félix Lipesker - Anselmo Esmella,"Elvino Vardaro, Simón Blech, Antonio Casanova , Augusto Frediers, Nerón Ferrazzano (cello), Nélida Gianneo (harp)"
Osvaldo Fresedo,Osvaldo Fresedo y su Gran Orquesta Argentina,11/19/1945,Julián,Tango,Instrumental,Victor,78rpm,Edgardo Donato,José Panizza,,45-48 / Barbado Piano,Emilio Barbato,"Raúl Muñoz, De Lucca (drums)",Ángel Ramos - Félix Lipesker - Anselmo Esmella,"Elvino Vardaro, Simón Blech, Antonio Casanova , Augusto Frediers, Nerón Ferrazzano (cello), Nélida Gianneo (harp)"
Osvaldo Fresedo,Osvaldo Fresedo y su Gran Orquesta Argentina,11/19/1945,Por La Cuesta Arriba,Tango,Oscar Serpa,Victor,78rpm,Argentino Galván,Carlos Bahr,,45-48 / Barbado Piano,Emilio Barbato,"Raúl Muñoz, De Lucca (drums)",Ángel Ramos - Félix Lipesker - Anselmo Esmella,"Elvino Vardaro, Simón Blech, Antonio Casanova , Augusto Frediers, Nerón Ferrazzano (cello), Nélida Gianneo (harp)"
Osvaldo Fresedo,Osvaldo Fresedo y su Gran Orquesta Argentina,6/26/1946,Adiós Pampa Mía,Tango,Oscar Serpa,Victor,78rpm,Francisco Canaro; Mariano Mores,Ivo Pelay,,45-48 / Barbado Piano,Emilio Barbato,"Raúl Muñoz, De Lucca (drums)","Ángel Ramos, Julio Ahumada - Hamlet Calise","Domingo Varela Conte, Antonio Casanova, José Amatriain, Oberti, Nerón Ferrazzano (cello), Nélida Gianneo (harp)"
Osvaldo Fresedo,Osvaldo Fresedo y su Gran Orquesta Argentina,6/26/1946,Eras El Amor,Tango,Oscar Serpa,Victor,78rpm,Hugo Gutiérrez,Homero Manzi,,45-48 / Barbado Piano,Emilio Barbato,"Raúl Muñoz, De Lucca (drums)","Ángel Ramos, Julio Ahumada - Hamlet Calise","Domingo Varela Conte, Antonio Casanova, José Amatriain, Oberti, Nerón Ferrazzano (cello), Nélida Gianneo (harp)"
Osvaldo Fresedo,Osvaldo Fresedo y su Gran Orquesta Argentina,7/26/1946,Fuimos,Tango,Oscar Serpa,Victor,78rpm,José Dames,Homero Manzi,,45-48 / Barbado Piano,Emilio Barbato,"Raúl Muñoz, De Lucca (drums)","Ángel Ramos, Julio Ahumada - Hamlet Calise","Domingo Varela Conte, Antonio Casanova, José Amatriain, Oberti, Nerón Ferrazzano (cello), Nélida Gianneo (harp)"
Osvaldo Fresedo,Osvaldo Fresedo y su Gran Orquesta Argentina,7/26/1946,Tango De Arrabal,Tango,Instrumental,Victor,78rpm,Francisco Scorticatti,,,45-48 / Barbado Piano,Emilio Barbato,"Raúl Muñoz, De Lucca (drums)","Ángel Ramos, Julio Ahumada - Hamlet Calise","Domingo Varela Conte, Antonio Casanova, José Amatriain, Oberti, Nerón Ferrazzano (cello), Nélida Gianneo (harp)"
Osvaldo Fresedo,Osvaldo Fresedo y su Gran Orquesta Argentina,8/6/1946,La Lluvia Y Yo,Tango,Oscar Serpa,Victor,78rpm,José Tinelli,José Contursi,,45-48 / Barbado Piano,Emilio Barbato,"Raúl Muñoz, De Lucca (drums)","Ángel Ramos, Julio Ahumada - Hamlet Calise","Domingo Varela Conte, Antonio Casanova, José Amatriain, Oberti, Nerón Ferrazzano (cello), Nélida Gianneo (harp)"
Osvaldo Fresedo,Osvaldo Fresedo y su Gran Orquesta Argentina,8/6/1946,Levanta Tu Corazón,Tango,Oscar Serpa,Victor,78rpm,Venancio Clauso,,,45-48 / Barbado Piano,Emilio Barbato,"Raúl Muñoz, De Lucca (drums / vibraphone)","Ángel Ramos, Julio Ahumada - Hamlet Calise","Domingo Varela Conte, Antonio Casanova, José Amatriain, Oberti, Nerón Ferrazzano (cello)"
Osvaldo Fresedo,Osvaldo Fresedo y su Gran Orquesta Argentina,11/26/1946,Hermana,Tango,Oscar Serpa,Victor,78rpm,Lucio Demare,Homero Manzi,,45-48 / Barbado Piano,Emilio Barbato,"Raúl Muñoz, De Lucca (drums / vibraphone)","Ángel Ramos, Julio Ahumada - Hamlet Calise","Domingo Varela Conte, Antonio Casanova, José Amatriain, Oberti, Nerón Ferrazzano (cello)"
Osvaldo Fresedo,Osvaldo Fresedo y su Gran Orquesta Argentina,11/26/1946,Sin Palabras,Tango,Oscar Serpa,Victor,78rpm,Mariano Mores,Enrique Discépolo,,45-48 / Barbado Piano,Emilio Barbato,"Raúl Muñoz, De Lucca (drums / vibraphone)","Ángel Ramos, Julio Ahumada - Hamlet Calise","Domingo Varela Conte, Antonio Casanova, José Amatriain, Oberti, Nerón Ferrazzano (cello)"
Osvaldo Fresedo,Osvaldo Fresedo y su Gran Orquesta Argentina,9/11/1947,El Choclo,Tango,Instrumental,Victor,78rpm,Ángel Villoldo,,,45-48 / Barbado Piano,Emilio Barbato,"Raúl Muñoz, De Lucca (drums / vibraphone)","Ángel Ramos, Julio Ahumada - Hamlet Calise","Domingo Varela Conte, Antonio Casanova, José Amatriain, Oberti"
Osvaldo Fresedo,Osvaldo Fresedo y su Gran Orquesta Argentina,9/11/1947,La Última Noche,Tango,Pedro Vargas,Victor,78rpm,Bobby Collazo,Bobby Collazo,,45-48 / Barbado Piano,Emilio Barbato,"Raúl Muñoz, De Lucca (drums / vibraphone)","Ángel Ramos, Julio Ahumada - Hamlet Calise","Domingo Varela Conte, Antonio Casanova, José Amatriain, Oberti"
Osvaldo Fresedo,Osvaldo Fresedo y su Gran Orquesta Argentina,7/16/1948,Por Calles Muertas,Tango,Osvaldo Cordó,Victor,78rpm,Sebastián Lombardo,José Contursi,,45-48 / Barbado Piano,Emilio Barbato,"Raúl Muñoz, De Lucca (drums / vibraphone)","Mariano Rodas, Julio Ahumada - Hamlet Calise","Domingo Varela Conte, Antonio Casanova, José Amatriain, Oberti"
Osvaldo Fresedo,Osvaldo Fresedo y su Gran Orquesta Argentina,7/16/1948,Potrero,Tango,Roberto Ray,Victor,78rpm,Santos Lipesker,A. Bergman,,45-48 / Barbado Piano,Emilio Barbato,"Raúl Muñoz, De Lucca (drums / vibraphone)","Mariano Rodas, Julio Ahumada - Hamlet Calise","Domingo Varela Conte, Antonio Casanova, José Amatriain, Oberti"
Osvaldo Fresedo,Osvaldo Fresedo y su Gran Orquesta Argentina,7/20/1948,Cafetín De Buenos Aires,Tango,Osvaldo Cordó,Victor,78rpm,Enrique Discépolo,,,45-48 / Barbado Piano,Emilio Barbato,"Raúl Muñoz, De Lucca (drums / vibraphone)","Mariano Rodas, Julio Ahumada - Hamlet Calise","Domingo Varela Conte, Antonio Casanova, José Amatriain, Oberti"
 Osvaldo Fresedo , Osvaldo Fresedo y su Gran Orquesta Argentina ,"20,666.00", Vida Mía , Tango , Dizzy Gillespie , Orion-Rendezvous , Tape , Osvaldo Fresedo , Emilio Fresedo ,, 52-57 Odeon records ,Eduardo “Lalo” Scalise,Raúl Muñoz,"Roberto Pansera, Mariano Rodas, Américo Caggiano, Dizzy Gillespie (Cornet)","Domingo Varela Conte, Pedro Lopérfido, José Amatriain, Antonio Casanova, Ángel Bodas, Enrique Bourguet (cello)"
Osvaldo Fresedo,Osvaldo Fresedo y su Gran Orquesta Argentina,9/29/1948,Motivo De Vals,Vals,Osvaldo Cordó,Victor,78rpm,Horacio Salgán,Carlos Bahr,,45-48 / Barbado Piano,Emilio Barbato,"Raúl Muñoz, De Lucca (drums / vibraphone)","Mariano Rodas, Julio Ahumada - Hamlet Calise","Domingo Varela Conte, Antonio Casanova, José Amatriain, Oberti"
Osvaldo Fresedo,Osvaldo Fresedo y su Gran Orquesta Argentina,9/29/1948,Pampero,Tango,Roberto Ray,Victor,78rpm,Osvaldo Fresedo,Edmundo Bianchi,,45-48 / Barbado Piano,Emilio Barbato,"Raúl Muñoz, De Lucca (drums / vibraphone)","Mariano Rodas, Julio Ahumada - Hamlet Calise","Domingo Varela Conte, Antonio Casanova, José Amatriain, Oberti"
Osvaldo Fresedo,Osvaldo Fresedo y su Gran Orquesta Argentina,9/29/1948,Tras Un Sueño,Tango,Roberto Ray,Victor,78rpm,Dante Ferri,Eugenio Majul,,45-48 / Barbado Piano,Emilio Barbato,"Raúl Muñoz, De Lucca (drums / vibraphone)","Mariano Rodas, Julio Ahumada - Hamlet Calise","Domingo Varela Conte, Antonio Casanova, José Amatriain, Oberti"
Osvaldo Fresedo,Osvaldo Fresedo y su Gran Orquesta Argentina,9/29/1948,Y La Perdí,Tango,Roberto Ray,Victor,78rpm,Antonio Rodio,José Contursi,,45-48 / Barbado Piano,Emilio Barbato,"Raúl Muñoz, De Lucca (drums / vibraphone)","Mariano Rodas, Julio Ahumada - Hamlet Calise","Domingo Varela Conte, Antonio Casanova, José Amatriain, Oberti"
Osvaldo Fresedo,Osvaldo Fresedo y su Gran Orquesta Argentina,10/25/1950,Mi Viejo Reloj,Tango,Instrumental,Columbia,78rpm,Osvaldo Fresedo,,,50-52 / Columbia Records,Eduardo “Lalo” Scalise,Raúl Muñoz,"Roberto Pansera, Mariano Rodas, Américo Caggiano","Domingo Varela Conte, Pedro Lopérfido, José Amatriain, Antonio Casanova, Ángel Bodas, Enrique Bourguet (cello)"
Osvaldo Fresedo,Osvaldo Fresedo y su Gran Orquesta Argentina,10/25/1950,Para Lucirse,Tango,Instrumental,Columbia,78rpm,Astor Piazzolla,,,50-52 / Columbia Records,Eduardo “Lalo” Scalise,Raúl Muñoz,"Roberto Pansera, Mariano Rodas, Américo Caggiano","Domingo Varela Conte, Pedro Lopérfido, José Amatriain, Antonio Casanova, Ángel Bodas, Enrique Bourguet (cello)"
Osvaldo Fresedo,Osvaldo Fresedo y su Gran Orquesta Argentina,11/29/1950,A La Parrilla,Tango,Instrumental,Columbia,78rpm,Carlos Figari,,,50-52 / Columbia Records,Eduardo “Lalo” Scalise,Raúl Muñoz,"Roberto Pansera, Mariano Rodas, Américo Caggiano","Domingo Varela Conte, Pedro Lopérfido, José Amatriain, Antonio Casanova, Ángel Bodas, Enrique Bourguet (cello)"
Osvaldo Fresedo,Osvaldo Fresedo y su Gran Orquesta Argentina,11/29/1950,Del Tiempo De Gardel,Tango,Armando Garrido,Columbia,78rpm,Roberto Pansera,Homero Cárpena,,50-52 / Columbia Records,Eduardo “Lalo” Scalise,Raúl Muñoz,"Roberto Pansera, Mariano Rodas, Américo Caggiano","Domingo Varela Conte, Pedro Lopérfido, José Amatriain, Antonio Casanova, Ángel Bodas, Enrique Bourguet (cello)"
Osvaldo Fresedo,Osvaldo Fresedo y su Gran Orquesta Argentina,12/9/1950,La Calle Maldita,Tango,Armando Garrido,Columbia,78rpm,Martín Darré,Roberto Lambertucci,,50-52 / Columbia Records,Eduardo “Lalo” Scalise,Raúl Muñoz,"Roberto Pansera, Mariano Rodas, Américo Caggiano","Domingo Varela Conte, Pedro Lopérfido, José Amatriain, Antonio Casanova, Ángel Bodas, Enrique Bourguet (cello)"
Osvaldo Fresedo,Osvaldo Fresedo y su Gran Orquesta Argentina,12/9/1950,Tu Piel De Jazmín,Tango,Roberto Ray,Columbia,78rpm,Mariano Mores,José Contursi,,50-52 / Columbia Records,Eduardo “Lalo” Scalise,Raúl Muñoz,"Roberto Pansera, Mariano Rodas, Américo Caggiano","Domingo Varela Conte, Pedro Lopérfido, José Amatriain, Antonio Casanova, Ángel Bodas, Enrique Bourguet (cello)"
Osvaldo Fresedo,Osvaldo Fresedo y su Gran Orquesta Argentina,12/19/1950,La Puñalada,Milonga,Instrumental,Columbia,78rpm,Pintín Castellanos,Celedonio Flores,,50-52 / Columbia Records,Eduardo “Lalo” Scalise,Raúl Muñoz,"Roberto Pansera, Mariano Rodas, Américo Caggiano","Domingo Varela Conte, Pedro Lopérfido, José Amatriain, Antonio Casanova, Ángel Bodas, Enrique Bourguet (cello)"
Osvaldo Fresedo,Osvaldo Fresedo y su Gran Orquesta Argentina,12/19/1950,"Vamos, Vamos, Zaino Viejo",Tango,Armando Garrido,Columbia,78rpm,Fernando Tell,Victorino Velázquez,,50-52 / Columbia Records,Eduardo “Lalo” Scalise,Raúl Muñoz,"Roberto Pansera, Mariano Rodas, Américo Caggiano","Domingo Varela Conte, Pedro Lopérfido, José Amatriain, Antonio Casanova, Ángel Bodas, Enrique Bourguet (cello)"
Osvaldo Fresedo,Osvaldo Fresedo y su Gran Orquesta Argentina,5/31/1951,Dejame Soñar,Tango,Armando Garrido,Columbia,78rpm,Eduardo Scalise,Lito Bayardo,,50-52 / Columbia Records,Eduardo “Lalo” Scalise,Raúl Muñoz,"Roberto Pansera, Mariano Rodas, Américo Caggiano","Domingo Varela Conte, Pedro Lopérfido, José Amatriain, Antonio Casanova, Ángel Bodas, Enrique Bourguet (cello)"
Osvaldo Fresedo,Osvaldo Fresedo y su Gran Orquesta Argentina,5/31/1951,Prepárense,Tango,Instrumental,Columbia,78rpm,Astor Piazzolla,,,50-52 / Columbia Records,Eduardo “Lalo” Scalise,Raúl Muñoz,"Roberto Pansera, Mariano Rodas, Américo Caggiano","Domingo Varela Conte, Pedro Lopérfido, José Amatriain, Antonio Casanova, Ángel Bodas, Enrique Bourguet (cello)"
Osvaldo Fresedo,Osvaldo Fresedo y su Gran Orquesta Argentina,6/13/1951,Discepolín,Tango,Héctor Pacheco,Columbia,78rpm,Aníbal Troilo,Homero Manzi,,50-52 / Columbia Records,Eduardo “Lalo” Scalise,Raúl Muñoz,"Roberto Pansera, Mariano Rodas, Américo Caggiano","Domingo Varela Conte, Pedro Lopérfido, José Amatriain, Antonio Casanova, Ángel Bodas, Enrique Bourguet (cello)"
Osvaldo Fresedo,Osvaldo Fresedo y su Gran Orquesta Argentina,6/13/1951,Una Y Mil Veces,Tango,Armando Garrido,Columbia,78rpm,Roberto Pérez Prechi,Alberto Leiva,,50-52 / Columbia Records,Eduardo “Lalo” Scalise,Raúl Muñoz,"Roberto Pansera, Mariano Rodas, Américo Caggiano","Domingo Varela Conte, Pedro Lopérfido, José Amatriain, Antonio Casanova, Ángel Bodas, Enrique Bourguet (cello)"
Osvaldo Fresedo,Osvaldo Fresedo y su Gran Orquesta Argentina,8/9/1951,N. P.,Tango,Héctor Pacheco,Columbia,78rpm,Juan Riverol,Francisco Loicano,,50-52 / Columbia Records,Eduardo “Lalo” Scalise,Raúl Muñoz,"Roberto Pansera, Mariano Rodas, Américo Caggiano","Domingo Varela Conte, Pedro Lopérfido, José Amatriain, Antonio Casanova, Ángel Bodas, Enrique Bourguet (cello)"
Osvaldo Fresedo,Osvaldo Fresedo y su Gran Orquesta Argentina,8/9/1951,Paisaje,Tango,Armando Garrido,Columbia,78rpm,Enrique Delfino,Juan Reyes,,50-52 / Columbia Records,Eduardo “Lalo” Scalise,Raúl Muñoz,"Roberto Pansera, Mariano Rodas, Américo Caggiano","Domingo Varela Conte, Pedro Lopérfido, José Amatriain, Antonio Casanova, Ángel Bodas, Enrique Bourguet (cello)"
Osvaldo Fresedo,Osvaldo Fresedo y su Gran Orquesta Argentina,9/3/1951,Daño,Tango,Héctor Pacheco,Columbia,78rpm,Suemblado Bontempi,Cayetano Morselli,,50-52 / Columbia Records,Eduardo “Lalo” Scalise,Raúl Muñoz,"Roberto Pansera, Mariano Rodas, Américo Caggiano","Domingo Varela Conte, Pedro Lopérfido, José Amatriain, Antonio Casanova, Ángel Bodas, Enrique Bourguet (cello)"
Osvaldo Fresedo,Osvaldo Fresedo y su Gran Orquesta Argentina,9/3/1951,La Trampera,Milonga,Instrumental,Columbia,78rpm,Aníbal Troilo,,,50-52 / Columbia Records,Eduardo “Lalo” Scalise,Raúl Muñoz,"Roberto Pansera, Mariano Rodas, Américo Caggiano","Domingo Varela Conte, Pedro Lopérfido, José Amatriain, Antonio Casanova, Ángel Bodas, Enrique Bourguet (cello)"
Osvaldo Fresedo,Osvaldo Fresedo y su Gran Orquesta Argentina,11/21/1951,Sombra De Humo,Tango,Armando Garrido,Columbia,78rpm,Roberto Pansera,Homero Cárpena,,50-52 / Columbia Records,Eduardo “Lalo” Scalise,Raúl Muñoz,"Roberto Pansera, Mariano Rodas, Américo Caggiano","Domingo Varela Conte, Pedro Lopérfido, José Amatriain, Antonio Casanova, Ángel Bodas, Enrique Bourguet (cello)"
Osvaldo Fresedo,Osvaldo Fresedo y su Gran Orquesta Argentina,11/21/1951,Tanguango,Tango,Instrumental,Columbia,78rpm,Astor Piazzolla,,,50-52 / Columbia Records,Eduardo “Lalo” Scalise,Raúl Muñoz,"Roberto Pansera, Mariano Rodas, Américo Caggiano","Domingo Varela Conte, Pedro Lopérfido, José Amatriain, Antonio Casanova, Ángel Bodas, Enrique Bourguet (cello)"
Osvaldo Fresedo,Osvaldo Fresedo y su Gran Orquesta Argentina,5/13/1952,Contratiempo,Tango,Instrumental,Columbia,?,Astor Piazzolla,,,50-52 / Columbia Records,Eduardo “Lalo” Scalise,Raúl Muñoz,"Roberto Pansera, Mariano Rodas, Américo Caggiano","Domingo Varela Conte, Pedro Lopérfido, José Amatriain, Antonio Casanova, Ángel Bodas, Enrique Bourguet (cello)"
Osvaldo Fresedo,Osvaldo Fresedo y su Gran Orquesta Argentina,5/13/1952,Ninguna,Tango,Héctor Pacheco,Columbia,?,Raúl Siro,Homero Manzi,,50-52 / Columbia Records,Eduardo “Lalo” Scalise,Raúl Muñoz,"Roberto Pansera, Mariano Rodas, Américo Caggiano","Domingo Varela Conte, Pedro Lopérfido, José Amatriain, Antonio Casanova, Ángel Bodas, Enrique Bourguet (cello)"
Osvaldo Fresedo,Osvaldo Fresedo y su Gran Orquesta Argentina,5/13/1952,Pero Yo Se,Tango,Héctor Pacheco,Columbia,?,Azucena Maizani,Azucena Maizani,,50-52 / Columbia Records,Eduardo “Lalo” Scalise,Raúl Muñoz,"Roberto Pansera, Mariano Rodas, Américo Caggiano","Domingo Varela Conte, Pedro Lopérfido, José Amatriain, Antonio Casanova, Ángel Bodas, Enrique Bourguet (cello)"
Osvaldo Fresedo,Osvaldo Fresedo y su Gran Orquesta Argentina,5/13/1952,Silbando,Tango,Héctor Pacheco,Columbia,?,Sebastián Piana; Cátulo Castillo,José González Castillo,,50-52 / Columbia Records,Eduardo “Lalo” Scalise,Raúl Muñoz,"Roberto Pansera, Mariano Rodas, Américo Caggiano","Domingo Varela Conte, Pedro Lopérfido, José Amatriain, Antonio Casanova, Ángel Bodas, Enrique Bourguet (cello)"
Osvaldo Fresedo,Osvaldo Fresedo y su Gran Orquesta Argentina,7/18/1952,Capricho De Amor,Tango,Héctor Pacheco,Columbia,?,Roberto Pérez Prechi,Horacio Sanguinetti,,50-52 / Columbia Records,Eduardo “Lalo” Scalise,Raúl Muñoz,"Roberto Pansera, Mariano Rodas, Américo Caggiano","Domingo Varela Conte, Pedro Lopérfido, José Amatriain, Antonio Casanova, Ángel Bodas, Enrique Bourguet (cello)"
Osvaldo Fresedo,Osvaldo Fresedo y su Gran Orquesta Argentina,7/18/1952,La Copa Del Olvido,Tango,Héctor Pacheco,Columbia,?,Enrique Delfino,Alberto Vacarezza,,50-52 / Columbia Records,Eduardo “Lalo” Scalise,Raúl Muñoz,"Roberto Pansera, Mariano Rodas, Américo Caggiano","Domingo Varela Conte, Pedro Lopérfido, José Amatriain, Antonio Casanova, Ángel Bodas, Enrique Bourguet (cello)"
Osvaldo Fresedo,Osvaldo Fresedo y su Gran Orquesta Argentina,8/21/1952,Pampero,Tango,Héctor Pacheco,Columbia,?,Osvaldo Fresedo,Edmundo Bianchi,,50-52 / Columbia Records,Eduardo “Lalo” Scalise,Raúl Muñoz,"Roberto Pansera, Mariano Rodas, Américo Caggiano","Domingo Varela Conte, Pedro Lopérfido, José Amatriain, Antonio Casanova, Ángel Bodas, Enrique Bourguet (cello)"
 Osvaldo Fresedo , Osvaldo Fresedo y su Gran Orquesta Argentina ,"21,073.00", Sollozos , Tango , Carlos Barrios , Odeon , Tape , Osvaldo Fresedo , Emilio Fresedo ,, 52-57 Odeon records ,Eduardo “Lalo” Scalise,Raúl Muñoz,"Roberto Pansera, Mariano Rodas, Américo Caggiano","Domingo Varela Conte, Pedro Lopérfido, José Amatriain, Antonio Casanova, Ángel Bodas, Enrique Bourguet (cello)"
Osvaldo Fresedo,Osvaldo Fresedo y su Gran Orquesta Argentina,9/18/1952,La Casita De Mis Viejos,Tango,Héctor Pacheco,Columbia,?,Juan Carlos Cobián,Enrique Cadícamo,,50-52 / Columbia Records,Eduardo “Lalo” Scalise,Raúl Muñoz,"Roberto Pansera, Mariano Rodas, Américo Caggiano","Domingo Varela Conte, Pedro Lopérfido, José Amatriain, Antonio Casanova, Ángel Bodas, Enrique Bourguet (cello)"
 Osvaldo Fresedo , Osvaldo Fresedo y su Gran Orquesta Argentina ,"22,423.00", Tango Mío , Tango , Carlos Barrios , CBS Columbia , Tape-S , Osvaldo Fresedo , Emilio Fresedo ,, 59-80 / Final years , José Márquez / Roberto Cicaré ," Domingo Donnaruma,  José Pugliano (percussion) "," Roberto Pérez Prechi, José Appendino, Pedro Vidaurre "," Manolo Baya, Elvino Vardaro, Juan Scaffino, Pedro Lopérfido, José Nieso, Enrique Francini, Enrique Bourguet (cello) "
Osvaldo Fresedo,Osvaldo Fresedo y su Gran Orquesta Argentina,10/16/1952,Fugitiva,Tango,Héctor Pacheco,Columbia,?,Astor Piazzolla,Juan Lamadrid,,50-52 / Columbia Records,Eduardo “Lalo” Scalise,Raúl Muñoz,"Roberto Pansera, Mariano Rodas, Américo Caggiano","Domingo Varela Conte, Pedro Lopérfido, José Amatriain, Antonio Casanova, Ángel Bodas, Enrique Bourguet (cello)"
Osvaldo Fresedo,Osvaldo Fresedo y su Gran Orquesta Argentina,10/16/1952,Patotero Sentimental,Tango,Héctor Pacheco,Columbia,?,Manuel Jovés,Manuel Romero,,50-52 / Columbia Records,Eduardo “Lalo” Scalise,Raúl Muñoz,"Roberto Pansera, Mariano Rodas, Américo Caggiano","Domingo Varela Conte, Pedro Lopérfido, José Amatriain, Antonio Casanova, Ángel Bodas, Enrique Bourguet (cello)"
Osvaldo Fresedo,Osvaldo Fresedo y su Gran Orquesta Argentina,10/16/1952,Solo De Bandoneón,Tango,Héctor Pacheco,Columbia,?,Enrique Cadícamo,,,50-52 / Columbia Records,Eduardo “Lalo” Scalise,Raúl Muñoz,"Roberto Pansera, Mariano Rodas, Américo Caggiano","Domingo Varela Conte, Pedro Lopérfido, José Amatriain, Antonio Casanova, Ángel Bodas, Enrique Bourguet (cello)"
Osvaldo Fresedo,Osvaldo Fresedo y su Gran Orquesta Argentina,10/16/1952,Sosteniendo Recuerdos,Tango,Héctor Pacheco,Columbia,?,Lucio Demare,Homero Manzi,,50-52 / Columbia Records,Eduardo “Lalo” Scalise,Raúl Muñoz,"Roberto Pansera, Mariano Rodas, Américo Caggiano","Domingo Varela Conte, Pedro Lopérfido, José Amatriain, Antonio Casanova, Ángel Bodas, Enrique Bourguet (cello)"
Osvaldo Fresedo,Osvaldo Fresedo y su Gran Orquesta Argentina,11/21/1952,A Todo Trapo,Milonga,Instrumental,Odeon,?,Graciano Gómez,,,52-57 Odeon records,Eduardo “Lalo” Scalise,Raúl Muñoz,"Roberto Pansera, Mariano Rodas, Américo Caggiano","Domingo Varela Conte, Pedro Lopérfido, José Amatriain, Antonio Casanova, Ángel Bodas, Enrique Bourguet (cello)"
Osvaldo Fresedo,Osvaldo Fresedo y su Gran Orquesta Argentina,11/21/1952,Lo Han Visto Con Otra,Tango,Héctor Pacheco,Odeon,?,Horacio Pettorosi,,,52-57 Odeon records,Eduardo “Lalo” Scalise,Raúl Muñoz,"Roberto Pansera, Mariano Rodas, Américo Caggiano","Domingo Varela Conte, Pedro Lopérfido, José Amatriain, Antonio Casanova, Ángel Bodas, Enrique Bourguet (cello)"
Osvaldo Fresedo,Osvaldo Fresedo y su Gran Orquesta Argentina,11/21/1952,Nostalgias,Tango,Héctor Pacheco,Odeon,?,Juan Carlos Cobián,Enrique Cadícamo,,52-57 Odeon records,Eduardo “Lalo” Scalise,Raúl Muñoz,"Roberto Pansera, Mariano Rodas, Américo Caggiano","Domingo Varela Conte, Pedro Lopérfido, José Amatriain, Antonio Casanova, Ángel Bodas, Enrique Bourguet (cello)"
Osvaldo Fresedo,Osvaldo Fresedo y su Gran Orquesta Argentina,11/21/1952,Viejo Malevo,Tango,Héctor Pacheco,Odeon,?,German Teisseire,Diego Perkins,,52-57 Odeon records,Eduardo “Lalo” Scalise,Raúl Muñoz,"Roberto Pansera, Mariano Rodas, Américo Caggiano","Domingo Varela Conte, Pedro Lopérfido, José Amatriain, Antonio Casanova, Ángel Bodas, Enrique Bourguet (cello)"
Osvaldo Fresedo,Osvaldo Fresedo y su Gran Orquesta Argentina,12/18/1952,Adiós Muchachos,Tango,Héctor Pacheco,Odeon,?,Julio Sanders,César Vedani,,52-57 Odeon records,Eduardo “Lalo” Scalise,Raúl Muñoz,"Roberto Pansera, Mariano Rodas, Américo Caggiano","Domingo Varela Conte, Pedro Lopérfido, José Amatriain, Antonio Casanova, Ángel Bodas, Enrique Bourguet (cello)"
Osvaldo Fresedo,Osvaldo Fresedo y su Gran Orquesta Argentina,12/18/1952,Mi Adorable Desconocida,Tango,Héctor Pacheco,Odeon,?,Bobby Capó,,,52-57 Odeon records,Eduardo “Lalo” Scalise,Raúl Muñoz,"Roberto Pansera, Mariano Rodas, Américo Caggiano","Domingo Varela Conte, Pedro Lopérfido, José Amatriain, Antonio Casanova, Ángel Bodas, Enrique Bourguet (cello)"
Osvaldo Fresedo,Osvaldo Fresedo y su Gran Orquesta Argentina,5/20/1953,De Pura Cepa,Milonga,Instrumental,Odeon,?,Osvaldo Sosa Cordero,José Ceglie,,52-57 Odeon records,Eduardo “Lalo” Scalise,Raúl Muñoz,"Roberto Pansera, Mariano Rodas, Américo Caggiano","Domingo Varela Conte, Pedro Lopérfido, José Amatriain, Antonio Casanova, Ángel Bodas, Enrique Bourguet (cello)"
 Osvaldo Fresedo , Osvaldo Fresedo y su Gran Orquesta Argentina ,"22,433.00", Rosarina Linda , Tango , Ricardo Ruiz , CBS Columbia , Tape-S , Osvaldo Fresedo , Emilio Fresedo ,, 59-80 / Final years , José Márquez / Roberto Cicaré ," Domingo Donnaruma,  José Pugliano (percussion) "," Roberto Pérez Prechi, José Appendino, Pedro Vidaurre "," Manolo Baya, Elvino Vardaro, Juan Scaffino, Pedro Lopérfido, José Nieso, Enrique Francini, Enrique Bourguet (cello) "
Osvaldo Fresedo,Osvaldo Fresedo y su Gran Orquesta Argentina,5/20/1953,Tiempos Viejos,Tango,Carlos Barrios,Odeon,?,Francisco Canaro,Manuel Romero,,52-57 Odeon records,Eduardo “Lalo” Scalise,Raúl Muñoz,"Roberto Pansera, Mariano Rodas, Américo Caggiano","Domingo Varela Conte, Pedro Lopérfido, José Amatriain, Antonio Casanova, Ángel Bodas, Enrique Bourguet (cello)"
Osvaldo Fresedo,Osvaldo Fresedo y su Gran Orquesta Argentina,5/20/1953,Una Gota De Rocío,Tango,Héctor Pacheco,Odeon,?,Osvaldo Fresedo,#REF!,,52-57 Odeon records,Eduardo “Lalo” Scalise,Raúl Muñoz,"Roberto Pansera, Mariano Rodas, Américo Caggiano","Domingo Varela Conte, Pedro Lopérfido, José Amatriain, Antonio Casanova, Ángel Bodas, Enrique Bourguet (cello)"
Osvaldo Fresedo,Osvaldo Fresedo y su Gran Orquesta Argentina,9/15/1953,Cuando Cuentes La Historia De Tu Vida,Tango,Héctor Pacheco,Odeon,?,Héctor Stamponi,,,52-57 Odeon records,Eduardo “Lalo” Scalise,Raúl Muñoz,"Roberto Pansera, Mariano Rodas, Américo Caggiano","Domingo Varela Conte, Pedro Lopérfido, José Amatriain, Antonio Casanova, Ángel Bodas, Enrique Bourguet (cello)"
Osvaldo Fresedo,Osvaldo Fresedo y su Gran Orquesta Argentina,9/15/1953,Pasión Inolvidable,Tango,Héctor Pacheco,Odeon,?,Felipe Navas,,,52-57 Odeon records,Eduardo “Lalo” Scalise,Raúl Muñoz,"Roberto Pansera, Mariano Rodas, Américo Caggiano","Domingo Varela Conte, Pedro Lopérfido, José Amatriain, Antonio Casanova, Ángel Bodas, Enrique Bourguet (cello)"
Osvaldo Fresedo,Osvaldo Fresedo y su Gran Orquesta Argentina,9/15/1953,Preludio N° 3,Tango,Instrumental,Odeon,?,Roberto Pansera,,,52-57 Odeon records,Eduardo “Lalo” Scalise,Raúl Muñoz,"Roberto Pansera, Mariano Rodas, Américo Caggiano","Domingo Varela Conte, Pedro Lopérfido, José Amatriain, Antonio Casanova, Ángel Bodas, Enrique Bourguet (cello)"
Osvaldo Fresedo,Osvaldo Fresedo y su Gran Orquesta Argentina,9/15/1953,Triunfal,Tango,Instrumental,Odeon,?,Astor Piazzolla,,,52-57 Odeon records,Eduardo “Lalo” Scalise,Raúl Muñoz,"Roberto Pansera, Mariano Rodas, Américo Caggiano","Domingo Varela Conte, Pedro Lopérfido, José Amatriain, Antonio Casanova, Ángel Bodas, Enrique Bourguet (cello)"
Osvaldo Fresedo,Osvaldo Fresedo y su Gran Orquesta Argentina,12/23/1953,Apasionado,Tango,Instrumental,Odeon,Tape,Roberto Pérez Prechi,,,52-57 Odeon records,Eduardo “Lalo” Scalise,Raúl Muñoz,"Roberto Pansera, Mariano Rodas, Américo Caggiano","Domingo Varela Conte, Pedro Lopérfido, José Amatriain, Antonio Casanova, Ángel Bodas, Enrique Bourguet (cello)"
Osvaldo Fresedo,Osvaldo Fresedo y su Gran Orquesta Argentina,12/23/1953,Cuando Llegue El Invierno,Tango,Carlos Barrios,Odeon,Tape,Nito Farace,José Márquez,,52-57 Odeon records,Eduardo “Lalo” Scalise,Raúl Muñoz,"Roberto Pansera, Mariano Rodas, Américo Caggiano","Domingo Varela Conte, Pedro Lopérfido, José Amatriain, Antonio Casanova, Ángel Bodas, Enrique Bourguet (cello)"
Osvaldo Fresedo,Osvaldo Fresedo y su Gran Orquesta Argentina,12/23/1953,Divina,Tango,Carlos Barrios,Odeon,Tape,Joaquin Mora,Juan de la Calle,,52-57 Odeon records,Eduardo “Lalo” Scalise,Raúl Muñoz,"Roberto Pansera, Mariano Rodas, Américo Caggiano","Domingo Varela Conte, Pedro Lopérfido, José Amatriain, Antonio Casanova, Ángel Bodas, Enrique Bourguet (cello)"
Osvaldo Fresedo,Osvaldo Fresedo y su Gran Orquesta Argentina,12/23/1953,La Guitarrita Milonguera,Milonga,Instrumental,Odeon,Tape,Eddie Kay,,,52-57 Odeon records,Eduardo “Lalo” Scalise,Raúl Muñoz,"Roberto Pansera, Mariano Rodas, Américo Caggiano","Domingo Varela Conte, Pedro Lopérfido, José Amatriain, Antonio Casanova, Ángel Bodas, Enrique Bourguet (cello)"
Osvaldo Fresedo,Osvaldo Fresedo y su Gran Orquesta Argentina,12/23/1953,Lluvia Sobre El Mar,Tango,Héctor Pacheco,Odeon,Tape,Armando Pontier,José Contursi,,52-57 Odeon records,Eduardo “Lalo” Scalise,Raúl Muñoz,"Roberto Pansera, Mariano Rodas, Américo Caggiano","Domingo Varela Conte, Pedro Lopérfido, José Amatriain, Antonio Casanova, Ángel Bodas, Enrique Bourguet (cello)"
Osvaldo Fresedo,Osvaldo Fresedo y su Gran Orquesta Argentina,12/23/1953,Y No Te Voy A Llorar,Tango,Héctor Pacheco,Odeon,Tape,Luciano Leocata,Abel Aznar,,52-57 Odeon records,Eduardo “Lalo” Scalise,Raúl Muñoz,"Roberto Pansera, Mariano Rodas, Américo Caggiano","Domingo Varela Conte, Pedro Lopérfido, José Amatriain, Antonio Casanova, Ángel Bodas, Enrique Bourguet (cello)"
Osvaldo Fresedo,Osvaldo Fresedo y su Gran Orquesta Argentina,12/3/1954,Perdóname,Tango,Héctor Pacheco,Odeon,Tape,Héctor Stamponi,Cátulo Castillo,,52-57 Odeon records,Eduardo “Lalo” Scalise,Raúl Muñoz,"Roberto Pansera, Mariano Rodas, Américo Caggiano","Domingo Varela Conte, Pedro Lopérfido, José Amatriain, Antonio Casanova, Ángel Bodas, Enrique Bourguet (cello)"
Osvaldo Fresedo,Osvaldo Fresedo y su Gran Orquesta Argentina,12/3/1954,Y Total Para Qué,Tango,Héctor Pacheco,Odeon,Tape,Diego Perkins,Diego Perkins,,52-57 Odeon records,Eduardo “Lalo” Scalise,Raúl Muñoz,"Roberto Pansera, Mariano Rodas, Américo Caggiano","Domingo Varela Conte, Pedro Lopérfido, José Amatriain, Antonio Casanova, Ángel Bodas, Enrique Bourguet (cello)"
Osvaldo Fresedo,Osvaldo Fresedo y su Gran Orquesta Argentina,7/6/1955,Algún Día Volverás,Tango,Héctor Pacheco,Odeon,Tape,Luciano Leocata,Raúl Hormaza,,52-57 Odeon records,Eduardo “Lalo” Scalise,Raúl Muñoz,"Roberto Pansera, Mariano Rodas, Américo Caggiano","Domingo Varela Conte, Pedro Lopérfido, José Amatriain, Antonio Casanova, Ángel Bodas, Enrique Bourguet (cello)"
Osvaldo Fresedo,Osvaldo Fresedo y su Gran Orquesta Argentina,7/6/1955,Muñequita De París,Tango,Héctor Pacheco,Odeon,Tape,José Ranieri,José Rótulo,,52-57 Odeon records,Eduardo “Lalo” Scalise,Raúl Muñoz,"Roberto Pansera, Mariano Rodas, Américo Caggiano","Domingo Varela Conte, Pedro Lopérfido, José Amatriain, Antonio Casanova, Ángel Bodas, Enrique Bourguet (cello)"
 Osvaldo Fresedo , Osvaldo Fresedo y su Gran Orquesta Argentina ,"22,538.00", Volverás , Tango , Instrumental , CBS Columbia , Tape-S , Osvaldo Fresedo , Emilio Fresedo ,, 59-80 / Final years , José Márquez / Roberto Cicaré ," Domingo Donnaruma,  José Pugliano (percussion) "," Roberto Pérez Prechi, José Appendino, Pedro Vidaurre "," Manolo Baya, Elvino Vardaro, Juan Scaffino, Pedro Lopérfido, José Nieso, Enrique Francini, Enrique Bourguet (cello) "
Osvaldo Fresedo,Osvaldo Fresedo y su Gran Orquesta Argentina,12/29/1955,El Espiante,Tango,Instrumental,Odeon,Tape,Osvaldo Fresedo,,,52-57 Odeon records,Eduardo “Lalo” Scalise,Raúl Muñoz,"Roberto Pansera, Mariano Rodas, Américo Caggiano","Domingo Varela Conte, Pedro Lopérfido, José Amatriain, Antonio Casanova, Ángel Bodas, Enrique Bourguet (cello)"
Osvaldo Fresedo,Osvaldo Fresedo y su Gran Orquesta Argentina,12/29/1955,Trenza De Ocho,Tango,Carlos Barrios,Odeon,Tape,Roberto Pansera,Homero Cárpena,,52-57 Odeon records,Eduardo “Lalo” Scalise,Raúl Muñoz,"Roberto Pansera, Mariano Rodas, Américo Caggiano","Domingo Varela Conte, Pedro Lopérfido, José Amatriain, Antonio Casanova, Ángel Bodas, Enrique Bourguet (cello)"
 Osvaldo Fresedo , Osvaldo Fresedo y su Orquesta ,"29,158.00", El Once , Tango , Instrumental , CBS Columbia , Tape-S , Osvaldo Fresedo , Emilio Fresedo ,, 59-80 / Final years , Roberto Cicaré ," Raúl Muñoz, Carlos Nicolini (electric bass), Mateo Juan Giarruzzo (vibraphone), José Corriale (percussion) "," Roberto Pérez Prechi, Marcos Madrigal, Ernesto Baffa, Osvaldo Montes ",###############################################################################################################################################################################################################################################################
Osvaldo Fresedo,Osvaldo Fresedo y su Gran Orquesta Argentina,5/16/1956,En Mis Noches,Tango,Instrumental,Odeon,Tape,José Márquez,,,52-57 Odeon records,Eduardo “Lalo” Scalise,Raúl Muñoz,"Roberto Pansera, Mariano Rodas, Américo Caggiano","Domingo Varela Conte, Pedro Lopérfido, José Amatriain, Antonio Casanova, Ángel Bodas, Enrique Bourguet (cello)"
Osvaldo Fresedo,Osvaldo Fresedo y su Gran Orquesta Argentina,5/16/1956,Estás Aquí,Tango,Carlos Barrios,Odeon,Tape,Roberto Pérez Prechi,Roberto Durán,,52-57 Odeon records,Eduardo “Lalo” Scalise,Raúl Muñoz,"Roberto Pansera, Mariano Rodas, Américo Caggiano","Domingo Varela Conte, Pedro Lopérfido, José Amatriain, Antonio Casanova, Ángel Bodas, Enrique Bourguet (cello)"
Osvaldo Fresedo,Osvaldo Fresedo y su Gran Orquesta Argentina,7/30/1956,Adiós Muchachos,Tango,Dizzy Gillespie,Orion-Rendezvous,Tape,Julio Sanders,César Vedani,,52-57 Odeon records,Eduardo “Lalo” Scalise,Raúl Muñoz,"Roberto Pansera, Mariano Rodas, Américo Caggiano, Dizzy Gillespie (Cornet)","Domingo Varela Conte, Pedro Lopérfido, José Amatriain, Antonio Casanova, Ángel Bodas, Enrique Bourguet (cello)"
Osvaldo Fresedo,Osvaldo Fresedo y su Gran Orquesta Argentina,7/30/1956,Capricho De Amor,Tango,Dizzy Gillespie,Orion-Rendezvous,Tape,Roberto Pérez Prechi,Horacio Sanguinetti,,52-57 Odeon records,Eduardo “Lalo” Scalise,Raúl Muñoz,"Roberto Pansera, Mariano Rodas, Américo Caggiano, Dizzy Gillespie (Cornet)","Domingo Varela Conte, Pedro Lopérfido, José Amatriain, Antonio Casanova, Ángel Bodas, Enrique Bourguet (cello)"
Osvaldo Fresedo,Osvaldo Fresedo y su Gran Orquesta Argentina,7/30/1956,Preludio N° 3,Tango,Dizzy Gillespie,Orion-Rendezvous,Tape,Roberto Pansera,,,52-57 Odeon records,Eduardo “Lalo” Scalise,Raúl Muñoz,"Roberto Pansera, Mariano Rodas, Américo Caggiano, Dizzy Gillespie (Cornet)","Domingo Varela Conte, Pedro Lopérfido, José Amatriain, Antonio Casanova, Ángel Bodas, Enrique Bourguet (cello)"
 Osvaldo Fresedo , Osvaldo Fresedo y su Orquesta ,"29,158.00", Por Qué? , Tango , Instrumental , CBS Columbia , Tape-S , Osvaldo Fresedo , Emilio Fresedo ,, 59-80 / Final years , Roberto Cicaré ," Raúl Muñoz, Carlos Nicolini (electric bass), Mateo Juan Giarruzzo (vibraphone), José Corriale (percussion) "," Roberto Pérez Prechi, Marcos Madrigal, Ernesto Baffa, Osvaldo Montes ",###############################################################################################################################################################################################################################################################
 Osvaldo Fresedo , Osvaldo Fresedo y su Orquesta ,"29,406.00", Yo Soy , Tango , Argentino Ledesma , CBS Columbia , Tape-S , Osvaldo Fresedo , Emilio Fresedo ,, 59-80 / Final years , Roberto Cicaré ," Raúl Muñoz, Carlos Nicolini (electric bass), Mateo Juan Giarruzzo (vibraphone), José Corriale (percussion) "," Roberto Pérez Prechi, Marcos Madrigal, Ernesto Baffa, Osvaldo Montes ",###############################################################################################################################################################################################################################################################
Osvaldo Fresedo,Osvaldo Fresedo y su Gran Orquesta Argentina,9/10/1957,Tema En Fa,Tango,Instrumental,Odeon,Tape,José Márquez,,,52-57 Odeon records,Eduardo “Lalo” Scalise,Raúl Muñoz,"Roberto Pansera, Mariano Rodas, Américo Caggiano","Domingo Varela Conte, Pedro Lopérfido, José Amatriain, Antonio Casanova, Ángel Bodas, Enrique Bourguet (cello)"
Osvaldo Fresedo,Osvaldo Fresedo y su Gran Orquesta Argentina,9/27/1957,La Viruta,Tango,Instrumental,Odeon,Tape,Vicente Greco,,,52-57 Odeon records,Eduardo “Lalo” Scalise,Raúl Muñoz,"Roberto Pansera, Mariano Rodas, Américo Caggiano","Domingo Varela Conte, Pedro Lopérfido, José Amatriain, Antonio Casanova, Ángel Bodas, Enrique Bourguet (cello)"
Osvaldo Fresedo,Osvaldo Fresedo y su Gran Orquesta Argentina,9/27/1957,"Vamos, Cariñito",Tango,Carlos Barrios,Odeon,Tape,Roberto Pérez Prechi,S. Bontampi,,52-57 Odeon records,Eduardo “Lalo” Scalise,Raúl Muñoz,"Roberto Pansera, Mariano Rodas, Américo Caggiano","Domingo Varela Conte, Pedro Lopérfido, José Amatriain, Antonio Casanova, Ángel Bodas, Enrique Bourguet (cello)"
Osvaldo Fresedo,Osvaldo Fresedo y su Gran Orquesta Argentina,1/12/1959,Después De Carnaval,Tango,Hugo Marcel,CBS Columbia,Tape,José Amuschástegui Keen,José Amuschástegui Keen,,59-80 / Final years,José Márquez / Roberto Cicaré,"Domingo Donnaruma,  José Pugliano (percussion)","Roberto Pérez Prechi, José Appendino, Pedro Vidaurre","Manolo Baya, Elvino Vardaro, Juan Scaffino, Pedro Lopérfido, José Nieso, Enrique Francini, Enrique Bourguet (cello)"
Osvaldo Fresedo,Osvaldo Fresedo y su Gran Orquesta Argentina,1/12/1959,Qué Lejos Mi Buenos Aires,Tango,Hugo Marcel,CBS Columbia,Tape,Roberto Pansera,Homero Cárpena,,59-80 / Final years,José Márquez / Roberto Cicaré,"Domingo Donnaruma,  José Pugliano (percussion)","Roberto Pérez Prechi, José Appendino, Pedro Vidaurre","Manolo Baya, Elvino Vardaro, Juan Scaffino, Pedro Lopérfido, José Nieso, Enrique Francini, Enrique Bourguet (cello)"
Osvaldo Fresedo,Osvaldo Fresedo y su Gran Orquesta Argentina,1/20/1959,Arrabalero,Tango,Blanca Mooney,CBS Columbia,Tape,Osvaldo Fresedo,Eduardo Calvo,,59-80 / Final years,José Márquez / Roberto Cicaré,"Domingo Donnaruma,  José Pugliano (percussion)","Roberto Pérez Prechi, José Appendino, Pedro Vidaurre","Manolo Baya, Elvino Vardaro, Juan Scaffino, Pedro Lopérfido, José Nieso, Enrique Francini, Enrique Bourguet (cello)"
Osvaldo Fresedo,Osvaldo Fresedo y su Gran Orquesta Argentina,1/20/1959,Julián,Tango,Blanca Mooney,CBS Columbia,Tape,Edgardo Donato,José Panizza,,59-80 / Final years,José Márquez / Roberto Cicaré,"Domingo Donnaruma,  José Pugliano (percussion)","Roberto Pérez Prechi, José Appendino, Pedro Vidaurre","Manolo Baya, Elvino Vardaro, Juan Scaffino, Pedro Lopérfido, José Nieso, Enrique Francini, Enrique Bourguet (cello)"
Osvaldo Fresedo,Osvaldo Fresedo y su Gran Orquesta Argentina,1/23/1959,Pimienta,Tango,Instrumental,CBS Columbia,Tape,Osvaldo Fresedo,,,59-80 / Final years,José Márquez / Roberto Cicaré,"Domingo Donnaruma,  José Pugliano (percussion)","Roberto Pérez Prechi, José Appendino, Pedro Vidaurre","Manolo Baya, Elvino Vardaro, Juan Scaffino, Pedro Lopérfido, José Nieso, Enrique Francini, Enrique Bourguet (cello)"
Osvaldo Fresedo,Osvaldo Fresedo y su Gran Orquesta Argentina,1/23/1959,Te Quiero Locamente,Tango,Hugo Marcel,CBS Columbia,Tape,José Márquez,R. Durán,,59-80 / Final years,José Márquez / Roberto Cicaré,"Domingo Donnaruma,  José Pugliano (percussion)","Roberto Pérez Prechi, José Appendino, Pedro Vidaurre","Manolo Baya, Elvino Vardaro, Juan Scaffino, Pedro Lopérfido, José Nieso, Enrique Francini, Enrique Bourguet (cello)"
Osvaldo Fresedo,Osvaldo Fresedo y su Gran Orquesta Argentina,4/6/1959,El Tamborilero,Tango,Instrumental,CBS Columbia,Tape,Roberto Pérez Prechi,,,59-80 / Final years,José Márquez / Roberto Cicaré,"Domingo Donnaruma,  José Pugliano (percussion)","Roberto Pérez Prechi, José Appendino, Pedro Vidaurre","Manolo Baya, Elvino Vardaro, Juan Scaffino, Pedro Lopérfido, José Nieso, Enrique Francini, Enrique Bourguet (cello)"
Osvaldo Fresedo,Osvaldo Fresedo y su Gran Orquesta Argentina,4/6/1959,Milonguero Viejo,Tango,Instrumental,CBS Columbia,Tape,Carlos Di Sarli,Enrique Carrera Sotelo,,59-80 / Final years,José Márquez / Roberto Cicaré,"Domingo Donnaruma,  José Pugliano (percussion)","Roberto Pérez Prechi, José Appendino, Pedro Vidaurre","Manolo Baya, Elvino Vardaro, Juan Scaffino, Pedro Lopérfido, José Nieso, Enrique Francini, Enrique Bourguet (cello)"
Osvaldo Fresedo,Osvaldo Fresedo y su Gran Orquesta Argentina,5/7/1959,Es Mejor Olvidar,Tango,Hugo Marcel,CBS Columbia,Tape,Héctor Stamponi,Eduardo Parula,,59-80 / Final years,José Márquez / Roberto Cicaré,"Domingo Donnaruma,  José Pugliano (percussion)","Roberto Pérez Prechi, José Appendino, Pedro Vidaurre","Manolo Baya, Elvino Vardaro, Juan Scaffino, Pedro Lopérfido, José Nieso, Enrique Francini, Enrique Bourguet (cello)"
Osvaldo Fresedo,Osvaldo Fresedo y su Gran Orquesta Argentina,5/7/1959,Re Fa Si,Tango,Instrumental,CBS Columbia,Tape,Enrique Delfino,,,59-80 / Final years,José Márquez / Roberto Cicaré,"Domingo Donnaruma,  José Pugliano (percussion)","Roberto Pérez Prechi, José Appendino, Pedro Vidaurre","Manolo Baya, Elvino Vardaro, Juan Scaffino, Pedro Lopérfido, José Nieso, Enrique Francini, Enrique Bourguet (cello)"
Osvaldo Fresedo,Osvaldo Fresedo y su Gran Orquesta Argentina,6/2/1959,Derecho Viejo,Tango,Instrumental,CBS Columbia,Tape,Eduardo Arolas,,,59-80 / Final years,José Márquez / Roberto Cicaré,"Domingo Donnaruma,  José Pugliano (percussion)","Roberto Pérez Prechi, José Appendino, Pedro Vidaurre","Manolo Baya, Elvino Vardaro, Juan Scaffino, Pedro Lopérfido, José Nieso, Enrique Francini, Enrique Bourguet (cello)"
Osvaldo Fresedo,Osvaldo Fresedo y su Gran Orquesta Argentina,6/2/1959,Dónde Estás?,Tango,Blanca Mooney,CBS Columbia,Tape,Manuel Sucher,Carlos Bahr,,59-80 / Final years,José Márquez / Roberto Cicaré,"Domingo Donnaruma,  José Pugliano (percussion)","Roberto Pérez Prechi, José Appendino, Pedro Vidaurre","Manolo Baya, Elvino Vardaro, Juan Scaffino, Pedro Lopérfido, José Nieso, Enrique Francini, Enrique Bourguet (cello)"
Osvaldo Fresedo,Osvaldo Fresedo y su Gran Orquesta Argentina,5/22/1961,De Academia,Tango,Instrumental,CBS Columbia,Tape-S,Osvaldo Fresedo,,,59-80 / Final years,José Márquez / Roberto Cicaré,"Domingo Donnaruma,  José Pugliano (percussion)","Roberto Pérez Prechi, José Appendino, Pedro Vidaurre","Manolo Baya, Elvino Vardaro, Juan Scaffino, Pedro Lopérfido, José Nieso, Enrique Francini, Enrique Bourguet (cello)"
 Osvaldo Fresedo , Osvaldo Fresedo y su Típica  ,"12,268.00", Cordobesita , Tango , Roberto Ray , Victor , 78rpm , Pascual Storti , Emilio Fresedo ,, 33-39 / Rituzzi Piano , José María Rizzuti ," Alfredo Corletto, Saly S. Nisguritz (drums) "," Pascual Storti, Juan Salvatore "," Adolfo Muzzi, Pedro Desrets, José Lorito, Mario Perini, Charles Wimer (guitar), Nélida Gianneo (harp) "
Osvaldo Fresedo,Osvaldo Fresedo y su Gran Orquesta Argentina,5/26/1961,El Pollito,Tango,Instrumental,CBS Columbia,Tape-S,Francisco Canaro,,,59-80 / Final years,José Márquez / Roberto Cicaré,"Domingo Donnaruma,  José Pugliano (percussion)","Roberto Pérez Prechi, José Appendino, Pedro Vidaurre","Manolo Baya, Elvino Vardaro, Juan Scaffino, Pedro Lopérfido, José Nieso, Enrique Francini, Enrique Bourguet (cello)"
Osvaldo Fresedo,Osvaldo Fresedo y su Gran Orquesta Argentina,5/26/1961,Enamorado Estoy,Tango,Hugo Marcel,CBS Columbia,Tape-S,José Márquez,Oscar Zito,,59-80 / Final years,José Márquez / Roberto Cicaré,"Domingo Donnaruma,  José Pugliano (percussion)","Roberto Pérez Prechi, José Appendino, Pedro Vidaurre","Manolo Baya, Elvino Vardaro, Juan Scaffino, Pedro Lopérfido, José Nieso, Enrique Francini, Enrique Bourguet (cello)"
Osvaldo Fresedo,Osvaldo Fresedo y su Gran Orquesta Argentina,5/26/1961,Única,Tango,Hugo Marcel,CBS Columbia,Tape-S,Roberto Pérez Prechi,,,59-80 / Final years,José Márquez / Roberto Cicaré,"Domingo Donnaruma,  José Pugliano (percussion)","Roberto Pérez Prechi, José Appendino, Pedro Vidaurre","Manolo Baya, Elvino Vardaro, Juan Scaffino, Pedro Lopérfido, José Nieso, Enrique Francini, Enrique Bourguet (cello)"
Osvaldo Fresedo,Osvaldo Fresedo y su Gran Orquesta Argentina,6/1/1961,El Día Que Me Quieras,Tango,Instrumental,CBS Columbia,Tape-S,Carlos Gardel,Alfredo Le Pera,,59-80 / Final years,José Márquez / Roberto Cicaré,"Domingo Donnaruma,  José Pugliano (percussion)","Roberto Pérez Prechi, José Appendino, Pedro Vidaurre","Manolo Baya, Elvino Vardaro, Juan Scaffino, Pedro Lopérfido, José Nieso, Enrique Francini, Enrique Bourguet (cello)"
Osvaldo Fresedo,Osvaldo Fresedo y su Gran Orquesta Argentina,6/1/1961,La Canción,Tango,Hugo Marcel,CBS Columbia,Tape-S,Juan Filiberto,Lito Bayardo,,59-80 / Final years,José Márquez / Roberto Cicaré,"Domingo Donnaruma,  José Pugliano (percussion)","Roberto Pérez Prechi, José Appendino, Pedro Vidaurre","Manolo Baya, Elvino Vardaro, Juan Scaffino, Pedro Lopérfido, José Nieso, Enrique Francini, Enrique Bourguet (cello)"
 Osvaldo Fresedo , Orquesta Típica Fresedo ,"1,926.00", Corazón Criollo , Tango , Instrumental , Odeon , Acoustic , Pedro Marotta , Emilio Fresedo ,, 17-26 / Acoustic , José María Rizzuti , Humberto Costanzo ," Osvaldo Fresedo, Alberto Rodríguez "," Adolfo Muzzi, Jean Koller "
Osvaldo Fresedo,Osvaldo Fresedo y su Gran Orquesta Argentina,6/1/1961,Sobre El Pucho,Tango,Oscar Luna,CBS Columbia,Tape-S,Sebastián Piana,José González Castillo,,59-80 / Final years,José Márquez / Roberto Cicaré,"Domingo Donnaruma,  José Pugliano (percussion)","Roberto Pérez Prechi, José Appendino, Pedro Vidaurre","Manolo Baya, Elvino Vardaro, Juan Scaffino, Pedro Lopérfido, José Nieso, Enrique Francini, Enrique Bourguet (cello)"
Osvaldo Fresedo,Osvaldo Fresedo y su Gran Orquesta Argentina,6/7/1961,El Flaco Abel,Tango,Oscar Luna,CBS Columbia,Tape-S,Roberto Pansera,Eduardo Parula,,59-80 / Final years,José Márquez / Roberto Cicaré,"Domingo Donnaruma,  José Pugliano (percussion)","Roberto Pérez Prechi, José Appendino, Pedro Vidaurre","Manolo Baya, Elvino Vardaro, Juan Scaffino, Pedro Lopérfido, José Nieso, Enrique Francini, Enrique Bourguet (cello)"
Osvaldo Fresedo,Osvaldo Fresedo y su Gran Orquesta Argentina,6/7/1961,Si De Mí Te Has Olvidado,Tango,Hugo Marcel,CBS Columbia,Tape-S,Osvaldo Fresedo,José Contursi,,59-80 / Final years,José Márquez / Roberto Cicaré,"Domingo Donnaruma,  José Pugliano (percussion)","Roberto Pérez Prechi, José Appendino, Pedro Vidaurre","Manolo Baya, Elvino Vardaro, Juan Scaffino, Pedro Lopérfido, José Nieso, Enrique Francini, Enrique Bourguet (cello)"
Osvaldo Fresedo,Osvaldo Fresedo y su Gran Orquesta Argentina,6/15/1961,Capicúa,Milonga,Instrumental,CBS Columbia,Tape-S,Roberto Nievas Blanco,,,59-80 / Final years,José Márquez / Roberto Cicaré,"Domingo Donnaruma,  José Pugliano (percussion)","Roberto Pérez Prechi, José Appendino, Pedro Vidaurre","Manolo Baya, Elvino Vardaro, Juan Scaffino, Pedro Lopérfido, José Nieso, Enrique Francini, Enrique Bourguet (cello)"
Osvaldo Fresedo,Osvaldo Fresedo y su Gran Orquesta Argentina,6/15/1961,Sueño Azul,Tango,Instrumental,CBS Columbia,Tape-S,Francisco De Caro,Mario Gomila,,59-80 / Final years,José Márquez / Roberto Cicaré,"Domingo Donnaruma,  José Pugliano (percussion)","Roberto Pérez Prechi, José Appendino, Pedro Vidaurre","Manolo Baya, Elvino Vardaro, Juan Scaffino, Pedro Lopérfido, José Nieso, Enrique Francini, Enrique Bourguet (cello)"
Osvaldo Fresedo,Osvaldo Fresedo y su Gran Orquesta Argentina,7/5/1961,Bahía Blanca,Tango,Instrumental,CBS Columbia,Tape-S,Carlos Di Sarli,,,59-80 / Final years,José Márquez / Roberto Cicaré,"Domingo Donnaruma,  José Pugliano (percussion)","Roberto Pérez Prechi, José Appendino, Pedro Vidaurre","Manolo Baya, Elvino Vardaro, Juan Scaffino, Pedro Lopérfido, José Nieso, Enrique Francini, Enrique Bourguet (cello)"
Osvaldo Fresedo,Osvaldo Fresedo y su Gran Orquesta Argentina,7/5/1961,Todo Corazón,Tango,Instrumental,CBS Columbia,Tape-S,Julio De Caro,José Ruffet,,59-80 / Final years,José Márquez / Roberto Cicaré,"Domingo Donnaruma,  José Pugliano (percussion)","Roberto Pérez Prechi, José Appendino, Pedro Vidaurre","Manolo Baya, Elvino Vardaro, Juan Scaffino, Pedro Lopérfido, José Nieso, Enrique Francini, Enrique Bourguet (cello)"
Osvaldo Fresedo,Osvaldo Fresedo y su Gran Orquesta Argentina,9/3/1961,Naipe Marcado,Tango,Carlos Barrios,CBS Columbia,Tape-S,Ángel Greco,,,59-80 / Final years,José Márquez / Roberto Cicaré,"Domingo Donnaruma,  José Pugliano (percussion)","Roberto Pérez Prechi, José Appendino, Pedro Vidaurre","Manolo Baya, Elvino Vardaro, Juan Scaffino, Pedro Lopérfido, José Nieso, Enrique Francini, Enrique Bourguet (cello)"
Osvaldo Fresedo,Osvaldo Fresedo y su Gran Orquesta Argentina,9/3/1961,Tal Vez Mañana,Tango,Hugo Marcel,CBS Columbia,Tape-S,Donato Racciatti,Federico Silva,,59-80 / Final years,José Márquez / Roberto Cicaré,"Domingo Donnaruma,  José Pugliano (percussion)","Roberto Pérez Prechi, José Appendino, Pedro Vidaurre","Manolo Baya, Elvino Vardaro, Juan Scaffino, Pedro Lopérfido, José Nieso, Enrique Francini, Enrique Bourguet (cello)"
Osvaldo Fresedo,Osvaldo Fresedo y su Gran Orquesta Argentina,9/14/1961,Milonguita,Tango,Hugo Marcel,CBS Columbia,Tape-S,Enrique Delfino,Samuel Linning,,59-80 / Final years,José Márquez / Roberto Cicaré,"Domingo Donnaruma,  José Pugliano (percussion)","Roberto Pérez Prechi, José Appendino, Pedro Vidaurre","Manolo Baya, Elvino Vardaro, Juan Scaffino, Pedro Lopérfido, José Nieso, Enrique Francini, Enrique Bourguet (cello)"
Osvaldo Fresedo,Osvaldo Fresedo y su Gran Orquesta Argentina,9/14/1961,Perro E' Sulky,Tango,Carlos Barrios,CBS Columbia,Tape-S,Héctor Stamponi,Oscar Zito,,59-80 / Final years,José Márquez / Roberto Cicaré,"Domingo Donnaruma,  José Pugliano (percussion)","Roberto Pérez Prechi, José Appendino, Pedro Vidaurre","Manolo Baya, Elvino Vardaro, Juan Scaffino, Pedro Lopérfido, José Nieso, Enrique Francini, Enrique Bourguet (cello)"
Osvaldo Fresedo,Osvaldo Fresedo y su Gran Orquesta Argentina,9/14/1961,Taconeando,Tango,Instrumental,CBS Columbia,Tape-S,Pedro Maffia,J. Staffolani,,59-80 / Final years,José Márquez / Roberto Cicaré,"Domingo Donnaruma,  José Pugliano (percussion)","Roberto Pérez Prechi, José Appendino, Pedro Vidaurre","Manolo Baya, Elvino Vardaro, Juan Scaffino, Pedro Lopérfido, José Nieso, Enrique Francini, Enrique Bourguet (cello)"
 Osvaldo Fresedo , Orquesta Típica Fresedo ,"9,168.00", Con Alma Y Vida , Tango , Instrumental , Victor , Acoustic , Raúl de los Hoyos , Emilio Fresedo ,, 17-26 / Acoustic , José María Rizzuti , Humberto Costanzo ," Osvaldo Fresedo, Alberto Rodríguez, Luis Petrucelli "," Manlio Francia, Adolfo Muzzi, Jean Koller "
Osvaldo Fresedo,Osvaldo Fresedo y su Gran Orquesta Argentina,9/27/1961,Mi Verdad,Tango,Roberto Bayot,CBS Columbia,Tape-S,José Márquez,Oscar Zito,,59-80 / Final years,José Márquez / Roberto Cicaré,"Domingo Donnaruma,  José Pugliano (percussion)","Roberto Pérez Prechi, José Appendino, Pedro Vidaurre","Manolo Baya, Elvino Vardaro, Juan Scaffino, Pedro Lopérfido, José Nieso, Enrique Francini, Enrique Bourguet (cello)"
Osvaldo Fresedo,Osvaldo Fresedo y su Gran Orquesta Argentina,9/27/1961,Siempre Dos,Tango,Roberto Bayot,CBS Columbia,Tape-S,Roberto Pérez Prechi,Eugenio Majul,,59-80 / Final years,José Márquez / Roberto Cicaré,"Domingo Donnaruma,  José Pugliano (percussion)","Roberto Pérez Prechi, José Appendino, Pedro Vidaurre","Manolo Baya, Elvino Vardaro, Juan Scaffino, Pedro Lopérfido, José Nieso, Enrique Francini, Enrique Bourguet (cello)"
Osvaldo Fresedo,Osvaldo Fresedo y su Gran Orquesta Argentina,10/4/1962,Pimienta,Tango,Instrumental,CBS Columbia,Tape-S,Osvaldo Fresedo,,,59-80 / Final years,José Márquez / Roberto Cicaré,"Domingo Donnaruma,  José Pugliano (percussion)","Roberto Pérez Prechi, José Appendino, Pedro Vidaurre","Manolo Baya, Elvino Vardaro, Juan Scaffino, Pedro Lopérfido, José Nieso, Enrique Francini, Enrique Bourguet (cello)"
Osvaldo Fresedo,Osvaldo Fresedo y su Gran Orquesta Argentina,10/4/1962,Re Fa Si,Tango,Instrumental,CBS Columbia,Tape-S,Enrique Delfino,,,59-80 / Final years,José Márquez / Roberto Cicaré,"Domingo Donnaruma,  José Pugliano (percussion)","Roberto Pérez Prechi, José Appendino, Pedro Vidaurre","Manolo Baya, Elvino Vardaro, Juan Scaffino, Pedro Lopérfido, José Nieso, Enrique Francini, Enrique Bourguet (cello)"
Osvaldo Fresedo,Osvaldo Fresedo y su Gran Orquesta Argentina,4/15/1963,Viajando,Tango,Instrumental,CBS Columbia,Tape-S,Osvaldo Fresedo,,,59-80 / Final years,José Márquez / Roberto Cicaré,"Domingo Donnaruma,  José Pugliano (percussion)","Roberto Pérez Prechi, José Appendino, Pedro Vidaurre","Manolo Baya, Elvino Vardaro, Juan Scaffino, Pedro Lopérfido, José Nieso, Enrique Francini, Enrique Bourguet (cello)"
Osvaldo Fresedo,Osvaldo Fresedo y su Gran Orquesta Argentina,5/2/1963,Migaja,Tango,Carlos Barrios,CBS Columbia,Tape-S,Eduardo Armani,Roberto Gil,,59-80 / Final years,José Márquez / Roberto Cicaré,"Domingo Donnaruma,  José Pugliano (percussion)","Roberto Pérez Prechi, José Appendino, Pedro Vidaurre","Manolo Baya, Elvino Vardaro, Juan Scaffino, Pedro Lopérfido, José Nieso, Enrique Francini, Enrique Bourguet (cello)"
Osvaldo Fresedo,Osvaldo Fresedo y su Gran Orquesta Argentina,5/2/1963,Qué Noche!,Tango,Instrumental,CBS Columbia,Tape-S,Agustín Bardi,,,59-80 / Final years,José Márquez / Roberto Cicaré,"Domingo Donnaruma,  José Pugliano (percussion)","Roberto Pérez Prechi, José Appendino, Pedro Vidaurre","Manolo Baya, Elvino Vardaro, Juan Scaffino, Pedro Lopérfido, José Nieso, Enrique Francini, Enrique Bourguet (cello)"
Osvaldo Fresedo,Osvaldo Fresedo y su Gran Orquesta Argentina,5/22/1963,Golondrinas,Tango,Instrumental,CBS Columbia,Tape-S,Carlos Gardel,Alfredo Le Pera,,59-80 / Final years,José Márquez / Roberto Cicaré,"Domingo Donnaruma,  José Pugliano (percussion)","Roberto Pérez Prechi, José Appendino, Pedro Vidaurre","Manolo Baya, Elvino Vardaro, Juan Scaffino, Pedro Lopérfido, José Nieso, Enrique Francini, Enrique Bourguet (cello)"
Osvaldo Fresedo,Osvaldo Fresedo y su Gran Orquesta Argentina,5/22/1963,Soledad,Tango,Instrumental,CBS Columbia,Tape-S,Carlos Gardel,Alfredo Le Pera,,59-80 / Final years,José Márquez / Roberto Cicaré,"Domingo Donnaruma,  José Pugliano (percussion)","Roberto Pérez Prechi, José Appendino, Pedro Vidaurre","Manolo Baya, Elvino Vardaro, Juan Scaffino, Pedro Lopérfido, José Nieso, Enrique Francini, Enrique Bourguet (cello)"
Osvaldo Fresedo,Osvaldo Fresedo y su Gran Orquesta Argentina,6/17/1963,Cuesta Abajo,Tango,Instrumental,CBS Columbia,Tape-S,Carlos Gardel,Alfredo Le Pera,,59-80 / Final years,José Márquez / Roberto Cicaré,"Domingo Donnaruma,  José Pugliano (percussion)","Roberto Pérez Prechi, José Appendino, Pedro Vidaurre","Manolo Baya, Elvino Vardaro, Juan Scaffino, Pedro Lopérfido, José Nieso, Enrique Francini, Enrique Bourguet (cello)"
Osvaldo Fresedo,Osvaldo Fresedo y su Gran Orquesta Argentina,6/17/1963,Entrelazado,Tango,Instrumental,CBS Columbia,Tape-S,Roberto Pansera,,,59-80 / Final years,José Márquez / Roberto Cicaré,"Domingo Donnaruma,  José Pugliano (percussion)","Roberto Pérez Prechi, José Appendino, Pedro Vidaurre","Manolo Baya, Elvino Vardaro, Juan Scaffino, Pedro Lopérfido, José Nieso, Enrique Francini, Enrique Bourguet (cello)"
Osvaldo Fresedo,Osvaldo Fresedo y su Gran Orquesta Argentina,4/15/1966,Amar Hasta Morir,Tango,Roberto Yanés,CBS Columbia,Tape-S,Antonio Fassa,Jorge Burbridge,,59-80 / Final years,José Márquez / Roberto Cicaré,"Domingo Donnaruma,  José Pugliano (percussion)","Roberto Pérez Prechi, José Appendino, Pedro Vidaurre","Manolo Baya, Elvino Vardaro, Juan Scaffino, Pedro Lopérfido, José Nieso, Enrique Francini, Enrique Bourguet (cello)"
Osvaldo Fresedo,Osvaldo Fresedo y su Gran Orquesta Argentina,4/15/1966,Mi Buenos Aires Querido,Tango,Instrumental,CBS Columbia,Tape-S,Carlos Gardel,Alfredo Le Pera,,59-80 / Final years,José Márquez / Roberto Cicaré,"Domingo Donnaruma,  José Pugliano (percussion)","Roberto Pérez Prechi, José Appendino, Pedro Vidaurre","Manolo Baya, Elvino Vardaro, Juan Scaffino, Pedro Lopérfido, José Nieso, Enrique Francini, Enrique Bourguet (cello)"
Osvaldo Fresedo,Osvaldo Fresedo y su Gran Orquesta Argentina,6/24/1966,Tengo,Tango,Roberto Yanés,CBS Columbia,Tape-S,Roberto Pérez Prechi,Eugenio Majul,,59-80 / Final years,José Márquez / Roberto Cicaré,"Domingo Donnaruma,  José Pugliano (percussion)","Roberto Pérez Prechi, José Appendino, Pedro Vidaurre","Manolo Baya, Elvino Vardaro, Juan Scaffino, Pedro Lopérfido, José Nieso, Enrique Francini, Enrique Bourguet (cello)"
Osvaldo Fresedo,Osvaldo Fresedo y su Gran Orquesta Argentina,6/24/1966,Viejo Buenos Aires,Tango,Oscar Luna,CBS Columbia,Tape-S,Mariano Mores,Martín Darré,,59-80 / Final years,José Márquez / Roberto Cicaré,"Domingo Donnaruma,  José Pugliano (percussion)","Roberto Pérez Prechi, José Appendino, Pedro Vidaurre","Manolo Baya, Elvino Vardaro, Juan Scaffino, Pedro Lopérfido, José Nieso, Enrique Francini, Enrique Bourguet (cello)"
Osvaldo Fresedo,Osvaldo Fresedo y su Gran Orquesta Argentina,10/14/1966,Bandoneón Amigo,Tango,Roberto Yanés,CBS Columbia,Tape-S,Osvaldo Fresedo,Homero Manzi,,59-80 / Final years,José Márquez / Roberto Cicaré,"Domingo Donnaruma,  José Pugliano (percussion)","Roberto Pérez Prechi, José Appendino, Pedro Vidaurre","Manolo Baya, Elvino Vardaro, Juan Scaffino, Pedro Lopérfido, José Nieso, Enrique Francini, Enrique Bourguet (cello)"
Osvaldo Fresedo,Osvaldo Fresedo y su Gran Orquesta Argentina,10/14/1966,Barrio Pobre,Tango,Roberto Yanés,CBS Columbia,Tape-S,Vicente Belvedere,Francisco García Jiménez,,59-80 / Final years,José Márquez / Roberto Cicaré,"Domingo Donnaruma,  José Pugliano (percussion)","Roberto Pérez Prechi, José Appendino, Pedro Vidaurre","Manolo Baya, Elvino Vardaro, Juan Scaffino, Pedro Lopérfido, José Nieso, Enrique Francini, Enrique Bourguet (cello)"
Osvaldo Fresedo,Osvaldo Fresedo y su Gran Orquesta Argentina,10/24/1966,El Flete,Tango,Instrumental,CBS Columbia,Tape-S,Vicente Greco,,,59-80 / Final years,José Márquez / Roberto Cicaré,"Domingo Donnaruma,  José Pugliano (percussion)","Roberto Pérez Prechi, José Appendino, Pedro Vidaurre","Manolo Baya, Elvino Vardaro, Juan Scaffino, Pedro Lopérfido, José Nieso, Enrique Francini, Enrique Bourguet (cello)"
Osvaldo Fresedo,Osvaldo Fresedo y su Gran Orquesta Argentina,10/24/1966,La Sanata,Tango,Instrumental,CBS Columbia,Tape-S,Roberto Nievas Blanco,,,59-80 / Final years,José Márquez / Roberto Cicaré,"Domingo Donnaruma,  José Pugliano (percussion)","Roberto Pérez Prechi, José Appendino, Pedro Vidaurre","Manolo Baya, Elvino Vardaro, Juan Scaffino, Pedro Lopérfido, José Nieso, Enrique Francini, Enrique Bourguet (cello)"
 Osvaldo Fresedo , Orquesta Típica Fresedo ,"9,307.00", Sonsa , Tango , Instrumental , Victor , Acoustic , Raúl de los Hoyos , Emilio Fresedo ,, 17-26 / Acoustic , José María Rizzuti , Humberto Costanzo ," Osvaldo Fresedo, Alberto Rodríguez "," Manlio Francia, Adolfo Muzzi, Jean Koller "
Osvaldo Fresedo,Osvaldo Fresedo y su Orquesta,10/30/1979,El Entrerriano,Tango,Instrumental,CBS Columbia,Tape-S,Rosendo Mendizábal,,,59-80 / Final years,Roberto Cicaré,"Raúl Muñoz, Carlos Nicolini (electric bass), Mateo Juan Giarruzzo (vibraphone), José Corriale (percussion)","Roberto Pérez Prechi, Marcos Madrigal, Ernesto Baffa, Osvaldo Montes","Antonio Agri, Hugo Baralis, Aquiles Aguilar, Manuel Baya Gómez, Mauricio Marcelli, Emilio González, Pedro Lopérfido, Simón Broitman, José Votti, Carlos Arnaiz, Enri Balestro (viola), Rodolfo Fernández (viola), Alfredo López Echeverría (cello), Daniel Pucci  (cello)"
Osvaldo Fresedo,Osvaldo Fresedo y su Orquesta,10/30/1979,La Cachila,Tango,Instrumental,CBS Columbia,Tape-S,Eduardo Arolas,,,59-80 / Final years,Roberto Cicaré,"Raúl Muñoz, Carlos Nicolini (electric bass), Mateo Juan Giarruzzo (vibraphone), José Corriale (percussion)","Roberto Pérez Prechi, Marcos Madrigal, Ernesto Baffa, Osvaldo Montes","Antonio Agri, Hugo Baralis, Aquiles Aguilar, Manuel Baya Gómez, Mauricio Marcelli, Emilio González, Pedro Lopérfido, Simón Broitman, José Votti, Carlos Arnaiz, Enri Balestro (viola), Rodolfo Fernández (viola), Alfredo López Echeverría (cello), Daniel Pucci  (cello)"
Osvaldo Fresedo,Osvaldo Fresedo y su Orquesta,10/30/1979,La Cumparsita,Tango,Instrumental,CBS Columbia,Tape-S,Gerardo Matos Rodríguez,,,59-80 / Final years,Roberto Cicaré,"Raúl Muñoz, Carlos Nicolini (electric bass), Mateo Juan Giarruzzo (vibraphone), José Corriale (percussion)","Roberto Pérez Prechi, Marcos Madrigal, Ernesto Baffa, Osvaldo Montes","Antonio Agri, Hugo Baralis, Aquiles Aguilar, Manuel Baya Gómez, Mauricio Marcelli, Emilio González, Pedro Lopérfido, Simón Broitman, José Votti, Carlos Arnaiz, Enri Balestro (viola), Rodolfo Fernández (viola), Alfredo López Echeverría (cello), Daniel Pucci  (cello)"
Osvaldo Fresedo,Osvaldo Fresedo y su Orquesta,10/30/1979,Ojos Negros,Tango,Instrumental,CBS Columbia,Tape-S,Vicente Greco,,,59-80 / Final years,Roberto Cicaré,"Raúl Muñoz, Carlos Nicolini (electric bass), Mateo Juan Giarruzzo (vibraphone), José Corriale (percussion)","Roberto Pérez Prechi, Marcos Madrigal, Ernesto Baffa, Osvaldo Montes","Antonio Agri, Hugo Baralis, Aquiles Aguilar, Manuel Baya Gómez, Mauricio Marcelli, Emilio González, Pedro Lopérfido, Simón Broitman, José Votti, Carlos Arnaiz, Enri Balestro (viola), Rodolfo Fernández (viola), Alfredo López Echeverría (cello), Daniel Pucci  (cello)"
 Osvaldo Fresedo , Orquesta Típica Fresedo ,"9,817.00", Del Barrio De Las Latas , Tango , Instrumental , Odeon , Acoustic , Raúl de los Hoyos , Emilio Fresedo ,, 17-26 / Acoustic , José María Rizzuti , Humberto Costanzo ," Osvaldo Fresedo, Alberto Rodríguez "," Adolfo Muzzi, Jean Koller "
Osvaldo Fresedo,Osvaldo Fresedo y su Orquesta,11/6/1979,El Espiante,Tango,Instrumental,CBS Columbia,Tape-S,Osvaldo Fresedo,,,59-80 / Final years,Roberto Cicaré,"Raúl Muñoz, Carlos Nicolini (electric bass), Mateo Juan Giarruzzo (vibraphone), José Corriale (percussion)","Roberto Pérez Prechi, Marcos Madrigal, Ernesto Baffa, Osvaldo Montes","Antonio Agri, Hugo Baralis, Aquiles Aguilar, Manuel Baya Gómez, Mauricio Marcelli, Emilio González, Pedro Lopérfido, Simón Broitman, José Votti, Carlos Arnaiz, Enri Balestro (viola), Rodolfo Fernández (viola), Alfredo López Echeverría (cello), Daniel Pucci  (cello)"
Osvaldo Fresedo,Osvaldo Fresedo y su Orquesta,11/6/1979,El Pibe De La Paternal,Tango,Instrumental,CBS Columbia,Tape-S,Roberto Pansera,,,59-80 / Final years,Roberto Cicaré,"Raúl Muñoz, Carlos Nicolini (electric bass), Mateo Juan Giarruzzo (vibraphone), José Corriale (percussion)","Roberto Pérez Prechi, Marcos Madrigal, Ernesto Baffa, Osvaldo Montes","Antonio Agri, Hugo Baralis, Aquiles Aguilar, Manuel Baya Gómez, Mauricio Marcelli, Emilio González, Pedro Lopérfido, Simón Broitman, José Votti, Carlos Arnaiz, Enri Balestro (viola), Rodolfo Fernández (viola), Alfredo López Echeverría (cello), Daniel Pucci  (cello)"
Osvaldo Fresedo,Osvaldo Fresedo y su Orquesta,11/6/1979,La Viruta,Tango,Instrumental,CBS Columbia,Tape-S,Vicente Greco,,,59-80 / Final years,Roberto Cicaré,"Raúl Muñoz, Carlos Nicolini (electric bass), Mateo Juan Giarruzzo (vibraphone), José Corriale (percussion)","Roberto Pérez Prechi, Marcos Madrigal, Ernesto Baffa, Osvaldo Montes","Antonio Agri, Hugo Baralis, Aquiles Aguilar, Manuel Baya Gómez, Mauricio Marcelli, Emilio González, Pedro Lopérfido, Simón Broitman, José Votti, Carlos Arnaiz, Enri Balestro (viola), Rodolfo Fernández (viola), Alfredo López Echeverría (cello), Daniel Pucci  (cello)"
Osvaldo Fresedo,Osvaldo Fresedo y su Orquesta,11/6/1979,Mi Refugio,Tango,Instrumental,CBS Columbia,Tape-S,Juan Carlos Cobián,,,59-80 / Final years,Roberto Cicaré,"Raúl Muñoz, Carlos Nicolini (electric bass), Mateo Juan Giarruzzo (vibraphone), José Corriale (percussion)","Roberto Pérez Prechi, Marcos Madrigal, Ernesto Baffa, Osvaldo Montes","Antonio Agri, Hugo Baralis, Aquiles Aguilar, Manuel Baya Gómez, Mauricio Marcelli, Emilio González, Pedro Lopérfido, Simón Broitman, José Votti, Carlos Arnaiz, Enri Balestro (viola), Rodolfo Fernández (viola), Alfredo López Echeverría (cello), Daniel Pucci  (cello)"
Osvaldo Fresedo,Osvaldo Fresedo y su Orquesta,6/27/1980,El Marne,Tango,Instrumental,CBS Columbia,Tape-S,Eduardo Arolas,,,59-80 / Final years,Roberto Cicaré,"Raúl Muñoz, Carlos Nicolini (electric bass), Mateo Juan Giarruzzo (vibraphone), José Corriale (percussion)","Roberto Pérez Prechi, Marcos Madrigal, Ernesto Baffa, Osvaldo Montes","Antonio Agri, Hugo Baralis, Aquiles Aguilar, Manuel Baya Gómez, Mauricio Marcelli, Emilio González, Pedro Lopérfido, Simón Broitman, José Votti, Carlos Arnaiz, Enri Balestro (viola), Rodolfo Fernández (viola), Alfredo López Echeverría (cello), Daniel Pucci  (cello)"
Osvaldo Fresedo,Osvaldo Fresedo y su Orquesta,6/27/1980,Flores Negras,Tango,Instrumental,CBS Columbia,Tape-S,Francisco De Caro,Mario Gomila,,59-80 / Final years,Roberto Cicaré,"Raúl Muñoz, Carlos Nicolini (electric bass), Mateo Juan Giarruzzo (vibraphone), José Corriale (percussion)","Roberto Pérez Prechi, Marcos Madrigal, Ernesto Baffa, Osvaldo Montes","Antonio Agri, Hugo Baralis, Aquiles Aguilar, Manuel Baya Gómez, Mauricio Marcelli, Emilio González, Pedro Lopérfido, Simón Broitman, José Votti, Carlos Arnaiz, Enri Balestro (viola), Rodolfo Fernández (viola), Alfredo López Echeverría (cello), Daniel Pucci  (cello)"
Osvaldo Fresedo,Osvaldo Fresedo y su Orquesta,6/27/1980,Maipo,Tango,Instrumental,CBS Columbia,Tape-S,Eduardo Arolas,,,59-80 / Final years,Roberto Cicaré,"Raúl Muñoz, Carlos Nicolini (electric bass), Mateo Juan Giarruzzo (vibraphone), José Corriale (percussion)","Roberto Pérez Prechi, Marcos Madrigal, Ernesto Baffa, Osvaldo Montes","Antonio Agri, Hugo Baralis, Aquiles Aguilar, Manuel Baya Gómez, Mauricio Marcelli, Emilio González, Pedro Lopérfido, Simón Broitman, José Votti, Carlos Arnaiz, Enri Balestro (viola), Rodolfo Fernández (viola), Alfredo López Echeverría (cello), Daniel Pucci  (cello)"
Osvaldo Fresedo,Osvaldo Fresedo y su Orquesta,6/27/1980,Melodía Simple,Tango,Instrumental,CBS Columbia,Tape-S,Roberto Capuano,,,59-80 / Final years,Roberto Cicaré,"Raúl Muñoz, Carlos Nicolini (electric bass), Mateo Juan Giarruzzo (vibraphone), José Corriale (percussion)","Roberto Pérez Prechi, Marcos Madrigal, Ernesto Baffa, Osvaldo Montes","Antonio Agri, Hugo Baralis, Aquiles Aguilar, Manuel Baya Gómez, Mauricio Marcelli, Emilio González, Pedro Lopérfido, Simón Broitman, José Votti, Carlos Arnaiz, Enri Balestro (viola), Rodolfo Fernández (viola), Alfredo López Echeverría (cello), Daniel Pucci  (cello)"
Osvaldo Fresedo,Osvaldo Fresedo y su Orquesta,6/27/1980,Mimí Pinsón,Tango,Hugo García,CBS Columbia,Tape-S,Aquiles Roggero,José Rótulo,,59-80 / Final years,Roberto Cicaré,"Raúl Muñoz, Carlos Nicolini (electric bass), Mateo Juan Giarruzzo (vibraphone), José Corriale (percussion)","Roberto Pérez Prechi, Marcos Madrigal, Ernesto Baffa, Osvaldo Montes","Antonio Agri, Hugo Baralis, Aquiles Aguilar, Manuel Baya Gómez, Mauricio Marcelli, Emilio González, Pedro Lopérfido, Simón Broitman, José Votti, Carlos Arnaiz, Enri Balestro (viola), Rodolfo Fernández (viola), Alfredo López Echeverría (cello), Daniel Pucci  (cello)"
Osvaldo Fresedo,Osvaldo Fresedo y su Orquesta,6/27/1980,Un Retrato De Aníbal,Tango,Instrumental,CBS Columbia,Tape-S,Roberto Pansera,,,59-80 / Final years,Roberto Cicaré,"Raúl Muñoz, Carlos Nicolini (electric bass), Mateo Juan Giarruzzo (vibraphone), José Corriale (percussion)","Roberto Pérez Prechi, Marcos Madrigal, Ernesto Baffa, Osvaldo Montes","Antonio Agri, Hugo Baralis, Aquiles Aguilar, Manuel Baya Gómez, Mauricio Marcelli, Emilio González, Pedro Lopérfido, Simón Broitman, José Votti, Carlos Arnaiz, Enri Balestro (viola), Rodolfo Fernández (viola), Alfredo López Echeverría (cello), Daniel Pucci  (cello)"
Osvaldo Fresedo,Osvaldo Fresedo y su Orquesta,7/4/1980,A Media Luz,Tango,Argentino Ledesma,CBS Columbia,Tape-S,Edgardo Donato,César Lenzi,,59-80 / Final years,Roberto Cicaré,"Raúl Muñoz, Carlos Nicolini (electric bass), Mateo Juan Giarruzzo (vibraphone), José Corriale (percussion)","Roberto Pérez Prechi, Marcos Madrigal, Ernesto Baffa, Osvaldo Montes","Antonio Agri, Hugo Baralis, Aquiles Aguilar, Manuel Baya Gómez, Mauricio Marcelli, Emilio González, Pedro Lopérfido, Simón Broitman, José Votti, Carlos Arnaiz, Enri Balestro (viola), Rodolfo Fernández (viola), Alfredo López Echeverría (cello), Daniel Pucci  (cello)"
Osvaldo Fresedo,Osvaldo Fresedo y su Orquesta,7/4/1980,Bien Mistonga,Milonga,Instrumental,CBS Columbia,Tape-S,Roberto Nievas Blanco,,,59-80 / Final years,Roberto Cicaré,"Raúl Muñoz, Carlos Nicolini (electric bass), Mateo Juan Giarruzzo (vibraphone), José Corriale (percussion)","Roberto Pérez Prechi, Marcos Madrigal, Ernesto Baffa, Osvaldo Montes","Antonio Agri, Hugo Baralis, Aquiles Aguilar, Manuel Baya Gómez, Mauricio Marcelli, Emilio González, Pedro Lopérfido, Simón Broitman, José Votti, Carlos Arnaiz, Enri Balestro (viola), Rodolfo Fernández (viola), Alfredo López Echeverría (cello), Daniel Pucci  (cello)"
Osvaldo Fresedo,Osvaldo Fresedo y su Orquesta,7/4/1980,Mi Viejo Reloj,Tango,Instrumental,CBS Columbia,Tape-S,Osvaldo Fresedo,,,59-80 / Final years,Roberto Cicaré,"Raúl Muñoz, Carlos Nicolini (electric bass), Mateo Juan Giarruzzo (vibraphone), José Corriale (percussion)","Roberto Pérez Prechi, Marcos Madrigal, Ernesto Baffa, Osvaldo Montes","Antonio Agri, Hugo Baralis, Aquiles Aguilar, Manuel Baya Gómez, Mauricio Marcelli, Emilio González, Pedro Lopérfido, Simón Broitman, José Votti, Carlos Arnaiz, Enri Balestro (viola), Rodolfo Fernández (viola), Alfredo López Echeverría (cello), Daniel Pucci  (cello)"
 Osvaldo Fresedo , Orquesta Típica Fresedo ,"9,831.00", Del Barrio De Las Latas , Tango , Instrumental , Odeon , 78rpm , Raúl de los Hoyos , Emilio Fresedo ,, 26-28 / Sextet , José María Rizzuti , Humberto Costanzo ," Osvaldo Fresedo, Alberto Rodríguez "," Adolfo Muzzi, Jean Koller "
Osvaldo Fresedo,Orquesta Típica Fresedo,1925-06,Criollito Lindo,Tango,Instrumental,Victor,Acoustic,José Rizzuti,,,17-26 / Acoustic,José María Rizzuti,"Humberto Costanzo, Raúl Fresedo (drums)","Osvaldo Fresedo, Alberto Rodríguez, Luis Petrucelli","Manlio Francia, Adolfo Muzzi, Jean Koller"
Osvaldo Fresedo,Orquesta Típica Fresedo,1925-06,Sólo Fue Una Ilusión,Vals,Instrumental,Victor,Acoustic,Osman Pérez Freire,,,17-26 / Acoustic,José María Rizzuti,Humberto Costanzo,"Osvaldo Fresedo, Alberto Rodríguez","Manlio Francia, Adolfo Muzzi, Jean Koller"
Osvaldo Fresedo,Orquesta Típica Fresedo,1925-08,Recuerdos,Tango,Instrumental,Victor,Acoustic,Osvaldo Fresedo,,,17-26 / Acoustic,José María Rizzuti,Humberto Costanzo,"Osvaldo Fresedo, Alberto Rodríguez, Luis Petrucelli","Manlio Francia, Adolfo Muzzi, Jean Koller"
