Bandleader,Orchestra,Date,Title,Genre,Singer,Label,Master,Composer,Author,Arranger,Grouping,Pianist,Bassist,Bandoneons,Strings,,,,,,,,,,
Osvaldo Pugliese,Osvaldo Pugliese y su Orquesta Típica ,7/15/1943,El Rodeo,Tango,Instrumental,Odeón,78rpm,Agustín Bardi,,,43-46 / Pre La Yumba ,Osvaldo Pugliese,Aniceto Rossi,"Enrique Alessio, Osvaldo Ruggiero, Esteban Gilardi, Alberto Armengol","Enrique Camerano, Julio Carrasco, Jaime Tursky",,,,,,,,,,
Osvaldo Pugliese,Osvaldo Pugliese y su Orquesta Típica ,7/15/1943,Farol,Tango,Roberto Chanel,Odeón,78rpm,Virgilio Expósito,Homero Expósito,,43-46 / Pre La Yumba ,Osvaldo Pugliese,Aniceto Rossi,"Enrique Alessio, Osvaldo Ruggiero, Esteban Gilardi, Alberto Armengol","Enrique Camerano, Julio Carrasco, Jaime Tursky",,,,,,,,,,
Osvaldo Pugliese,Osvaldo Pugliese y su Orquesta Típica ,8/27/1943,Mala Junta,Tango,Instrumental,Odeón,78rpm,Julio Caro; Pedro Laurenz,Juan Velich,,43-46 / Pre La Yumba ,Osvaldo Pugliese,Aniceto Rossi,"Enrique Alessio, Osvaldo Ruggiero, Esteban Gilardi, Alberto Armengol","Enrique Camerano, Julio Carrasco, Jaime Tursky",,,,,,,,,,
Osvaldo Pugliese,Osvaldo Pugliese y su Orquesta Típica ,8/27/1943,Muchachos Comienza La Ronda,Tango,Roberto Chanel,Odeón,78rpm,Luis Porcell,Leopoldo Vélez,,43-46 / Pre La Yumba ,Osvaldo Pugliese,Aniceto Rossi,"Enrique Alessio, Osvaldo Ruggiero, Esteban Gilardi, Alberto Armengol","Enrique Camerano, Julio Carrasco, Jaime Tursky",,,,,,,,,,
Osvaldo Pugliese,Osvaldo Pugliese y su Orquesta Típica ,10/21/1943,Milonga De Mi Tierra,Milonga,Jorge Rubino,Odeón,78rpm,Alberto Pugliese,José Sassone,,43-46 / Pre La Yumba ,Osvaldo Pugliese,Aniceto Rossi,"Enrique Alessio, Osvaldo Ruggiero, Esteban Gilardi, Alberto Armengol","Enrique Camerano, Julio Carrasco, Jaime Tursky",,,,,,,,,,
Osvaldo Pugliese,Osvaldo Pugliese y su Orquesta Típica ,10/21/1943,Qué Bien Te Queda,Tango,Roberto Chanel,Odeón,78rpm,Vicente Salerno,Juan Mazzaroni,,43-46 / Pre La Yumba ,Osvaldo Pugliese,Aniceto Rossi,"Enrique Alessio, Osvaldo Ruggiero, Esteban Gilardi, Alberto Armengol","Enrique Camerano, Julio Carrasco, Jaime Tursky",,,,,,,,,,
Osvaldo Pugliese,Osvaldo Pugliese y su Orquesta Típica ,3/31/1944,Recuerdo,Tango,Instrumental,Odeón,78rpm,Osvaldo Pugliese,Eduardo Moreno,,43-46 / Pre La Yumba ,Osvaldo Pugliese,Aniceto Rossi,"Enrique Alessio,  Osvaldo Ruggiero, Esteban Gilardi, Alberto Armengol","Enrique Camerano, Julio Carrasco, Oscar Herrero, Jaime Tursky",,,,,,,,,,
Osvaldo Pugliese,Osvaldo Pugliese y su Orquesta Típica ,3/31/1944,Silbar De Boyero,Tango,Roberto Chanel,Odeón,78rpm,David Barberis,José Bazán,,43-46 / Pre La Yumba ,Osvaldo Pugliese,Aniceto Rossi,"Enrique Alessio,  Osvaldo Ruggiero, Esteban Gilardi, Alberto Armengol","Enrique Camerano, Julio Carrasco, Oscar Herrero, Jaime Tursky",,,,,,,,,,
Osvaldo Pugliese,Osvaldo Pugliese y su Orquesta Típica ,6/1/1944,El Remate,Tango,Instrumental,Odeón,78rpm,Alberto Pugliese,,,43-46 / Pre La Yumba ,Osvaldo Pugliese,Aniceto Rossi,"Enrique Alessio,  Osvaldo Ruggiero, Esteban Gilardi, Alberto Armengol","Enrique Camerano, Julio Carrasco, Oscar Herrero, Jaime Tursky",,,,,,,,,,
Osvaldo Pugliese,Osvaldo Pugliese y su Orquesta Típica ,6/1/1944,Tortazos,Milonga,Roberto Chanel,Odeón,78rpm,José Razzano,Enrique Maroni,,43-46 / Pre La Yumba ,Osvaldo Pugliese,Aniceto Rossi,"Enrique Alessio,  Osvaldo Ruggiero, Esteban Gilardi, Alberto Armengol","Enrique Camerano, Julio Carrasco, Oscar Herrero, Jaime Tursky",,,,,,,,,,
Osvaldo Pugliese,Osvaldo Pugliese y su Orquesta Típica ,7/6/1944,Tierra Querida,Tango,Instrumental,Odeón,78rpm,Julio Caro,Luis Díaz,,43-46 / Pre La Yumba ,Osvaldo Pugliese,Aniceto Rossi,"Enrique Alessio,  Osvaldo Ruggiero, Esteban Gilardi, Alberto Armengol","Enrique Camerano, Julio Carrasco, Oscar Herrero, Jaime Tursky",,,,,,,,,,
Osvaldo Pugliese,Osvaldo Pugliese y su Orquesta Típica ,7/6/1944,El Día De Tu Ausencia,Tango,Roberto Chanel,Odeón,78rpm,Argentino Galván,Manuel Arcos,,43-46 / Pre La Yumba ,Osvaldo Pugliese,Aniceto Rossi,"Enrique Alessio,  Osvaldo Ruggiero, Esteban Gilardi, Alberto Armengol","Enrique Camerano, Julio Carrasco, Oscar Herrero, Jaime Tursky",,,,,,,,,,
Osvaldo Pugliese,Osvaldo Pugliese y su Orquesta Típica ,7/20/1944,La Abandoné Y No Sabía,Tango,Roberto Chanel,Odeón,78rpm,José Canet,José Canet,,43-46 / Pre La Yumba ,Osvaldo Pugliese,Aniceto Rossi,"Enrique Alessio,  Osvaldo Ruggiero, Esteban Gilardi, Alberto Armengol","Enrique Camerano, Julio Carrasco, Oscar Herrero, Jaime Tursky",,,,,,,,,,
Osvaldo Pugliese,Osvaldo Pugliese y su Orquesta Típica ,7/20/1944,Tu Casa Ya No Está,Vals,Roberto Chanel,Odeón,78rpm,Virgilio Expósito,Homero Expósito,,43-46 / Pre La Yumba ,Osvaldo Pugliese,Aniceto Rossi,"Enrique Alessio,  Osvaldo Ruggiero, Esteban Gilardi, Alberto Armengol","Enrique Camerano, Julio Carrasco, Oscar Herrero, Jaime Tursky",,,,,,,,,,
Osvaldo Pugliese,Osvaldo Pugliese y su Orquesta Típica ,8/22/1944,El Arranque,Tango,Instrumental,Odeón,78rpm,Julio Caro,Mario Gomila,,43-46 / Pre La Yumba ,Osvaldo Pugliese,Aniceto Rossi,"Enrique Alessio,  Osvaldo Ruggiero, Esteban Gilardi, Alberto Armengol","Enrique Camerano, Julio Carrasco, Oscar Herrero, Jaime Tursky",,,,,,,,,,
Osvaldo Pugliese,Osvaldo Pugliese y su Orquesta Típica ,8/22/1944,El Tango Es Una Historia,Tango,Roberto Chanel,Odeón,78rpm,Roberto Chanel,Reinaldo Yiso,,43-46 / Pre La Yumba ,Osvaldo Pugliese,Aniceto Rossi,"Enrique Alessio,  Osvaldo Ruggiero, Esteban Gilardi, Alberto Armengol","Enrique Camerano, Julio Carrasco, Oscar Herrero, Jaime Tursky",,,,,,,,,,
Osvaldo Pugliese,Osvaldo Pugliese y su Orquesta Típica ,10/17/1944,Adiós Bardi,Tango,Instrumental,Odeón,78rpm,Osvaldo Pugliese,,,43-46 / Pre La Yumba ,Osvaldo Pugliese,Aniceto Rossi,"Osvaldo Ruggiero, Jose Caldara, Esteban Gilardi, Oscar Castagniaro","Enrique Camerano, Julio Carrasco, Oscar Herrero, Jaime Tursky",,,,,,,,,,
Osvaldo Pugliese,Osvaldo Pugliese y su Orquesta Típica ,10/17/1944,Corrientes Y Esmeralda,Tango,Roberto Chanel,Odeón,78rpm,Francisco Pracánico,Celedonio Flores,,43-46 / Pre La Yumba ,Osvaldo Pugliese,Aniceto Rossi,"Osvaldo Ruggiero, Jose Caldara, Esteban Gilardi, Oscar Castagniaro","Enrique Camerano, Julio Carrasco, Oscar Herrero, Jaime Tursky",,,,,,,,,,
Osvaldo Pugliese,Osvaldo Pugliese y su Orquesta Típica ,11/24/1944,Amurado,Tango,Instrumental,Odeón,78rpm,Pedro Maffia; Pedro Laurenz,José Grandis,,43-46 / Pre La Yumba ,Osvaldo Pugliese,Aniceto Rossi,"Osvaldo Ruggiero, Jose Caldara, Esteban Gilardi, Oscar Castagniaro","Enrique Camerano, Julio Carrasco, Oscar Herrero, Jaime Tursky",,,,,,,,,,
Osvaldo Pugliese,Osvaldo Pugliese y su Orquesta Típica ,11/24/1944,Nada Más Que Un Corazón,Tango,Roberto Chanel,Odeón,78rpm,Manuel Sucher,Carlos Bahr,,43-46 / Pre La Yumba ,Osvaldo Pugliese,Aniceto Rossi,"Osvaldo Ruggiero, Jose Caldara, Esteban Gilardi, Oscar Castagniaro","Enrique Camerano, Julio Carrasco, Oscar Herrero, Jaime Tursky",,,,,,,,,,
Osvaldo Pugliese,Osvaldo Pugliese y su Orquesta Típica ,12/21/1944,Mala Pinta,Tango,Instrumental,Odeón,78rpm,Francisco Caro; Julio Caro,,,43-46 / Pre La Yumba ,Osvaldo Pugliese,Aniceto Rossi,"Osvaldo Ruggiero, Jose Caldara, Esteban Gilardi, Oscar Castagniaro","Enrique Camerano, Julio Carrasco, Oscar Herrero, Jaime Tursky",,,,,,,,,,
Osvaldo Pugliese,Osvaldo Pugliese y su Orquesta Típica ,12/21/1944,Puentecito De Mi Río,Vals,Roberto Chanel,Odeón,78rpm,Antonio Tormo; Manuel Canales,Buenaventura Luna,,43-46 / Pre La Yumba ,Osvaldo Pugliese,Aniceto Rossi,"Osvaldo Ruggiero, Jose Caldara, Esteban Gilardi, Oscar Castagniaro","Enrique Camerano, Julio Carrasco, Oscar Herrero, Jaime Tursky",,,,,,,,,,
Osvaldo Pugliese,Osvaldo Pugliese y su Orquesta Típica ,1/25/1945,Raza Criolla,Tango,Instrumental,Odeón,78rpm,Salvador Grupillo,,,43-46 / Pre La Yumba ,Osvaldo Pugliese,Aniceto Rossi,"Osvaldo Ruggiero, Jose Caldara, Esteban Gilardi, Oscar Castagniaro","Enrique Camerano, Julio Carrasco, Oscar Herrero, Jaime Tursky",,,,,,,,,,
Osvaldo Pugliese,Osvaldo Pugliese y su Orquesta Típica ,1/25/1945,Yuyo Verde,Tango,Alberto Morán,Odeón,78rpm,Domingo Federico,Homero Expósito,,43-46 / Pre La Yumba ,Osvaldo Pugliese,Aniceto Rossi,"Osvaldo Ruggiero, Jose Caldara, Esteban Gilardi, Oscar Castagniaro","Enrique Camerano, Julio Carrasco, Oscar Herrero, Jaime Tursky",,,,,,,,,,
Osvaldo Pugliese,Osvaldo Pugliese y su Orquesta Típica ,3/20/1945,El Paladín,Tango,Instrumental,Odeón,78rpm,Agustín Bardi,,,43-46 / Pre La Yumba ,Osvaldo Pugliese,Aniceto Rossi,"Osvaldo Ruggiero, Jose Caldara, Esteban Gilardi, Oscar Castagniaro","Enrique Camerano, Julio Carrasco, Oscar Herrero, Jaime Tursky",,,,,,,,,,
Osvaldo Pugliese,Osvaldo Pugliese y su Orquesta Típica ,3/22/1945,El Sueño Del Pibe,Tango,Roberto Chanel,Odeón,78rpm,Juan Puey,Reinaldo Yiso,,43-46 / Pre La Yumba ,Osvaldo Pugliese,Aniceto Rossi,"Osvaldo Ruggiero, Jose Caldara, Esteban Gilardi, Oscar Castagniaro","Enrique Camerano, Julio Carrasco, Oscar Herrero, Jaime Tursky",,,,,,,,,,
Osvaldo Pugliese,Osvaldo Pugliese y su Orquesta Típica ,5/28/1945,Derecho Viejo,Tango,Instrumental,Odeón,78rpm,Eduardo Arolas,Gabriel Clausi,,43-46 / Pre La Yumba ,Osvaldo Pugliese,Aniceto Rossi,"Osvaldo Ruggiero, Jose Caldara, Esteban Gilardi, Oscar Castagniaro","Enrique Camerano, Julio Carrasco, Oscar Herrero, Jaime Tursky",,,,,,,,,,
Osvaldo Pugliese,Osvaldo Pugliese y su Orquesta Típica ,5/28/1945,Maleza,Tango,Alberto Morán,Odeón,78rpm,Enrique Munné,Cátulo Castillo,,43-46 / Pre La Yumba ,Osvaldo Pugliese,Aniceto Rossi,"Osvaldo Ruggiero, Jose Caldara, Esteban Gilardi, Oscar Castagniaro","Enrique Camerano, Julio Carrasco, Oscar Herrero, Jaime Tursky",,,,,,,,,,
Osvaldo Pugliese,Osvaldo Pugliese y su Orquesta Típica ,6/12/1945,El Monito,Tango,Instrumental,Odeón,78rpm,Julio Caro,Juan Catán,,43-46 / Pre La Yumba ,Osvaldo Pugliese,Aniceto Rossi,"Osvaldo Ruggiero, Jose Caldara, Esteban Gilardi, Oscar Castagniaro","Enrique Camerano, Julio Carrasco, Oscar Herrero, Jaime Tursky",,,,,,,,,,
Osvaldo Pugliese,Osvaldo Pugliese y su Orquesta Típica ,6/12/1945,Pelele,Tango,Instrumental,Odeón,78rpm,Pedro Maffia,,,43-46 / Pre La Yumba ,Osvaldo Pugliese,Aniceto Rossi,"Osvaldo Ruggiero, Jose Caldara, Esteban Gilardi, Oscar Castagniaro","Enrique Camerano, Julio Carrasco, Oscar Herrero, Jaime Tursky",,,,,,,,,,
Osvaldo Pugliese,Osvaldo Pugliese y su Orquesta Típica ,7/18/1945,Rondando Tu Esquina,Tango,Roberto Chanel,Odeón,78rpm,Charlo,Enrique Cadícamo,,43-46 / Pre La Yumba ,Osvaldo Pugliese,Aniceto Rossi,"Osvaldo Ruggiero, Jose Caldara, Esteban Gilardi, Oscar Castagniaro","Enrique Camerano, Julio Carrasco, Oscar Herrero, Jaime Tursky",,,,,,,,,,
Osvaldo Pugliese,Osvaldo Pugliese y su Orquesta Típica ,7/24/1945,El Abrojito,Tango,Alberto Morán,Odeón,78rpm,Luis Bernstein,Jesús Blanco,,43-46 / Pre La Yumba ,Osvaldo Pugliese,Aniceto Rossi,"Osvaldo Ruggiero, Jose Caldara, Esteban Gilardi, Oscar Castagniaro","Enrique Camerano, Julio Carrasco, Oscar Herrero, Jaime Tursky",,,,,,,,,,
Osvaldo Pugliese,Osvaldo Pugliese y su Orquesta Típica ,8/28/1945,Flor De Tango,Tango,Instrumental,Odeón,78rpm,Julio Carrasco,,,43-46 / Pre La Yumba ,Osvaldo Pugliese,Aniceto Rossi,"Osvaldo Ruggiero, Jose Caldara, Esteban Gilardi, Oscar Castagniaro","Enrique Camerano, Julio Carrasco, Oscar Herrero, Jaime Tursky",,,,,,,,,,
Osvaldo Pugliese,Osvaldo Pugliese y su Orquesta Típica ,8/28/1945,Por Qué,Tango,Chanel y Morán,Odeón,78rpm,Osvaldo Fresedo,Emilio Fresedo,,43-46 / Pre La Yumba ,Osvaldo Pugliese,Aniceto Rossi,"Osvaldo Ruggiero, Jose Caldara, Esteban Gilardi, Oscar Castagniaro","Enrique Camerano, Julio Carrasco, Oscar Herrero, Jaime Tursky",,,,,,,,,,
Osvaldo Pugliese,Osvaldo Pugliese y su Orquesta Típica ,9/24/1945,La Cachila,Tango,Instrumental,Odeón,78rpm,Eduardo Arolas,Héctor Polito,,43-46 / Pre La Yumba ,Osvaldo Pugliese,Aniceto Rossi,"Osvaldo Ruggiero, Jose Caldara, Esteban Gilardi, Oscar Castagniaro","Enrique Camerano, Julio Carrasco, Oscar Herrero, Jaime Tursky",,,,,,,,,,
Osvaldo Pugliese,Osvaldo Pugliese y su Orquesta Típica ,9/24/1945,Mentira,Tango,Alberto Morán,Odeón,78rpm,Francisco Pracánico,Celedonio Flores,,43-46 / Pre La Yumba ,Osvaldo Pugliese,Aniceto Rossi,"Osvaldo Ruggiero, Jose Caldara, Esteban Gilardi, Oscar Castagniaro","Enrique Camerano, Julio Carrasco, Oscar Herrero, Jaime Tursky",,,,,,,,,,
Osvaldo Pugliese,Osvaldo Pugliese y su Orquesta Típica ,11/6/1945,Las Marionetas,Tango,Instrumental,Odeón,78rpm,Osvaldo Pugliese,,,43-46 / Pre La Yumba ,Osvaldo Pugliese,Aniceto Rossi,"Osvaldo Ruggiero, Jose Caldara, Esteban Gilardi, Oscar Castagniaro","Enrique Camerano, Julio Carrasco, Oscar Herrero, Jaime Tursky",,,,,,,,,,
Osvaldo Pugliese,Osvaldo Pugliese y su Orquesta Típica ,11/6/1945,Galleguita,Tango,Roberto Chanel,Odeón,78rpm,Horacio Pettorossi,Alfredo Navarrine,,43-46 / Pre La Yumba ,Osvaldo Pugliese,Aniceto Rossi,"Osvaldo Ruggiero, Jose Caldara, Esteban Gilardi, Oscar Castagniaro","Enrique Camerano, Julio Carrasco, Oscar Herrero, Jaime Tursky",,,,,,,,,,
Osvaldo Pugliese,Osvaldo Pugliese y su Orquesta Típica ,12/3/1945,Dandy,Tango,Roberto Chanel,Odeón,78rpm,Lucio Demare,Agustín Irusta; Roberto Fugazot,,43-46 / Pre La Yumba ,Osvaldo Pugliese,Aniceto Rossi,"Osvaldo Ruggiero, Jose Caldara, Esteban Gilardi, Oscar Castagniaro","Enrique Camerano, Julio Carrasco, Oscar Herrero, Jaime Tursky",,,,,,,,,,
Osvaldo Pugliese,Osvaldo Pugliese y su Orquesta Típica ,12/3/1945,Por Qué No Has Venido?,Tango,Alberto Morán,Odeón,78rpm,Pedro Maffia,Julio Navarrine,,43-46 / Pre La Yumba ,Osvaldo Pugliese,Aniceto Rossi,"Osvaldo Ruggiero, Jose Caldara, Esteban Gilardi, Oscar Castagniaro","Enrique Camerano, Julio Carrasco, Oscar Herrero, Jaime Tursky",,,,,,,,,,
Osvaldo Pugliese,Osvaldo Pugliese y su Orquesta Típica ,12/18/1945,Tiny,Tango,Instrumental,Odeón,78rpm,Pedro Maffia; Julio Caro,,,43-46 / Pre La Yumba ,Osvaldo Pugliese,Aniceto Rossi,"Osvaldo Ruggiero, Jose Caldara, Esteban Gilardi, Oscar Castagniaro","Enrique Camerano, Julio Carrasco, Oscar Herrero, Jaime Tursky",,,,,,,,,,
Osvaldo Pugliese,Osvaldo Pugliese y su Orquesta Típica ,12/18/1945,Hoy Al Recordarla,Tango,Alberto Morán,Odeón,78rpm,José Canet,José Canet,,43-46 / Pre La Yumba ,Osvaldo Pugliese,Aniceto Rossi,"Osvaldo Ruggiero, Jose Caldara, Esteban Gilardi, Oscar Castagniaro","Enrique Camerano, Julio Carrasco, Oscar Herrero, Jaime Tursky",,,,,,,,,,
Osvaldo Pugliese,Osvaldo Pugliese y su Orquesta Típica ,2/27/1946,Consejo De Oro,Tango,Roberto Chanel,Odeón,78rpm,Francisco Tróppoli,Agustín Delamónica,,43-46 / Pre La Yumba ,Osvaldo Pugliese,Aniceto Rossi,"Osvaldo Ruggiero, Jose Caldara, Esteban Gilardi, Oscar Castagniaro","Enrique Camerano, Julio Carrasco, Oscar Herrero, Jaime Tursky",,,,,,,,,,
Osvaldo Pugliese,Osvaldo Pugliese y su Orquesta Típica ,2/27/1946,Demasiado Tarde,Tango,Alberto Morán,Odeón,78rpm,Francisco Tróppoli,Agustín Delamónica,,43-46 / Pre La Yumba ,Osvaldo Pugliese,Aniceto Rossi,"Osvaldo Ruggiero, Jose Caldara, Esteban Gilardi, Oscar Castagniaro","Enrique Camerano, Julio Carrasco, Oscar Herrero, Jaime Tursky",,,,,,,,,,
Osvaldo Pugliese,Osvaldo Pugliese y su Orquesta Típica ,3/28/1946,Fuimos,Tango,Roberto Chanel,Odeón,78rpm,José Dames,Homero Manzi,,43-46 / Pre La Yumba ,Osvaldo Pugliese,Aniceto Rossi,"Osvaldo Ruggiero, Jose Caldara, Esteban Gilardi, Oscar Castagniaro","Enrique Camerano, Julio Carrasco, Oscar Herrero, Jaime Tursky",,,,,,,,,,
Osvaldo Pugliese,Osvaldo Pugliese y su Orquesta Típica ,3/28/1946,Príncipe,Tango,Alberto Morán,Odeón,78rpm,Anselmo Aieta; Rafael Tuegols,Francisco Jiménez,,43-46 / Pre La Yumba ,Osvaldo Pugliese,Aniceto Rossi,"Osvaldo Ruggiero, Jose Caldara, Esteban Gilardi, Oscar Castagniaro","Enrique Camerano, Julio Carrasco, Oscar Herrero, Jaime Tursky",,,,,,,,,,
Osvaldo Pugliese,Osvaldo Pugliese y su Orquesta Típica ,5/27/1946,Dos Ojos Tristes,Tango,Alberto Morán,Odeón,78rpm,Oscar Fuente,Luis Rubistein,,43-46 / Pre La Yumba ,Osvaldo Pugliese,Aniceto Rossi,"Osvaldo Ruggiero, Jose Caldara, Esteban Gilardi, Oscar Castagniaro","Enrique Camerano, Julio Carrasco, Oscar Herrero, Jaime Tursky",,,,,,,,,,
Osvaldo Pugliese,Osvaldo Pugliese y su Orquesta Típica ,5/27/1946,Sin Lágrimas,Tango,Roberto Chanel,Odeón,78rpm,Charlo,José Contursi,,43-46 / Pre La Yumba ,Osvaldo Pugliese,Aniceto Rossi,"Osvaldo Ruggiero, Jose Caldara, Esteban Gilardi, Oscar Castagniaro","Enrique Camerano, Julio Carrasco, Oscar Herrero, Jaime Tursky",,,,,,,,,,
Osvaldo Pugliese,Osvaldo Pugliese y su Orquesta Típica ,6/13/1946,El Tábano,Tango,Instrumental,Odeón,78rpm,Armando Baliotti; César Ginzo,Mario Gomila,,43-46 / Pre La Yumba ,Osvaldo Pugliese,Aniceto Rossi,"Osvaldo Ruggiero, Jose Caldara, Esteban Gilardi, Oscar Castagniaro","Enrique Camerano, Julio Carrasco, Oscar Herrero, Jaime Tursky",,,,,,,,,,
Osvaldo Pugliese,Osvaldo Pugliese y su Orquesta Típica ,6/21/1946,Vayan Saliendo,Tango,Instrumental,Odeón,78rpm,Victor Donato,Juan Velich,,43-46 / Pre La Yumba ,Osvaldo Pugliese,Aniceto Rossi,"Osvaldo Ruggiero, Jose Caldara, Esteban Gilardi, Oscar Castagniaro","Enrique Camerano, Julio Carrasco, Oscar Herrero, Jaime Tursky",,,,,,,,,,
Osvaldo Pugliese,Osvaldo Pugliese y su Orquesta Típica ,7/31/1946,No Me Escribas,Tango,Alberto Morán,Odeón,78rpm,Agustín Bardi,Juan Caruso,,43-46 / Pre La Yumba ,Osvaldo Pugliese,Aniceto Rossi,"Osvaldo Ruggiero, Jose Caldara, Esteban Gilardi, Oscar Castagniaro","Enrique Camerano, Julio Carrasco, Oscar Herrero, Jaime Tursky",,,,,,,,,,
Osvaldo Pugliese,Osvaldo Pugliese y su Orquesta Típica ,7/31/1946,Tiempo,Tango,Roberto Chanel,Odeón,78rpm,Osvaldo Ruggiero,Francisco Jiménez,,43-46 / Pre La Yumba ,Osvaldo Pugliese,Aniceto Rossi,"Osvaldo Ruggiero, Jose Caldara, Esteban Gilardi, Oscar Castagniaro","Enrique Camerano, Julio Carrasco, Oscar Herrero, Jaime Tursky",,,,,,,,,,
Osvaldo Pugliese,Osvaldo Pugliese y su Orquesta Típica ,8/21/1946,La Yumba,Tango,Instrumental,Odeón,78rpm,Osvaldo Pugliese,,,46-51 / Pugliesean Style ,Osvaldo Pugliese,Aniceto Rossi,"Osvaldo Ruggiero, Jose Caldara, Esteban Gilardi, Oscar Castagniaro","Enrique Camerano, Julio Carrasco, Oscar Herrero, Jaime Tursky",,,,,,,,,,
Osvaldo Pugliese,Osvaldo Pugliese y su Orquesta Típica ,8/21/1946,Mal De Amores,Tango,Instrumental,Odeón,78rpm,Pedro Laurenz,,,46-51 / Pugliesean Style ,Osvaldo Pugliese,Aniceto Rossi,"Osvaldo Ruggiero, Jose Caldara, Esteban Gilardi, Oscar Castagniaro","Enrique Camerano, Julio Carrasco, Oscar Herrero, Jaime Tursky",,,,,,,,,,
Osvaldo Pugliese,Osvaldo Pugliese y su Orquesta Típica ,11/8/1946,La Mascota Del Barrio,Tango,Roberto Chanel,Odeón,78rpm,Abel Aznar,Reinaldo Yiso,,46-51 / Pugliesean Style ,Osvaldo Pugliese,Aniceto Rossi,"Osvaldo Ruggiero, Jose Caldara, Esteban Gilardi, Oscar Castagniaro","Enrique Camerano, Julio Carrasco, Oscar Herrero, Jaime Tursky",,,,,,,,,,
Osvaldo Pugliese,Osvaldo Pugliese y su Orquesta Típica ,11/8/1946,Una Vez,Tango,Alberto Morán,Odeón,78rpm,Osvaldo Pugliese,Cátulo Castillo,,46-51 / Pugliesean Style ,Osvaldo Pugliese,Aniceto Rossi,"Osvaldo Ruggiero, Jose Caldara, Esteban Gilardi, Oscar Castagniaro","Enrique Camerano, Julio Carrasco, Oscar Herrero, Jaime Tursky",,,,,,,,,,
Osvaldo Pugliese,Osvaldo Pugliese y su Orquesta Típica ,12/20/1946,Mirando La Lluvia,Tango,Chanel y Morán,Odeón,78rpm,Adolfo Avilés,Leopoldo Ríos,,46-51 / Pugliesean Style ,Osvaldo Pugliese,Aniceto Rossi,"Osvaldo Ruggiero, Jose Caldara, Esteban Gilardi, Oscar Castagniaro","Enrique Camerano, Julio Carrasco, Oscar Herrero, Jaime Tursky",,,,,,,,,,
Osvaldo Pugliese,Osvaldo Pugliese y su Orquesta Típica ,1/2/1947,Sin Palabras,Tango,Alberto Morán,Odeón,78rpm,Mariano Mores,Enrique Discépolo,,46-51 / Pugliesean Style ,Osvaldo Pugliese,Aniceto Rossi,"Osvaldo Ruggiero, Jose Caldara, Esteban Gilardi, Oscar Castagniaro","Enrique Camerano, Julio Carrasco, Oscar Herrero, Jaime Tursky",,,,,,,,,,
Osvaldo Pugliese,Osvaldo Pugliese y su Orquesta Típica ,1/28/1947,Ilusión Marina,Vals,Alberto Morán,Odeón,78rpm,Antonio Sureda,Gerónimo Sureda,,46-51 / Pugliesean Style ,Osvaldo Pugliese,Aniceto Rossi,"Osvaldo Ruggiero, Jose Caldara, Esteban Gilardi, Oscar Castagniaro","Enrique Camerano, Julio Carrasco, Oscar Herrero, Jaime Tursky",,,,,,,,,,
Osvaldo Pugliese,Osvaldo Pugliese y su Orquesta Típica ,1/28/1947,Ojos Maulas,Tango,Roberto Chanel,Odeón,78rpm,Luis Bernstein,Alfredo Roldán,,46-51 / Pugliesean Style ,Osvaldo Pugliese,Aniceto Rossi,"Osvaldo Ruggiero, Jose Caldara, Esteban Gilardi, Oscar Castagniaro","Enrique Camerano, Julio Carrasco, Oscar Herrero, Jaime Tursky",,,,,,,,,,
Osvaldo Pugliese,Osvaldo Pugliese y su Orquesta Típica ,3/27/1947,Cafetín,Tango,Alberto Morán,Odeón,78rpm,Argentino Galván,Homero Expósito,,46-51 / Pugliesean Style ,Osvaldo Pugliese,Aniceto Rossi,"Osvaldo Ruggiero, Jose Caldara, Esteban Gilardi, Oscar Castagniaro","Enrique Camerano, Julio Carrasco, Oscar Herrero, Jaime Tursky",,,,,,,,,,
Osvaldo Pugliese,Osvaldo Pugliese y su Orquesta Típica ,3/27/1947,Yo Te Bendigo,Tango,Roberto Chanel,Odeón,78rpm,Juan Filiberto,Juan Bruno,,46-51 / Pugliesean Style ,Osvaldo Pugliese,Aniceto Rossi,"Osvaldo Ruggiero, Jose Caldara, Esteban Gilardi, Oscar Castagniaro","Enrique Camerano, Julio Carrasco, Oscar Herrero, Jaime Tursky",,,,,,,,,,
Osvaldo Pugliese,Osvaldo Pugliese y su Orquesta Típica ,4/28/1947,N.N.,Tango,Instrumental,Odeón,78rpm,Osvaldo Ruggiero,,,46-51 / Pugliesean Style ,Osvaldo Pugliese,Aniceto Rossi,"Osvaldo Ruggiero, Jose Caldara, Esteban Gilardi, Oscar Castagniaro","Enrique Camerano, Julio Carrasco, Oscar Herrero, Jaime Tursky",,,,,,,,,,
Osvaldo Pugliese,Osvaldo Pugliese y su Orquesta Típica ,4/28/1947,Desilusión,Tango,Alberto Morán,Odeón,78rpm,Lito Bayardo,Lito Bayardo,,46-51 / Pugliesean Style ,Osvaldo Pugliese,Aniceto Rossi,"Osvaldo Ruggiero, Jose Caldara, Esteban Gilardi, Oscar Castagniaro","Enrique Camerano, Julio Carrasco, Oscar Herrero, Jaime Tursky",,,,,,,,,,
Osvaldo Pugliese,Osvaldo Pugliese y su Orquesta Típica ,6/10/1947,Amiga,Tango,Roberto Chanel,Odeón,78rpm,Carlos Viván,Horacio Sanguinetti,,46-51 / Pugliesean Style ,Osvaldo Pugliese,Aniceto Rossi,"Osvaldo Ruggiero, Jose Caldara, Esteban Gilardi, Oscar Castagniaro","Enrique Camerano, Julio Carrasco, Oscar Herrero, Jaime Tursky",,,,,,,,,,
Osvaldo Pugliese,Osvaldo Pugliese y su Orquesta Típica ,6/10/1947,Escúchame Manón,Tango,Roberto Chanel,Odeón,78rpm,Francisco Pracánico,Roberto Chanel; Claudio Frollo,,46-51 / Pugliesean Style ,Osvaldo Pugliese,Aniceto Rossi,"Osvaldo Ruggiero, Jose Caldara, Esteban Gilardi, Oscar Castagniaro","Enrique Camerano, Julio Carrasco, Oscar Herrero, Jaime Tursky",,,,,,,,,,
Osvaldo Pugliese,Osvaldo Pugliese y su Orquesta Típica ,8/19/1947,Jueves,Tango,Instrumental,Odeón,78rpm,Rafael Rossi; Udelino Toranzo,,,46-51 / Pugliesean Style ,Osvaldo Pugliese,Aniceto Rossi,"Osvaldo Ruggiero, Jose Caldara, Esteban Gilardi, Oscar Castagniaro","Enrique Camerano, Julio Carrasco, Oscar Herrero, Jaime Tursky",,,,,,,,,,
Osvaldo Pugliese,Osvaldo Pugliese y su Orquesta Típica ,8/19/1947,En Secreto,Tango,Alberto Morán,Odeón,78rpm,Vicente Demarco,Alfredo Roldán,,46-51 / Pugliesean Style ,Osvaldo Pugliese,Aniceto Rossi,"Osvaldo Ruggiero, Jose Caldara, Esteban Gilardi, Oscar Castagniaro","Enrique Camerano, Julio Carrasco, Oscar Herrero, Jaime Tursky",,,,,,,,,,
Osvaldo Pugliese,Osvaldo Pugliese y su Orquesta Típica ,10/14/1947,Cabecitas Blancas,Tango,Roberto Chanel,Odeón,78rpm,Alberto Pugliese,Enrique Dizeo,,46-51 / Pugliesean Style ,Osvaldo Pugliese,Aniceto Rossi,"Osvaldo Ruggiero, Jose Caldara, Esteban Gilardi, Oscar Castagniaro","Enrique Camerano, Julio Carrasco, Oscar Herrero, Jaime Tursky",,,,,,,,,,
Osvaldo Pugliese,Osvaldo Pugliese y su Orquesta Típica ,10/14/1947,El Mareo,Tango,Chanel y Morán,Odeón,78rpm,Julio Caro,Mario Gomila,,46-51 / Pugliesean Style ,Osvaldo Pugliese,Aniceto Rossi,"Osvaldo Ruggiero, Jose Caldara, Esteban Gilardi, Oscar Castagniaro","Enrique Camerano, Julio Carrasco, Oscar Herrero, Jaime Tursky",,,,,,,,,,
Osvaldo Pugliese,Osvaldo Pugliese y su Orquesta Típica ,12/1/1947,El Buscapié,Tango,Instrumental,Odeón,78rpm,José Dames,,,46-51 / Pugliesean Style ,Osvaldo Pugliese,Aniceto Rossi,"Osvaldo Ruggiero, Jose Caldara, Esteban Gilardi, Oscar Castagniaro","Enrique Camerano, Julio Carrasco, Oscar Herrero, Jaime Tursky",,,,,,,,,,
Osvaldo Pugliese,Osvaldo Pugliese y su Orquesta Típica ,12/1/1947,Andá Que Te Cure Lola,Milonga,Roberto Chanel,Odeón,78rpm,Luis Caruso,Luis Caruso,,46-51 / Pugliesean Style ,Osvaldo Pugliese,Aniceto Rossi,"Osvaldo Ruggiero, Jose Caldara, Esteban Gilardi, Oscar Castagniaro","Enrique Camerano, Julio Carrasco, Oscar Herrero, Jaime Tursky",,,,,,,,,,
Osvaldo Pugliese,Osvaldo Pugliese y su Orquesta Típica ,12/16/1947,Entrada Prohibida,Tango,Instrumental,Odeón,78rpm,Luis Teisseire,,,46-51 / Pugliesean Style ,Osvaldo Pugliese,Aniceto Rossi,"Osvaldo Ruggiero, Jose Caldara, Esteban Gilardi, Oscar Castagniaro","Enrique Camerano, Julio Carrasco, Oscar Herrero, Jaime Tursky",,,,,,,,,,
Osvaldo Pugliese,Osvaldo Pugliese y su Orquesta Típica ,12/16/1947,Bolero,Tango,Roberto Chanel,Odeón,78rpm,Santos Lipesker,Reinaldo Yiso,,46-51 / Pugliesean Style ,Osvaldo Pugliese,Aniceto Rossi,"Osvaldo Ruggiero, Jose Caldara, Esteban Gilardi, Oscar Castagniaro","Enrique Camerano, Julio Carrasco, Oscar Herrero, Jaime Tursky",,,,,,,,,,
Osvaldo Pugliese,Osvaldo Pugliese y su Orquesta Típica ,4/6/1948,Déjame En Paz,Tango,Alberto Morán,Odeón,78rpm,Américo Actis,Oscar Rubens,,46-51 / Pugliesean Style ,Osvaldo Pugliese,Aniceto Rossi,"Osvaldo Ruggiero, Jose Caldara, Esteban Gilardi, Oscar Castagniaro","Enrique Camerano, Julio Carrasco, Oscar Herrero, Emilio Balcarce",,,,,,,,,,
Osvaldo Pugliese,Osvaldo Pugliese y su Orquesta Típica ,4/6/1948,Patético,Tango,Instrumental,Odeón,78rpm,Jorge Caldara,,,46-51 / Pugliesean Style ,Osvaldo Pugliese,Aniceto Rossi,"Osvaldo Ruggiero, Jose Caldara, Esteban Gilardi, Oscar Castagniaro","Enrique Camerano, Julio Carrasco, Oscar Herrero, Emilio Balcarce",,,,,,,,,,
Osvaldo Pugliese,Osvaldo Pugliese y su Orquesta Típica ,6/24/1948,Negracha,Tango,Instrumental,Odeón,78rpm,Osvaldo Pugliese,,,46-51 / Pugliesean Style ,Osvaldo Pugliese,Aniceto Rossi,"Osvaldo Ruggiero, Jose Caldara, Esteban Gilardi, Oscar Castagniaro","Enrique Camerano, Julio Carrasco, Oscar Herrero, Emilio Balcarce",,,,,,,,,,
Osvaldo Pugliese,Osvaldo Pugliese y su Orquesta Típica ,7/14/1948,Boedo,Tango,Instrumental,Odeón,78rpm,Julio Caro,Dante Linyera,,46-51 / Pugliesean Style ,Osvaldo Pugliese,Aniceto Rossi,"Osvaldo Ruggiero, Jose Caldara, Esteban Gilardi, Oscar Castagniaro","Enrique Camerano, Julio Carrasco, Oscar Herrero, Emilio Balcarce",,,,,,,,,,
Osvaldo Pugliese,Osvaldo Pugliese y su Orquesta Típica ,9/13/1948,Punto Y Coma,Tango,Instrumental,Odeón,78rpm,José Martínez,,,46-51 / Pugliesean Style ,Osvaldo Pugliese,Aniceto Rossi,"Osvaldo Ruggiero, Jose Caldara, Esteban Gilardi, Oscar Castagniaro","Enrique Camerano, Julio Carrasco, Oscar Herrero, Emilio Balcarce",,,,,,,,,,
Osvaldo Pugliese,Osvaldo Pugliese y su Orquesta Típica ,9/15/1948,Dos Que Se Aman,Vals,Alberto Morán,Odeón,78rpm,Antonio Tormo,Manuel Flores,,46-51 / Pugliesean Style ,Osvaldo Pugliese,Aniceto Rossi,"Osvaldo Ruggiero, Jose Caldara, Esteban Gilardi, Oscar Castagniaro","Enrique Camerano, Julio Carrasco, Oscar Herrero, Emilio Balcarce",,,,,,,,,,
Osvaldo Pugliese,Osvaldo Pugliese y su Orquesta Típica ,5/4/1949,Chuzas,Tango,Instrumental,Odeón,Micro,Agustín Bardi,,,46-51 / Pugliesean Style ,Osvaldo Pugliese,Aniceto Rossi,"Osvaldo Ruggiero, Jose Caldara, Esteban Gilardi, Oscar Castagniaro","Enrique Camerano, Julio Carrasco, Oscar Herrero, Emilio Balcarce",,,,,,,,,,
Osvaldo Pugliese,Osvaldo Pugliese y su Orquesta Típica ,5/4/1949,Frente A Una Copa,Tango,Alberto Morán,Odeón,Micro,Francisco Amor,Santiago Wainer,,46-51 / Pugliesean Style ,Osvaldo Pugliese,Aniceto Rossi,"Osvaldo Ruggiero, Jose Caldara, Esteban Gilardi, Oscar Castagniaro","Enrique Camerano, Julio Carrasco, Oscar Herrero, Emilio Balcarce",,,,,,,,,,
Osvaldo Pugliese,Osvaldo Pugliese y su Orquesta Típica ,5/31/1949,Y Volvemos A Querernos,Tango,Alberto Morán,Odeón,Micro,Luciano Leocata,Abel Aznar,,46-51 / Pugliesean Style ,Osvaldo Pugliese,Aniceto Rossi,"Osvaldo Ruggiero, Jose Caldara, Esteban Gilardi, Oscar Castagniaro","Enrique Camerano, Julio Carrasco, Oscar Herrero, Emilio Balcarce",,,,,,,,,,
Osvaldo Pugliese,Osvaldo Pugliese y su Orquesta Típica ,5/31/1949,Malandraca,Tango,Instrumental,Odeón,Micro,Osvaldo Pugliese,,,46-51 / Pugliesean Style ,Osvaldo Pugliese,Aniceto Rossi,"Osvaldo Ruggiero, Jose Caldara, Esteban Gilardi, Oscar Castagniaro","Enrique Camerano, Julio Carrasco, Oscar Herrero, Emilio Balcarce",,,,,,,,,,
Osvaldo Pugliese,Osvaldo Pugliese y su Orquesta Típica ,8/22/1949,Pinta Brava,Tango,Instrumental,Odeón,Micro,Francisco Canaro,,,46-51 / Pugliesean Style ,Osvaldo Pugliese,Aniceto Rossi,"Osvaldo Ruggiero, Jose Caldara, Esteban Gilardi, Oscar Castagniaro","Enrique Camerano, Julio Carrasco, Oscar Herrero, Emilio Balcarce",,,,,,,,,,
Osvaldo Pugliese,Osvaldo Pugliese y su Orquesta Típica ,8/22/1949,Puente Alsina,Tango,Jorge Vidal,Odeón,Micro,Benjamín Lara,Benjamín Lara,,46-51 / Pugliesean Style ,Osvaldo Pugliese,Aniceto Rossi,"Osvaldo Ruggiero, Jose Caldara, Esteban Gilardi, Oscar Castagniaro","Enrique Camerano, Julio Carrasco, Oscar Herrero, Emilio Balcarce",,,,,,,,,,
Osvaldo Pugliese,Osvaldo Pugliese y su Orquesta Típica ,9/27/1949,Bien Compadre,Tango,Instrumental,Odeón,Micro,Emilio Balcarce,,,46-51 / Pugliesean Style ,Osvaldo Pugliese,Aniceto Rossi,"Osvaldo Ruggiero, Jose Caldara, Esteban Gilardi, Oscar Castagniaro","Enrique Camerano, Julio Carrasco, Oscar Herrero, Emilio Balcarce",,,,,,,,,,
Osvaldo Pugliese,Osvaldo Pugliese y su Orquesta Típica ,9/27/1949,La Cieguita,Tango,Jorge Vidal,Odeón,Micro,Keppler Lais,Ramuncho,,46-51 / Pugliesean Style ,Osvaldo Pugliese,Aniceto Rossi,"Osvaldo Ruggiero, Jose Caldara, Esteban Gilardi, Oscar Castagniaro","Enrique Camerano, Julio Carrasco, Oscar Herrero, Emilio Balcarce",,,,,,,,,,
Osvaldo Pugliese,Osvaldo Pugliese y su Orquesta Típica ,10/25/1949,Descorazonado,Tango,Alberto Morán,Odeón,Micro,Oscar Herrero,Elizardo Vilas,,46-51 / Pugliesean Style ,Osvaldo Pugliese,Aniceto Rossi,"Osvaldo Ruggiero, Jose Caldara, Esteban Gilardi, Oscar Castagniaro","Enrique Camerano, Julio Carrasco, Oscar Herrero, Emilio Balcarce",,,,,,,,,,
Osvaldo Pugliese,Osvaldo Pugliese y su Orquesta Típica ,11/28/1949,Canaro En París,Tango,Instrumental,Odeón,Micro,Alejandro Scarpino; Juan Caldarella,José Scarpino,,46-51 / Pugliesean Style ,Osvaldo Pugliese,Aniceto Rossi,"Osvaldo Ruggiero, Jose Caldara, Esteban Gilardi, Oscar Castagniaro","Enrique Camerano, Julio Carrasco, Oscar Herrero, Emilio Balcarce",,,,,,,,,,
Osvaldo Pugliese,Osvaldo Pugliese y su Orquesta Típica ,12/7/1949,Testamento De Arrabal,Tango,Jorge Vidal,Odeón,Micro,Oscar Castagniaro,Raúl Hormaza,,46-51 / Pugliesean Style ,Osvaldo Pugliese,Aniceto Rossi,"Osvaldo Ruggiero, Jose Caldara, Esteban Gilardi, Oscar Castagniaro","Enrique Camerano, Julio Carrasco, Oscar Herrero, Emilio Balcarce",,,,,,,,,,
Osvaldo Pugliese,Osvaldo Pugliese y su Orquesta Típica ,12/7/1949,Catuzo,Tango,Instrumental,Odeón,Micro,Osvaldo Ruggiero,,,46-51 / Pugliesean Style ,Osvaldo Pugliese,Aniceto Rossi,"Osvaldo Ruggiero, Jose Caldara, Esteban Gilardi, Oscar Castagniaro","Enrique Camerano, Julio Carrasco, Oscar Herrero, Emilio Balcarce",,,,,,,,,,
Osvaldo Pugliese,Osvaldo Pugliese y su Orquesta Típica ,3/7/1950,Quiero Verte Una Vez Más,Tango,Alberto Morán,Odeón,Micro,Mario Canaro,José Contursi,,46-51 / Pugliesean Style ,Osvaldo Pugliese,Aniceto Rossi,"Osvaldo Ruggiero, Jose Caldara, Esteban Gilardi, Oscar Castagniaro","Enrique Camerano, Julio Carrasco, Oscar Herrero, Emilio Balcarce",,,,,,,,,,
Osvaldo Pugliese,Osvaldo Pugliese y su Orquesta Típica ,3/7/1950,Ventanita De Arrabal,Tango,Jorge Vidal,Odeón,Micro,Antonio Scatasso,Pascual Contursi,,46-51 / Pugliesean Style ,Osvaldo Pugliese,Aniceto Rossi,"Osvaldo Ruggiero, Jose Caldara, Esteban Gilardi, Oscar Castagniaro","Enrique Camerano, Julio Carrasco, Oscar Herrero, Emilio Balcarce",,,,,,,,,,
Osvaldo Pugliese,Osvaldo Pugliese y su Orquesta Típica ,3/29/1950,De Floreo,Tango,Instrumental,Odeón,Micro,Julio Carrasco,,,46-51 / Pugliesean Style ,Osvaldo Pugliese,Aniceto Rossi,"Osvaldo Ruggiero, Jose Caldara, Esteban Gilardi, Oscar Castagniaro","Enrique Camerano, Julio Carrasco, Oscar Herrero, Emilio Balcarce",,,,,,,,,,
Osvaldo Pugliese,Osvaldo Pugliese y su Orquesta Típica ,3/29/1950,Hacelo Por La Vieja,Tango,Alberto Morán,Odeón,Micro,Rodolfo Sciammarella,Carlos Viván; Héctor Bonatti,,46-51 / Pugliesean Style ,Osvaldo Pugliese,Aniceto Rossi,"Osvaldo Ruggiero, Jose Caldara, Esteban Gilardi, Oscar Castagniaro","Enrique Camerano, Julio Carrasco, Oscar Herrero, Emilio Balcarce",,,,,,,,,,
Osvaldo Pugliese,Osvaldo Pugliese y su Orquesta Típica ,5/3/1950,Pastoral,Tango,Instrumental,Odeón,Micro,Jorge Caldara,,,46-51 / Pugliesean Style ,Osvaldo Pugliese,Aniceto Rossi,"Osvaldo Ruggiero, Jose Caldara, Esteban Gilardi, Oscar Castagniaro","Enrique Camerano, Julio Carrasco, Oscar Herrero, Emilio Balcarce",,,,,,,,,,
Osvaldo Pugliese,Osvaldo Pugliese y su Orquesta Típica ,5/3/1950,Vieja Recova,Tango,Jorge Vidal,Odeón,Micro,Rodolfo Cadícamo,,,46-51 / Pugliesean Style ,Osvaldo Pugliese,Aniceto Rossi,"Osvaldo Ruggiero, Jose Caldara, Esteban Gilardi, Oscar Castagniaro","Enrique Camerano, Julio Carrasco, Oscar Herrero, Emilio Balcarce",,,,,,,,,,
Osvaldo Pugliese,Osvaldo Pugliese y su Orquesta Típica ,6/30/1950,Porque Canto El Tango,Tango,Jorge Vidal,Odeón,Micro,Oscar Castagniaro,Antonio Cantó,,46-51 / Pugliesean Style ,Osvaldo Pugliese,Aniceto Rossi,"Osvaldo Ruggiero, Jose Caldara, Esteban Gilardi, Oscar Castagniaro","Enrique Camerano, Julio Carrasco, Oscar Herrero, Emilio Balcarce",,,,,,,,,,
Osvaldo Pugliese,Osvaldo Pugliese y su Orquesta Típica ,6/30/1950,Cadenas,Tango,Alberto Morán,Odeón,Micro,Luis Rubistein,Luis Rubistein,,46-51 / Pugliesean Style ,Osvaldo Pugliese,Aniceto Rossi,"Osvaldo Ruggiero, Jose Caldara, Esteban Gilardi, Oscar Castagniaro","Enrique Camerano, Julio Carrasco, Oscar Herrero, Emilio Balcarce",,,,,,,,,,
Osvaldo Pugliese,Osvaldo Pugliese y su Orquesta Típica ,7/26/1950,Don Aniceto,Tango,Instrumental,Odeón,Micro,Esteban Gilardi,,,46-51 / Pugliesean Style ,Osvaldo Pugliese,Aniceto Rossi,"Osvaldo Ruggiero, Jose Caldara, Esteban Gilardi, Oscar Castagniaro","Enrique Camerano, Julio Carrasco, Oscar Herrero, Emilio Balcarce",,,,,,,,,,
Osvaldo Pugliese,Osvaldo Pugliese y su Orquesta Típica ,7/26/1950,Y Mientes Todavía,Tango,Alberto Morán,Odeón,Micro,Luciano Leocata,Abel Aznar,,46-51 / Pugliesean Style ,Osvaldo Pugliese,Aniceto Rossi,"Osvaldo Ruggiero, Jose Caldara, Esteban Gilardi, Oscar Castagniaro","Enrique Camerano, Julio Carrasco, Oscar Herrero, Emilio Balcarce",,,,,,,,,,
Osvaldo Pugliese,Osvaldo Pugliese y su Orquesta Típica ,10/24/1950,El Tobiano,Tango,Instrumental,Odeón,Micro,Emilio Balcarce,,,46-51 / Pugliesean Style ,Osvaldo Pugliese,Aniceto Rossi,"Osvaldo Ruggiero, Jose Caldara, Esteban Gilardi, Oscar Castagniaro","Enrique Camerano, Julio Carrasco, Oscar Herrero, Emilio Balcarce",,,,,,,,,,
Osvaldo Pugliese,Osvaldo Pugliese y su Orquesta Típica ,10/24/1950,Cobardía,Tango,Alberto Morán,Odeón,Micro,Charlo Riestra),Luis Amadori,,46-51 / Pugliesean Style ,Osvaldo Pugliese,Aniceto Rossi,"Osvaldo Ruggiero, Jose Caldara, Esteban Gilardi, Oscar Castagniaro","Enrique Camerano, Julio Carrasco, Oscar Herrero, Emilio Balcarce",,,,,,,,,,
Osvaldo Pugliese,Osvaldo Pugliese y su Orquesta Típica ,11/16/1950,Barra Querida,Tango,Jorge Vidal,Odeón,Micro,Carlos Sánchez,César Vedani,,46-51 / Pugliesean Style ,Osvaldo Pugliese,Aniceto Rossi,"Osvaldo Ruggiero, Jose Caldara, Esteban Gilardi, Oscar Castagniaro","Enrique Camerano, Julio Carrasco, Oscar Herrero, Emilio Balcarce",,,,,,,,,,
Osvaldo Pugliese,Osvaldo Pugliese y su Orquesta Típica ,11/16/1950,Un Baile A Beneficio,Milonga,Jorge Vidal,Odeón,Micro,Juan Caccaviello,José Fernández,,46-51 / Pugliesean Style ,Osvaldo Pugliese,Aniceto Rossi,"Osvaldo Ruggiero, Jose Caldara, Esteban Gilardi, Oscar Castagniaro","Enrique Camerano, Julio Carrasco, Oscar Herrero, Emilio Balcarce",,,,,,,,,,
Osvaldo Pugliese,Osvaldo Pugliese y su Orquesta Típica ,11/24/1950,Llámame,Tango,Alberto Morán,Odeón,Micro,Ángel Domínguez,José Rótulo,,46-51 / Pugliesean Style ,Osvaldo Pugliese,Aniceto Rossi,"Osvaldo Ruggiero, Jose Caldara, Esteban Gilardi, Oscar Castagniaro","Enrique Camerano, Julio Carrasco, Oscar Herrero, Emilio Balcarce",,,,,,,,,,
Osvaldo Pugliese,Osvaldo Pugliese y su Orquesta Típica ,11/24/1950,Llevátelo Todo,Tango,Alberto Morán,Odeón,Micro,Rodolfo Sciammarella,Rodolfo Sciammarella,,46-51 / Pugliesean Style ,Osvaldo Pugliese,Aniceto Rossi,"Osvaldo Ruggiero, Jose Caldara, Esteban Gilardi, Oscar Castagniaro","Enrique Camerano, Julio Carrasco, Oscar Herrero, Emilio Balcarce",,,,,,,,,,
Osvaldo Pugliese,Osvaldo Pugliese y su Orquesta Típica ,5/22/1951,Barro,Tango,Alberto Morán,Odeón,Micro,Osvaldo Pugliese,Horacio Basterra,,51-60 / Mature Sound ,Osvaldo Pugliese,Aniceto Rossi,"Osvaldo Ruggiero, Jose Caldara, Esteban Gilardi, Roberto Peppe","Enrique Camerano, Julio Carrasco, Oscar Herrero, Emilio Balcarce, Francisco Sanmartino (Viola)",,,,,,,,,,
Osvaldo Pugliese,Osvaldo Pugliese y su Orquesta Típica ,5/22/1951,De Vuelta Al Bulín,Tango,Alberto Morán,Odeón,Micro,José Martínez,Pascual Contursi,,51-60 / Mature Sound ,Osvaldo Pugliese,Aniceto Rossi,"Osvaldo Ruggiero, Jose Caldara, Esteban Gilardi, Roberto Peppe","Enrique Camerano, Julio Carrasco, Oscar Herrero, Emilio Balcarce, Francisco Sanmartino (Viola)",,,,,,,,,,
Osvaldo Pugliese,Osvaldo Pugliese y su Orquesta Típica ,6/27/1951,Don Atilio,Tango,Instrumental,Odeón,Micro,Osvaldo Pugliese,,,51-60 / Mature Sound ,Osvaldo Pugliese,Aniceto Rossi,"Osvaldo Ruggiero, Jose Caldara, Esteban Gilardi, Roberto Peppe","Enrique Camerano, Julio Carrasco, Oscar Herrero, Emilio Balcarce, Francisco Sanmartino (Viola)",,,,,,,,,,
Osvaldo Pugliese,Osvaldo Pugliese y su Orquesta Típica ,6/27/1951,El Mate Amargo,Tango,Alberto Morán,Odeón,Micro,Oscar Herrero,Elizardo Vilas,,51-60 / Mature Sound ,Osvaldo Pugliese,Aniceto Rossi,"Osvaldo Ruggiero, Jose Caldara, Esteban Gilardi, Roberto Peppe","Enrique Camerano, Julio Carrasco, Oscar Herrero, Emilio Balcarce, Francisco Sanmartino (Viola)",,,,,,,,,,
Osvaldo Pugliese,Osvaldo Pugliese y su Orquesta Típica ,7/31/1951,Bien Milonga,Tango,Instrumental,Odeón,Micro,Ismael Spitalnik,,,51-60 / Mature Sound ,Osvaldo Pugliese,Aniceto Rossi,"Osvaldo Ruggiero, Jose Caldara, Esteban Gilardi, Roberto Peppe","Enrique Camerano, Julio Carrasco, Oscar Herrero, Emilio Balcarce, Francisco Sanmartino (Viola)",,,,,,,,,,
Osvaldo Pugliese,Osvaldo Pugliese y su Orquesta Típica ,7/31/1951,Pasional,Tango,Alberto Morán,Odeón,Micro,Jorge Caldara,Mario Soto,,51-60 / Mature Sound ,Osvaldo Pugliese,Aniceto Rossi,"Osvaldo Ruggiero, Jose Caldara, Esteban Gilardi, Roberto Peppe","Enrique Camerano, Julio Carrasco, Oscar Herrero, Emilio Balcarce, Francisco Sanmartino (Viola)",,,,,,,,,,
Osvaldo Pugliese,Osvaldo Pugliese y su Orquesta Típica ,10/2/1951,El Refrán,Tango,Instrumental,Odeón,Micro,Roberto Peppe,,,51-60 / Mature Sound ,Osvaldo Pugliese,Aniceto Rossi,"Osvaldo Ruggiero, Jose Caldara, Esteban Gilardi, Roberto Peppe","Enrique Camerano, Julio Carrasco, Oscar Herrero, Emilio Balcarce, Francisco Sanmartino (Viola)",,,,,,,,,,
Osvaldo Pugliese,Osvaldo Pugliese y su Orquesta Típica ,10/2/1951,El Cielo En Las Manos,Tango,Alberto Morán,Odeón,Micro,Astor Piazzolla,Homero Cárpena,,51-60 / Mature Sound ,Osvaldo Pugliese,Aniceto Rossi,"Osvaldo Ruggiero, Jose Caldara, Esteban Gilardi, Roberto Peppe","Enrique Camerano, Julio Carrasco, Oscar Herrero, Emilio Balcarce, Francisco Sanmartino (Viola)",,,,,,,,,,
Osvaldo Pugliese,Osvaldo Pugliese y su Orquesta Típica ,12/6/1951,Que Nunca Me Falte,Tango,Alberto Morán,Odeón,Micro,Héctor Morales,Héctor Marcó,,51-60 / Mature Sound ,Osvaldo Pugliese,Aniceto Rossi,"Osvaldo Ruggiero, Jose Caldara, Esteban Gilardi, Roberto Peppe","Enrique Camerano, Julio Carrasco, Oscar Herrero, Emilio Balcarce, Francisco Sanmartino (Viola)",,,,,,,,,,
Osvaldo Pugliese,Osvaldo Pugliese y su Orquesta Típica ,12/10/1951,Olivero,Tango,Instrumental,Odeón,Micro,José Martínez; Antonio Buglione,,,51-60 / Mature Sound ,Osvaldo Pugliese,Aniceto Rossi,"Osvaldo Ruggiero, Jose Caldara, Esteban Gilardi, Roberto Peppe","Enrique Camerano, Julio Carrasco, Oscar Herrero, Emilio Balcarce, Francisco Sanmartino (Viola)",,,,,,,,,,
Osvaldo Pugliese,Osvaldo Pugliese y su Orquesta Típica ,1/28/1952,La Noche Que Me Esperes,Vals,Alberto Morán,Odeón,Micro,Juan Canaro,Juan Canaro,,51-60 / Mature Sound ,Osvaldo Pugliese,Aniceto Rossi,"Osvaldo Ruggiero, Jose Caldara, Esteban Gilardi, Roberto Peppe","Enrique Camerano, Julio Carrasco, Oscar Herrero, Emilio Balcarce, Francisco Sanmartino (Viola)",,,,,,,,,,
Osvaldo Pugliese,Osvaldo Pugliese y su Orquesta Típica ,1/28/1952,Cualquier Cosa,Tango,Alberto Morán,Odeón,Micro,Herminia Rossano; Juan Velich,Herminia Rossano; Juan Velich,,51-60 / Mature Sound ,Osvaldo Pugliese,Aniceto Rossi,"Osvaldo Ruggiero, Jose Caldara, Esteban Gilardi, Roberto Peppe","Enrique Camerano, Julio Carrasco, Oscar Herrero, Emilio Balcarce, Francisco Sanmartino (Viola)",,,,,,,,,,
Osvaldo Pugliese,Osvaldo Pugliese y su Orquesta Típica ,5/6/1952,Para Dos,Tango,Instrumental,Odeón,Micro,Osvaldo Ruggiero,,,51-60 / Mature Sound ,Osvaldo Pugliese,Aniceto Rossi,"Osvaldo Ruggiero, Jose Caldara, Esteban Gilardi, Roberto Peppe","Enrique Camerano, Julio Carrasco, Oscar Herrero, Emilio Balcarce, Francisco Sanmartino (Viola)",,,,,,,,,,
Osvaldo Pugliese,Osvaldo Pugliese y su Orquesta Típica ,5/6/1952,Entrador,Tango,Instrumental,Odeón,Micro,Mario Demarco,,,51-60 / Mature Sound ,Osvaldo Pugliese,Aniceto Rossi,"Osvaldo Ruggiero, Jose Caldara, Esteban Gilardi, Roberto Peppe","Enrique Camerano, Julio Carrasco, Oscar Herrero, Emilio Balcarce, Francisco Sanmartino (Viola)",,,,,,,,,,
Osvaldo Pugliese,Osvaldo Pugliese y su Orquesta Típica ,6/27/1952,La Tupungatina,Tango,Instrumental,Odeón,Micro,Cristino Tapia,,,51-60 / Mature Sound ,Osvaldo Pugliese,Aniceto Rossi,"Osvaldo Ruggiero, Jose Caldara, Esteban Gilardi, Roberto Peppe","Enrique Camerano, Julio Carrasco, Oscar Herrero, Emilio Balcarce, Francisco Sanmartino (Viola)",,,,,,,,,,
Osvaldo Pugliese,Osvaldo Pugliese y su Orquesta Típica ,6/27/1952,Ahora No Me Conocés,Tango,Alberto Morán,Odeón,Micro,Armando Baliotti,Carlos Giampé,,51-60 / Mature Sound ,Osvaldo Pugliese,Aniceto Rossi,"Osvaldo Ruggiero, Jose Caldara, Esteban Gilardi, Roberto Peppe","Enrique Camerano, Julio Carrasco, Oscar Herrero, Emilio Balcarce, Francisco Sanmartino (Viola)",,,,,,,,,,
Osvaldo Pugliese,Osvaldo Pugliese y su Orquesta Típica ,10/9/1952,Por Pecadora,Tango,Alberto Morán,Odeón,Tape,Jorge Caldara,Mario Soto,,51-60 / Mature Sound ,Osvaldo Pugliese,Aniceto Rossi,"Osvaldo Ruggiero, Jose Caldara, Esteban Gilardi, Roberto Peppe","Enrique Camerano, Julio Carrasco, Oscar Herrero, Emilio Balcarce, Francisco Sanmartino (Viola)",,,,,,,,,,
Osvaldo Pugliese,Osvaldo Pugliese y su Orquesta Típica ,10/9/1952,Si Sos Brujo,Tango,Instrumental,Odeón,Tape,Emilio Balcarce,,,51-60 / Mature Sound ,Osvaldo Pugliese,Aniceto Rossi,"Osvaldo Ruggiero, Jose Caldara, Esteban Gilardi, Roberto Peppe","Enrique Camerano, Julio Carrasco, Oscar Herrero, Emilio Balcarce, Francisco Sanmartino (Viola)",,,,,,,,,,
Osvaldo Pugliese,Osvaldo Pugliese y su Orquesta Típica ,11/13/1952,El Embrollo,Tango,Instrumental,Odeón,Tape,Esteban Gilardi,,,51-60 / Mature Sound ,Osvaldo Pugliese,Aniceto Rossi,"Osvaldo Ruggiero, Jose Caldara, Esteban Gilardi, Roberto Peppe","Enrique Camerano, Julio Carrasco, Oscar Herrero, Emilio Balcarce, Francisco Sanmartino (Viola)",,,,,,,,,,
Osvaldo Pugliese,Osvaldo Pugliese y su Orquesta Típica ,11/13/1952,La Tupungatina,Tango,Instrumental,Odeón,Tape,Cristino Tapia,,,51-60 / Mature Sound ,Osvaldo Pugliese,Aniceto Rossi,"Osvaldo Ruggiero, Jose Caldara, Esteban Gilardi, Roberto Peppe","Enrique Camerano, Julio Carrasco, Oscar Herrero, Emilio Balcarce, Francisco Sanmartino (Viola)",,,,,,,,,,
Osvaldo Pugliese,Osvaldo Pugliese y su Orquesta Típica ,11/13/1952,La Yumba,Tango,Instrumental,Odeón,Tape,Osvaldo Pugliese,,,51-60 / Mature Sound ,Osvaldo Pugliese,Aniceto Rossi,"Osvaldo Ruggiero, Jose Caldara, Esteban Gilardi, Roberto Peppe","Enrique Camerano, Julio Carrasco, Oscar Herrero, Emilio Balcarce, Francisco Sanmartino (Viola)",,,,,,,,,,
Osvaldo Pugliese,Osvaldo Pugliese y su Orquesta Típica ,11/13/1952,N.N.,Tango,Instrumental,Odeón,Tape,Osvaldo Ruggiero,,,51-60 / Mature Sound ,Osvaldo Pugliese,Aniceto Rossi,"Osvaldo Ruggiero, Jose Caldara, Esteban Gilardi, Roberto Peppe","Enrique Camerano, Julio Carrasco, Oscar Herrero, Emilio Balcarce, Francisco Sanmartino (Viola)",,,,,,,,,,
Osvaldo Pugliese,Osvaldo Pugliese y su Orquesta Típica ,11/18/1952,Manos Adoradas,Vals,Alberto Morán,Odeón,Tape,Roberto Rufino,Horacio Sanguinetti,,51-60 / Mature Sound ,Osvaldo Pugliese,Aniceto Rossi,"Osvaldo Ruggiero, Jose Caldara, Esteban Gilardi, Roberto Peppe","Enrique Camerano, Julio Carrasco, Oscar Herrero, Emilio Balcarce, Francisco Sanmartino (Viola)",,,,,,,,,,
Osvaldo Pugliese,Osvaldo Pugliese y su Orquesta Típica ,11/24/1952,La Cachila,Tango,Instrumental,Odeón,Tape,Eduardo Arolas,Héctor Polito,,51-60 / Mature Sound ,Osvaldo Pugliese,Aniceto Rossi,"Osvaldo Ruggiero, Jose Caldara, Esteban Gilardi, Roberto Peppe","Enrique Camerano, Julio Carrasco, Oscar Herrero, Emilio Balcarce, Francisco Sanmartino (Viola)",,,,,,,,,,
Osvaldo Pugliese,Osvaldo Pugliese y su Orquesta Típica ,11/24/1952,Pasional,Tango,Alberto Morán,Odeón,Tape,Jorge Caldara,Mario Soto,,51-60 / Mature Sound ,Osvaldo Pugliese,Aniceto Rossi,"Osvaldo Ruggiero, Jose Caldara, Esteban Gilardi, Roberto Peppe","Enrique Camerano, Julio Carrasco, Oscar Herrero, Emilio Balcarce, Francisco Sanmartino (Viola)",,,,,,,,,,
Osvaldo Pugliese,Osvaldo Pugliese y su Orquesta Típica ,11/29/1952,Mala Junta,Tango,Instrumental,Odeón,Tape,Julio Caro; Pedro Laurenz,Juan Velich,,51-60 / Mature Sound ,Osvaldo Pugliese,Aniceto Rossi,"Osvaldo Ruggiero, Jose Caldara, Esteban Gilardi, Roberto Peppe","Enrique Camerano, Julio Carrasco, Oscar Herrero, Emilio Balcarce, Francisco Sanmartino (Viola)",,,,,,,,,,
Osvaldo Pugliese,Osvaldo Pugliese y su Orquesta Típica ,12/3/1952,La Noche Que Me Esperes,Vals,Alberto Morán,Odeón,Tape,Juan Canaro,Juan Canaro,,51-60 / Mature Sound ,Osvaldo Pugliese,Aniceto Rossi,"Osvaldo Ruggiero, Jose Caldara, Esteban Gilardi, Roberto Peppe","Enrique Camerano, Julio Carrasco, Oscar Herrero, Emilio Balcarce, Francisco Sanmartino (Viola)",,,,,,,,,,
Osvaldo Pugliese,Osvaldo Pugliese y su Orquesta Típica ,12/3/1952,Barro,Tango,Alberto Morán,Odeón,Tape,Osvaldo Pugliese,Horacio Sanguinetti,,51-60 / Mature Sound ,Osvaldo Pugliese,Aniceto Rossi,"Osvaldo Ruggiero, Jose Caldara, Esteban Gilardi, Roberto Peppe","Enrique Camerano, Julio Carrasco, Oscar Herrero, Emilio Balcarce, Francisco Sanmartino (Viola)",,,,,,,,,,
Osvaldo Pugliese,Osvaldo Pugliese y su Orquesta Típica ,5/28/1953,Chiqué,Tango,Instrumental,Odeón,Tape,Ricardo Brignolo,,,51-60 / Mature Sound ,Osvaldo Pugliese,Aniceto Rossi,"Osvaldo Ruggiero, Jose Caldara, Esteban Gilardi, Roberto Peppe","Enrique Camerano, Julio Carrasco, Oscar Herrero, Emilio Balcarce, Francisco Sanmartino (Viola)",,,,,,,,,,
Osvaldo Pugliese,Osvaldo Pugliese y su Orquesta Típica ,5/28/1953,Caminito Soleado,Tango,Cobos y Morán,Odeón,Tape,Carlos Gardel,Alfredo Pera,,51-60 / Mature Sound ,Osvaldo Pugliese,Aniceto Rossi,"Osvaldo Ruggiero, Jose Caldara, Esteban Gilardi, Roberto Peppe","Enrique Camerano, Julio Carrasco, Oscar Herrero, Emilio Balcarce, Francisco Sanmartino (Viola)",,,,,,,,,,
Osvaldo Pugliese,Osvaldo Pugliese y su Orquesta Típica ,7/14/1953,Milonguera,Tango,Juan Carlos Cobos,Odeón,Tape,José Aguilar,José Aguilar,,51-60 / Mature Sound ,Osvaldo Pugliese,Aniceto Rossi,"Osvaldo Ruggiero, Jose Caldara, Esteban Gilardi, Roberto Peppe","Enrique Camerano, Julio Carrasco, Oscar Herrero, Emilio Balcarce, Francisco Sanmartino (Viola)",,,,,,,,,,
Osvaldo Pugliese,Osvaldo Pugliese y su Orquesta Típica ,7/14/1953,San José De Flores,Tango,Alberto Morán,Odeón,Tape,Armando Acquarone,Enrique Gaudino,,51-60 / Mature Sound ,Osvaldo Pugliese,Aniceto Rossi,"Osvaldo Ruggiero, Jose Caldara, Esteban Gilardi, Roberto Peppe","Enrique Camerano, Julio Carrasco, Oscar Herrero, Emilio Balcarce, Francisco Sanmartino (Viola)",,,,,,,,,,
Osvaldo Pugliese,Osvaldo Pugliese y su Orquesta Típica ,8/6/1953,Olvidao,Tango,Juan Carlos Cobos,Odeón,Tape,Guillermo Cadícamo,,,51-60 / Mature Sound ,Osvaldo Pugliese,Aniceto Rossi,"Osvaldo Ruggiero, Jose Caldara, Esteban Gilardi, Roberto Peppe","Enrique Camerano, Julio Carrasco, Oscar Herrero, Emilio Balcarce, Francisco Sanmartino (Viola)",,,,,,,,,,
Osvaldo Pugliese,Osvaldo Pugliese y su Orquesta Típica ,8/16/1953,Desvelo,Tango,Alberto Morán,Odeón,Tape,Eduardo Bonessi,Enrique Cadícamo; Domingo Gallicchio,,51-60 / Mature Sound ,Osvaldo Pugliese,Aniceto Rossi,"Osvaldo Ruggiero, Jose Caldara, Esteban Gilardi, Roberto Peppe","Enrique Camerano, Julio Carrasco, Oscar Herrero, Emilio Balcarce, Francisco Sanmartino (Viola)",,,,,,,,,,
Osvaldo Pugliese,Osvaldo Pugliese y su Orquesta Típica ,10/6/1953,Seguíme Si Podés,Tango,Instrumental,Odeón,Tape,Alejandro Scarpino; Juan Caldarella,Antonio Anselmi,,51-60 / Mature Sound ,Osvaldo Pugliese,Aniceto Rossi,"Osvaldo Ruggiero, Jose Caldara, Esteban Gilardi, Roberto Peppe","Enrique Camerano, Julio Carrasco, Oscar Herrero, Emilio Balcarce, Francisco Sanmartino (Viola)",,,,,,,,,,
Osvaldo Pugliese,Osvaldo Pugliese y su Orquesta Típica ,10/6/1953,La Última Copa,Tango,Alberto Morán,Odeón,Tape,Francisco Canaro,Juan Caruso,,51-60 / Mature Sound ,Osvaldo Pugliese,Aniceto Rossi,"Osvaldo Ruggiero, Jose Caldara, Esteban Gilardi, Roberto Peppe","Enrique Camerano, Julio Carrasco, Oscar Herrero, Emilio Balcarce, Francisco Sanmartino (Viola)",,,,,,,,,,
Osvaldo Pugliese,Osvaldo Pugliese y su Orquesta Típica ,11/25/1953,La Rayuela,Tango,Instrumental,Odeón,Tape,Julio Caro,,,51-60 / Mature Sound ,Osvaldo Pugliese,Aniceto Rossi,"Osvaldo Ruggiero, Jose Caldara, Esteban Gilardi, Roberto Peppe","Enrique Camerano, Julio Carrasco, Oscar Herrero, Emilio Balcarce, Francisco Sanmartino (Viola)",,,,,,,,,,
Osvaldo Pugliese,Osvaldo Pugliese y su Orquesta Típica ,11/25/1953,Es Preciso Que Te Vayas,Tango,Juan Carlos Cobos,Odeón,Tape,Juan Cobián,Celedonio Flores,,51-60 / Mature Sound ,Osvaldo Pugliese,Aniceto Rossi,"Osvaldo Ruggiero, Jose Caldara, Esteban Gilardi, Roberto Peppe","Enrique Camerano, Julio Carrasco, Oscar Herrero, Emilio Balcarce, Francisco Sanmartino (Viola)",,,,,,,,,,
Osvaldo Pugliese,Osvaldo Pugliese y su Orquesta Típica ,1/5/1954,Picaneao,Tango,Juan Carlos Cobos,Odeón,Tape,Héctor Baldi,Enrique Cadícamo,,51-60 / Mature Sound ,Osvaldo Pugliese,Aniceto Rossi,"Osvaldo Ruggiero, Jose Caldara, Esteban Gilardi, Roberto Peppe","Enrique Camerano, Julio Carrasco, Oscar Herrero, Emilio Balcarce, Francisco Sanmartino (Viola)",,,,,,,,,,
Osvaldo Pugliese,Osvaldo Pugliese y su Orquesta Típica ,1/5/1954,Porqué No Te Tengo Más,Tango,Alberto Morán,Odeón,Tape,Oscar Herrero,Elizardo Vilas,,51-60 / Mature Sound ,Osvaldo Pugliese,Aniceto Rossi,"Osvaldo Ruggiero, Jose Caldara, Esteban Gilardi, Roberto Peppe","Enrique Camerano, Julio Carrasco, Oscar Herrero, Emilio Balcarce, Francisco Sanmartino (Viola)",,,,,,,,,,
Osvaldo Pugliese,Osvaldo Pugliese y su Orquesta Típica ,3/17/1954,Mi Lamento,Tango,Instrumental,Odeón,Tape,Julio Carrasco,,,51-60 / Mature Sound ,Osvaldo Pugliese,Aniceto Rossi,"Osvaldo Ruggiero, Jose Caldara, Esteban Gilardi, Roberto Peppe","Enrique Camerano, Julio Carrasco, Oscar Herrero, Emilio Balcarce, Francisco Sanmartino (Viola)",,,,,,,,,,
Osvaldo Pugliese,Osvaldo Pugliese y su Orquesta Típica ,3/17/1954,La Mentirosa,Tango,Alberto Morán,Odeón,Tape,Anselmo Aieta,Francisco Jiménez,,51-60 / Mature Sound ,Osvaldo Pugliese,Aniceto Rossi,"Osvaldo Ruggiero, Jose Caldara, Esteban Gilardi, Roberto Peppe","Enrique Camerano, Julio Carrasco, Oscar Herrero, Emilio Balcarce, Francisco Sanmartino (Viola)",,,,,,,,,,
Osvaldo Pugliese,Osvaldo Pugliese y su Orquesta Típica ,3/17/1954,No Es Más Que Yo,Tango,Juan Carlos Cobos,Odeón,Tape,Luis Mandarino,Enrique Dizeo,,51-60 / Mature Sound ,Osvaldo Pugliese,Aniceto Rossi,"Osvaldo Ruggiero, Jose Caldara, Esteban Gilardi, Roberto Peppe","Enrique Camerano, Julio Carrasco, Oscar Herrero, Emilio Balcarce, Francisco Sanmartino (Viola)",,,,,,,,,,
Osvaldo Pugliese,Osvaldo Pugliese y su Orquesta Típica ,3/17/1954,No Quiero Perderte,Tango,Alberto Morán,Odeón,Tape,Enrique Camerano,Alberto Morán,,51-60 / Mature Sound ,Osvaldo Pugliese,Aniceto Rossi,"Osvaldo Ruggiero, Jose Caldara, Esteban Gilardi, Roberto Peppe","Enrique Camerano, Julio Carrasco, Oscar Herrero, Emilio Balcarce, Francisco Sanmartino (Viola)",,,,,,,,,,
Osvaldo Pugliese,Osvaldo Pugliese y su Orquesta Típica ,5/13/1954,Nueve De Julio,Tango,Instrumental,Odeón,Tape,José Padula,Lito Bayardo,,51-60 / Mature Sound ,Osvaldo Pugliese,Aniceto Rossi,"Osvaldo Ruggiero, Jose Caldara, Esteban Gilardi, Roberto Peppe","Enrique Camerano, Julio Carrasco, Oscar Herrero, Emilio Balcarce, Francisco Sanmartino (Viola)",,,,,,,,,,
Osvaldo Pugliese,Osvaldo Pugliese y su Orquesta Típica ,5/13/1954,Te Aconsejo Que Me Olvides,Tango,Juan Carlos Cobos,Odeón,Tape,Pedro Maffia,Jorge Curi,,51-60 / Mature Sound ,Osvaldo Pugliese,Aniceto Rossi,"Osvaldo Ruggiero, Jose Caldara, Esteban Gilardi, Roberto Peppe","Enrique Camerano, Julio Carrasco, Oscar Herrero, Emilio Balcarce, Francisco Sanmartino (Viola)",,,,,,,,,,
Osvaldo Pugliese,Osvaldo Pugliese y su Orquesta Típica ,7/14/1954,La Guitarrita,Tango,Instrumental,Odeón,Tape,Eduardo Arolas,Gabriel Clausi,,51-60 / Mature Sound ,Osvaldo Pugliese,Aniceto Rossi,"Osvaldo Ruggiero, Jose Caldara, Esteban Gilardi, Roberto Peppe","Enrique Camerano, Julio Carrasco, Oscar Herrero, Emilio Balcarce, Francisco Sanmartino (Viola)",,,,,,,,,,
Osvaldo Pugliese,Osvaldo Pugliese y su Orquesta Típica ,7/14/1954,A La Luz Del Candil,Tango,Miguel Montero,Odeón,Tape,Carlos Flores,Julio Navarrine,,51-60 / Mature Sound ,Osvaldo Pugliese,Aniceto Rossi,"Osvaldo Ruggiero, Jose Caldara, Esteban Gilardi, Roberto Peppe","Enrique Camerano, Julio Carrasco, Oscar Herrero, Emilio Balcarce, Francisco Sanmartino (Viola)",,,,,,,,,,
Osvaldo Pugliese,Osvaldo Pugliese y su Orquesta Típica ,10/29/1954,Canzoneta,Tango,Jorge Maciel,Odeón,Tape,Erma Suárez,Enrique Lary,,51-60 / Mature Sound ,Osvaldo Pugliese,Aniceto Rossi,"Osvaldo Ruggiero, Jose Caldara, Esteban Gilardi, Roberto Peppe","Enrique Camerano, Julio Carrasco, Oscar Herrero, Emilio Balcarce, Francisco Sanmartino (Viola)",,,,,,,,,,
Osvaldo Pugliese,Osvaldo Pugliese y su Orquesta Típica ,10/29/1954,Por Una Muñeca,Tango,Miguel Montero,Odeón,Tape,Emilio Balcarce,Manolo Barros,,51-60 / Mature Sound ,Osvaldo Pugliese,Aniceto Rossi,"Osvaldo Ruggiero, Jose Caldara, Esteban Gilardi, Roberto Peppe","Enrique Camerano, Julio Carrasco, Oscar Herrero, Emilio Balcarce, Francisco Sanmartino (Viola)",,,,,,,,,,
Osvaldo Pugliese,Osvaldo Pugliese y su Orquesta Típica ,12/13/1954,Mi Fuelle Rezonga,Tango,Instrumental,Odeón,Tape,Pedro Toscano,,,51-60 / Mature Sound ,Osvaldo Pugliese,Aniceto Rossi,"Osvaldo Ruggiero, Jose Caldara, Esteban Gilardi, Roberto Peppe","Enrique Camerano, Julio Carrasco, Oscar Herrero, Emilio Balcarce, Francisco Sanmartino (Viola)",,,,,,,,,,
Osvaldo Pugliese,Osvaldo Pugliese y su Orquesta Típica ,12/13/1954,Si Yo Pudiera Olvidarla,Tango,Jorge Maciel,Odeón,Tape,Osvaldo Tarantino,Alfredo Palacios,,51-60 / Mature Sound ,Osvaldo Pugliese,Aniceto Rossi,"Osvaldo Ruggiero, Jose Caldara, Esteban Gilardi, Roberto Peppe","Enrique Camerano, Julio Carrasco, Oscar Herrero, Emilio Balcarce, Francisco Sanmartino (Viola)",,,,,,,,,,
Osvaldo Pugliese,Osvaldo Pugliese y su Orquesta Típica ,9/2/1955,Emancipación,Tango,Instrumental,Odeón,Tape,Alfredo Bevilacqua,Antonio Polito,,51-60 / Mature Sound ,Osvaldo Pugliese,Aniceto Rossi,"Osvaldo Ruggiero, Mario Demarco, Esteban Gilardi, Roberto Peppe","Enrique Camerano, Julio Carrasco, Oscar Herrero, Emilio Balcarce, Francisco Sanmartino (Viola)",,,,,,,,,,
Osvaldo Pugliese,Osvaldo Pugliese y su Orquesta Típica ,9/2/1955,Antiguo Reloj De Cobre,Tango,Miguel Montero,Odeón,Tape,Eduardo Marvezi,,,51-60 / Mature Sound ,Osvaldo Pugliese,Aniceto Rossi,"Osvaldo Ruggiero, Mario Demarco, Esteban Gilardi, Roberto Peppe","Enrique Camerano, Julio Carrasco, Oscar Herrero, Emilio Balcarce, Francisco Sanmartino (Viola)",,,,,,,,,,
Osvaldo Pugliese,Osvaldo Pugliese y su Orquesta Típica ,9/2/1955,Esta Noche De Luna,Tango,Jorge Maciel,Odeón,Tape,Graciano Gómez; José García,Héctor Marcó,,51-60 / Mature Sound ,Osvaldo Pugliese,Aniceto Rossi,"Osvaldo Ruggiero, Mario Demarco, Esteban Gilardi, Roberto Peppe","Enrique Camerano, Julio Carrasco, Oscar Herrero, Emilio Balcarce, Francisco Sanmartino (Viola)",,,,,,,,,,
Osvaldo Pugliese,Osvaldo Pugliese y su Orquesta Típica ,9/2/1955,Mi Serenata,Tango,Montero y Maciel,Odeón,Tape,Edgardo Donato,Juan Thorry,,51-60 / Mature Sound ,Osvaldo Pugliese,Aniceto Rossi,"Osvaldo Ruggiero, Mario Demarco, Esteban Gilardi, Roberto Peppe","Enrique Camerano, Julio Carrasco, Oscar Herrero, Emilio Balcarce, Francisco Sanmartino (Viola)",,,,,,,,,,
Osvaldo Pugliese,Osvaldo Pugliese y su Orquesta Típica ,9/22/1955,Cascabelito,Tango,Jorge Maciel,Odeón,Tape,José Bohr,Juan Caruso,,51-60 / Mature Sound ,Osvaldo Pugliese,Aniceto Rossi,"Osvaldo Ruggiero, Mario Demarco, Esteban Gilardi, Roberto Peppe","Enrique Camerano, Julio Carrasco, Oscar Herrero, Emilio Balcarce, Francisco Sanmartino (Viola)",,,,,,,,,,
Osvaldo Pugliese,Osvaldo Pugliese y su Orquesta Típica ,9/22/1955,El Poncho Del Amor,Tango,Miguel Montero,Odeón,Tape,Antonio Scatasso,Alberto Vaccarezza,,51-60 / Mature Sound ,Osvaldo Pugliese,Aniceto Rossi,"Osvaldo Ruggiero, Mario Demarco, Esteban Gilardi, Roberto Peppe","Enrique Camerano, Julio Carrasco, Oscar Herrero, Emilio Balcarce, Francisco Sanmartino (Viola)",,,,,,,,,,
Osvaldo Pugliese,Osvaldo Pugliese y su Orquesta Típica ,1/31/1956,A Mis Compañeros,Tango,Instrumental,Odeón,Tape,Osvaldo Ruggiero,,,51-60 / Mature Sound ,Osvaldo Pugliese,Aniceto Rossi,"Osvaldo Ruggiero, Mario Demarco, Esteban Gilardi, Ismael Spitalnik","Enrique Camerano, Julio Carrasco, Oscar Herrero, Emilio Balcarce, Francisco Sanmartino (Viola)",,,,,,,,,,
Osvaldo Pugliese,Osvaldo Pugliese y su Orquesta Típica ,1/31/1956,No Juegues A La Guerra,Tango,Jorge Maciel,Odeón,Tape,Osvaldo Pugliese,Modesto Miramonti,,51-60 / Mature Sound ,Osvaldo Pugliese,Aniceto Rossi,"Osvaldo Ruggiero, Mario Demarco, Esteban Gilardi, Ismael Spitalnik","Enrique Camerano, Julio Carrasco, Oscar Herrero, Emilio Balcarce, Francisco Sanmartino (Viola)",,,,,,,,,,
Osvaldo Pugliese,Osvaldo Pugliese y su Orquesta Típica ,3/20/1956,A Roberto Peppe,Tango,Instrumental,Odeón,Tape,Esteban Gilardi,,,51-60 / Mature Sound ,Osvaldo Pugliese,Aniceto Rossi,"Osvaldo Ruggiero, Mario Demarco, Esteban Gilardi, Ismael Spitalnik","Enrique Camerano, Julio Carrasco, Oscar Herrero, Emilio Balcarce, Francisco Sanmartino (Viola)",,,,,,,,,,
Osvaldo Pugliese,Osvaldo Pugliese y su Orquesta Típica ,3/20/1956,Qué Te Pasa Buenos Aires,Tango,Miguel Montero,Odeón,Tape,Eduardo Cortti,Juan Correia,,51-60 / Mature Sound ,Osvaldo Pugliese,Aniceto Rossi,"Osvaldo Ruggiero, Mario Demarco, Esteban Gilardi, Ismael Spitalnik","Enrique Camerano, Julio Carrasco, Oscar Herrero, Emilio Balcarce, Francisco Sanmartino (Viola)",,,,,,,,,,
Osvaldo Pugliese,Osvaldo Pugliese y su Orquesta Típica ,5/30/1956,Muchachos Mi Último Tango,Tango,Miguel Montero,Odeón,Tape,Ernesto Rossi,Ricardo Thompson,,51-60 / Mature Sound ,Osvaldo Pugliese,Aniceto Rossi,"Osvaldo Ruggiero, Mario Demarco, Esteban Gilardi, Ismael Spitalnik","Enrique Camerano, Julio Carrasco, Oscar Herrero, Emilio Balcarce, Francisco Sanmartino (Viola)",,,,,,,,,,
Osvaldo Pugliese,Osvaldo Pugliese y su Orquesta Típica ,6/21/1956,Orgullo Criollo,Tango,Instrumental,Odeón,Tape,Pedro Laurenz; Julio Caro,,,51-60 / Mature Sound ,Osvaldo Pugliese,Aniceto Rossi,"Osvaldo Ruggiero, Mario Demarco, Esteban Gilardi, Ismael Spitalnik","Enrique Camerano, Julio Carrasco, Oscar Herrero, Emilio Balcarce, Francisco Sanmartino (Viola)",,,,,,,,,,
Osvaldo Pugliese,Osvaldo Pugliese y su Orquesta Típica ,6/21/1956,Y Todavía Te Quiero,Tango,Jorge Maciel,Odeón,Tape,Luciano Leocata,,,51-60 / Mature Sound ,Osvaldo Pugliese,Aniceto Rossi,"Osvaldo Ruggiero, Mario Demarco, Esteban Gilardi, Ismael Spitalnik","Enrique Camerano, Julio Carrasco, Oscar Herrero, Emilio Balcarce, Francisco Sanmartino (Viola)",,,,,,,,,,
Osvaldo Pugliese,Osvaldo Pugliese y su Orquesta Típica ,7/4/1956,Remembranza,Tango,Jorge Maciel,Odeón,Tape,Mario Melfi,Mario Battistella,,51-60 / Mature Sound ,Osvaldo Pugliese,Aniceto Rossi,"Osvaldo Ruggiero, Mario Demarco, Esteban Gilardi, Ismael Spitalnik","Enrique Camerano, Julio Carrasco, Oscar Herrero, Emilio Balcarce, Francisco Sanmartino (Viola)",,,,,,,,,,
Osvaldo Pugliese,Osvaldo Pugliese y su Orquesta Típica ,8/2/1956,Silueta Porteña,Milonga,Montero y Maciel,Odeón,Tape,Nicolas Cuccaro; Juan Cuccaro,Orlando D'Aniello; Ernesto Noli,,51-60 / Mature Sound ,Osvaldo Pugliese,Aniceto Rossi,"Osvaldo Ruggiero, Mario Demarco, Esteban Gilardi, Ismael Spitalnik","Enrique Camerano, Julio Carrasco, Oscar Herrero, Emilio Balcarce, Francisco Sanmartino (Viola)",,,,,,,,,,
Osvaldo Pugliese,Osvaldo Pugliese y su Orquesta Típica ,8/2/1956,Te Estaba Esperando,Tango,Miguel Montero,Odeón,Tape,Roberto Giménez,Roberto Giménez,,51-60 / Mature Sound ,Osvaldo Pugliese,Aniceto Rossi,"Osvaldo Ruggiero, Mario Demarco, Esteban Gilardi, Ismael Spitalnik","Enrique Camerano, Julio Carrasco, Oscar Herrero, Emilio Balcarce, Francisco Sanmartino (Viola)",,,,,,,,,,
Osvaldo Pugliese,Osvaldo Pugliese y su Orquesta Típica ,10/26/1956,Suipacha,Tango,Instrumental,Odeón,Tape,Eduardo Arolas,Jesús Blanco,,51-60 / Mature Sound ,Osvaldo Pugliese,Aniceto Rossi,"Osvaldo Ruggiero, Mario Demarco, Esteban Gilardi, Ismael Spitalnik","Enrique Camerano, Julio Carrasco, Oscar Herrero, Emilio Balcarce, Francisco Sanmartino (Viola)",,,,,,,,,,
Osvaldo Pugliese,Osvaldo Pugliese y su Orquesta Típica ,10/26/1956,Muchacha,Tango,Jorge Maciel,Odeón,Tape,Luis Caruso,Jesús Suárez,,51-60 / Mature Sound ,Osvaldo Pugliese,Aniceto Rossi,"Osvaldo Ruggiero, Mario Demarco, Esteban Gilardi, Ismael Spitalnik","Enrique Camerano, Julio Carrasco, Oscar Herrero, Emilio Balcarce, Francisco Sanmartino (Viola)",,,,,,,,,,
Osvaldo Pugliese,Osvaldo Pugliese y su Orquesta Típica ,11/28/1956,Nochero Soy,Tango,Instrumental,Odeón,Tape,Oscar Herrero,,,51-60 / Mature Sound ,Osvaldo Pugliese,Aniceto Rossi,"Osvaldo Ruggiero, Mario Demarco, Esteban Gilardi, Ismael Spitalnik","Enrique Camerano, Julio Carrasco, Oscar Herrero, Emilio Balcarce, Francisco Sanmartino (Viola)",,,,,,,,,,
Osvaldo Pugliese,Osvaldo Pugliese y su Orquesta Típica ,11/28/1956,Y Con Eso Dónde Voy,Tango,Miguel Montero,Odeón,Tape,Ángel Cabral,Enrique Dizeo,,51-60 / Mature Sound ,Osvaldo Pugliese,Aniceto Rossi,"Osvaldo Ruggiero, Mario Demarco, Esteban Gilardi, Ismael Spitalnik","Enrique Camerano, Julio Carrasco, Oscar Herrero, Emilio Balcarce, Francisco Sanmartino (Viola)",,,,,,,,,,
Osvaldo Pugliese,Osvaldo Pugliese y su Orquesta Típica ,12/26/1956,Marrón Y Azul,Tango,Instrumental,Odeón,Tape,Astor Piazzolla,,,51-60 / Mature Sound ,Osvaldo Pugliese,Aniceto Rossi,"Osvaldo Ruggiero, Mario Demarco, Esteban Gilardi, Ismael Spitalnik","Enrique Camerano, Julio Carrasco, Oscar Herrero, Emilio Balcarce, Francisco Sanmartino (Viola)",,,,,,,,,,
Osvaldo Pugliese,Osvaldo Pugliese y su Orquesta Típica ,12/26/1956,Mentiras,Tango,Montero y Maciel,Odeón,Tape,Juan Reyes,Juan Reyes,,51-60 / Mature Sound ,Osvaldo Pugliese,Aniceto Rossi,"Osvaldo Ruggiero, Mario Demarco, Esteban Gilardi, Ismael Spitalnik","Enrique Camerano, Julio Carrasco, Oscar Herrero, Emilio Balcarce, Francisco Sanmartino (Viola)",,,,,,,,,,
Osvaldo Pugliese,Osvaldo Pugliese y su Orquesta Típica ,4/4/1957,Los Largos Del Pibe,Tango,Miguel Montero,Odeón,Tape,Samuel Pribluda; Roberto Rufino; Enrique Lary,Samuel Pribluda; Roberto Rufino; Enrique Lary,,51-60 / Mature Sound ,Osvaldo Manzi,Aniceto Rossi,"Osvaldo Ruggiero, Mario Demarco, Esteban Gilardi, Ismael Spitalnik","Enrique Camerano, Julio Carrasco, Oscar Herrero, Emilio Balcarce, Norberto Bernasconi (Viola)",,,,,,,,,,
Osvaldo Pugliese,Osvaldo Pugliese y su Orquesta Típica ,4/4/1957,Y Sigo Esperando,Tango,Jorge Maciel,Odeón,Tape,Cayetano Ziccaro,Juan Velich,,51-60 / Mature Sound ,Osvaldo Manzi,Aniceto Rossi,"Osvaldo Ruggiero, Mario Demarco, Esteban Gilardi, Ismael Spitalnik","Enrique Camerano, Julio Carrasco, Oscar Herrero, Emilio Balcarce, Norberto Bernasconi (Viola)",,,,,,,,,,
Osvaldo Pugliese,Osvaldo Pugliese y su Orquesta Típica ,5/13/1957,Pata Ancha,Tango,Instrumental,Odeón,Tape,Mario Demarco,,,51-60 / Mature Sound ,Osvaldo Manzi,Aniceto Rossi,"Osvaldo Ruggiero, Mario Demarco, Esteban Gilardi, Ismael Spitalnik","Enrique Camerano, Julio Carrasco, Oscar Herrero, Emilio Balcarce, Norberto Bernasconi (Viola)",,,,,,,,,,
Osvaldo Pugliese,Osvaldo Pugliese y su Orquesta Típica ,5/13/1957,La Novia Del Suburbio,Tango,Jorge Maciel,Odeón,Tape,Roberto Rufino,Agustín Minotti,,51-60 / Mature Sound ,Osvaldo Manzi,Aniceto Rossi,"Osvaldo Ruggiero, Mario Demarco, Esteban Gilardi, Ismael Spitalnik","Enrique Camerano, Julio Carrasco, Oscar Herrero, Emilio Balcarce, Norberto Bernasconi (Viola)",,,,,,,,,,
Osvaldo Pugliese,Osvaldo Pugliese y su Orquesta Típica ,6/24/1957,La Conciencia,Tango,Miguel Montero,Odeón,Tape,Emilio Barros,,,51-60 / Mature Sound ,Osvaldo Manzi,Aniceto Rossi,"Osvaldo Ruggiero, Mario Demarco, Esteban Gilardi, Ismael Spitalnik","Enrique Camerano, Julio Carrasco, Oscar Herrero, Emilio Balcarce, Norberto Bernasconi (Viola)",,,,,,,,,,
Osvaldo Pugliese,Osvaldo Pugliese y su Orquesta Típica ,6/24/1957,Un Tango Para El Recuerdo,Tango,Jorge Maciel,Odeón,Tape,Rafael Bagno,Antonio Cantó,,51-60 / Mature Sound ,Osvaldo Manzi,Aniceto Rossi,"Osvaldo Ruggiero, Mario Demarco, Esteban Gilardi, Ismael Spitalnik","Enrique Camerano, Julio Carrasco, Oscar Herrero, Emilio Balcarce, Norberto Bernasconi (Viola)",,,,,,,,,,
Osvaldo Pugliese,Osvaldo Pugliese y su Orquesta Típica ,7/10/1957,Cachá Viaje,Tango,Miguel Montero,Odeón,Tape,Jaime Cardenal,,,51-60 / Mature Sound ,Osvaldo Manzi,Aniceto Rossi,"Osvaldo Ruggiero, Mario Demarco, Esteban Gilardi, Ismael Spitalnik","Enrique Camerano, Julio Carrasco, Oscar Herrero, Emilio Balcarce, Norberto Bernasconi (Viola)",,,,,,,,,,
Osvaldo Pugliese,Osvaldo Pugliese y su Orquesta Típica ,7/10/1957,En Otros Caminos,Tango,Montero y Maciel,Odeón,Tape,Guillermo Pariente,,,51-60 / Mature Sound ,Osvaldo Manzi,Aniceto Rossi,"Osvaldo Ruggiero, Mario Demarco, Esteban Gilardi, Ismael Spitalnik","Enrique Camerano, Julio Carrasco, Oscar Herrero, Emilio Balcarce, Norberto Bernasconi (Viola)",,,,,,,,,,
Osvaldo Pugliese,Osvaldo Pugliese y su Orquesta Típica ,10/25/1957,Yunta De Oro,Tango,Instrumental,Odeón,Tape,Osvaldo Ruggiero,,,51-60 / Mature Sound ,Osvaldo Manzi,Aniceto Rossi,"Osvaldo Ruggiero, Mario Demarco, Esteban Gilardi, Ismael Spitalnik","Oscar Herrero, Enrique Camerano, Julio Carrasco, Emilio Balcarce, Norberto Bernasconi (Viola)",,,,,,,,,,
Osvaldo Pugliese,Osvaldo Pugliese y su Orquesta Típica ,10/25/1957,No Me Hablen De Ella,Tango,Jorge Maciel,Odeón,Tape,Tití Rossi; Jorge Moreira,Tití Rossi; Jorge Moreira,,51-60 / Mature Sound ,Osvaldo Manzi,Aniceto Rossi,"Osvaldo Ruggiero, Mario Demarco, Esteban Gilardi, Ismael Spitalnik","Oscar Herrero, Enrique Camerano, Julio Carrasco, Emilio Balcarce, Norberto Bernasconi (Viola)",,,,,,,,,,
Osvaldo Pugliese,Osvaldo Pugliese y su Orquesta Típica ,12/18/1957,Pa' La Muchachada,Tango,Miguel Montero,Odeón,Tape,Carlos Jonsson,,,51-60 / Mature Sound ,Osvaldo Manzi,Aniceto Rossi,"Osvaldo Ruggiero, Mario Demarco, Esteban Gilardi, Ismael Spitalnik","Oscar Herrero, Enrique Camerano, Julio Carrasco, Emilio Balcarce, Norberto Bernasconi (Viola)",,,,,,,,,,
Osvaldo Pugliese,Osvaldo Pugliese y su Orquesta Típica ,12/18/1957,Perla Fina,Tango,Jorge Maciel,Odeón,Tape,Juan Lotito; Norberto Lotito,Vladimiro Vega,,51-60 / Mature Sound ,Osvaldo Manzi,Aniceto Rossi,"Osvaldo Ruggiero, Mario Demarco, Esteban Gilardi, Ismael Spitalnik","Oscar Herrero, Enrique Camerano, Julio Carrasco, Emilio Balcarce, Norberto Bernasconi (Viola)",,,,,,,,,,
Osvaldo Pugliese,Osvaldo Pugliese y su Orquesta Típica ,1/2/1958,Corazoneando,Tango,Instrumental,Odeón,Tape,Osvaldo Pugliese,,,51-60 / Mature Sound ,Osvaldo Manzi,Aniceto Rossi,"Osvaldo Ruggiero, Mario Demarco, Esteban Gilardi, Ismael Spitalnik","Oscar Herrero, Enrique Camerano, Julio Carrasco, Emilio Balcarce, Norberto Bernasconi (Viola)",,,,,,,,,,
Osvaldo Pugliese,Osvaldo Pugliese y su Orquesta Típica ,1/2/1958,Gente Amiga,Tango,Instrumental,Odeón,Tape,Ismael Spitalnik,,,51-60 / Mature Sound ,Osvaldo Manzi,Aniceto Rossi,"Osvaldo Ruggiero, Mario Demarco, Esteban Gilardi, Ismael Spitalnik","Oscar Herrero, Enrique Camerano, Julio Carrasco, Emilio Balcarce, Norberto Bernasconi (Viola)",,,,,,,,,,
Osvaldo Pugliese,Osvaldo Pugliese y su Orquesta Típica ,1/16/1958,Julie,Tango,Instrumental,Odeón,Tape,Enrique Alessio; Carlos Lázzari,,,51-60 / Mature Sound ,Osvaldo Manzi,Aniceto Rossi,"Osvaldo Ruggiero, Mario Demarco, Esteban Gilardi, Ismael Spitalnik","Oscar Herrero, Enrique Camerano, Julio Carrasco, Emilio Balcarce, Norberto Bernasconi (Viola)",,,,,,,,,,
Osvaldo Pugliese,Osvaldo Pugliese y su Orquesta Típica ,1/16/1958,Gurisa,Tango,Miguel Montero,Odeón,Tape,Amitor Vidal,Enrique Satur,,51-60 / Mature Sound ,Osvaldo Manzi,Aniceto Rossi,"Osvaldo Ruggiero, Mario Demarco, Esteban Gilardi, Ismael Spitalnik","Oscar Herrero, Enrique Camerano, Julio Carrasco, Emilio Balcarce, Norberto Bernasconi (Viola)",,,,,,,,,,
Osvaldo Pugliese,Osvaldo Pugliese y su Orquesta Típica ,3/26/1958,Buen Amigo,Tango,Instrumental,Odeón,Tape,Julio Caro,Juan Catán,,51-60 / Mature Sound ,Osvaldo Manzi,Aniceto Rossi,"Osvaldo Ruggiero, Mario Demarco, Esteban Gilardi, Ismael Spitalnik","Oscar Herrero, Enrique Camerano, Julio Carrasco, Emilio Balcarce, Norberto Bernasconi (Viola)",,,,,,,,,,
Osvaldo Pugliese,Osvaldo Pugliese y su Orquesta Típica ,3/26/1958,Quién,Tango,Jorge Maciel,Odeón,Tape,Osvaldo Manzi,Luis Lira,,51-60 / Mature Sound ,Osvaldo Manzi,Aniceto Rossi,"Osvaldo Ruggiero, Mario Demarco, Esteban Gilardi, Ismael Spitalnik","Oscar Herrero, Enrique Camerano, Julio Carrasco, Emilio Balcarce, Norberto Bernasconi (Viola)",,,,,,,,,,
Osvaldo Pugliese,Osvaldo Pugliese y su Orquesta Típica ,5/29/1958,Adiós Corazón,Tango,Jorge Maciel,Odeón,Tape,Lalo Etchegoncelay,Héctor Sapelli,,51-60 / Mature Sound ,Osvaldo Pugliese / Ernesto Romero,Aniceto Rossi,"Osvaldo Ruggiero, Mario Demarco, Esteban Gilardi, Ismael Spitalnik","Oscar Herrero, Enrique Camerano, Julio Carrasco, Emilio Balcarce, Norberto Bernasconi (Viola)",,,,,,,,,,
Osvaldo Pugliese,Osvaldo Pugliese y su Orquesta Típica ,5/29/1958,Che Cristóbal,Tango,Miguel Montero,Odeón,Tape,Orlando Calautti,Elbio Vallejo,,51-60 / Mature Sound ,Osvaldo Pugliese / Ernesto Romero,Aniceto Rossi,"Osvaldo Ruggiero, Mario Demarco, Esteban Gilardi, Ismael Spitalnik","Oscar Herrero, Enrique Camerano, Julio Carrasco, Emilio Balcarce, Norberto Bernasconi (Viola)",,,,,,,,,,
Osvaldo Pugliese,Osvaldo Pugliese y su Orquesta Típica ,7/23/1958,Acquaforte,Tango,Miguel Montero,Odeón,Tape,Horacio Pettorossi,Juan Catán,,51-60 / Mature Sound ,Osvaldo Pugliese / Ernesto Romero,Aniceto Rossi,"Osvaldo Ruggiero, Mario Demarco, Esteban Gilardi, Ismael Spitalnik","Oscar Herrero, Enrique Camerano, Julio Carrasco, Emilio Balcarce, Norberto Bernasconi (Viola)",,,,,,,,,,
Osvaldo Pugliese,Osvaldo Pugliese y su Orquesta Típica ,7/23/1958,Las Tres Banderas,Tango,Jorge Maciel,Odeón,Tape,Roberto Rufino,Carlos Russo,,51-60 / Mature Sound ,Osvaldo Pugliese / Ernesto Romero,Aniceto Rossi,"Osvaldo Ruggiero, Mario Demarco, Esteban Gilardi, Ismael Spitalnik","Oscar Herrero, Enrique Camerano, Julio Carrasco, Emilio Balcarce, Norberto Bernasconi (Viola)",,,,,,,,,,
Osvaldo Pugliese,Osvaldo Pugliese y su Orquesta Típica ,8/6/1958,La Bordona,Tango,Instrumental,Odeón,Tape,Emilio Balcarce,,,51-60 / Mature Sound ,Osvaldo Pugliese / Ernesto Romero,Aniceto Rossi,"Osvaldo Ruggiero, Mario Demarco, Esteban Gilardi, Ismael Spitalnik","Oscar Herrero, Enrique Camerano, Julio Carrasco, Emilio Balcarce, Norberto Bernasconi (Viola)",,,,,,,,,,
Osvaldo Pugliese,Osvaldo Pugliese y su Orquesta Típica ,8/6/1958,Qué Pinturita,Tango,Instrumental,Odeón,Tape,Esteban Gilardi,,,51-60 / Mature Sound ,Osvaldo Pugliese / Ernesto Romero,Aniceto Rossi,"Osvaldo Ruggiero, Mario Demarco, Esteban Gilardi, Ismael Spitalnik","Oscar Herrero, Enrique Camerano, Julio Carrasco, Emilio Balcarce, Norberto Bernasconi (Viola)",,,,,,,,,,
Osvaldo Pugliese,Osvaldo Pugliese y su Orquesta Típica ,11/19/1958,Unión Cívica,Tango,Instrumental,Odeón,Tape,Domingo Cruz,,,51-60 / Mature Sound ,Osvaldo Pugliese / Ernesto Romero,Aniceto Rossi,"Osvaldo Ruggiero, Mario Demarco, Esteban Gilardi, Ismael Spitalnik","Oscar Herrero, Enrique Camerano, Julio Carrasco, Emilio Balcarce, Norberto Bernasconi (Viola)",,,,,,,,,,
Osvaldo Pugliese,Osvaldo Pugliese y su Orquesta Típica ,11/19/1958,Dicha Pasada,Tango,Miguel Montero,Odeón,Tape,Guillermo Barbieri,Guillermo Barbieri,,51-60 / Mature Sound ,Osvaldo Pugliese / Ernesto Romero,Aniceto Rossi,"Osvaldo Ruggiero, Mario Demarco, Esteban Gilardi, Ismael Spitalnik","Oscar Herrero, Enrique Camerano, Julio Carrasco, Emilio Balcarce, Norberto Bernasconi (Viola)",,,,,,,,,,
Osvaldo Pugliese,Osvaldo Pugliese y su Orquesta Típica ,12/10/1958,Alma De Bohemio,Tango,Instrumental,Odeón,Tape,Roberto Firpo,Juan Caruso,,51-60 / Mature Sound ,Osvaldo Pugliese / Ernesto Romero,Aniceto Rossi,"Osvaldo Ruggiero, Mario Demarco, Esteban Gilardi, Ismael Spitalnik","Oscar Herrero, Enrique Camerano, Julio Carrasco, Emilio Balcarce, Norberto Bernasconi (Viola)",,,,,,,,,,
Osvaldo Pugliese,Osvaldo Pugliese y su Orquesta Típica ,12/10/1958,Porqué Me La Nombran,Tango,Jorge Maciel,Odeón,Tape,Tití Rossi,Ernesto Paredes; Carlos Russo,,51-60 / Mature Sound ,Osvaldo Pugliese / Ernesto Romero,Aniceto Rossi,"Osvaldo Ruggiero, Mario Demarco, Esteban Gilardi, Ismael Spitalnik","Oscar Herrero, Enrique Camerano, Julio Carrasco, Emilio Balcarce, Norberto Bernasconi (Viola)",,,,,,,,,,
Osvaldo Pugliese,Osvaldo Pugliese y su Orquesta Típica ,7/23/1959,Gallo Ciego,Tango,Instrumental,Odeón,Tape,Agustín Bardi,,,51-60 / Mature Sound ,Osvaldo Pugliese / Ernesto Romero,Aniceto Rossi,"Osvaldo Ruggiero, Mario Demarco, Ismael Spitalnik, Victor Lavallén","Oscar Herrero, Julio Carrasco, Emilio Balcarce, Norberto Bernasconi (Viola), Andriano Fanelli (Cello) ",,,,,,,,,,
Osvaldo Pugliese,Osvaldo Pugliese y su Orquesta Típica ,7/23/1959,El Pañuelito,Tango,Jorge Maciel,Odeón,Tape,Juan Filiberto,Gabino Peñaloza,,51-60 / Mature Sound ,Osvaldo Pugliese / Ernesto Romero,Aniceto Rossi,"Osvaldo Ruggiero, Mario Demarco, Ismael Spitalnik, Victor Lavallén","Oscar Herrero, Julio Carrasco, Emilio Balcarce, Norberto Bernasconi (Viola), Andriano Fanelli (Cello) ",,,,,,,,,,
Osvaldo Pugliese,Osvaldo Pugliese y su Orquesta Típica ,7/23/1959,Mamita,Tango,Jorge Maciel,Odeón,Tape,Ángel Danesi,Francisco Bohigas,,51-60 / Mature Sound ,Osvaldo Pugliese / Ernesto Romero,Aniceto Rossi,"Osvaldo Ruggiero, Mario Demarco, Ismael Spitalnik, Victor Lavallén","Oscar Herrero, Julio Carrasco, Emilio Balcarce, Norberto Bernasconi (Viola), Andriano Fanelli (Cello) ",,,,,,,,,,
Osvaldo Pugliese,Osvaldo Pugliese y su Orquesta Típica ,7/23/1959,Quejumbroso,Tango,Instrumental,Odeón,Tape,Oscar Herrero,,,51-60 / Mature Sound ,Osvaldo Pugliese / Ernesto Romero,Aniceto Rossi,"Osvaldo Ruggiero, Mario Demarco, Ismael Spitalnik, Victor Lavallén","Oscar Herrero, Julio Carrasco, Emilio Balcarce, Norberto Bernasconi (Viola), Andriano Fanelli (Cello) ",,,,,,,,,,
Osvaldo Pugliese,Osvaldo Pugliese y su Orquesta Típica ,7/23/1959,Si Nace Chancleta,Tango,Jorge Maciel,Odeón,Tape,Mario Demarco,Vicente Bonvissuto,,51-60 / Mature Sound ,Osvaldo Pugliese / Ernesto Romero,Aniceto Rossi,"Osvaldo Ruggiero, Mario Demarco, Ismael Spitalnik, Victor Lavallén","Oscar Herrero, Julio Carrasco, Emilio Balcarce, Norberto Bernasconi (Viola), Andriano Fanelli (Cello) ",,,,,,,,,,
Osvaldo Pugliese,Osvaldo Pugliese y su Orquesta Típica ,7/23/1959,Y No Podrás Querer,Tango,Jorge Maciel,Odeón,Tape,Vicente Demarco,Silvio Marinucci,,51-60 / Mature Sound ,Osvaldo Pugliese / Ernesto Romero,Aniceto Rossi,"Osvaldo Ruggiero, Mario Demarco, Ismael Spitalnik, Victor Lavallén","Oscar Herrero, Julio Carrasco, Emilio Balcarce, Norberto Bernasconi (Viola), Andriano Fanelli (Cello) ",,,,,,,,,,
Osvaldo Pugliese,Osvaldo Pugliese y su Orquesta Típica ,7/24/1959,Sentencia,Tango,Ricardo Medina,Odeón,Tape,Pedro Maffia,Celedonio Flores,,51-60 / Mature Sound ,Osvaldo Pugliese / Ernesto Romero,Aniceto Rossi,"Osvaldo Ruggiero, Mario Demarco, Ismael Spitalnik, Victor Lavallén","Oscar Herrero, Julio Carrasco, Emilio Balcarce, Norberto Bernasconi (Viola), Andriano Fanelli (Cello) ",,,,,,,,,,
Osvaldo Pugliese,Osvaldo Pugliese y su Orquesta Típica ,7/24/1959,Y No Le Erré,Tango,Ricardo Medina,Odeón,Tape,Carlos Olmedo,Abel Aznar,,51-60 / Mature Sound ,Osvaldo Pugliese / Ernesto Romero,Aniceto Rossi,"Osvaldo Ruggiero, Mario Demarco, Ismael Spitalnik, Victor Lavallén","Oscar Herrero, Julio Carrasco, Emilio Balcarce, Norberto Bernasconi (Viola), Andriano Fanelli (Cello) ",,,,,,,,,,
Osvaldo Pugliese,Osvaldo Pugliese y su Orquesta Típica ,8/6/1959,La Cumparsita,Tango,Maciel y Guido,Odeón,Tape,Gerardo Rodríguez,,,51-60 / Mature Sound ,Osvaldo Pugliese / Ernesto Romero,Aniceto Rossi,"Osvaldo Ruggiero, Mario Demarco, Ismael Spitalnik, Victor Lavallén","Oscar Herrero, Julio Carrasco, Emilio Balcarce, Norberto Bernasconi (Viola), Andriano Fanelli (Cello) ",,,,,,,,,,
Osvaldo Pugliese,Osvaldo Pugliese y su Orquesta Típica ,8/6/1959,Silencio,Tango,Jorge Maciel,Odeón,Tape,Carlos Gardel; Horacio Pettorossi,Alfredo Pera; Horacio Pettorossi,,51-60 / Mature Sound ,Osvaldo Pugliese / Ernesto Romero,Aniceto Rossi,"Osvaldo Ruggiero, Mario Demarco, Ismael Spitalnik, Victor Lavallén","Oscar Herrero, Julio Carrasco, Emilio Balcarce, Norberto Bernasconi (Viola), Andriano Fanelli (Cello) ",,,,,,,,,,
Osvaldo Pugliese,Osvaldo Pugliese y su Orquesta Típica ,8/7/1959,Dónde Estás,Tango,Jorge Maciel,Odeón,Tape,Manuel Sucher,Carlos Bahr,,51-60 / Mature Sound ,Osvaldo Pugliese / Ernesto Romero,Aniceto Rossi,"Osvaldo Ruggiero, Mario Demarco, Ismael Spitalnik, Victor Lavallén","Oscar Herrero, Julio Carrasco, Emilio Balcarce, Norberto Bernasconi (Viola), Andriano Fanelli (Cello) ",,,,,,,,,,
Osvaldo Pugliese,Osvaldo Pugliese y su Orquesta Típica ,8/7/1959,Por Un Cariño,Tango,Maciel y Guido,Odeón,Tape,J. Demon,Gerardo Alcázar,,51-60 / Mature Sound ,Osvaldo Pugliese / Ernesto Romero,Aniceto Rossi,"Osvaldo Ruggiero, Mario Demarco, Ismael Spitalnik, Victor Lavallén","Oscar Herrero, Julio Carrasco, Emilio Balcarce, Norberto Bernasconi (Viola), Andriano Fanelli (Cello) ",,,,,,,,,,
Osvaldo Pugliese,Osvaldo Pugliese y su Orquesta Típica ,7/15/1960,A Los Amigos,Tango,Instrumental,Odeón,Tape-S,Armando Pontier,,,51-60 / Mature Sound ,Osvaldo Pugliese ,Alcides Rossi,"Osvaldo Ruggiero, Victor Lavallén, Julián Plaza, Arturo Penón","Oscar Herrero, Julio Carrasco, Emilio Balcarce, Norberto Bernasconi (Viola), Andriano Fanelli (Cello) ",,,,,,,,,,
Osvaldo Pugliese,Osvaldo Pugliese y su Orquesta Típica ,7/15/1960,Un Lamento,Tango,Jorge Maciel,Odeón,Tape-S,Graciano Leone,Pedro Córdoba,,51-60 / Mature Sound ,Osvaldo Pugliese ,Alcides Rossi,"Osvaldo Ruggiero, Victor Lavallén, Julián Plaza, Arturo Penón","Oscar Herrero, Julio Carrasco, Emilio Balcarce, Norberto Bernasconi (Viola), Andriano Fanelli (Cello) ",,,,,,,,,,
Osvaldo Pugliese,Osvaldo Pugliese y su Orquesta Típica ,9/20/1960,La Vieja Vale Más,Tango,Jorge Maciel,Stentor,Tape,Juan Lotito,Vicente Demarco,,60-61 / Stentor ,Osvaldo Pugliese ,Alcides Rossi,"Osvaldo Ruggiero, Victor Lavallén, Julián Plaza, Arturo Penón","Oscar Herrero, Julio Carrasco, Emilio Balcarce, Norberto Bernasconi (Viola)",,,,,,,,,,
Osvaldo Pugliese,Osvaldo Pugliese y su Orquesta Típica ,10/10/1960,Vamos Tropilla,Tango,Maciel y Belusi,Stentor,Tape,Emilio Balcarce,Julio Camilloni,,60-61 / Stentor ,Osvaldo Pugliese ,Alcides Rossi,"Osvaldo Ruggiero, Victor Lavallén, Julián Plaza, Arturo Penón","Oscar Herrero, Julio Carrasco, Emilio Balcarce, Norberto Bernasconi (Viola)",,,,,,,,,,
Osvaldo Pugliese,Osvaldo Pugliese y su Orquesta Típica ,10/20/1960,Amigazo,Tango,Alfredo Belusi,Stentor,Tape,Juan Filiberto,Francisco Brancatti; Juan Velich,,60-61 / Stentor ,Osvaldo Pugliese ,Alcides Rossi,"Osvaldo Ruggiero, Victor Lavallén, Julián Plaza, Arturo Penón","Oscar Herrero, Julio Carrasco, Emilio Balcarce, Norberto Bernasconi (Viola)",,,,,,,,,,
Osvaldo Pugliese,Osvaldo Pugliese y su Orquesta Típica ,10/20/1960,Con Voz Rebelde,Tango,Alfredo Belusi,Stentor,Tape,Eduardo Corti,Carlos Zein,,60-61 / Stentor ,Osvaldo Pugliese ,Alcides Rossi,"Osvaldo Ruggiero, Victor Lavallén, Julián Plaza, Arturo Penón","Oscar Herrero, Julio Carrasco, Emilio Balcarce, Norberto Bernasconi (Viola)",,,,,,,,,,
Osvaldo Pugliese,Osvaldo Pugliese y su Orquesta Típica ,10/20/1960,Malambeao,Tango,Instrumental,Stentor,Tape,Osvaldo Ruggiero,,,60-61 / Stentor ,Osvaldo Pugliese ,Alcides Rossi,"Osvaldo Ruggiero, Victor Lavallén, Julián Plaza, Arturo Penón","Oscar Herrero, Julio Carrasco, Emilio Balcarce, Norberto Bernasconi (Viola)",,,,,,,,,,
Osvaldo Pugliese,Osvaldo Pugliese y su Orquesta Típica ,11/10/1960,Arrabal,Tango,Instrumental,Stentor,Tape,José Pascual,,,60-61 / Stentor ,Osvaldo Pugliese ,Alcides Rossi,"Osvaldo Ruggiero, Victor Lavallén, Julián Plaza, Arturo Penón","Oscar Herrero, Julio Carrasco, Emilio Balcarce, Norberto Bernasconi (Viola)",,,,,,,,,,
Osvaldo Pugliese,Osvaldo Pugliese y su Orquesta Típica ,11/18/1960,Melenita De Oro,Tango,Jorge Maciel,Stentor,Tape,Carlos Flores,Samuel Linnig,,60-61 / Stentor ,Osvaldo Pugliese ,Alcides Rossi,"Osvaldo Ruggiero, Victor Lavallén, Julián Plaza, Arturo Penón","Oscar Herrero, Julio Carrasco, Emilio Balcarce, Norberto Bernasconi (Viola)",,,,,,,,,,
Osvaldo Pugliese,Osvaldo Pugliese y su Orquesta Típica ,11/28/1960,Baldosa Floja,Milonga,Maciel y Belusi,Stentor,Tape,Florindo Sassone; Julio Boccazzi,Dante Gilardoni,,60-61 / Stentor ,Osvaldo Pugliese ,Alcides Rossi,"Osvaldo Ruggiero, Victor Lavallén, Julián Plaza, Arturo Penón","Oscar Herrero, Julio Carrasco, Emilio Balcarce, Norberto Bernasconi (Viola)",,,,,,,,,,
Osvaldo Pugliese,Osvaldo Pugliese y su Orquesta Típica ,11/29/1960,Nonino,Tango,Instrumental,Stentor,Tape,Astor Piazzolla,,,60-61 / Stentor ,Osvaldo Pugliese ,Alcides Rossi,"Osvaldo Ruggiero, Victor Lavallén, Julián Plaza, Arturo Penón","Oscar Herrero, Julio Carrasco, Emilio Balcarce, Norberto Bernasconi (Viola)",,,,,,,,,,
Osvaldo Pugliese,Osvaldo Pugliese y su Orquesta Típica ,11/30/1960,No Tengo La Culpa,Tango,Alfredo Belusi,Stentor,Tape,Carlos Olmedo,Arturo Torre,,60-61 / Stentor ,Osvaldo Pugliese ,Alcides Rossi,"Osvaldo Ruggiero, Victor Lavallén, Julián Plaza, Arturo Penón","Oscar Herrero, Julio Carrasco, Emilio Balcarce, Norberto Bernasconi (Viola)",,,,,,,,,,
Osvaldo Pugliese,Osvaldo Pugliese y su Orquesta Típica ,12/2/1960,Muchachita Del Amanecer,Tango,Jorge Maciel,Stentor,Tape,Osvaldo Pugliese,,,60-61 / Stentor ,Osvaldo Pugliese ,Alcides Rossi,"Osvaldo Ruggiero, Victor Lavallén, Julián Plaza, Arturo Penón","Oscar Herrero, Julio Carrasco, Emilio Balcarce, Norberto Bernasconi (Viola)",,,,,,,,,,
Osvaldo Pugliese,Osvaldo Pugliese y su Orquesta Típica ,12/12/1960,Sueño Malevo,Tango,Alfredo Belusi,Stentor,Tape,Leo Lipesker,Abel Aznar,,60-61 / Stentor ,Osvaldo Pugliese ,Alcides Rossi,"Osvaldo Ruggiero, Victor Lavallén, Julián Plaza, Arturo Penón","Oscar Herrero, Julio Carrasco, Emilio Balcarce, Norberto Bernasconi (Viola)",,,,,,,,,,
Osvaldo Pugliese,Osvaldo Pugliese y su Orquesta Típica ,1961-04,Milonga Para Fidel,Milonga,,Stentor,Tape,Osvaldo Pugliese,Domingo Arce,,60-61 / Stentor ,Osvaldo Pugliese ,Alcides Rossi,"Osvaldo Ruggiero, Victor Lavallén, Julián Plaza, Arturo Penón","Oscar Herrero, Julio Carrasco, Emilio Balcarce, Norberto Bernasconi (Viola)",,,,,,,,,,
Osvaldo Pugliese,Osvaldo Pugliese y su Orquesta Típica ,1961-06,Malambeao,Tango,Instrumental,Philips,Tape,Osvaldo Ruggiero,,,61-68 / Phillips ,Osvaldo Pugliese ,Alcides Rossi,"Osvaldo Ruggiero, Victor Lavallén, Julián Plaza, Arturo Penón","Oscar Herrero, Julio Carrasco, Emilio Balcarce, Norberto Bernasconi (Viola)",,,,,,,,,,
Osvaldo Pugliese,Osvaldo Pugliese y su Orquesta Típica ,1961-06,Corrientes Bajo Cero,Tango,Alfredo Belusi,Philips,Tape,Roberto Chanel,Aldo Queirolo,,61-68 / Phillips ,Osvaldo Pugliese ,Alcides Rossi,"Osvaldo Ruggiero, Victor Lavallén, Julián Plaza, Arturo Penón","Oscar Herrero, Julio Carrasco, Emilio Balcarce, Norberto Bernasconi (Viola)",,,,,,,,,,
Osvaldo Pugliese,Osvaldo Pugliese y su Orquesta Típica ,1961-07,Nonino,Tango,Instrumental,Philips,Tape,Astor Piazzolla,,,61-68 / Phillips ,Osvaldo Pugliese ,Alcides Rossi,"Osvaldo Ruggiero, Victor Lavallén, Julián Plaza, Arturo Penón","Oscar Herrero, Julio Carrasco, Emilio Balcarce, Norberto Bernasconi (Viola)",,,,,,,,,,
Osvaldo Pugliese,Osvaldo Pugliese y su Orquesta Típica ,1961-07,Milonga Del Soldado,Milonga,Maciel y Belusi,Philips,Tape,Horacio Guarany,,,61-68 / Phillips ,Osvaldo Pugliese ,Alcides Rossi,"Osvaldo Ruggiero, Victor Lavallén, Julián Plaza, Arturo Penón","Oscar Herrero, Julio Carrasco, Emilio Balcarce, Norberto Bernasconi (Viola)",,,,,,,,,,
Osvaldo Pugliese,Osvaldo Pugliese y su Orquesta Típica ,1961-08,Don Agustín Bardi,Tango,Instrumental,Philips,Tape,Horacio Salgán,,,61-68 / Phillips ,Osvaldo Pugliese ,Alcides Rossi,"Osvaldo Ruggiero, Victor Lavallén, Julián Plaza, Arturo Penón","Oscar Herrero, Julio Carrasco, Emilio Balcarce, Norberto Bernasconi (Viola)",,,,,,,,,,
Osvaldo Pugliese,Osvaldo Pugliese y su Orquesta Típica ,1961-08,La Vi Llegar,Tango,Jorge Maciel,Philips,Tape,Enrique Francini,Julián Centeya,,61-68 / Phillips ,Osvaldo Pugliese ,Alcides Rossi,"Osvaldo Ruggiero, Victor Lavallén, Julián Plaza, Arturo Penón","Oscar Herrero, Julio Carrasco, Emilio Balcarce, Norberto Bernasconi (Viola)",,,,,,,,,,
Osvaldo Pugliese,Osvaldo Pugliese y su Orquesta Típica ,1961-09,Bronca,Tango,Alfredo Belusi,Philips,Tape,Edmundo Rivero,Mario Battistella,,61-68 / Phillips ,Osvaldo Pugliese ,Alcides Rossi,"Osvaldo Ruggiero, Victor Lavallén, Julián Plaza, Arturo Penón","Oscar Herrero, Julio Carrasco, Emilio Balcarce, Norberto Bernasconi (Viola)",,,,,,,,,,
Osvaldo Pugliese,Osvaldo Pugliese y su Orquesta Típica ,1961-09,Coplas,Tango,Maciel y Belusi,Philips,Tape,Aníbal Troilo,Alberto Martínez,,61-68 / Phillips ,Osvaldo Pugliese ,Alcides Rossi,"Osvaldo Ruggiero, Victor Lavallén, Julián Plaza, Arturo Penón","Oscar Herrero, Julio Carrasco, Emilio Balcarce, Norberto Bernasconi (Viola)",,,,,,,,,,
Osvaldo Pugliese,Osvaldo Pugliese y su Orquesta Típica ,1961-10,Pregonera,Tango,Maciel y Belusi,Philips,Tape,Alfredo Angelis,José Rótulo,,61-68 / Phillips ,Osvaldo Pugliese ,Alcides Rossi,"Osvaldo Ruggiero, Victor Lavallén, Julián Plaza, Arturo Penón","Oscar Herrero, Julio Carrasco, Emilio Balcarce, Norberto Bernasconi (Viola)",,,,,,,,,,
Osvaldo Pugliese,Osvaldo Pugliese y su Orquesta Típica ,1961-10,Senda Del Amor,Tango,Jorge Maciel,Philips,Tape,Javier Mazzea,Ernesto Laúr,,61-68 / Phillips ,Osvaldo Pugliese ,Alcides Rossi,"Osvaldo Ruggiero, Victor Lavallén, Julián Plaza, Arturo Penón","Oscar Herrero, Julio Carrasco, Emilio Balcarce, Norberto Bernasconi (Viola)",,,,,,,,,,
Osvaldo Pugliese,Osvaldo Pugliese y su Orquesta Típica ,1961-11,Un Tropezón,Tango,Alfredo Belusi,Philips,Tape,Raúl Hoyos,Luis Herrera,,61-68 / Phillips ,Osvaldo Pugliese ,Alcides Rossi,"Osvaldo Ruggiero, Victor Lavallén, Julián Plaza, Arturo Penón","Oscar Herrero, Julio Carrasco, Emilio Balcarce, Norberto Bernasconi (Viola)",,,,,,,,,,
Osvaldo Pugliese,Osvaldo Pugliese y su Orquesta Típica ,1961-11,Dos Amores,Tango,Jorge Maciel,Philips,Tape,Antonio Sureda,Gerónimo Sureda,,61-68 / Phillips ,Osvaldo Pugliese ,Alcides Rossi,"Osvaldo Ruggiero, Victor Lavallén, Julián Plaza, Arturo Penón","Oscar Herrero, Julio Carrasco, Emilio Balcarce, Norberto Bernasconi (Viola)",,,,,,,,,,
Osvaldo Pugliese,Osvaldo Pugliese y su Orquesta Típica ,1961-12,Candombe Blanco,Milonga,Maciel y Belusi,Philips,Tape,Emilio Balcarce,Julio Camilloni,,61-68 / Phillips ,Osvaldo Pugliese ,Alcides Rossi,"Osvaldo Ruggiero, Victor Lavallén, Julián Plaza, Arturo Penón","Oscar Herrero, Julio Carrasco, Emilio Balcarce, Norberto Bernasconi (Viola)",,,,,,,,,,-
Osvaldo Pugliese,Osvaldo Pugliese y su Orquesta Típica ,1961-12,Festejando,Tango,Instrumental,Philips,Tape,Héctor Stamponi,,,61-68 / Phillips ,Osvaldo Pugliese ,Alcides Rossi,"Osvaldo Ruggiero, Victor Lavallén, Julián Plaza, Arturo Penón","Oscar Herrero, Julio Carrasco, Emilio Balcarce, Norberto Bernasconi (Viola)",,,,,,,,,,
Osvaldo Pugliese,Osvaldo Pugliese y su Orquesta Típica ,1962-04,No Me Pregunten Por Qué,Tango,Alfredo Belusi,Philips,Tape,Carlos Sarli,Reynaldo Pignataro,,61-68 / Phillips ,Osvaldo Pugliese ,Alcides Rossi,"Osvaldo Ruggiero, Victor Lavallén, Julián Plaza, Arturo Penón","Oscar Herrero, Julio Carrasco, Emilio Balcarce, Norberto Bernasconi (Viola)",,,,,,,,,,
Osvaldo Pugliese,Osvaldo Pugliese y su Orquesta Típica ,1962-04,Cabulero,Tango,Instrumental,Philips,Tape,Leopoldo Federico; Manuel Flores,,,61-68 / Phillips ,Osvaldo Pugliese ,Alcides Rossi,"Osvaldo Ruggiero, Victor Lavallén, Julián Plaza, Arturo Penón","Oscar Herrero, Julio Carrasco, Emilio Balcarce, Norberto Bernasconi (Viola)",,,,,,,,,,
Osvaldo Pugliese,Osvaldo Pugliese y su Orquesta Típica ,1962-05,Llevame Carretero,Tango,Jorge Maciel,Philips,Tape,Manuel Parada,José Cicarelli,,61-68 / Phillips ,Osvaldo Pugliese ,Alcides Rossi,"Osvaldo Ruggiero, Victor Lavallén, Julián Plaza, Arturo Penón","Oscar Herrero, Julio Carrasco, Emilio Balcarce, Norberto Bernasconi (Viola)",,,,,,,,,,
Osvaldo Pugliese,Osvaldo Pugliese y su Orquesta Típica ,1962-05,El Vino Triste,Tango,Alfredo Belusi,Philips,Tape,Juan D'Arienzo,Manuel Romero,,61-68 / Phillips ,Osvaldo Pugliese ,Alcides Rossi,"Osvaldo Ruggiero, Victor Lavallén, Julián Plaza, Arturo Penón","Oscar Herrero, Julio Carrasco, Emilio Balcarce, Norberto Bernasconi (Viola)",,,,,,,,,,
Osvaldo Pugliese,Osvaldo Pugliese y su Orquesta Típica ,1962-06,Cardo Y Malvón,Tango,Instrumental,Philips,Tape,Osvaldo Pugliese,,,61-68 / Phillips ,Osvaldo Pugliese ,Alcides Rossi,"Osvaldo Ruggiero, Victor Lavallén, Julián Plaza, Arturo Penón","Oscar Herrero, Julio Carrasco, Emilio Balcarce, Norberto Bernasconi (Viola)",,,,,,,,,,
Osvaldo Pugliese,Osvaldo Pugliese y su Orquesta Típica ,1962-06,El Pescante,Tango,Alfredo Belusi,Philips,Tape,Sebastián Piana,Homero Manzi,,61-68 / Phillips ,Osvaldo Pugliese ,Alcides Rossi,"Osvaldo Ruggiero, Victor Lavallén, Julián Plaza, Arturo Penón","Oscar Herrero, Julio Carrasco, Emilio Balcarce, Norberto Bernasconi (Viola)",,,,,,,,,,
Osvaldo Pugliese,Osvaldo Pugliese y su Orquesta Típica ,1962-07,Nostálgico,Tango,Instrumental,Philips,Tape,Julián Plaza,,,61-68 / Phillips ,Osvaldo Pugliese ,Alcides Rossi,"Osvaldo Ruggiero, Victor Lavallén, Julián Plaza, Arturo Penón","Oscar Herrero, Julio Carrasco, Emilio Balcarce, Norberto Bernasconi (Viola)",,,,,,,,,,
Osvaldo Pugliese,Osvaldo Pugliese y su Orquesta Típica ,1962-07,Por Qué La Quise Tanto,Tango,Jorge Maciel,Philips,Tape,Mariano Martínez,Rodolfo Taboada,,61-68 / Phillips ,Osvaldo Pugliese ,Alcides Rossi,"Osvaldo Ruggiero, Victor Lavallén, Julián Plaza, Arturo Penón","Oscar Herrero, Julio Carrasco, Emilio Balcarce, Norberto Bernasconi (Viola)",,,,,,,,,,
Osvaldo Pugliese,Osvaldo Pugliese y su Orquesta Típica ,1962-08,Desencuentro,Tango,Alfredo Belusi,Philips,Tape,Aníbal Troilo,Cátulo Castillo,,61-68 / Phillips ,Osvaldo Pugliese ,Alcides Rossi,"Osvaldo Ruggiero, Victor Lavallén, Julián Plaza, Arturo Penón","Oscar Herrero, Julio Carrasco, Emilio Balcarce, Norberto Bernasconi (Viola)",,,,,,,,,,
Osvaldo Pugliese,Osvaldo Pugliese y su Orquesta Típica ,1962-08,Bordoneo Y 900,Milonga,Instrumental,Philips,Tape,Osvaldo Ruggiero,,,61-68 / Phillips ,Osvaldo Pugliese ,Alcides Rossi,"Osvaldo Ruggiero, Victor Lavallén, Julián Plaza, Arturo Penón","Oscar Herrero, Julio Carrasco, Emilio Balcarce, Norberto Bernasconi (Viola)",,,,,,,,,,
Osvaldo Pugliese,Osvaldo Pugliese y su Orquesta Típica ,1962-09,De Mi Ciudad,Tango,Jorge Maciel,Philips,Tape,Emilio Balcarce,Andrés Lizárraga,,61-68 / Phillips ,Osvaldo Pugliese ,Alcides Rossi,"Osvaldo Ruggiero, Victor Lavallén, Julián Plaza, Arturo Penón","Oscar Herrero, Julio Carrasco, Emilio Balcarce, Norberto Bernasconi (Viola)",,,,,,,,,,-
Osvaldo Pugliese,Osvaldo Pugliese y su Orquesta Típica ,1962-12,Inspiración,Tango,Instrumental,Philips,Tape-S,Peregrino Paulos,Luis Rubistein,,61-68 / Phillips ,Osvaldo Pugliese ,Alcides Rossi,"Osvaldo Ruggiero, Victor Lavallén, Julián Plaza, Arturo Penón","Oscar Herrero, Julio Carrasco, Emilio Balcarce, Norberto Bernasconi (Viola), Enrique Lannoo (Cello) ",,,,,,,,,,
Osvaldo Pugliese,Osvaldo Pugliese y su Orquesta Típica ,1963-04,El Adiós,Tango,Jorge Maciel,Philips,Tape-S,María Huergo,Virgilio Clemente,,61-68 / Phillips ,Osvaldo Pugliese ,Alcides Rossi,"Osvaldo Ruggiero, Victor Lavallén, Julián Plaza, Arturo Penón","Oscar Herrero, Julio Carrasco, Emilio Balcarce, Norberto Bernasconi (Viola), Enrique Lannoo (Cello) ",,,,,,,,,,
Osvaldo Pugliese,Osvaldo Pugliese y su Orquesta Típica ,1963-05,Charamusca,Tango,Instrumental,Philips,Tape-S,Francisco Canaro,,,61-68 / Phillips ,Osvaldo Pugliese ,Alcides Rossi,"Osvaldo Ruggiero, Victor Lavallén, Julián Plaza, Arturo Penón","Oscar Herrero, Julio Carrasco, Emilio Balcarce, Norberto Bernasconi (Viola), Enrique Lannoo (Cello) ",,,,,,,,,,
Osvaldo Pugliese,Osvaldo Pugliese y su Orquesta Típica ,1963-05,Enamorado Estoy,Tango,Abel Córdoba,Philips,Tape-S,José Márquez,Oscar Fresedo,,61-68 / Phillips ,Osvaldo Pugliese ,Alcides Rossi,"Osvaldo Ruggiero, Victor Lavallén, Julián Plaza, Arturo Penón","Oscar Herrero, Julio Carrasco, Emilio Balcarce, Norberto Bernasconi (Viola), Enrique Lannoo (Cello) ",,,,,,,,,,
Osvaldo Pugliese,Osvaldo Pugliese y su Orquesta Típica ,1963-11,Decime Dios Dónde Estás,Tango,Jorge Maciel,Philips,Tape-S,Manuel Sucher,Tita Merello,,61-68 / Phillips ,Osvaldo Pugliese ,Alcides Rossi,"Osvaldo Ruggiero, Victor Lavallén, Julián Plaza, Arturo Penón","Oscar Herrero, Julio Carrasco, Emilio Balcarce, Norberto Bernasconi (Viola), Enrique Lannoo (Cello) ",,,,,,,,,,
Osvaldo Pugliese,Osvaldo Pugliese y su Orquesta Típica ,1963-11,La Cabrera,Tango,Instrumental,Philips,Tape-S,Eduardo Arolas,,,61-68 / Phillips ,Osvaldo Pugliese ,Alcides Rossi,"Osvaldo Ruggiero, Victor Lavallén, Julián Plaza, Arturo Penón","Oscar Herrero, Julio Carrasco, Emilio Balcarce, Norberto Bernasconi (Viola), Enrique Lannoo (Cello) ",,,,,,,,,,
Osvaldo Pugliese,Osvaldo Pugliese y su Orquesta Típica ,1964-04,El Amanecer,Tango,Instrumental,Philips,Tape-S,Roberto Firpo,,,61-68 / Phillips ,Osvaldo Pugliese ,Alcides Rossi,"Osvaldo Ruggiero, Victor Lavallén, Julián Plaza, Arturo Penón","Oscar Herrero, Julio Carrasco, Emilio Balcarce, Norberto Bernasconi (Viola), Enrique Lannoo (Cello) ",,,,,,,,,,
Osvaldo Pugliese,Osvaldo Pugliese y su Orquesta Típica ,1964-04,La Solita,Milonga,Jorge Maciel,Philips,Tape-S,Víctor Buchino; Edmundo Rivero,Enrique Cantore,,61-68 / Phillips ,Osvaldo Pugliese ,Alcides Rossi,"Osvaldo Ruggiero, Victor Lavallén, Julián Plaza, Arturo Penón","Oscar Herrero, Julio Carrasco, Emilio Balcarce, Norberto Bernasconi (Viola), Enrique Lannoo (Cello) ",,,,,,,,,,
Osvaldo Pugliese,Osvaldo Pugliese y su Orquesta Típica ,1964-05,La Payanca,Tango,Instrumental,Philips,Tape-S,Augusto Berto,Jesús Blanco; Francisco Bianco,,61-68 / Phillips ,Osvaldo Pugliese ,Alcides Rossi,"Osvaldo Ruggiero, Victor Lavallén, Julián Plaza, Arturo Penón","Oscar Herrero, Julio Carrasco, Emilio Balcarce, Norberto Bernasconi (Viola), Enrique Lannoo (Cello) ",,,,,,,,,,
Osvaldo Pugliese,Osvaldo Pugliese y su Orquesta Típica ,1964-05,Cómo Aprender A Quererte,Tango,Abel Córdoba,Philips,Tape-S,Carlos Lucero,Javier Mazzea,,61-68 / Phillips ,Osvaldo Pugliese ,Alcides Rossi,"Osvaldo Ruggiero, Victor Lavallén, Julián Plaza, Arturo Penón","Oscar Herrero, Julio Carrasco, Emilio Balcarce, Norberto Bernasconi (Viola), Enrique Lannoo (Cello) ",,,,,,,,,,-
Osvaldo Pugliese,Osvaldo Pugliese y su Orquesta Típica ,1964-06,Norteño,Tango,Instrumental,Philips,Tape-S,Emilio Balcarce,,,61-68 / Phillips ,Osvaldo Pugliese ,Alcides Rossi,"Osvaldo Ruggiero, Victor Lavallén, Julián Plaza, Arturo Penón","Oscar Herrero, Julio Carrasco, Emilio Balcarce, Norberto Bernasconi (Viola), Enrique Lannoo (Cello) ",,,,,,,,,,
Osvaldo Pugliese,Osvaldo Pugliese y su Orquesta Típica ,1964-06,Será Una Noche,Tango,Jorge Maciel,Philips,Tape-S,José Tinelli,Manuel Campos,,61-68 / Phillips ,Osvaldo Pugliese ,Alcides Rossi,"Osvaldo Ruggiero, Victor Lavallén, Julián Plaza, Arturo Penón","Oscar Herrero, Julio Carrasco, Emilio Balcarce, Norberto Bernasconi (Viola), Enrique Lannoo (Cello) ",,,,,,,,,,
Osvaldo Pugliese,Osvaldo Pugliese y su Orquesta Típica ,1964-08,Pa' La Guardia,Tango,Instrumental,Philips,Tape-S,Ernesto Baffa,Antonio Scelza,,61-68 / Phillips ,Osvaldo Pugliese ,Alcides Rossi,"Osvaldo Ruggiero, Victor Lavallén, Julián Plaza, Arturo Penón","Oscar Herrero, Julio Carrasco, Emilio Balcarce, Norberto Bernasconi (Viola), Enrique Lannoo (Cello) ",,,,,,,,,,
Osvaldo Pugliese,Osvaldo Pugliese y su Orquesta Típica ,1964-09,Qué Falta Que Me Hacés,Tango,Jorge Maciel,Philips,Tape-S,Armando Pontier; Miguel Caló; Federico Silva,Armando Pontier; Miguel Caló; Federico Silva,,61-68 / Phillips ,Osvaldo Pugliese ,Alcides Rossi,"Osvaldo Ruggiero, Victor Lavallén, Julián Plaza, Arturo Penón","Oscar Herrero, Julio Carrasco, Emilio Balcarce, Norberto Bernasconi (Viola), Enrique Lannoo (Cello) ",,,,,,,,,,
Osvaldo Pugliese,Osvaldo Pugliese y su Orquesta Típica ,1964-11,Morena,Milonga,Instrumental,Philips,Tape-S,Julián Plaza,,,61-68 / Phillips ,Osvaldo Pugliese ,Alcides Rossi,"Osvaldo Ruggiero, Victor Lavallén, Julián Plaza, Arturo Penón","Oscar Herrero, Julio Carrasco, Emilio Balcarce, Norberto Bernasconi (Viola), Enrique Lannoo (Cello) ",,,,,,,,,,
Osvaldo Pugliese,Osvaldo Pugliese y su Orquesta Típica ,1964-11,Abrazo Fraternal,Tango,Maciel y Córdoba,Philips,Tape-S,Arturo Penón,Vicente Demarco,,61-68 / Phillips ,Osvaldo Pugliese ,Alcides Rossi,"Osvaldo Ruggiero, Victor Lavallén, Julián Plaza, Arturo Penón","Oscar Herrero, Julio Carrasco, Emilio Balcarce, Norberto Bernasconi (Viola), Enrique Lannoo (Cello) ",,,,,,,,,,
Osvaldo Pugliese,Osvaldo Pugliese y su Orquesta Típica ,1964-12,El Relámpago,Tango,Instrumental,Philips,Tape-S,Florindo Sassone,,,61-68 / Phillips ,Osvaldo Pugliese ,Alcides Rossi,"Osvaldo Ruggiero, Victor Lavallén, Julián Plaza, Arturo Penón","Oscar Herrero, Julio Carrasco, Emilio Balcarce, Norberto Bernasconi (Viola), Enrique Lannoo (Cello) ",,,,,,,,,,
Osvaldo Pugliese,Osvaldo Pugliese y su Orquesta Típica ,1964-12,Nido Gaucho,Tango,Maciel y Córdoba,Philips,Tape-S,Carlos Sarli,Héctor Marcolongo,,61-68 / Phillips ,Osvaldo Pugliese ,Alcides Rossi,"Osvaldo Ruggiero, Victor Lavallén, Julián Plaza, Arturo Penón","Oscar Herrero, Julio Carrasco, Emilio Balcarce, Norberto Bernasconi (Viola), Enrique Lannoo (Cello) ",,,,,,,,,,
Osvaldo Pugliese,Osvaldo Pugliese y su Orquesta Típica ,1964-12,A Los Artistas Plásticos,Tango,Instrumental,Philips,Tape-S,Osvaldo Pugliese,,,61-68 / Phillips ,Osvaldo Pugliese ,Alcides Rossi,"Osvaldo Ruggiero, Victor Lavallén, Julián Plaza, Arturo Penón","Oscar Herrero, Julio Carrasco, Emilio Balcarce, Norberto Bernasconi (Viola), Enrique Lannoo (Cello) ",,,,,,,,,,
Osvaldo Pugliese,Osvaldo Pugliese y su Orquesta Típica ,1965-04,Buenos Aires-Tokio,Tango,Instrumental,Philips,Tape-S,Julián Plaza,,,61-68 / Phillips ,Osvaldo Pugliese ,Alcides Rossi,"Osvaldo Ruggiero, Victor Lavallén, Julián Plaza, Arturo Penón","Oscar Herrero, Julio Carrasco, Emilio Balcarce, Norberto Bernasconi (Viola), Enrique Lannoo (Cello) ",,,,,,,,,,
Osvaldo Pugliese,Osvaldo Pugliese y su Orquesta Típica ,1965-04,La Casita De Mis Viejos,Tango,Jorge Maciel,Philips,Tape-S,Juan Cobián,Enrique Cadícamo,,61-68 / Phillips ,Osvaldo Pugliese ,Alcides Rossi,"Osvaldo Ruggiero, Victor Lavallén, Julián Plaza, Arturo Penón","Oscar Herrero, Julio Carrasco, Emilio Balcarce, Norberto Bernasconi (Viola), Enrique Lannoo (Cello) ",,,,,,,,,,
Osvaldo Pugliese,Osvaldo Pugliese y su Orquesta Típica ,1965-08,Canción De Rango,Tango,Abel Córdoba,Philips,Tape-S,Raúl Kaplún,José Suñé,,61-68 / Phillips ,Osvaldo Pugliese ,Alcides Rossi,"Osvaldo Ruggiero, Victor Lavallén, Julián Plaza, Arturo Penón","Oscar Herrero, Julio Carrasco, Emilio Balcarce, Norberto Bernasconi (Viola), Enrique Lannoo (Cello) ",,,,,,,,,,
Osvaldo Pugliese,Osvaldo Pugliese y su Orquesta Típica ,1965-08,Lorenzo,Tango,Instrumental,Philips,Tape-S,Agustín Bardi,Mario Pardo,,61-68 / Phillips ,Osvaldo Pugliese ,Alcides Rossi,"Osvaldo Ruggiero, Victor Lavallén, Julián Plaza, Arturo Penón","Oscar Herrero, Julio Carrasco, Emilio Balcarce, Norberto Bernasconi (Viola), Enrique Lannoo (Cello) ",,,,,Candombe blanco,Milonga Candombe,Orquesta Osvaldo Pugliese con Jorge Maciel,1965,Emilio Balcarce,Julio Camilloni
Osvaldo Pugliese,Osvaldo Pugliese y su Orquesta Típica ,1965-09,Yo Soy Del Treinta,Tango,Abel Córdoba,Philips,Tape-S,Aníbal Troilo,Héctor Mendez,,61-68 / Phillips ,Osvaldo Pugliese ,Alcides Rossi,"Osvaldo Ruggiero, Victor Lavallén, Julián Plaza, Arturo Penón","Oscar Herrero, Julio Carrasco, Emilio Balcarce, Norberto Bernasconi (Viola), Enrique Lannoo (Cello) ",,,,,Cobrate y dame el vuelto,Milonga,Orquesta Osvaldo Pugliese con Abel Córdoba,1965,Miguel Caló,Enrique Dizeo
Osvaldo Pugliese,Osvaldo Pugliese y su Orquesta Típica ,1965-09,Whisky,Tango,Abel Córdoba,Philips,Tape-S,Héctor Marcó,Héctor Marcó,,61-68 / Phillips ,Osvaldo Pugliese ,Alcides Rossi,"Osvaldo Ruggiero, Victor Lavallén, Julián Plaza, Arturo Penón","Oscar Herrero, Julio Carrasco, Emilio Balcarce, Norberto Bernasconi (Viola), Enrique Lannoo (Cello) ",,,,,El pañuelito,Tango,Orquesta Osvaldo Pugliese con Jorge Maciel,1965,Juan de Dios Filiberto,Gabino Coria Peñaloza
Osvaldo Pugliese,Osvaldo Pugliese y su Orquesta Típica ,1965-10,Canaro En París,Tango,Instrumental,Philips,Tape-S,Alejandro Scarpino; Juan Caldarella,José Scarpino,,61-68 / Phillips ,Osvaldo Pugliese ,Alcides Rossi,"Osvaldo Ruggiero, Victor Lavallén, Julián Plaza, Arturo Penón","Oscar Herrero, Julio Carrasco, Emilio Balcarce, Norberto Bernasconi (Viola), Enrique Lannoo (Cello) ",,,,,,,,,,
Osvaldo Pugliese,Osvaldo Pugliese y su Orquesta Típica ,1965-10,Frase,Tango,Jorge Maciel,Philips,Tape-S,Víctor Lavallén,Félix Arena,,61-68 / Phillips ,Osvaldo Pugliese ,Alcides Rossi,"Osvaldo Ruggiero, Victor Lavallén, Julián Plaza, Arturo Penón","Oscar Herrero, Julio Carrasco, Emilio Balcarce, Norberto Bernasconi (Viola), Enrique Lannoo (Cello) ",,,,,,,,,,
Osvaldo Pugliese,Osvaldo Pugliese y su Orquesta Típica ,1965-10,Orlando Goñi,Tango,Instrumental,Philips,Tape-S,Alfredo Gobbi,,,61-68 / Phillips ,Osvaldo Pugliese ,Alcides Rossi,"Osvaldo Ruggiero, Victor Lavallén, Julián Plaza, Arturo Penón","Oscar Herrero, Julio Carrasco, Emilio Balcarce, Norberto Bernasconi (Viola), Enrique Lannoo (Cello) ",,,,,La cumparsita,Tango,Orquesta Osvaldo Pugliese con Abel Córdoba,1965,Gerardo Hernán Matos Rodríguez,Gerardo Hernán Matos Rodríguez
Osvaldo Pugliese,Osvaldo Pugliese y su Orquesta Típica ,1965-11,Carmen,Milonga,Maciel y Córdoba,Philips,Tape-S,Fulvio Salamanca,Fulvio Salamanca,,61-68 / Phillips ,Osvaldo Pugliese ,Alcides Rossi,"Osvaldo Ruggiero, Victor Lavallén, Julián Plaza, Arturo Penón","Oscar Herrero, Julio Carrasco, Emilio Balcarce, Norberto Bernasconi (Viola), Enrique Lannoo (Cello) ",,,,,,,,,,
Osvaldo Pugliese,Osvaldo Pugliese y su Orquesta Típica ,1966-04,La Mariposa,Tango,Instrumental,Philips,Tape-S,Pedro Maffia,Celedonio Flores,,61-68 / Phillips ,Osvaldo Pugliese ,Alcides Rossi,"Osvaldo Ruggiero, Victor Lavallén, Julián Plaza, Arturo Penón","Oscar Herrero, Julio Carrasco, Emilio Balcarce, Norberto Bernasconi (Viola), Enrique Lannoo (Cello) ",,,,,,,,,,
Osvaldo Pugliese,Osvaldo Pugliese y su Orquesta Típica ,1966-04,Navidad,Vals,Jorge Maciel,Philips,Tape-S,Osvaldo Pugliese,Fioravanti Jiménez,,61-68 / Phillips ,Osvaldo Pugliese ,Alcides Rossi,"Osvaldo Ruggiero, Victor Lavallén, Julián Plaza, Arturo Penón","Oscar Herrero, Julio Carrasco, Emilio Balcarce, Norberto Bernasconi (Viola), Enrique Lannoo (Cello) ",,,,,Yira... Yira...,Tango,Orquesta Osvaldo Pugliese con Abel Córdoba,1965,Enrique Santos Discépolo,Enrique Santos Discépolo
Osvaldo Pugliese,Osvaldo Pugliese y su Orquesta Típica ,1966-05,Verano Porteño,Tango,Instrumental,Philips,Tape-S,Astor Piazzolla,,,61-68 / Phillips ,Osvaldo Pugliese ,Alcides Rossi,"Osvaldo Ruggiero, Victor Lavallén, Julián Plaza, Arturo Penón","Oscar Herrero, Julio Carrasco, Emilio Balcarce, Norberto Bernasconi (Viola), Enrique Lannoo (Cello) ",,,,,,,,,,
Osvaldo Pugliese,Osvaldo Pugliese y su Orquesta Típica ,1966-05,Jamás Lo Vas A Saber,Tango,Jorge Maciel,Philips,Tape-S,Manuel Sucher,Abel Aznar,,61-68 / Phillips ,Osvaldo Pugliese ,Alcides Rossi,"Osvaldo Ruggiero, Victor Lavallén, Julián Plaza, Arturo Penón","Oscar Herrero, Julio Carrasco, Emilio Balcarce, Norberto Bernasconi (Viola), Enrique Lannoo (Cello) ",,,,,,,,,,
Osvaldo Pugliese,Osvaldo Pugliese y su Orquesta Típica ,1966-06,Con Voz Rebelde,Tango,Abel Córdoba,Philips,Tape-S,Eduardo Corti,Carlos Zein,,61-68 / Phillips ,Osvaldo Pugliese ,Alcides Rossi,"Osvaldo Ruggiero, Victor Lavallén, Julián Plaza, Arturo Penón","Oscar Herrero, Julio Carrasco, Emilio Balcarce, Norberto Bernasconi (Viola), Enrique Lannoo (Cello) ",,,,,,,,,,
Osvaldo Pugliese,Osvaldo Pugliese y su Orquesta Típica ,1966-06,Qué Solo Estoy,Tango,Jorge Maciel,Philips,Tape-S,Raúl Kaplún,Roberto Miró,,61-68 / Phillips ,Osvaldo Pugliese ,Alcides Rossi,"Osvaldo Ruggiero, Victor Lavallén, Julián Plaza, Arturo Penón","Oscar Herrero, Julio Carrasco, Emilio Balcarce, Norberto Bernasconi (Viola), Enrique Lannoo (Cello) ",,,,,,,,,,
Osvaldo Pugliese,Osvaldo Pugliese y su Orquesta Típica ,1966-08,El Motivo,Tango,Instrumental,Philips,Tape-S,Juan Cobián,Pascual Contursi,,61-68 / Phillips ,Osvaldo Pugliese ,Alcides Rossi,"Osvaldo Ruggiero, Victor Lavallén, Julián Plaza, Arturo Penón","Oscar Herrero, Julio Carrasco, Emilio Balcarce, Norberto Bernasconi (Viola), Enrique Lannoo (Cello) ",,,,,,,,,,-
Osvaldo Pugliese,Osvaldo Pugliese y su Orquesta Típica ,1966-08,Se Tiran Conmigo,Tango,Abel Córdoba,Philips,Tape-S,José Díaz; Luis Díaz,Luis Díaz,,61-68 / Phillips ,Osvaldo Pugliese ,Alcides Rossi,"Osvaldo Ruggiero, Victor Lavallén, Julián Plaza, Arturo Penón","Oscar Herrero, Julio Carrasco, Emilio Balcarce, Norberto Bernasconi (Viola), Enrique Lannoo (Cello) ",,,,,,,,,,
Osvaldo Pugliese,Osvaldo Pugliese y su Orquesta Típica ,1966-09,Mi Lejana Buenos Aires,Tango,Instrumental,Philips,Tape-S,Emilio Balcarce,,,61-68 / Phillips ,Osvaldo Pugliese ,Alcides Rossi,"Osvaldo Ruggiero, Victor Lavallén, Julián Plaza, Arturo Penón","Oscar Herrero, Julio Carrasco, Emilio Balcarce, Norberto Bernasconi (Viola), Enrique Lannoo (Cello) ",,,,,,,,,,
Osvaldo Pugliese,Osvaldo Pugliese y su Orquesta Típica ,1966-09,Recuerdo,Tango,Jorge Maciel,Philips,Tape-S,Osvaldo Pugliese,Eduardo Moreno,,61-68 / Phillips ,Osvaldo Pugliese ,Alcides Rossi,"Osvaldo Ruggiero, Victor Lavallén, Julián Plaza, Arturo Penón","Oscar Herrero, Julio Carrasco, Emilio Balcarce, Norberto Bernasconi (Viola), Enrique Lannoo (Cello) ",,,,,,,,,,
Osvaldo Pugliese,Osvaldo Pugliese y su Orquesta Típica ,1966-10,Locura Tanguera,Tango,Instrumental,Philips,Tape-S,Osvaldo Ruggiero,,,61-68 / Phillips ,Osvaldo Pugliese ,Alcides Rossi,"Osvaldo Ruggiero, Victor Lavallén, Julián Plaza, Arturo Penón","Oscar Herrero, Julio Carrasco, Emilio Balcarce, Norberto Bernasconi (Viola), Enrique Lannoo (Cello) ",,,,,,,,,,
Osvaldo Pugliese,Osvaldo Pugliese y su Orquesta Típica ,1966-10,Así Era Ella Muchachos,Tango,Jorge Maciel,Philips,Tape-S,José Cabodevila,Ángel Rosa,,61-68 / Phillips ,Osvaldo Pugliese ,Alcides Rossi,"Osvaldo Ruggiero, Victor Lavallén, Julián Plaza, Arturo Penón","Oscar Herrero, Julio Carrasco, Emilio Balcarce, Norberto Bernasconi (Viola), Enrique Lannoo (Cello) ",,,,,,,,,,
Osvaldo Pugliese,Osvaldo Pugliese y su Orquesta Típica ,1966-11,El Inquilino,Milonga,Abel Córdoba,Philips,Tape-S,Javier Mazzea,Carlos Lucero,,61-68 / Phillips ,Osvaldo Pugliese ,Alcides Rossi,"Osvaldo Ruggiero, Victor Lavallén, Julián Plaza, Arturo Penón","Oscar Herrero, Julio Carrasco, Emilio Balcarce, Norberto Bernasconi (Viola), Enrique Lannoo (Cello) ",,,,,,,,,,
Osvaldo Pugliese,Osvaldo Pugliese y su Orquesta Típica ,1966-11,Caminito,Tango,Jorge Maciel,Philips,Tape-S,Juan Filiberto,Gabino Peñaloza,,61-68 / Phillips ,Osvaldo Pugliese ,Alcides Rossi,"Osvaldo Ruggiero, Victor Lavallén, Julián Plaza, Arturo Penón","Oscar Herrero, Julio Carrasco, Emilio Balcarce, Norberto Bernasconi (Viola), Enrique Lannoo (Cello) ",,,,,,,,,,
Osvaldo Pugliese,Osvaldo Pugliese y su Orquesta Típica ,1966-12,Nobleza De Arrabal,Tango,Instrumental,Philips,Tape-S,Francisco Canaro,,,61-68 / Phillips ,Osvaldo Pugliese ,Alcides Rossi,"Osvaldo Ruggiero, Victor Lavallén, Julián Plaza, Arturo Penón","Oscar Herrero, Julio Carrasco, Emilio Balcarce, Norberto Bernasconi (Viola), Enrique Lannoo (Cello) ",,,,,,,,,,
Osvaldo Pugliese,Osvaldo Pugliese y su Orquesta Típica ,1967-04,Lágrimas De Sangre,Tango,Jorge Maciel,Philips,Tape-S,Roberto Giménez,Roberto Giménez,,61-68 / Phillips ,Osvaldo Pugliese ,Alcides Rossi,"Osvaldo Ruggiero, Victor Lavallén, Julián Plaza, Arturo Penón","Oscar Herrero, Julio Carrasco, Emilio Balcarce, Norberto Bernasconi (Viola), Enrique Lannoo (Cello) ",,,,,,,,,,
Osvaldo Pugliese,Osvaldo Pugliese y su Orquesta Típica ,1967-05,Sin Gritar,Tango,Abel Córdoba,Philips,Tape-S,Marcelino Hernández; Roberto Cassinelli,Marcelino Hernández; Roberto Cassinelli,,61-68 / Phillips ,Osvaldo Pugliese ,Alcides Rossi,"Osvaldo Ruggiero, Victor Lavallén, Julián Plaza, Arturo Penón","Oscar Herrero, Julio Carrasco, Emilio Balcarce, Norberto Bernasconi (Viola), Enrique Lannoo (Cello) ",,,,,,,,,,
Osvaldo Pugliese,Osvaldo Pugliese y su Orquesta Típica ,1967-05,Una Lágrima,Tango,Abel Córdoba,Philips,Tape-S,Nicolás Verona,Eugenio Cárdenas,,61-68 / Phillips ,Osvaldo Pugliese ,Alcides Rossi,"Osvaldo Ruggiero, Victor Lavallén, Julián Plaza, Arturo Penón","Oscar Herrero, Julio Carrasco, Emilio Balcarce, Norberto Bernasconi (Viola), Enrique Lannoo (Cello) ",,,,,,,,,,
Osvaldo Pugliese,Osvaldo Pugliese y su Orquesta Típica ,1967-06,Bien De Abajo,Tango,Abel Córdoba,Philips,Tape-S,Arturo Penón,Héctor Negro,,61-68 / Phillips ,Osvaldo Pugliese ,Alcides Rossi,"Osvaldo Ruggiero, Victor Lavallén, Julián Plaza, Arturo Penón","Oscar Herrero, Julio Carrasco, Emilio Balcarce, Norberto Bernasconi (Viola), Enrique Lannoo (Cello) ",,,,,,,,,,
Osvaldo Pugliese,Osvaldo Pugliese y su Orquesta Típica ,1967-06,Didí,Tango,Instrumental,Philips,Tape-S,Roberto Firpo,,,61-68 / Phillips ,Osvaldo Pugliese ,Alcides Rossi,"Osvaldo Ruggiero, Victor Lavallén, Julián Plaza, Arturo Penón","Oscar Herrero, Julio Carrasco, Emilio Balcarce, Norberto Bernasconi (Viola), Enrique Lannoo (Cello) ",,,,,,,,,,
Osvaldo Pugliese,Osvaldo Pugliese y su Orquesta Típica ,1967-07,Imagen Campera,Tango,Maciel y Córdoba,Philips,Tape-S,Víctor Lavallén,Félix Arena,,61-68 / Phillips ,Osvaldo Pugliese ,Alcides Rossi,"Osvaldo Ruggiero, Victor Lavallén, Julián Plaza, Arturo Penón","Oscar Herrero, Julio Carrasco, Emilio Balcarce, Norberto Bernasconi (Viola), Enrique Lannoo (Cello) ",,,,,,,,,,
Osvaldo Pugliese,Osvaldo Pugliese y su Orquesta Típica ,1967-07,Marejada,Tango,Instrumental,Philips,Tape-S,Roberto Firpo,Daniel Barreto,,61-68 / Phillips ,Osvaldo Pugliese ,Alcides Rossi,"Osvaldo Ruggiero, Victor Lavallén, Julián Plaza, Arturo Penón","Oscar Herrero, Julio Carrasco, Emilio Balcarce, Norberto Bernasconi (Viola), Enrique Lannoo (Cello) ",,,,,,,,,,
Osvaldo Pugliese,Osvaldo Pugliese y su Orquesta Típica ,1967-08,Decencia,Tango,Jorge Maciel,Philips,Tape-S,Javier Mazzea,Manuel Bargiela,,61-68 / Phillips ,Osvaldo Pugliese ,Alcides Rossi,"Osvaldo Ruggiero, Victor Lavallén, Julián Plaza, Arturo Penón","Oscar Herrero, Julio Carrasco, Emilio Balcarce, Norberto Bernasconi (Viola), Enrique Lannoo (Cello) ",,,,,,,,,,
Osvaldo Pugliese,Osvaldo Pugliese y su Orquesta Típica ,1967-08,Bien De Tango,Tango,Instrumental,Philips,Tape-S,Armando Cupo,,,61-68 / Phillips ,Osvaldo Pugliese ,Alcides Rossi,"Osvaldo Ruggiero, Victor Lavallén, Julián Plaza, Arturo Penón","Oscar Herrero, Julio Carrasco, Emilio Balcarce, Norberto Bernasconi (Viola), Enrique Lannoo (Cello) ",,,,,,,,,,
Osvaldo Pugliese,Osvaldo Pugliese y su Orquesta Típica ,1967-09,Tangueando Te Quiero,Tango,Abel Córdoba,Philips,Tape-S,Carlos Sarli,Héctor Marcó,,61-68 / Phillips ,Osvaldo Pugliese ,Alcides Rossi,"Osvaldo Ruggiero, Victor Lavallén, Julián Plaza, Arturo Penón","Oscar Herrero, Julio Carrasco, Emilio Balcarce, Norberto Bernasconi (Viola), Enrique Lannoo (Cello) ",,,,,,,,,,
Osvaldo Pugliese,Osvaldo Pugliese y su Orquesta Típica ,1967-09,Bandoneón Arrabalero,Tango,Instrumental,Philips,Tape-S,Juan Deambroggio,Pascual Contursi,,61-68 / Phillips ,Osvaldo Pugliese ,Alcides Rossi,"Osvaldo Ruggiero, Victor Lavallén, Julián Plaza, Arturo Penón","Oscar Herrero, Julio Carrasco, Emilio Balcarce, Norberto Bernasconi (Viola), Enrique Lannoo (Cello) ",,,,,,,,,,
Osvaldo Pugliese,Osvaldo Pugliese y su Orquesta Típica ,1967-10,Arrepentido,Tango,Jorge Maciel,Philips,Tape-S,Rodolfo Sciammarella,Rodolfo Sciammarella,,61-68 / Phillips ,Osvaldo Pugliese ,Alcides Rossi,"Osvaldo Ruggiero, Victor Lavallén, Julián Plaza, Arturo Penón","Oscar Herrero, Julio Carrasco, Emilio Balcarce, Norberto Bernasconi (Viola), Enrique Lannoo (Cello) ",,,,,,,,,,
Osvaldo Pugliese,Osvaldo Pugliese y su Orquesta Típica ,1967-10,Universo,Tango,Instrumental,Philips,Tape-S,José Libertella,,,61-68 / Phillips ,Osvaldo Pugliese ,Alcides Rossi,"Osvaldo Ruggiero, Victor Lavallén, Julián Plaza, Arturo Penón","Oscar Herrero, Julio Carrasco, Emilio Balcarce, Norberto Bernasconi (Viola), Enrique Lannoo (Cello) ",,,,,,,,,,
Osvaldo Pugliese,Osvaldo Pugliese y su Orquesta Típica ,1967-11,Esta Ciudad,Tango,Jorge Maciel,Philips,Tape-S,Osvaldo Avena,Héctor Negro,,61-68 / Phillips ,Osvaldo Pugliese ,Alcides Rossi,"Osvaldo Ruggiero, Victor Lavallén, Julián Plaza, Arturo Penón","Oscar Herrero, Julio Carrasco, Emilio Balcarce, Norberto Bernasconi (Viola), Enrique Lannoo (Cello) ",,,,,,,,,,
Osvaldo Pugliese,Osvaldo Pugliese y su Orquesta Típica ,1967-11,El Negro Cambambá,Milonga,Abel Córdoba,Philips,Tape-S,Osvaldo Pugliese,Francisco Bagalá,,61-68 / Phillips ,Osvaldo Pugliese ,Alcides Rossi,"Osvaldo Ruggiero, Victor Lavallén, Julián Plaza, Arturo Penón","Oscar Herrero, Julio Carrasco, Emilio Balcarce, Norberto Bernasconi (Viola), Enrique Lannoo (Cello) ",,,,,,,,,,
Osvaldo Pugliese,Osvaldo Pugliese y su Orquesta Típica ,1968-11,El Entrerriano,Tango,Instrumental,Philips,Tape-S,Anselmo Mendizábal,Ernesto Temes; Homero Expósito,,61-68 / Phillips ,Osvaldo Pugliese ,Alcides Rossi,"Osvaldo Ruggiero, Victor Lavallén, Julián Plaza, Arturo Penón","Oscar Herrero, Julio Carrasco, Emilio Balcarce, Norberto Bernasconi (Viola), Enrique Lannoo (Cello) ",,,,,,,,,,
Osvaldo Pugliese,Osvaldo Pugliese y su Orquesta Típica ,1968-11,Muñequita,Tango,Abel Córdoba,Philips,Tape-S,Francisco Lomuto,Adolfo Herschel,,61-68 / Phillips ,Osvaldo Pugliese ,Alcides Rossi,"Osvaldo Ruggiero, Victor Lavallén, Julián Plaza, Arturo Penón","Oscar Herrero, Julio Carrasco, Emilio Balcarce, Norberto Bernasconi (Viola), Enrique Lannoo (Cello) ",,,,,,,,,,
Osvaldo Pugliese,Osvaldo Pugliese y su Orquesta Típica ,1968-12,Qué Noche,Tango,Instrumental,Philips,Tape-S,Agustín Bardi,,,61-68 / Phillips ,Osvaldo Pugliese ,Alcides Rossi,"Osvaldo Ruggiero, Victor Lavallén, Julián Plaza, Arturo Penón","Oscar Herrero, Julio Carrasco, Emilio Balcarce, Norberto Bernasconi (Viola), Enrique Lannoo (Cello) ",,,,,,,,,,
Osvaldo Pugliese,Osvaldo Pugliese y su Orquesta Típica ,1968-12,Mi Primer Gol,Tango,Abel Córdoba,Philips,Tape-S,Horacio Pettorossi; Alejandro Fattorini,Miguel Bonano,,61-68 / Phillips ,Osvaldo Pugliese ,Alcides Rossi,"Osvaldo Ruggiero, Victor Lavallén, Julián Plaza, Arturo Penón","Oscar Herrero, Julio Carrasco, Emilio Balcarce, Norberto Bernasconi (Viola), Enrique Lannoo (Cello) ",,,,,,,,,,
Osvaldo Pugliese,Osvaldo Pugliese y su Orquesta Típica ,1969-04,"Che, Colectivero",Tango,Abel Córdoba,Philips,Tape-S,Osvaldo Pugliese,Julio Camilloni,,69-90 / Final Orchestra ,Osvaldo Pugliese ,Fernando Romano,"Arturo Penón, Daniel Binelli, Juan José Mosalini, Rodolfo Mederos","Mauricio Marcelli, Raúl Domínguez, Santiago Kutchevasky, Bautista Huerta (Viola), Pedro Vidaurre (Cello)",,,,,,,,,,
Osvaldo Pugliese,Osvaldo Pugliese y su Orquesta Típica ,1969-05,El Pensamiento,Tango,Instrumental,Philips,Tape-S,José Martínez,Francisco Jiménez,,69-90 / Final Orchestra ,Osvaldo Pugliese ,Fernando Romano,"Arturo Penón, Daniel Binelli, Juan José Mosalini, Rodolfo Mederos","Mauricio Marcelli, Raúl Domínguez, Santiago Kutchevasky, Bautista Huerta (Viola), Pedro Vidaurre (Cello)",,,,,,,,,,
Osvaldo Pugliese,Osvaldo Pugliese y su Orquesta Típica ,1969-05,El Encopao,Tango,Abel Córdoba,Philips,Tape-S,Osvaldo Pugliese,Enrique Dizeo,,69-90 / Final Orchestra ,Osvaldo Pugliese ,Fernando Romano,"Arturo Penón, Daniel Binelli, Juan José Mosalini, Rodolfo Mederos","Mauricio Marcelli, Raúl Domínguez, Santiago Kutchevasky, Bautista Huerta (Viola), Pedro Vidaurre (Cello)",,,,,,,,,,
Osvaldo Pugliese,Osvaldo Pugliese y su Orquesta Típica ,1969-06,El Marne,Tango,Instrumental,Philips,Tape-S,Eduardo Arolas,Gabriel Clausi,,69-90 / Final Orchestra ,Osvaldo Pugliese ,Fernando Romano,"Arturo Penón, Daniel Binelli, Juan José Mosalini, Rodolfo Mederos","Mauricio Marcelli, Raúl Domínguez, Santiago Kutchevasky, Bautista Huerta (Viola), Pedro Vidaurre (Cello)",,,,,,,,,,
Osvaldo Pugliese,Osvaldo Pugliese y su Orquesta Típica ,1969-06,Canción Para Un Niño Negro,Milonga,Abel Córdoba,Philips,Tape-S,Fulvio Salamanca,Fulvio Salamanca,,69-90 / Final Orchestra ,Osvaldo Pugliese ,Fernando Romano,"Arturo Penón, Daniel Binelli, Juan José Mosalini, Rodolfo Mederos","Mauricio Marcelli, Raúl Domínguez, Santiago Kutchevasky, Bautista Huerta (Viola), Pedro Vidaurre (Cello)",,,,,,,,,,
Osvaldo Pugliese,Osvaldo Pugliese y su Orquesta Típica ,1969-07,Manón,Tango,Abel Córdoba,Philips,Tape-S,Arturo Bassi,Antonio Podestá,,69-90 / Final Orchestra ,Osvaldo Pugliese ,Fernando Romano,"Arturo Penón, Daniel Binelli, Juan José Mosalini, Rodolfo Mederos","Mauricio Marcelli, Raúl Domínguez, Santiago Kutchevasky, Bautista Huerta (Viola), Pedro Vidaurre (Cello)",,,,,,,,,,
Osvaldo Pugliese,Osvaldo Pugliese y su Orquesta Típica ,1969-07,A Evaristo Carriego,Tango,Instrumental,Philips,Tape-S,Eduardo Rovira,,,69-90 / Final Orchestra ,Osvaldo Pugliese ,Fernando Romano,"Arturo Penón, Daniel Binelli, Juan José Mosalini, Rodolfo Mederos","Mauricio Marcelli, Raúl Domínguez, Santiago Kutchevasky, Bautista Huerta (Viola), Pedro Vidaurre (Cello)",,,,,,,,,,
Osvaldo Pugliese,Osvaldo Pugliese y su Orquesta Típica ,1969-08,Bandó,Tango,Instrumental,Philips,Tape-S,Astor Piazzolla,,,69-90 / Final Orchestra ,Osvaldo Pugliese ,Fernando Romano,"Arturo Penón, Daniel Binelli, Juan José Mosalini, Rodolfo Mederos","Mauricio Marcelli, Raúl Domínguez, Santiago Kutchevasky, Bautista Huerta (Viola), Pedro Vidaurre (Cello)",,,,,,,,,,
Osvaldo Pugliese,Osvaldo Pugliese y su Orquesta Típica ,1969-08,La Biandunga,Tango,Instrumental,Philips,Tape-S,Osvaldo Pugliese,,,69-90 / Final Orchestra ,Osvaldo Pugliese ,Fernando Romano,"Arturo Penón, Daniel Binelli, Juan José Mosalini, Rodolfo Mederos","Mauricio Marcelli, Raúl Domínguez, Santiago Kutchevasky, Bautista Huerta (Viola), Pedro Vidaurre (Cello)",,,,,,,,,,
Osvaldo Pugliese,Osvaldo Pugliese y su Orquesta Típica ,1969-09,Zorro Gris,Tango,Instrumental,Philips,Tape-S,Rafael Tuegols,Francisco Jiménez,,69-90 / Final Orchestra ,Osvaldo Pugliese ,Fernando Romano,"Arturo Penón, Daniel Binelli, Juan José Mosalini, Rodolfo Mederos","Mauricio Marcelli, Raúl Domínguez, Santiago Kutchevasky, Bautista Huerta (Viola), Pedro Vidaurre (Cello)",,,,,,,,,,
Osvaldo Pugliese,Osvaldo Pugliese y su Orquesta Típica ,1969-09,Tu Angustia Y Mi Dolor,Tango,Abel Córdoba,Philips,Tape-S,Alfredo Gobbi,Julio Camilloni,,69-90 / Final Orchestra ,Osvaldo Pugliese ,Fernando Romano,"Arturo Penón, Daniel Binelli, Juan José Mosalini, Rodolfo Mederos","Mauricio Marcelli, Raúl Domínguez, Santiago Kutchevasky, Bautista Huerta (Viola), Pedro Vidaurre (Cello)",,,,,,,,,,
Osvaldo Pugliese,Osvaldo Pugliese y su Orquesta Típica ,1969-10,Gente De Teatro,Tango,Instrumental,Philips,Tape-S,Arturo Penón,,,69-90 / Final Orchestra ,Osvaldo Pugliese ,Fernando Romano,"Arturo Penón, Daniel Binelli, Juan José Mosalini, Rodolfo Mederos","Mauricio Marcelli, Raúl Domínguez, Santiago Kutchevasky, Bautista Huerta (Viola), Pedro Vidaurre (Cello)",,,,,,,,,,
Osvaldo Pugliese,Osvaldo Pugliese y su Orquesta Típica ,1969-10,Pavadas,Tango,Abel Córdoba,Philips,Tape-S,Mario Demarco,Julio Camilloni; Isusi Mouso,,69-90 / Final Orchestra ,Osvaldo Pugliese ,Fernando Romano,"Arturo Penón, Daniel Binelli, Juan José Mosalini, Rodolfo Mederos","Mauricio Marcelli, Raúl Domínguez, Santiago Kutchevasky, Bautista Huerta (Viola), Pedro Vidaurre (Cello)",,,,,,,,,,
Osvaldo Pugliese,Osvaldo Pugliese y su Orquesta Típica ,1969-11,La Última Cita,Tango,Instrumental,Philips,Tape-S,Agustín Bardi,Francisco Jiménez,,69-90 / Final Orchestra ,Osvaldo Pugliese ,Fernando Romano,"Arturo Penón, Daniel Binelli, Juan José Mosalini, Rodolfo Mederos","Mauricio Marcelli, Raúl Domínguez, Santiago Kutchevasky, Bautista Huerta (Viola), Pedro Vidaurre (Cello)",,,,,,,,,,
Osvaldo Pugliese,Osvaldo Pugliese y su Orquesta Típica ,1969-11,Te Quiero Como Te Quiero,Tango,Abel Córdoba,Philips,Tape-S,Gabriel Clausi,José Rótulo,,69-90 / Final Orchestra ,Osvaldo Pugliese ,Fernando Romano,"Arturo Penón, Daniel Binelli, Juan José Mosalini, Rodolfo Mederos","Mauricio Marcelli, Raúl Domínguez, Santiago Kutchevasky, Bautista Huerta (Viola), Pedro Vidaurre (Cello)",,,,,,,,,,
Osvaldo Pugliese,Osvaldo Pugliese y su Orquesta Típica ,1970-05,Balada Para Un Loco,Tango,Instrumental,Philips,Tape-S,Astor Piazzolla,Horacio Ferrer,,69-90 / Final Orchestra ,Osvaldo Pugliese ,Fernando Romano,"Arturo Penón, Daniel Binelli, Juan José Mosalini, Rodolfo Mederos","Mauricio Marcelli, Raúl Domínguez, Santiago Kutchevasky, Bautista Huerta (Viola), Pedro Vidaurre (Cello)",,,,,,,,,,
Osvaldo Pugliese,Osvaldo Pugliese y su Orquesta Típica ,1970-05,Taconeando,Tango,Instrumental,Philips,Tape-S,Pedro Maffia,José Staffolani,,69-90 / Final Orchestra ,Osvaldo Pugliese ,Fernando Romano,"Arturo Penón, Daniel Binelli, Juan José Mosalini, Rodolfo Mederos","Mauricio Marcelli, Raúl Domínguez, Santiago Kutchevasky, Bautista Huerta (Viola), Pedro Vidaurre (Cello)",,,,,,,,,,
Osvaldo Pugliese,Osvaldo Pugliese y su Orquesta Típica ,1970-06,Sentimental Y Canyengue,Tango,Instrumental,Philips,Tape-S,Leopoldo Federico; Victor Felice,,,69-90 / Final Orchestra ,Osvaldo Pugliese ,Fernando Romano,"Arturo Penón, Daniel Binelli, Juan José Mosalini, Rodolfo Mederos","Mauricio Marcelli, Raúl Domínguez, Santiago Kutchevasky, Bautista Huerta (Viola), Pedro Vidaurre (Cello)",,,,,,,,,,
Osvaldo Pugliese,Osvaldo Pugliese y su Orquesta Típica ,1970-06,Lágrimas,Tango,Instrumental,Philips,Tape-S,Eduardo Arolas,Héctor Polito,,69-90 / Final Orchestra ,Osvaldo Pugliese ,Fernando Romano,"Arturo Penón, Daniel Binelli, Juan José Mosalini, Rodolfo Mederos","Mauricio Marcelli, Raúl Domínguez, Santiago Kutchevasky, Bautista Huerta (Viola), Pedro Vidaurre (Cello)",,,,,,,,,,
Osvaldo Pugliese,Osvaldo Pugliese y su Orquesta Típica ,1970-07,Hasta El Último Tren,Tango,Abel Córdoba,Philips,Tape-S,Julio Ahumada,Julio Camilloni,,69-90 / Final Orchestra ,Osvaldo Pugliese ,Fernando Romano,"Arturo Penón, Daniel Binelli, Juan José Mosalini, Rodolfo Mederos","Mauricio Marcelli, Raúl Domínguez, Santiago Kutchevasky, Bautista Huerta (Viola), Pedro Vidaurre (Cello)",,,,,,,,,,
Osvaldo Pugliese,Osvaldo Pugliese y su Orquesta Típica ,7/11/1970,Farolito De Mi Barrio,Tango,Instrumental,Philips,Tape-S,Enrique Pollet,José Grandis,,69-90 / Final Orchestra ,Osvaldo Pugliese ,Fernando Romano,"Arturo Penón, Daniel Binelli, Juan José Mosalini, Rodolfo Mederos","Mauricio Marcelli, Raúl Domínguez, Santiago Kutchevasky, Bautista Huerta (Viola), Pedro Vidaurre (Cello)",,,,,,,,,,
Osvaldo Pugliese,Osvaldo Pugliese y su Orquesta Típica ,7/11/1970,Shusheta (El Aristócrata),Tango,Instrumental,Philips,Tape-S,Juan Cobián,Enrique Cadícamo,,69-90 / Final Orchestra ,Osvaldo Pugliese ,Fernando Romano,,"Mauricio Marcelli, Raúl Domínguez, Santiago Kutchevasky, Bautista Huerta (Viola), Pedro Vidaurre (Cello)",,,,,,,,,,
Osvaldo Pugliese con cuerdas arreglos de Mauricio Marcelli,Osvaldo Pugliese y su Orquesta Típica ,7/11/1970,Ciudad triste,Tango,Instrumental,Philips,Tape-S,Osvaldo Tarantino,,,69-90 / Final Orchestra ,Osvaldo Pugliese ,Fernando Romano,,"Mauricio Marcelli, Raúl Domínguez, Santiago Kutchevasky, Bautista Huerta (Viola), Pedro Vidaurre (Cello)",,,,,,,,,,
Osvaldo Pugliese,Osvaldo Pugliese y su Orquesta Típica ,7/11/1970,Sensoral ,Tango,Instrumental,Philips,Tape-S,Dino Saluzzi; Mauricio Marcelli,,,69-90 / Final Orchestra ,Osvaldo Pugliese ,Fernando Romano,,"Mauricio Marcelli, Raúl Domínguez, Santiago Kutchevasky, Bautista Huerta (Viola), Pedro Vidaurre (Cello)",,,,,,,,,,
Osvaldo Pugliese,Osvaldo Pugliese y su Orquesta Típica ,10/11/1970,El recodo,Tango,Instrumental,Philips,Tape-S,Alejandro Junnissi,Armando Tagini,,69-90 / Final Orchestra ,Osvaldo Pugliese ,Fernando Romano,,"Mauricio Marcelli, Raúl Domínguez, Santiago Kutchevasky, Bautista Huerta (Viola), Pedro Vidaurre (Cello)",,,,,,,,,,
Osvaldo Pugliese,Osvaldo Pugliese y su Orquesta Típica ,4/25/1972,La Beba,Tango,Instrumental,Odeón,Tape-S,Osvaldo Pugliese,,,69-90 / Final Orchestra ,Osvaldo Pugliese ,Fernando Romano,"Arturo Penón, Daniel Binelli, Juan José Mosalini, Rodolfo Mederos","Mauricio Marcelli, Raúl Domínguez, Santiago Kutchevasky, Néstor Panik (Viola), Pedro Vidaurre (Cello)",,,,,,,,,,
Osvaldo Pugliese,Osvaldo Pugliese y su Orquesta Típica ,4/25/1972,Tinta Roja,Tango,Instrumental,Odeón,Tape-S,Sebastián Piana,Cátulo Castillo,,69-90 / Final Orchestra ,Osvaldo Pugliese ,Fernando Romano,"Arturo Penón, Daniel Binelli, Juan José Mosalini, Rodolfo Mederos","Mauricio Marcelli, Raúl Domínguez, Santiago Kutchevasky, Néstor Panik (Viola), Pedro Vidaurre (Cello)",,,,,,,,,,
Osvaldo Pugliese,Osvaldo Pugliese y su Orquesta Típica ,5/12/1972,Ni Triste Ni Solo,Tango,Abel Córdoba,Odeón,Tape-S,Arturo Penón,Héctor Negro,,69-90 / Final Orchestra ,Osvaldo Pugliese ,Fernando Romano,"Arturo Penón, Daniel Binelli, Juan José Mosalini, Rodolfo Mederos","Mauricio Marcelli, Raúl Domínguez, Santiago Kutchevasky, Néstor Panik (Viola), Pedro Vidaurre (Cello)",,,,,,,,,,
Osvaldo Pugliese,Osvaldo Pugliese y su Orquesta Típica ,5/12/1972,No Me Pregunten Por Qué,Tango,Abel Córdoba,Odeón,Tape-S,Carlos Sarli,Reynaldo Pignataro,,69-90 / Final Orchestra ,Osvaldo Pugliese ,Fernando Romano,"Arturo Penón, Daniel Binelli, Juan José Mosalini, Rodolfo Mederos","Mauricio Marcelli, Raúl Domínguez, Santiago Kutchevasky, Néstor Panik (Viola), Pedro Vidaurre (Cello)",,,,,,,,,,
Osvaldo Pugliese,Osvaldo Pugliese y su Orquesta Típica ,6/16/1972,La Revancha,Tango,Instrumental,Odeón,Tape-S,Pedro Laurenz,,,69-90 / Final Orchestra ,Osvaldo Pugliese ,Fernando Romano,"Arturo Penón, Daniel Binelli, Juan José Mosalini, Rodolfo Mederos","Mauricio Marcelli, Raúl Domínguez, Santiago Kutchevasky, Néstor Panik (Viola), Pedro Vidaurre (Cello)",,,,,,,,,,
Osvaldo Pugliese,Osvaldo Pugliese y su Orquesta Típica ,6/26/1972,El Andariego,Tango,Instrumental,Odeón,Tape-S,Alfredo Gobbi,,,69-90 / Final Orchestra ,Osvaldo Pugliese ,Fernando Romano,"Arturo Penón, Daniel Binelli, Juan José Mosalini, Rodolfo Mederos","Mauricio Marcelli, Raúl Domínguez, Santiago Kutchevasky, Néstor Panik (Viola), Pedro Vidaurre (Cello)",,,,,,,,,,
Osvaldo Pugliese,Osvaldo Pugliese y su Orquesta Típica ,7/17/1972,Si Se Calla El Cantor,Tango,Abel Córdoba,Odeón,Tape-S,Horacio Guarany,Horacio Guarany,,69-90 / Final Orchestra ,Osvaldo Pugliese ,Fernando Romano,"Arturo Penón, Daniel Binelli, Juan José Mosalini, Rodolfo Mederos","Mauricio Marcelli, Raúl Domínguez, Santiago Kutchevasky, Néstor Panik (Viola), Pedro Vidaurre (Cello)",,,,,,,,,,
Osvaldo Pugliese,Osvaldo Pugliese y su Orquesta Típica ,7/17/1972,Tormento,Tango,Abel Córdoba,Odeón,Tape-S,Charlo,Luis Amadori,,69-90 / Final Orchestra ,Osvaldo Pugliese ,Fernando Romano,"Arturo Penón, Daniel Binelli, Juan José Mosalini, Rodolfo Mederos","Mauricio Marcelli, Raúl Domínguez, Santiago Kutchevasky, Néstor Panik (Viola), Pedro Vidaurre (Cello)",,,,,,,,,,
Osvaldo Pugliese,Osvaldo Pugliese y su Orquesta Típica ,7/20/1972,Ojos Negros,Tango,Instrumental,Odeón,Tape-S,Vicente Greco,Pedro Córdoba,,69-90 / Final Orchestra ,Osvaldo Pugliese ,Fernando Romano,"Arturo Penón, Daniel Binelli, Juan José Mosalini, Rodolfo Mederos","Mauricio Marcelli, Raúl Domínguez, Santiago Kutchevasky, Néstor Panik (Viola), Pedro Vidaurre (Cello)",,,,,,,,,,
Osvaldo Pugliese,Osvaldo Pugliese y su Orquesta Típica ,11/10/1972,De Puro Guapo,Tango,Instrumental,Odeón,Tape-S,Pedro Laurenz,Manuel Meaños,,69-90 / Final Orchestra ,Osvaldo Pugliese ,Fernando Romano,"Arturo Penón, Daniel Binelli, Juan José Mosalini, Rodolfo Mederos","Mauricio Marcelli, Raúl Domínguez, Santiago Kutchevasky, Néstor Panik (Viola), Pedro Vidaurre (Cello)",,,,,,,,,,
Osvaldo Pugliese,Osvaldo Pugliese y su Orquesta Típica ,12/6/1972,Los Hermanos,Milonga,Abel Córdoba,Odeón,Tape-S,Atahualpa Yupanqui,Atahualpa Yupanqui,,69-90 / Final Orchestra ,Osvaldo Pugliese ,Fernando Romano,"Arturo Penón, Daniel Binelli, Juan José Mosalini, Rodolfo Mederos","Mauricio Marcelli, Raúl Domínguez, Santiago Kutchevasky, Néstor Panik (Viola), Pedro Vidaurre (Cello)",,,,,,,,,,
Osvaldo Pugliese,Osvaldo Pugliese y su Orquesta Típica ,12/6/1972,Poema Número Dos,Tango,Abel Córdoba,Odeón,Tape-S,Edmundo Rivero,Luis Alposta,,69-90 / Final Orchestra ,Osvaldo Pugliese ,Fernando Romano,"Arturo Penón, Daniel Binelli, Juan José Mosalini, Rodolfo Mederos","Mauricio Marcelli, Raúl Domínguez, Santiago Kutchevasky, Néstor Panik (Viola), Pedro Vidaurre (Cello)",,,,,,,,,,
Osvaldo Pugliese,Osvaldo Pugliese y su Orquesta Típica ,12/22/1972,La Vaquita,Milonga,Abel Córdoba,Odeón,Tape-S,Osvaldo Pugliese,Roberto Pizzini,,69-90 / Final Orchestra ,Osvaldo Pugliese ,Fernando Romano,"Arturo Penón, Daniel Binelli, Juan José Mosalini, Rodolfo Mederos","Mauricio Marcelli, Raúl Domínguez, Santiago Kutchevasky, Néstor Panik (Viola), Pedro Vidaurre (Cello)",,,,,,,,,,
Osvaldo Pugliese,Osvaldo Pugliese y su Orquesta Típica ,12/27/1972,Corchito,Tango,Abel Córdoba,Odeón,Tape-S,Javier Mazzea,Pedro Gatti,,69-90 / Final Orchestra ,Osvaldo Pugliese ,Fernando Romano,"Arturo Penón, Daniel Binelli, Juan José Mosalini, Rodolfo Mederos","Mauricio Marcelli, Raúl Domínguez, Santiago Kutchevasky, Néstor Panik (Viola), Pedro Vidaurre (Cello)",,,,,,,,,,
Osvaldo Pugliese,Osvaldo Pugliese y su Orquesta Típica ,12/12/1973,Camandulaje,Tango,Instrumental,Odeón,Tape-S,Alfredo Gobbi,,,69-90 / Final Orchestra ,Osvaldo Pugliese ,Fernando Romano,"Arturo Penón, Daniel Binelli, Juan José Mosalini, Rodolfo Mederos","Mauricio Marcelli, Raúl Domínguez, Santiago Kutchevasky, Néstor Panik (Viola), Pedro Vidaurre (Cello)",,,,,,,,,,
Osvaldo Pugliese,Osvaldo Pugliese y su Orquesta Típica ,12/12/1973,Zum,Tango,Instrumental,Odeón,Tape-S,Astor Piazzolla,,,69-90 / Final Orchestra ,Osvaldo Pugliese ,Fernando Romano,"Arturo Penón, Daniel Binelli, Juan José Mosalini, Rodolfo Mederos","Mauricio Marcelli, Raúl Domínguez, Santiago Kutchevasky, Néstor Panik (Viola), Pedro Vidaurre (Cello)",,,,,,,,,,
Osvaldo Pugliese,Osvaldo Pugliese y su Orquesta Típica ,12/26/1973,Cuando Llora La Milonga,Tango,Instrumental,Odeón,Tape-S,Juan Filiberto,Luis Mario,,69-90 / Final Orchestra ,Osvaldo Pugliese ,Fernando Romano,"Arturo Penón, Daniel Binelli, Juan José Mosalini, Rodolfo Mederos","Mauricio Marcelli, Raúl Domínguez, Santiago Kutchevasky, Néstor Panik (Viola), Pedro Vidaurre (Cello)",,,,,,,,,,
Osvaldo Pugliese,Osvaldo Pugliese y su Orquesta Típica ,12/26/1973,La Cumparsita,Tango,Instrumental,Odeón,Tape-S,Gerardo Rodríguez,Gerardo Rodríguez,,69-90 / Final Orchestra ,Osvaldo Pugliese ,Fernando Romano,"Arturo Penón, Daniel Binelli, Juan José Mosalini, Rodolfo Mederos","Mauricio Marcelli, Raúl Domínguez, Santiago Kutchevasky, Néstor Panik (Viola), Pedro Vidaurre (Cello)",,,,,,,,,,
Osvaldo Pugliese,Osvaldo Pugliese y su Orquesta Típica ,5/3/1974,Corrales Viejos,Milonga,Instrumental,Odeón,Tape-S,Anselmo Aieta,Francisco Laino; Antonio Radicci,,69-90 / Final Orchestra ,Osvaldo Pugliese ,Fernando Romano,"Arturo Penón, Daniel Binelli, Juan José Mosalini, Rodolfo Mederos","Osvaldo Monterde, Raúl Domínguez, Santiago Kutchevasky, Adrián Pucci (Viola), Pedro Vidaurre (Cello)",,,,,,,,,,
Osvaldo Pugliese,Osvaldo Pugliese y su Orquesta Típica ,5/3/1974,La Canción De Buenos Aires,Tango,Abel Córdoba,Odeón,Tape-S,Azucena Maizani; Orestes Cúfaro,Manuel Romero,,69-90 / Final Orchestra ,Osvaldo Pugliese ,Fernando Romano,"Arturo Penón, Daniel Binelli, Juan José Mosalini, Rodolfo Mederos","Osvaldo Monterde, Raúl Domínguez, Santiago Kutchevasky, Adrián Pucci (Viola), Pedro Vidaurre (Cello)",,,,,,,,,,
Osvaldo Pugliese,Osvaldo Pugliese y su Orquesta Típica ,9/27/1974,Arrabal,Tango,Instrumental,Odeón,Tape-S,José Pascual,,,69-90 / Final Orchestra ,Osvaldo Pugliese ,Fernando Romano,"Arturo Penón, Daniel Binelli, Juan José Mosalini, Rodolfo Mederos","Osvaldo Monterde, Raúl Domínguez, Santiago Kutchevasky, Adrián Pucci (Viola), Pedro Vidaurre (Cello)",,,,,,,,,,
Osvaldo Pugliese,Osvaldo Pugliese y su Orquesta Típica ,9/27/1974,Te Quiero,Tango,Abel Córdoba,Odeón,Tape-S,Francisco Canaro,Francisco Canaro,,69-90 / Final Orchestra ,Osvaldo Pugliese ,Fernando Romano,"Arturo Penón, Daniel Binelli, Juan José Mosalini, Rodolfo Mederos","Osvaldo Monterde, Raúl Domínguez, Santiago Kutchevasky, Adrián Pucci (Viola), Pedro Vidaurre (Cello)",,,,,,,,,,
Osvaldo Pugliese,Osvaldo Pugliese y su Orquesta Típica ,12/11/1974,Callejera,Tango,Abel Córdoba,Odeón,Tape-S,Fausto Frontera,Enrique Cadícamo,,69-90 / Final Orchestra ,Osvaldo Pugliese ,Fernando Romano,"Arturo Penón, Daniel Binelli, Juan José Mosalini, Rodolfo Mederos","Osvaldo Monterde, Raúl Domínguez, Eduardo Malaguarnera, Adrián Pucci (Viola), Pedro Vidaurre (Cello)",,,,,,,,,,
Osvaldo Pugliese,Osvaldo Pugliese y su Orquesta Típica ,12/11/1974,Malena,Tango,Instrumental,Odeón,Tape-S,Lucio Demare,Homero Manzi,,69-90 / Final Orchestra ,Osvaldo Pugliese ,Fernando Romano,"Arturo Penón, Daniel Binelli, Juan José Mosalini, Rodolfo Mederos","Osvaldo Monterde, Raúl Domínguez, Eduardo Malaguarnera, Adrián Pucci (Viola), Pedro Vidaurre (Cello)",,,,,,,,,,
Osvaldo Pugliese,Osvaldo Pugliese y su Orquesta Típica ,5/14/1976,Callao Once,Tango,Instrumental,Odeón,Tape-S,Javier Mazzea,,,69-90 / Final Orchestra ,Osvaldo Pugliese ,Domingo Diani,"Arturo Penón, Daniel Binelli, Juan José Mosalini","Osvaldo Monterde, Raúl Domínguez, Julio Peressini, Merei Brain (Viola), Daniel Pucci (Cello)",,,,,,,,,,
Osvaldo Pugliese,Osvaldo Pugliese y su Orquesta Típica ,5/14/1976,Uno,Tango,Abel Córdoba,Odeón,Tape-S,Mariano Mores,Enrique Discépolo,,69-90 / Final Orchestra ,Osvaldo Pugliese ,Domingo Diani,"Arturo Penón, Daniel Binelli, Juan José Mosalini","Osvaldo Monterde, Raúl Domínguez, Julio Peressini, Merei Brain (Viola), Daniel Pucci (Cello)",,,,,,,,,,
Osvaldo Pugliese,Osvaldo Pugliese y su Orquesta Típica ,6/4/1976,Adiós Pampa Mía,Tango,Abel Córdoba,Odeón,Tape-S,Francisco Canaro; Mariano Mores,Ivo Pelay,,69-90 / Final Orchestra ,Osvaldo Pugliese ,Domingo Diani,"Arturo Penón, Daniel Binelli, Juan José Mosalini","Osvaldo Monterde, Raúl Domínguez, Julio Peressini, Merei Brain (Viola), Daniel Pucci (Cello)",,,,,,,,,,
Osvaldo Pugliese,Osvaldo Pugliese y su Orquesta Típica ,6/4/1976,Para Eduardo Arolas,Tango,Instrumental,Odeón,Tape-S,Osvaldo Pugliese,,,69-90 / Final Orchestra ,Osvaldo Pugliese ,Domingo Diani,"Arturo Penón, Daniel Binelli, Juan José Mosalini","Osvaldo Monterde, Raúl Domínguez, Julio Peressini, Merei Brain (Viola), Daniel Pucci (Cello)",,,,,,,,,,
Osvaldo Pugliese,Osvaldo Pugliese y su Orquesta Típica ,10/13/1976,Tiempos Viejos,Tango,Abel Córdoba,Odeón,Tape-S,Francisco Canaro,Manuel Romero,,69-90 / Final Orchestra ,Osvaldo Pugliese ,Domingo Diani,"Arturo Penón, Daniel Binelli, Juan José Mosalini, Alejandro Prevignano","Osvaldo Monterde, Raúl Domínguez, Julio Peressini, Merei Brain (Viola), Daniel Pucci (Cello)",,,,,,,,,,
Osvaldo Pugliese,Osvaldo Pugliese y su Orquesta Típica ,10/14/1976,Sur,Tango,Abel Córdoba,Odeón,Tape-S,Aníbal Troilo,Homero Manzi,,69-90 / Final Orchestra ,Osvaldo Pugliese ,Domingo Diani,"Arturo Penón, Daniel Binelli, Juan José Mosalini, Alejandro Prevignano","Osvaldo Monterde, Raúl Domínguez, Julio Peressini, Merei Brain (Viola), Daniel Pucci (Cello)",,,,,,,,,,
Osvaldo Pugliese,Osvaldo Pugliese y su Orquesta Típica ,6/14/1977,El Día Que Me Quieras,Tango,Instrumental,Odeón,Tape-S,Carlos Gardel,Alfredo Pera,,69-90 / Final Orchestra ,Osvaldo Pugliese ,Domingo Diani,"Arturo Penón, Daniel Binelli, Lisandro Adrover, Alejandro Prevignano","Osvaldo Monterde, Raúl Domínguez, Julio Peressini, Merei Brain (Viola), Daniel Pucci (Cello)",,,,,,,,,,
Osvaldo Pugliese,Osvaldo Pugliese y su Orquesta Típica ,6/14/1977,Quejas De Bandoneón,Tango,Instrumental,Odeón,Tape-S,Juan Filiberto,,,69-90 / Final Orchestra ,Osvaldo Pugliese ,Domingo Diani,"Arturo Penón, Daniel Binelli, Lisandro Adrover, Alejandro Prevignano","Osvaldo Monterde, Raúl Domínguez, Julio Peressini, Merei Brain (Viola), Daniel Pucci (Cello)",,,,,,,,,,
Osvaldo Pugliese,Osvaldo Pugliese y su Orquesta Típica ,10/20/1977,Los Mareados,Tango,Instrumental,Odeón,Tape-S,Juan Cobián,Enrique Cadícamo,,69-90 / Final Orchestra ,Osvaldo Pugliese ,Domingo Diani,"Arturo Penón, Daniel Binelli, Lisandro Adrover, Alejandro Prevignano","Osvaldo Monterde, Raúl Domínguez, Julio Peressini, Merei Brain (Viola), Daniel Pucci (Cello)",,,,,,,,,,
Osvaldo Pugliese,Osvaldo Pugliese y su Orquesta Típica ,10/20/1977,Mentira,Tango,Nelly Vázquez,Odeón,Tape-S,Francisco Pracánico,Celedonio Flores,,69-90 / Final Orchestra ,Osvaldo Pugliese ,Domingo Diani,"Arturo Penón, Daniel Binelli, Lisandro Adrover, Alejandro Prevignano","Osvaldo Monterde, Raúl Domínguez, Julio Peressini, Merei Brain (Viola), Daniel Pucci (Cello)",,,,,,,,,,
Osvaldo Pugliese,Osvaldo Pugliese y su Orquesta Típica ,12/20/1978,El Africano,Tango,Instrumental,Odeón,Tape-S,Eduardo Pereyra,Francisco Lío,,69-90 / Final Orchestra ,Osvaldo Pugliese ,Domingo Diani,"Arturo Penón, Daniel Binelli, Roberto Alvarez, Alejandro Prevignano","Osvaldo Monterde, Raúl Domínguez, Julio Peressini, Merei Brain (Viola), Silvio Pucci (Cello)",,,,,,,,,,
Osvaldo Pugliese,Osvaldo Pugliese y su Orquesta Típica ,12/20/1978,El Japanga,Tango,Instrumental,Odeón,Tape-S,Osvaldo Pugliese,,,69-90 / Final Orchestra ,Osvaldo Pugliese ,Domingo Diani,"Arturo Penón, Daniel Binelli, Roberto Alvarez, Alejandro Prevignano","Osvaldo Monterde, Raúl Domínguez, Julio Peressini, Merei Brain (Viola), Silvio Pucci (Cello)",,,,,,,,,,
Osvaldo Pugliese,Osvaldo Pugliese y su Orquesta Típica ,12/20/1978,Mato Y Voy,Tango,Instrumental,Odeón,Tape-S,Ernesto Baffa,,,69-90 / Final Orchestra ,Osvaldo Pugliese ,Domingo Diani,"Arturo Penón, Daniel Binelli, Roberto Alvarez, Alejandro Prevignano","Osvaldo Monterde, Raúl Domínguez, Julio Peressini, Merei Brain (Viola), Silvio Pucci (Cello)",,,,,,,,,,
Osvaldo Pugliese,Osvaldo Pugliese y su Orquesta Típica ,12/27/1979,Berretín,Tango,Instrumental,Odeón,Tape-S,Pedro Laurenz,Enrique Cadícamo,,69-90 / Final Orchestra ,Osvaldo Pugliese ,Amílcar Tolosa,"Arturo Penón, Daniel Binelli, Roberto Alvarez, Alejandro Prevignano","Osvaldo Monterde, Raúl Domínguez, Julio Peressini, Merei Brain (Viola), Silvio Pucci (Cello)",,,,,,,,,,
Osvaldo Pugliese,Osvaldo Pugliese y su Orquesta Típica ,12/27/1979,Desde El Alma,Vals,Instrumental,Odeón,Tape-S,Rosita Melo,Víctor Vélez; Homero Manzi,,69-90 / Final Orchestra ,Osvaldo Pugliese ,Amílcar Tolosa,"Arturo Penón, Daniel Binelli, Roberto Alvarez, Alejandro Prevignano","Osvaldo Monterde, Raúl Domínguez, Julio Peressini, Merei Brain (Viola), Silvio Pucci (Cello)",,,,,,,,,,
Osvaldo Pugliese,Osvaldo Pugliese y su Orquesta Típica ,12/27/1979,Madrugados Bien Temprano,Tango,Instrumental,Odeón,Tape-S,Osvaldo Pugliese,,,69-90 / Final Orchestra ,Osvaldo Pugliese ,Amílcar Tolosa,"Arturo Penón, Daniel Binelli, Roberto Alvarez, Alejandro Prevignano","Osvaldo Monterde, Raúl Domínguez, Julio Peressini, Merei Brain (Viola), Silvio Pucci (Cello)",,,,,,,,,,
Osvaldo Pugliese,Osvaldo Pugliese y su Orquesta Típica ,12/27/1979,Mi Noche Triste,Tango,Instrumental,Odeón,Tape-S,Samuel Castriota,Pascual Contursi,,69-90 / Final Orchestra ,Osvaldo Pugliese ,Amílcar Tolosa,"Arturo Penón, Daniel Binelli, Roberto Alvarez, Alejandro Prevignano","Osvaldo Monterde, Raúl Domínguez, Julio Peressini, Merei Brain (Viola), Silvio Pucci (Cello)",,,,,,,,,,
Osvaldo Pugliese,Osvaldo Pugliese y su Orquesta Típica ,12/27/1979,Parlamento,Tango,Instrumental,Odeón,Tape-S,Julio Caro,Richard Russo,,69-90 / Final Orchestra ,Osvaldo Pugliese ,Amílcar Tolosa,"Arturo Penón, Daniel Binelli, Roberto Alvarez, Alejandro Prevignano","Osvaldo Monterde, Raúl Domínguez, Julio Peressini, Merei Brain (Viola), Silvio Pucci (Cello)",,,,,,,,,,
Osvaldo Pugliese,Osvaldo Pugliese y su Orquesta Típica ,6/3/1980,A Un Artista Plástico,Tango,Instrumental,Odeón,Tape-S,Arturo Penón,,,69-90 / Final Orchestra ,Osvaldo Pugliese ,Amílcar Tolosa,"Arturo Penón, Daniel Binelli, Roberto Alvarez, Alejandro Prevignano","Osvaldo Monterde, Raúl Domínguez, Julio Peressini, Merei Brain (Viola), Silvio Pucci (Cello)",,,,,,,,,-,
Osvaldo Pugliese,Osvaldo Pugliese y su Orquesta Típica ,6/3/1980,Tengo Calle,Tango,Instrumental,Odeón,Tape-S,Silvio Pucci,,,69-90 / Final Orchestra ,Osvaldo Pugliese ,Amílcar Tolosa,"Arturo Penón, Daniel Binelli, Roberto Alvarez, Alejandro Prevignano","Osvaldo Monterde, Raúl Domínguez, Julio Peressini, Merei Brain (Viola), Silvio Pucci (Cello)",,,,,,,,,,
Osvaldo Pugliese,Osvaldo Pugliese y su Orquesta Típica ,9/10/1980,Cuando Tallan Los Recuerdos,Tango,Instrumental,Odeón,Tape-S,Rafael Rossi,Enrique Cadícamo,,69-90 / Final Orchestra ,Osvaldo Pugliese ,Amílcar Tolosa,"Arturo Penón, Daniel Binelli, Roberto Alvarez, Alejandro Prevignano","Osvaldo Monterde, Raúl Domínguez, Julio Peressini, Merei Brain (Viola), Silvio Pucci (Cello)",,,,,,,,,-,
Osvaldo Pugliese,Osvaldo Pugliese y su Orquesta Típica ,9/10/1980,De Pura Cepa,Milonga,Instrumental,Odeón,Tape-S,José Ceglie; Antonio Molina,Osvaldo Cordero,,69-90 / Final Orchestra ,Osvaldo Pugliese ,Amílcar Tolosa,"Arturo Penón, Daniel Binelli, Roberto Alvarez, Alejandro Prevignano","Osvaldo Monterde, Raúl Domínguez, Julio Peressini, Merei Brain (Viola), Silvio Pucci (Cello)",,,,,,,,,-,
Osvaldo Pugliese,Osvaldo Pugliese y su Orquesta Típica ,9/10/1980,Montaraz,Tango,Instrumental,Odeón,Tape-S,Vicente Greco,,,69-90 / Final Orchestra ,Osvaldo Pugliese ,Amílcar Tolosa,"Arturo Penón, Daniel Binelli, Roberto Alvarez, Alejandro Prevignano","Osvaldo Monterde, Raúl Domínguez, Julio Peressini, Merei Brain (Viola), Silvio Pucci (Cello)",,,,,,,,,,
Osvaldo Pugliese,Osvaldo Pugliese y su Orquesta Típica ,9/10/1980,Recién,Tango,Abel Córdoba,Odeón,Tape-S,Osvaldo Pugliese,Homero Manzi,,69-90 / Final Orchestra ,Osvaldo Pugliese ,Amílcar Tolosa,"Arturo Penón, Daniel Binelli, Roberto Alvarez, Alejandro Prevignano","Osvaldo Monterde, Raúl Domínguez, Julio Peressini, Merei Brain (Viola), Silvio Pucci (Cello)",,,,,,,,,,
Osvaldo Pugliese,Osvaldo Pugliese y su Orquesta Típica ,7/1/1981,Quinto Año,Tango,Adrián Guida,Odeón,Tape-S,Osvaldo Tarantino,Juanca Tavera,,69-90 / Final Orchestra ,Osvaldo Pugliese ,Amílcar Tolosa,"Arturo Penón, Daniel Binelli, Roberto Alvarez, Alejandro Prevignano","Osvaldo Monterde, Raúl Domínguez, Julio Peressini, Merei Brain (Viola), Silvio Pucci (Cello)",,,,,,,,,-,
Osvaldo Pugliese,Osvaldo Pugliese y su Orquesta Típica ,7/1/1981,Tiempo De Tranvías,Tango,Abel Córdoba,Odeón,Tape-S,Raúl Garello,Héctor Negro,,69-90 / Final Orchestra ,Osvaldo Pugliese ,Amílcar Tolosa,"Arturo Penón, Daniel Binelli, Roberto Alvarez, Alejandro Prevignano","Osvaldo Monterde, Raúl Domínguez, Julio Peressini, Merei Brain (Viola), Silvio Pucci (Cello)",,,,,,,,,,
Osvaldo Pugliese,Osvaldo Pugliese y su Orquesta Típica ,7/8/1981,Cómo Se Pianta La Vida,Tango,Abel Córdoba,Odeón,Tape-S,Carlos Viván,Carlos Viván,,69-90 / Final Orchestra ,Osvaldo Pugliese ,Amílcar Tolosa,"Arturo Penón, Daniel Binelli, Roberto Alvarez, Alejandro Prevignano","Osvaldo Monterde, Raúl Domínguez, Julio Peressini, Merei Brain (Viola), Silvio Pucci (Cello)",,,,,,,,,,
Osvaldo Pugliese,Osvaldo Pugliese y su Orquesta Típica ,7/17/1981,Cómo Te Parecés A Mi Guitarra,Milonga,Adrián Guida,Odeón,Tape-S,Nicolás D'Alessandro,Salvador D'Alessandro,,69-90 / Final Orchestra ,Osvaldo Pugliese ,Amílcar Tolosa,"Arturo Penón, Daniel Binelli, Roberto Alvarez, Alejandro Prevignano","Osvaldo Monterde, Raúl Domínguez, Julio Peressini, Merei Brain (Viola), Silvio Pucci (Cello)",,,,,,,,,,
Osvaldo Pugliese,Osvaldo Pugliese y su Orquesta Típica ,7/17/1981,Madrugada Porteña,Tango,Eduardo Espinoza,Odeón,Tape-S,José Libertella,Orlando Punzi,,69-90 / Final Orchestra ,Osvaldo Pugliese ,Amílcar Tolosa,"Arturo Penón, Daniel Binelli, Roberto Alvarez, Alejandro Prevignano","Osvaldo Monterde, Raúl Domínguez, Julio Peressini, Merei Brain (Viola), Silvio Pucci (Cello)",,,,,,,,,,
Osvaldo Pugliese,Osvaldo Pugliese y su Orquesta Típica ,7/29/1981,Contame Una Historia,Tango,Hernán Salinas,Odeón,Tape-S,Eladia Blázquez,Mario Iaquinandi,,69-90 / Final Orchestra ,Osvaldo Pugliese ,Amílcar Tolosa,"Arturo Penón, Daniel Binelli, Roberto Alvarez, Alejandro Prevignano","Osvaldo Monterde, Raúl Domínguez, Julio Peressini, Merei Brain (Viola), Silvio Pucci (Cello)",,,,,,,,,,
Osvaldo Pugliese,Osvaldo Pugliese y su Orquesta Típica ,7/29/1981,Juan Pueblo,Tango,Instrumental,Odeón,Tape-S,Ismael Spitalnik,,,69-90 / Final Orchestra ,Osvaldo Pugliese ,Amílcar Tolosa,"Arturo Penón, Daniel Binelli, Roberto Alvarez, Alejandro Prevignano","Osvaldo Monterde, Raúl Domínguez, Julio Peressini, Merei Brain (Viola), Silvio Pucci (Cello)",,,,,,,,,,
Osvaldo Pugliese,Osvaldo Pugliese y su Orquesta Típica ,8/1/1981,Después,Tango,Abel Córdoba,Odeón,Tape-S,Hugo Gutiérrez,Homero Manzi,,69-90 / Final Orchestra ,Osvaldo Pugliese ,Amílcar Tolosa,"Arturo Penón, Daniel Binelli, Roberto Alvarez, Alejandro Prevignano","Osvaldo Monterde, Raúl Domínguez, Julio Peressini, Merei Brain (Viola), Silvio Pucci (Cello)",,,,,,,,,,
Osvaldo Pugliese,Osvaldo Pugliese y su Orquesta Típica ,12/3/1981,La Piel De Buenos Aires,Tango,Jorge Guillermo,Odeón,Tape-S,Pedro Ortiz,Javier Mazzea,,69-90 / Final Orchestra ,Osvaldo Pugliese ,Amílcar Tolosa,"Arturo Penón, Daniel Binelli, Roberto Alvarez, Alejandro Prevignano","Osvaldo Monterde, Raúl Domínguez, Julio Peressini, Merei Brain (Viola), Silvio Pucci (Cello)",,,,,,,,,,
Osvaldo Pugliese,Osvaldo Pugliese y su Orquesta Típica ,12/3/1981,Mi Viejo Es Amigo Mío,Milonga,Guillermo Galvé,Odeón,Tape-S,Horacio Quintana,J. Martín,,69-90 / Final Orchestra ,Osvaldo Pugliese ,Amílcar Tolosa,"Arturo Penón, Daniel Binelli, Roberto Alvarez, Alejandro Prevignano","Osvaldo Monterde, Raúl Domínguez, Julio Peressini, Merei Brain (Viola), Silvio Pucci (Cello)",,,,,,,,,,
Osvaldo Pugliese,Osvaldo Pugliese y su Orquesta Típica ,12/23/1981,Volver,Tango,Adrián Guida,Odeón,Tape-S,Carlos Gardel,Alfredo Pera,,69-90 / Final Orchestra ,Osvaldo Pugliese ,Amílcar Tolosa,"Arturo Penón, Daniel Binelli, Roberto Alvarez, Alejandro Prevignano","Osvaldo Monterde, Raúl Domínguez, Julio Peressini, Merei Brain (Viola), Silvio Pucci (Cello)",,,,,,,,,,
Osvaldo Pugliese,Osvaldo Pugliese y su Orquesta Típica ,12/23/1981,Y No Puedo Olvidarte,Tango,María Graña,Odeón,Tape-S,Armando Cupo,Abel Aznar,,69-90 / Final Orchestra ,Osvaldo Pugliese ,Amílcar Tolosa,"Arturo Penón, Daniel Binelli, Roberto Alvarez, Alejandro Prevignano","Osvaldo Monterde, Raúl Domínguez, Julio Peressini, Merei Brain (Viola), Silvio Pucci (Cello)",,,,,,,,,,
Osvaldo Pugliese,Osvaldo Pugliese y su Orquesta Típica ,5/31/1982,Son Y Serán Argentinas,Tango,Adrián Guida,Odeón,Tape-S,Sebastián Piana,Gallardo Sarmiento,,69-90 / Final Orchestra ,Osvaldo Pugliese ,Amílcar Tolosa,"Daniel Binelli, Roberto Alvarez, Alejandro Prevignano","Osvaldo Monterde, Raúl Domínguez, Julio Peressini, Merei Brain (Viola), Silvio Pucci (Cello)",,,,,,,,,,
Osvaldo Pugliese,Osvaldo Pugliese y su Orquesta Típica ,5/31/1982,Verdenuevo,Tango,Instrumental,Odeón,Tape-S,Raúl Garello,,,69-90 / Final Orchestra ,Osvaldo Pugliese ,Amílcar Tolosa,"Daniel Binelli, Roberto Alvarez, Alejandro Prevignano","Osvaldo Monterde, Raúl Domínguez, Julio Peressini, Merei Brain (Viola), Silvio Pucci (Cello)",,,,,,,,,,
Osvaldo Pugliese,Osvaldo Pugliese y su Orquesta Típica ,6/30/1982,Cordón,Tango,José Ángel Trelles,Odeón,Tape-S,Chico Novarro,Chico Novarro,,69-90 / Final Orchestra ,Osvaldo Pugliese ,Amílcar Tolosa,"Daniel Binelli, Roberto Alvarez, Alejandro Prevignano","Osvaldo Monterde, Raúl Domínguez, Julio Peressini, Merei Brain (Viola), Silvio Pucci (Cello)",,,,,,,,,,
Osvaldo Pugliese,Osvaldo Pugliese y su Orquesta Típica ,6/30/1982,Mi Bandoneón Y Yo,Tango,Gustavo Nocetti,Odeón,Tape-S,Rubén Juárez,Julio Martín,,69-90 / Final Orchestra ,Osvaldo Pugliese ,Amílcar Tolosa,"Daniel Binelli, Roberto Alvarez, Alejandro Prevignano","Osvaldo Monterde, Raúl Domínguez, Julio Peressini, Merei Brain (Viola), Silvio Pucci (Cello)",,,,,,,,,,
Osvaldo Pugliese,Osvaldo Pugliese y su Orquesta Típica ,8/3/1982,De Espaldas,Tango,Abel Córdoba,Odeón,Tape-S,Rubén Juárez,Julio Martín,,69-90 / Final Orchestra ,Osvaldo Pugliese ,Amílcar Tolosa,"Daniel Binelli, Roberto Alvarez, Alejandro Prevignano","Osvaldo Monterde, Raúl Domínguez, Julio Peressini, Merei Brain (Viola), Silvio Pucci (Cello)",,,,,,,,,,
Osvaldo Pugliese,Osvaldo Pugliese y su Orquesta Típica ,8/3/1982,Racconto,Tango,Instrumental,Odeón,Tape-S,Carlos García,Margarita Durán,,69-90 / Final Orchestra ,Osvaldo Pugliese ,Amílcar Tolosa,"Daniel Binelli, Roberto Alvarez, Alejandro Prevignano","Osvaldo Monterde, Raúl Domínguez, Julio Peressini, Merei Brain (Viola), Silvio Pucci (Cello)",,,,,,,,,,
Osvaldo Pugliese,Osvaldo Pugliese y su Orquesta Típica ,9/3/1982,Esta Es Mi Ciudad,Tango,Patricia Lasala,Odeón,Tape-S,Osvaldo Requena,Julian Centeya,,69-90 / Final Orchestra ,Osvaldo Pugliese ,Amílcar Tolosa,"Daniel Binelli, Roberto Alvarez, Alejandro Prevignano","Osvaldo Monterde, Raúl Domínguez, Julio Peressini, Merei Brain (Viola), Silvio Pucci (Cello)",,,,,,,,,,
Osvaldo Pugliese,Osvaldo Pugliese y su Orquesta Típica ,9/3/1982,Pa' Los Medicos,Tango,Instrumental,Odeón,Tape-S,Osvaldo Pugliese,,,69-90 / Final Orchestra ,Osvaldo Pugliese ,Amílcar Tolosa,"Daniel Binelli, Roberto Alvarez, Alejandro Prevignano","Osvaldo Monterde, Raúl Domínguez, Julio Peressini, Merei Brain (Viola), Silvio Pucci (Cello)",,,,,,,,,,
Osvaldo Pugliese,Osvaldo Pugliese y su Orquesta Típica ,11/15/1982,A Mí Me Copa El Tango,Tango,Abel Córdoba,Odeón,Tape-S,Diana Claret,Renée Díaz,,69-90 / Final Orchestra ,Osvaldo Pugliese ,Amílcar Tolosa,"Daniel Binelli, Roberto Alvarez, Alejandro Prevignano","Osvaldo Monterde, Raúl Domínguez, Julio Peressini, Merei Brain (Viola), Silvio Pucci (Cello)",,,,,,,,,,
Osvaldo Pugliese,Osvaldo Pugliese y su Orquesta Típica ,11/15/1982,Chacabuqueando,Tango,Instrumental,Odeón,Tape-S,Roberto Álvarez,,,69-90 / Final Orchestra ,Osvaldo Pugliese ,Amílcar Tolosa,"Daniel Binelli, Roberto Alvarez, Alejandro Prevignano","Osvaldo Monterde, Raúl Domínguez, Julio Peressini, Merei Brain (Viola), Silvio Pucci (Cello)",,,,,,,,,,
Osvaldo Pugliese,Osvaldo Pugliese y su Orquesta Típica ,10/16/1984,Preguntas Para Mi Viejo,Tango,Abel Córdoba,Odeón,Tape-S,Arturo Penón,Héctor Negro,,69-90 / Final Orchestra ,Osvaldo Pugliese ,Amílcar Tolosa,"Roberto Alvarez, Alejandro Prevignano, Fabio Lapinta","Osvaldo Monterde, Gabriel Rivas, Diego Lerendegui, Fernando Rodríguez, Merei Brain (Viola), Silvio Pucci (Cello)",,,,,,,,,,
Osvaldo Pugliese,Osvaldo Pugliese y su Orquesta Típica ,10/16/1984,Toda Mi Vida,Tango,Instrumental,Odeón,Tape-S,Aníbal Troilo,José Contursi,,69-90 / Final Orchestra ,Osvaldo Pugliese ,Amílcar Tolosa,"Roberto Alvarez, Alejandro Prevignano, Fabio Lapinta","Osvaldo Monterde, Gabriel Rivas, Diego Lerendegui, Fernando Rodríguez, Merei Brain (Viola), Silvio Pucci (Cello)",,,,,,,,,,
Osvaldo Pugliese,Osvaldo Pugliese y su Orquesta Típica ,4/25/1985,Recuerdo,Tango,Instrumental,Odeón,Tape-S,Eduardo Moreno,,,69-90 / Final Orchestra ,Osvaldo Pugliese ,Amílcar Tolosa,"Roberto Alvarez, Alejandro Prevignano, Fabio Lapinta","Osvaldo Monterde, Gabriel Rivas, Diego Lerendegui, Fernando Rodríguez, Merei Brain (Viola), Silvio Pucci (Cello)",,,,,,,,,,
Osvaldo Pugliese,Osvaldo Pugliese y su Orquesta Típica ,4/30/1985,Calor De Hogar,Tango,Adrián Guida,Odeón,Tape-S,Eugenio Carrere,Jesús Blanco,,69-90 / Final Orchestra ,Osvaldo Pugliese ,Amílcar Tolosa,"Roberto Alvarez, Alejandro Prevignano, Fabio Lapinta","Osvaldo Monterde, Gabriel Rivas, Diego Lerendegui, Fernando Rodríguez, Merei Brain (Viola), Silvio Pucci (Cello)",,,,,,,,,,
Osvaldo Pugliese,Osvaldo Pugliese y su Orquesta Típica ,4/30/1985,Guardia Vieja 4049,Tango,Instrumental,Odeón,Tape-S,Armando Lacava,,,69-90 / Final Orchestra ,Osvaldo Pugliese ,Amílcar Tolosa,"Roberto Alvarez, Alejandro Prevignano, Fabio Lapinta","Osvaldo Monterde, Gabriel Rivas, Diego Lerendegui, Fernando Rodríguez, Merei Brain (Viola), Silvio Pucci (Cello)",,,,,,,,,,
Osvaldo Pugliese,Osvaldo Pugliese y su Orquesta Típica ,4/30/1985,Milonga Para Gardel,Milonga,Córdoba y Guida,Odeón,Tape-S,Carlos Viván,Horacio Sanguinetti,,69-90 / Final Orchestra ,Osvaldo Pugliese ,Amílcar Tolosa,"Roberto Alvarez, Alejandro Prevignano, Fabio Lapinta","Osvaldo Monterde, Gabriel Rivas, Diego Lerendegui, Fernando Rodríguez, Merei Brain (Viola), Silvio Pucci (Cello)",,,,,,,,,,
Osvaldo Pugliese,Osvaldo Pugliese y su Orquesta Típica ,5/21/1985,Andrés Selpa,Tango,Instrumental,Odeón,Tape-S,Osvaldo Pugliese,,,69-90 / Final Orchestra ,Osvaldo Pugliese ,Amílcar Tolosa,"Roberto Alvarez, Alejandro Prevignano, Fabio Lapinta","Osvaldo Monterde, Gabriel Rivas, Diego Lerendegui, Fernando Rodríguez, Merei Brain (Viola), Silvio Pucci (Cello)",,,,,,,,,,
Osvaldo Pugliese,Osvaldo Pugliese y su Orquesta Típica ,5/21/1985,Pa' Lo Que Te Va Durar!,Tango,Abel Córdoba,Odeón,Tape-S,Guillermo Barbieri,Celedonio Flores,,69-90 / Final Orchestra ,Osvaldo Pugliese ,Amílcar Tolosa,"Roberto Alvarez, Alejandro Prevignano, Fabio Lapinta","Osvaldo Monterde, Gabriel Rivas, Diego Lerendegui, Fernando Rodríguez, Merei Brain (Viola), Silvio Pucci (Cello)",,,,,,,,,,
Osvaldo Pugliese,Osvaldo Pugliese y su Orquesta Típica ,6/28/1985,Copacabana,Tango,Instrumental,Odeón,Tape-S,Julio Caro,Antonio Penadés,,69-90 / Final Orchestra ,Osvaldo Pugliese ,Amílcar Tolosa,"Roberto Alvarez, Alejandro Prevignano, Fabio Lapinta","Osvaldo Monterde, Gabriel Rivas, Diego Lerendegui, Fernando Rodríguez, Merei Brain (Viola), Silvio Pucci (Cello)",,,,,,,,,,
Osvaldo Pugliese,Osvaldo Pugliese y su Orquesta Típica ,6/28/1985,Reencuentro De Amor,Tango,Adrián Guida,Odeón,Tape-S,,,,69-90 / Final Orchestra ,Osvaldo Pugliese ,Amílcar Tolosa,"Roberto Alvarez, Alejandro Prevignano, Fabio Lapinta","Osvaldo Monterde, Gabriel Rivas, Diego Lerendegui, Fernando Rodríguez, Merei Brain (Viola), Silvio Pucci (Cello)",,,,,,,,,,
Osvaldo Pugliese,Osvaldo Pugliese y su Orquesta Típica ,11/11/1985,El Encopao,Tango,Instrumental,Odeón,Tape-S,Osvaldo Pugliese,Enrique Dizeo,,69-90 / Final Orchestra ,Osvaldo Pugliese ,Amílcar Tolosa,"Roberto Alvarez, Alejandro Prevignano, Fabio Lapinta","Osvaldo Monterde, Gabriel Rivas, Diego Lerendegui, Fernando Rodríguez, Merei Brain (Viola), Silvio Pucci (Cello)",,,,,,,,,,
Osvaldo Pugliese,Osvaldo Pugliese y su Orquesta Típica ,11/11/1985,Melodía De Arrabal,Tango,Abel Córdoba,Odeón,Tape-S,Carlos Gardel,Alfredo Pera; Mario Battistella,,69-90 / Final Orchestra ,Osvaldo Pugliese ,Amílcar Tolosa,"Roberto Alvarez, Alejandro Prevignano, Fabio Lapinta","Osvaldo Monterde, Gabriel Rivas, Diego Lerendegui, Fernando Rodríguez, Merei Brain (Viola), Silvio Pucci (Cello)",,,,,,,,,,
Osvaldo Pugliese,Osvaldo Pugliese y su Orquesta Típica ,11/15/1985,Almagro,Tango,Adrián Guida,Odeón,Tape-S,Vicente Lorenzo,Antonio Polito,,69-90 / Final Orchestra ,Osvaldo Pugliese ,Amílcar Tolosa,"Roberto Alvarez, Alejandro Prevignano, Fabio Lapinta","Osvaldo Monterde, Gabriel Rivas, Diego Lerendegui, Fernando Rodríguez, Merei Brain (Viola), Silvio Pucci (Cello)",,,,,,,,,,
Osvaldo Pugliese,Osvaldo Pugliese y su Orquesta Típica ,11/15/1985,Protocoleando,Tango,Instrumental,Odeón,Tape-S,Osvaldo Pugliese,,,69-90 / Final Orchestra ,Osvaldo Pugliese ,Amílcar Tolosa,"Roberto Alvarez, Alejandro Prevignano, Fabio Lapinta","Osvaldo Monterde, Gabriel Rivas, Diego Lerendegui, Fernando Rodríguez, Merei Brain (Viola), Silvio Pucci (Cello)",,,,,,,,,,
Osvaldo Pugliese,Osvaldo Pugliese y su Orquesta Típica ,4/21/1986,Por Unos Ojos Negros,Tango,Abel Córdoba,Odeón,Tape-S,José Dames,Horacio Sanguinetti,,69-90 / Final Orchestra ,Osvaldo Pugliese ,Amílcar Tolosa,"Roberto Alvarez, Alejandro Prevignano, Fabio Lapinta","Osvaldo Monterde, Gabriel Rivas, Diego Lerendegui, Fernando Rodríguez, Merei Brain (Viola), Silvio Pucci (Cello)",,,,,,,,,,
Osvaldo Pugliese,Osvaldo Pugliese y su Orquesta Típica ,4/21/1986,Vieja Amiga,Tango,Adrián Guida,Odeón,Tape-S,Pedro Laurenz,José Contursi,,69-90 / Final Orchestra ,Osvaldo Pugliese ,Amílcar Tolosa,"Roberto Alvarez, Alejandro Prevignano, Fabio Lapinta","Osvaldo Monterde, Gabriel Rivas, Diego Lerendegui, Fernando Rodríguez, Merei Brain (Viola), Silvio Pucci (Cello)",,,,,,,,,,
Osvaldo Pugliese,Osvaldo Pugliese y su Orquesta Típica ,6/18/1986,Aquel Encuentro,Tango,Córdoba y Guida,Odeón,Tape-S,Roberto Caló,Federico Saniez,,69-90 / Final Orchestra ,Osvaldo Pugliese ,Amílcar Tolosa,"Roberto Alvarez, Alejandro Prevignano, Fabio Lapinta","Osvaldo Monterde, Gabriel Rivas, Diego Lerendegui, Fernando Rodríguez, Merei Brain (Viola), Silvio Pucci (Cello)",,,,,,,,,,
Osvaldo Pugliese,Osvaldo Pugliese y su Orquesta Típica ,6/18/1986,Elegante Papirusa,Tango,Instrumental,Odeón,Tape-S,David Roccatagliata,Sandalio Gómez,,69-90 / Final Orchestra ,Osvaldo Pugliese ,Amílcar Tolosa,"Roberto Alvarez, Alejandro Prevignano, Fabio Lapinta","Osvaldo Monterde, Gabriel Rivas, Diego Lerendegui, Fernando Rodríguez, Merei Brain (Viola), Silvio Pucci (Cello)",,,,,,,,,,
Osvaldo Pugliese,Osvaldo Pugliese y su Orquesta Típica ,6/18/1986,Suerte Loca,Tango,Instrumental,Odeón,Tape-S,Anselmo Aieta,Francisco Jiménez,,69-90 / Final Orchestra ,Osvaldo Pugliese ,Amílcar Tolosa,"Roberto Alvarez, Alejandro Prevignano, Fabio Lapinta","Osvaldo Monterde, Gabriel Rivas, Diego Lerendegui, Fernando Rodríguez, Merei Brain (Viola), Silvio Pucci (Cello)",,,,,,,,,,
Osvaldo Pugliese,Osvaldo Pugliese y su Orquesta Típica ,11/10/1986,Ensayando,Tango,Instrumental,Odeón,Tape-S,Alejandro Prevignano,,,69-90 / Final Orchestra ,Osvaldo Pugliese ,Amílcar Tolosa,"Roberto Alvarez, Alejandro Prevignano, Fabio Lapinta","Osvaldo Monterde, Gabriel Rivas, Diego Lerendegui, Fernando Rodríguez, Merei Brain (Viola), Silvio Pucci (Cello)",,,,,,,,,,
Osvaldo Pugliese,Osvaldo Pugliese y su Orquesta Típica ,11/10/1986,Hermosa Japonesita,Tango,Instrumental,Odeón,Tape-S,Osvaldo Pugliese,Javier Mazzea,,69-90 / Final Orchestra ,Osvaldo Pugliese ,Amílcar Tolosa,"Roberto Alvarez, Alejandro Prevignano, Fabio Lapinta","Osvaldo Monterde, Gabriel Rivas, Diego Lerendegui, Fernando Rodríguez, Merei Brain (Viola), Silvio Pucci (Cello)",,,,,,,,,,
Osvaldo Pugliese,Osvaldo Pugliese y su Orquesta Típica ,6/9/1987,Tokio Luminoso,Tango,Instrumental,Odeón,Tape-S,Osvaldo Pugliese,,,69-90 / Final Orchestra ,Osvaldo Pugliese ,Amílcar Tolosa,"Roberto Alvarez, Alejandro Prevignano, Fabio Lapinta","Osvaldo Monterde, Gabriel Rivas, Diego Lerendegui, Fernando Rodríguez, Merei Brain (Viola), Silvio Pucci (Cello)",,,,,,,,,,
Osvaldo Pugliese,Osvaldo Pugliese y su Orquesta Típica ,6/9/1987,Compañera,Tango,Abel Córdoba,Odeón,Tape-S,Osvaldo Pugliese,Julio Martín,,69-90 / Final Orchestra ,Osvaldo Pugliese ,Amílcar Tolosa,"Roberto Alvarez, Alejandro Prevignano, Fabio Lapinta","Osvaldo Monterde, Gabriel Rivas, Diego Lerendegui, Fernando Rodríguez, Merei Brain (Viola), Silvio Pucci (Cello)",,,,,,,,,,
Osvaldo Pugliese,Osvaldo Pugliese y su Orquesta Típica ,6/9/1987,Igual Que Una Sombra,Tango,Adrián Guida,Odeón,Tape-S,Osvaldo Pugliese,Enrique Cadícamo,,69-90 / Final Orchestra ,Osvaldo Pugliese ,Amílcar Tolosa,"Roberto Alvarez, Alejandro Prevignano, Fabio Lapinta","Osvaldo Monterde, Gabriel Rivas, Diego Lerendegui, Fernando Rodríguez, Merei Brain (Viola), Silvio Pucci (Cello)",,,,,,,,,,
Osvaldo Pugliese,Osvaldo Pugliese y su Orquesta Típica ,12/26/1985,Almagro,Tango,Instrumental,Live,Tape-S,Vicente Lorenzo,Antonio Polito,,69-90 / Final Orchestra ,Osvaldo Pugliese ,Amílcar Tolosa,"Roberto Alvarez, Alejandro Prevignano, Fabio Lapinta","Osvaldo Monterde, Gabriel Rivas, Diego Lerendegui, Fernando Rodríguez, Merei Brain (Viola), Silvio Pucci (Cello)",,,,,,,,,,
Osvaldo Pugliese,Osvaldo Pugliese y su Orquesta Típica ,12/26/1985,Arrabal,Tango,Instrumental,Live,Tape-S,José Pascual,,,69-90 / Final Orchestra ,Osvaldo Pugliese ,Amílcar Tolosa,"Roberto Alvarez, Alejandro Prevignano, Fabio Lapinta","Osvaldo Monterde, Gabriel Rivas, Diego Lerendegui, Fernando Rodríguez, Merei Brain (Viola), Silvio Pucci (Cello)",,,,,,,,,,
Osvaldo Pugliese,Osvaldo Pugliese y su Orquesta Típica ,12/26/1985,Los Mareados,Tango,Instrumental,Live,Tape-S,Juan Cobián,Enrique Cadícamo,,69-90 / Final Orchestra ,Osvaldo Pugliese ,Amílcar Tolosa,"Roberto Alvarez, Alejandro Prevignano, Fabio Lapinta","Osvaldo Monterde, Gabriel Rivas, Diego Lerendegui, Fernando Rodríguez, Merei Brain (Viola), Silvio Pucci (Cello)",,,,,,,,,,
Osvaldo Pugliese,Osvaldo Pugliese y su Orquesta Típica ,12/26/1985,Después,Tango,Instrumental,Live,Tape-S,Hugo Gutiérrez,Homero Manzi,,69-90 / Final Orchestra ,Osvaldo Pugliese ,Amílcar Tolosa,"Roberto Alvarez, Alejandro Prevignano, Fabio Lapinta","Osvaldo Monterde, Gabriel Rivas, Diego Lerendegui, Fernando Rodríguez, Merei Brain (Viola), Silvio Pucci (Cello)",,,,,,,,,,
Osvaldo Pugliese,Osvaldo Pugliese y su Orquesta Típica ,12/26/1985,Quinto Año,Tango,Instrumental,Live,Tape-S,Osvaldo Tarantino,Juanca Tavera,,69-90 / Final Orchestra ,Osvaldo Pugliese ,Amílcar Tolosa,"Roberto Alvarez, Alejandro Prevignano, Fabio Lapinta","Osvaldo Monterde, Gabriel Rivas, Diego Lerendegui, Fernando Rodríguez, Merei Brain (Viola), Silvio Pucci (Cello)",,,,,,,,,,
Osvaldo Pugliese,Osvaldo Pugliese y su Orquesta Típica ,12/26/1985,Chacabuqueando,Tango,Instrumental,Live,Tape-S,Roberto Álvarez,,,69-90 / Final Orchestra ,Osvaldo Pugliese ,Amílcar Tolosa,"Roberto Alvarez, Alejandro Prevignano, Fabio Lapinta","Osvaldo Monterde, Gabriel Rivas, Diego Lerendegui, Fernando Rodríguez, Merei Brain (Viola), Silvio Pucci (Cello)",,,,,,,,,,
Osvaldo Pugliese,Osvaldo Pugliese y su Orquesta Típica ,12/26/1985,A Evaristo Carriego,Tango,Instrumental,Live,Tape-S,Eduardo Rovira,,,69-90 / Final Orchestra ,Osvaldo Pugliese ,Amílcar Tolosa,"Roberto Alvarez, Alejandro Prevignano, Fabio Lapinta","Osvaldo Monterde, Gabriel Rivas, Diego Lerendegui, Fernando Rodríguez, Merei Brain (Viola), Silvio Pucci (Cello)",,,,,,,,,,
Osvaldo Pugliese,Osvaldo Pugliese y su Orquesta Típica ,12/26/1985,Melodía De Arrabal,Tango,Instrumental,Live,Tape-S,Carlos Gardel,Alfredo Pera; Mario Battistella,,69-90 / Final Orchestra ,Osvaldo Pugliese ,Amílcar Tolosa,"Roberto Alvarez, Alejandro Prevignano, Fabio Lapinta","Osvaldo Monterde, Gabriel Rivas, Diego Lerendegui, Fernando Rodríguez, Merei Brain (Viola), Silvio Pucci (Cello)",,,,,,,,,,
Osvaldo Pugliese,Osvaldo Pugliese y su Orquesta Típica ,12/26/1985,Recuerdo,Tango,Instrumental,Live,Tape-S,Osvaldo Pugliese,Eduardo Moreno,,69-90 / Final Orchestra ,Osvaldo Pugliese ,Amílcar Tolosa,"Roberto Alvarez, Alejandro Prevignano, Fabio Lapinta","Osvaldo Monterde, Gabriel Rivas, Diego Lerendegui, Fernando Rodríguez, Merei Brain (Viola), Silvio Pucci (Cello)",,,,,,,,,,
Osvaldo Pugliese,Osvaldo Pugliese y su Orquesta Típica ,12/26/1985,Chiqué,Tango,Instrumental,Live,Tape-S,Ricardo Brignolo,Ricardo Brignolo,,69-90 / Final Orchestra ,Osvaldo Pugliese ,Amílcar Tolosa,"Roberto Alvarez, Alejandro Prevignano, Fabio Lapinta","Osvaldo Monterde, Gabriel Rivas, Diego Lerendegui, Fernando Rodríguez, Merei Brain (Viola), Silvio Pucci (Cello)",,,,,,,,,,
Osvaldo Pugliese,Osvaldo Pugliese y su Orquesta Típica ,12/26/1985,Mala Junta,Tango,Instrumental,Live,Tape-S,Julio Caro; Pedro Laurenz,Juan Velich,,69-90 / Final Orchestra ,Osvaldo Pugliese ,Amílcar Tolosa,"Roberto Alvarez, Alejandro Prevignano, Fabio Lapinta","Osvaldo Monterde, Gabriel Rivas, Diego Lerendegui, Fernando Rodríguez, Merei Brain (Viola), Silvio Pucci (Cello)",,,,,,,,,,
Osvaldo Pugliese,Osvaldo Pugliese y su Orquesta Típica ,12/26/1985,La Canción De Buenos Aires,Tango,Instrumental,Live,Tape-S,Azucena Maizani; Orestes Cúfaro,Manuel Romero,,69-90 / Final Orchestra ,Osvaldo Pugliese ,Amílcar Tolosa,"Roberto Alvarez, Alejandro Prevignano, Fabio Lapinta","Osvaldo Monterde, Gabriel Rivas, Diego Lerendegui, Fernando Rodríguez, Merei Brain (Viola), Silvio Pucci (Cello)",,,,,,,,,,
Osvaldo Pugliese,Osvaldo Pugliese y su Orquesta Típica ,12/26/1985,Contame Una Historia,Tango,Instrumental,Live,Tape-S,Eladia Blázquez,Mario Iaquinandi,,69-90 / Final Orchestra ,Osvaldo Pugliese ,Amílcar Tolosa,"Roberto Alvarez, Alejandro Prevignano, Fabio Lapinta","Osvaldo Monterde, Gabriel Rivas, Diego Lerendegui, Fernando Rodríguez, Merei Brain (Viola), Silvio Pucci (Cello)",,,,,,,,,,
Osvaldo Pugliese,Osvaldo Pugliese y su Orquesta Típica ,12/26/1985,Copacabana,Tango,Instrumental,Live,Tape-S,Julio Caro,Antonio Penadés,,69-90 / Final Orchestra ,Osvaldo Pugliese ,Amílcar Tolosa,"Roberto Alvarez, Alejandro Prevignano, Fabio Lapinta","Osvaldo Monterde, Gabriel Rivas, Diego Lerendegui, Fernando Rodríguez, Merei Brain (Viola), Silvio Pucci (Cello)",,,,,,,,,,
Osvaldo Pugliese,Osvaldo Pugliese y su Orquesta Típica ,12/26/1985,Protocoleando,Tango,Instrumental,Live,Tape-S,Osvaldo Pugliese,,,69-90 / Final Orchestra ,Osvaldo Pugliese ,Amílcar Tolosa,"Roberto Alvarez, Alejandro Prevignano, Fabio Lapinta","Osvaldo Monterde, Gabriel Rivas, Diego Lerendegui, Fernando Rodríguez, Merei Brain (Viola), Silvio Pucci (Cello)",,,,,,,,,,
Osvaldo Pugliese,Osvaldo Pugliese y su Orquesta Típica ,12/26/1985,Milonga Para Gardel,Milonga,Instrumental,Live,Tape-S,Carlos Viván,Horacio Sanguinetti,,69-90 / Final Orchestra ,Osvaldo Pugliese ,Amílcar Tolosa,"Roberto Alvarez, Alejandro Prevignano, Fabio Lapinta","Osvaldo Monterde, Gabriel Rivas, Diego Lerendegui, Fernando Rodríguez, Merei Brain (Viola), Silvio Pucci (Cello)",,,,,,,,,,
Osvaldo Pugliese,Osvaldo Pugliese y su Orquesta Típica ,12/26/1985,Desde El Alma,Vals,Instrumental,Live,Tape-S,Rosita Melo,Víctor Vélez; Homero Manzi,,69-90 / Final Orchestra ,Osvaldo Pugliese ,Amílcar Tolosa,"Roberto Alvarez, Alejandro Prevignano, Fabio Lapinta","Osvaldo Monterde, Gabriel Rivas, Diego Lerendegui, Fernando Rodríguez, Merei Brain (Viola), Silvio Pucci (Cello)",,,,,,,,,,
Osvaldo Pugliese,Osvaldo Pugliese y su Orquesta Típica ,12/26/1985,Palabras De Osvaldo Pugliese,Tango,Instrumental,Live,Tape-S,,,,69-90 / Final Orchestra ,Osvaldo Pugliese ,Amílcar Tolosa,"Roberto Alvarez, Alejandro Prevignano, Fabio Lapinta","Osvaldo Monterde, Gabriel Rivas, Diego Lerendegui, Fernando Rodríguez, Merei Brain (Viola), Silvio Pucci (Cello)",,,,,,,,,,
Osvaldo Pugliese,Osvaldo Pugliese y su Orquesta Típica ,12/26/1985, La Yumba,Tango,Instrumental,Live,Tape-S,Osvaldo Pugliese,,,69-90 / Final Orchestra ,Osvaldo Pugliese ,Amílcar Tolosa,"Roberto Alvarez, Alejandro Prevignano, Fabio Lapinta","Osvaldo Monterde, Gabriel Rivas, Diego Lerendegui, Fernando Rodríguez, Merei Brain (Viola), Silvio Pucci (Cello)",,,,,,,,,,
Osvaldo Pugliese,Osvaldo Pugliese y su Orquesta Típica ,12/26/1985,La Mariposa,Tango,Instrumental,Live,Tape-S,Pedro Maffia,Celedonio Flores,,69-90 / Final Orchestra ,Osvaldo Pugliese ,Amílcar Tolosa,"Roberto Alvarez, Alejandro Prevignano, Fabio Lapinta","Osvaldo Monterde, Gabriel Rivas, Diego Lerendegui, Fernando Rodríguez, Merei Brain (Viola), Silvio Pucci (Cello)",,,,,,,,,,
Osvaldo Pugliese,Osvaldo Pugliese y su Orquesta Típica ,12/26/1985,Toda Mi Vida,Tango,Instrumental,Live,Tape-S,Aníbal Troilo,José Contursi,,69-90 / Final Orchestra ,Osvaldo Pugliese ,Amílcar Tolosa,"Roberto Alvarez, Alejandro Prevignano, Fabio Lapinta","Osvaldo Monterde, Gabriel Rivas, Diego Lerendegui, Fernando Rodríguez, Merei Brain (Viola), Silvio Pucci (Cello)",,,,,,,,,,
Osvaldo Pugliese,Osvaldo Pugliese y su Orquesta Típica ,12/26/1985,El Encopao,Tango,Instrumental,Live,Tape-S,Osvaldo Pugliese,Enrique Dizeo,,69-90 / Final Orchestra ,Osvaldo Pugliese ,Amílcar Tolosa,"Roberto Alvarez, Alejandro Prevignano, Fabio Lapinta","Osvaldo Monterde, Gabriel Rivas, Diego Lerendegui, Fernando Rodríguez, Merei Brain (Viola), Silvio Pucci (Cello)",,,,,,,,,,
Osvaldo Pugliese,Osvaldo Pugliese y su Orquesta Típica ,6/9/1905,Tokio Luminoso,Tango,Instrumental,Odeón,Tape-S,Osvaldo Pugliese,,,69-90 / Final Orchestra ,Osvaldo Pugliese ,Amílcar Tolosa,"Roberto Alvarez, Alejandro Prevignano, Fabio Lapinta","Osvaldo Monterde, Gabriel Rivas, Diego Lerendegui, Fernando Rodríguez, Merei Brain (Viola), Silvio Pucci (Cello)",,,,,,,,,,
Osvaldo Pugliese,Osvaldo Pugliese y su Orquesta Típica ,6/9/1905,Compañera,Tango,Abel Córdoba,Odeón,Tape-S,Osvaldo Pugliese,Julio Martín,,69-90 / Final Orchestra ,Osvaldo Pugliese ,Amílcar Tolosa,"Roberto Alvarez, Alejandro Prevignano, Fabio Lapinta","Osvaldo Monterde, Gabriel Rivas, Diego Lerendegui, Fernando Rodríguez, Merei Brain (Viola), Silvio Pucci (Cello)",,,,,,,,,,
Osvaldo Pugliese,Osvaldo Pugliese y su Orquesta Típica ,6/9/1905,Igual Que Una Sombra,Tango,Adrián Guida,Odeón,Tape-S,Osvaldo Pugliese,Enrique Cadícamo,,69-90 / Final Orchestra ,Osvaldo Pugliese ,Amílcar Tolosa,"Roberto Alvarez, Alejandro Prevignano, Fabio Lapinta","Osvaldo Monterde, Gabriel Rivas, Diego Lerendegui, Fernando Rodríguez, Merei Brain (Viola), Silvio Pucci (Cello)",,,,,,,,,,
Osvaldo Pugliese,Osvaldo Pugliese y su Orquesta Típica ,6/26/1989,Arrabal,Tango,Instrumental,Lucho (Live),,José Pascual,,,69-90 / Final Orchestra ,Osvaldo Pugliese ,Guillermo Ferrer,"Walther Castro, Alejandro Prevignano, Fabio Lapinta, Héctor Del Curto","Marcelo Prieto, Gabriel Rivas, Diego Lerendegui, Merei Brain (Viola), Patricio Villarejo (Cello)",,,,,,,,,,
Osvaldo Pugliese,Osvaldo Pugliese y su Orquesta Típica ,6/26/1989,Los Mareados,Tango,Instrumental,Lucho (Live),,Juan Cobián,Enrique Cadícamo,,69-90 / Final Orchestra ,Osvaldo Pugliese ,Guillermo Ferrer,"Walther Castro, Alejandro Prevignano, Fabio Lapinta, Héctor Del Curto","Marcelo Prieto, Gabriel Rivas, Diego Lerendegui, Merei Brain (Viola), Patricio Villarejo (Cello)",,,,,,,,,,
Osvaldo Pugliese,Osvaldo Pugliese y su Orquesta Típica ,6/26/1989,Melodía De Arrabal,Tango,Instrumental,Lucho (Live),,Carlos Gardel,Alfredo Pera; Mario Battistella,,69-90 / Final Orchestra ,Osvaldo Pugliese ,Guillermo Ferrer,"Walther Castro, Alejandro Prevignano, Fabio Lapinta, Héctor Del Curto","Marcelo Prieto, Gabriel Rivas, Diego Lerendegui, Merei Brain (Viola), Patricio Villarejo (Cello)",,,,,,,,,,
Osvaldo Pugliese,Osvaldo Pugliese y su Orquesta Típica ,6/26/1989,Recuerdo,Tango,Instrumental,Lucho (Live),,Osvaldo Pugliese,Eduardo Moreno,,69-90 / Final Orchestra ,Osvaldo Pugliese ,Guillermo Ferrer,"Walther Castro, Alejandro Prevignano, Fabio Lapinta, Héctor Del Curto","Marcelo Prieto, Gabriel Rivas, Diego Lerendegui, Merei Brain (Viola), Patricio Villarejo (Cello)",,,,,,,,,,
Osvaldo Pugliese,Osvaldo Pugliese y su Orquesta Típica ,6/26/1989,Chacabuqueando,Tango,Instrumental,Lucho (Live),,Roberto Álvarez,,,69-90 / Final Orchestra ,Osvaldo Pugliese ,Guillermo Ferrer,"Walther Castro, Alejandro Prevignano, Fabio Lapinta, Héctor Del Curto","Marcelo Prieto, Gabriel Rivas, Diego Lerendegui, Merei Brain (Viola), Patricio Villarejo (Cello)",,,,,,,,,,
Osvaldo Pugliese,Osvaldo Pugliese y su Orquesta Típica ,6/26/1989,Las Cuarenta,Tango,Instrumental,Lucho (Live),,Roberto Grela,Francisco Gorrindo,,69-90 / Final Orchestra ,Osvaldo Pugliese ,Guillermo Ferrer,"Walther Castro, Alejandro Prevignano, Fabio Lapinta, Héctor Del Curto","Marcelo Prieto, Gabriel Rivas, Diego Lerendegui, Merei Brain (Viola), Patricio Villarejo (Cello)",,,,,,,,,,
Osvaldo Pugliese,Osvaldo Pugliese y su Orquesta Típica ,6/26/1989,Bailamos,Tango,Instrumental,Lucho (Live),,Cholo Mamone,Reinaldo Ghiso,,69-90 / Final Orchestra ,Osvaldo Pugliese ,Guillermo Ferrer,"Walther Castro, Alejandro Prevignano, Fabio Lapinta, Héctor Del Curto","Marcelo Prieto, Gabriel Rivas, Diego Lerendegui, Merei Brain (Viola), Patricio Villarejo (Cello)",,,,,,,,,,
Osvaldo Pugliese,Osvaldo Pugliese y su Orquesta Típica ,6/26/1989,Ensayando,Tango,Instrumental,Lucho (Live),,Alejandro Prevignano,,,69-90 / Final Orchestra ,Osvaldo Pugliese ,Guillermo Ferrer,"Walther Castro, Alejandro Prevignano, Fabio Lapinta, Héctor Del Curto","Marcelo Prieto, Gabriel Rivas, Diego Lerendegui, Merei Brain (Viola), Patricio Villarejo (Cello)",,,,,,,,,,
Osvaldo Pugliese,Osvaldo Pugliese y su Orquesta Típica ,6/26/1989,A Evaristo Carriego,Tango,Instrumental,Lucho (Live),,Eduardo Rovira,,,69-90 / Final Orchestra ,Osvaldo Pugliese ,Guillermo Ferrer,"Walther Castro, Alejandro Prevignano, Fabio Lapinta, Héctor Del Curto","Marcelo Prieto, Gabriel Rivas, Diego Lerendegui, Merei Brain (Viola), Patricio Villarejo (Cello)",,,,,,,,,,
Osvaldo Pugliese,Osvaldo Pugliese y su Orquesta Típica ,6/26/1989,Desde El Alma,Vals,Instrumental,Lucho (Live),,Rosita Melo,Víctor Vélez; Homero Manzi,,69-90 / Final Orchestra ,Osvaldo Pugliese ,Guillermo Ferrer,"Walther Castro, Alejandro Prevignano, Fabio Lapinta, Héctor Del Curto","Marcelo Prieto, Gabriel Rivas, Diego Lerendegui, Merei Brain (Viola), Patricio Villarejo (Cello)",,,,,,,,,,
Osvaldo Pugliese,Osvaldo Pugliese y su Orquesta Típica ,6/26/1989,La Canción De Buenos Aires,Tango,Abel Córdoba,Lucho (Live),,Azucena Maizani; Orestes Cúfaro,Manuel Romero,,69-90 / Final Orchestra ,Osvaldo Pugliese ,Guillermo Ferrer,"Walther Castro, Alejandro Prevignano, Fabio Lapinta, Héctor Del Curto","Marcelo Prieto, Gabriel Rivas, Diego Lerendegui, Merei Brain (Viola), Patricio Villarejo (Cello)",,,,,,,,,,
Osvaldo Pugliese,Osvaldo Pugliese y su Orquesta Típica ,6/26/1989,Contame Una Historia,Tango,Adrián Guida,Lucho (Live),,Eladia Blázquez,Mario Iaquinandi,,69-90 / Final Orchestra ,Osvaldo Pugliese ,Guillermo Ferrer,"Walther Castro, Alejandro Prevignano, Fabio Lapinta, Héctor Del Curto","Marcelo Prieto, Gabriel Rivas, Diego Lerendegui, Merei Brain (Viola), Patricio Villarejo (Cello)",,,,,,,,,,
Osvaldo Pugliese,Osvaldo Pugliese y su Orquesta Típica ,6/26/1989,Mala Junta,Tango,Instrumental,Lucho (Live),,ulio Caro; Pedro Laurenz,Juan Velich,,69-90 / Final Orchestra ,Osvaldo Pugliese ,Guillermo Ferrer,"Walther Castro, Alejandro Prevignano, Fabio Lapinta, Héctor Del Curto","Marcelo Prieto, Gabriel Rivas, Diego Lerendegui, Merei Brain (Viola), Patricio Villarejo (Cello)",,,,,,,,,,
Osvaldo Pugliese,Osvaldo Pugliese y su Orquesta Típica ,6/26/1989,Chiqué,Tango,Instrumental,Lucho (Live),,Ricardo Brignolo,Ricardo Brignolo,,69-90 / Final Orchestra ,Osvaldo Pugliese ,Guillermo Ferrer,"Walther Castro, Alejandro Prevignano, Fabio Lapinta, Héctor Del Curto","Marcelo Prieto, Gabriel Rivas, Diego Lerendegui, Merei Brain (Viola), Patricio Villarejo (Cello)",,,,,,,,,,
Osvaldo Pugliese,Osvaldo Pugliese y su Orquesta Típica ,6/26/1989,Milonga Para Gardel,Milonga,Instrumental,Lucho (Live),,Carlos Viván,Horacio Sanguinetti,,69-90 / Final Orchestra ,Osvaldo Pugliese ,Guillermo Ferrer,"Walther Castro, Alejandro Prevignano, Fabio Lapinta, Héctor Del Curto","Marcelo Prieto, Gabriel Rivas, Diego Lerendegui, Merei Brain (Viola), Patricio Villarejo (Cello)",,,,,,,,,,
Osvaldo Pugliese,Osvaldo Pugliese y su Orquesta Típica ,6/26/1989,La Yumba / Adiós Nonino,Tango,Instrumental,Lucho (Live),,Osvaldo Pugliese,,,69-90 / Final Orchestra ,Osvaldo Pugliese ,Guillermo Ferrer,"Walther Castro, Alejandro Prevignano, Fabio Lapinta, Héctor Del Curto","Marcelo Prieto, Gabriel Rivas, Diego Lerendegui, Merei Brain (Viola), Patricio Villarejo (Cello)",,,,,,,,,,
